article_id,timestamp,category,n_tickers_in_article
M.1553269184.A.06C,2019-03-22 23:39:44,其他,242
M.1640281342.A.78D,2021-12-24 01:42:22,爆卦,237
M.1593620452.A.E22,2020-07-02 00:20:52,心得,236
M.1555040328.A.840,2019-04-12 11:38:48,心得,236
M.1562258367.A.560,2019-07-05 00:39:27,標的,234
M.1543820171.A.EB0,2018-12-03 14:56:11,其他,232
M.1543903613.A.E23,2018-12-04 14:06:53,其他,232
M.1547300427.A.0B2,2019-01-12 21:40:27,其他,231
M.1546605499.A.9E9,2019-01-04 20:38:19,其他,231
M.1546865380.A.B19,2019-01-07 20:49:40,其他,231
M.1546955942.A.8F7,2019-01-08 21:59:02,其他,231
M.1547040728.A.56B,2019-01-09 21:32:08,其他,231
M.1547125344.A.168,2019-01-10 21:02:24,其他,231
M.1547557952.A.B86,2019-01-15 21:12:32,其他,231
M.1547471945.A.2A1,2019-01-14 21:19:05,其他,231
M.1546410010.A.7EE,2019-01-02 14:20:10,其他,231
M.1547734863.A.181,2019-01-17 22:21:03,其他,231
M.1547952900.A.067,2019-01-20 10:55:00,其他,231
M.1548078679.A.E0C,2019-01-21 21:51:19,其他,231
M.1548169370.A.ED5,2019-01-22 23:02:50,其他,231
M.1548257610.A.918,2019-01-23 23:33:30,其他,231
M.1546494454.A.E68,2019-01-03 13:47:34,其他,231
M.1547641397.A.43A,2019-01-16 20:23:17,其他,231
M.1544163610.A.57D,2018-12-07 14:20:10,其他,231
M.1544604601.A.558,2018-12-12 16:50:01,其他,231
M.1543991519.A.537,2018-12-05 14:31:59,其他,231
M.1544075477.A.147,2018-12-06 13:51:17,其他,231
M.1545407159.A.336,2018-12-21 23:45:59,其他,231
M.1544425563.A.570,2018-12-10 15:06:03,其他,231
M.1545309990.A.CEC,2018-12-20 20:46:30,其他,231
M.1545222617.A.A56,2018-12-19 20:30:17,其他,231
M.1545137173.A.220,2018-12-18 20:46:13,其他,231
M.1544541694.A.FE1,2018-12-11 23:21:34,其他,231
M.1545047447.A.736,2018-12-17 19:50:47,其他,231
M.1544971211.A.48A,2018-12-16 22:40:11,其他,231
M.1544688504.A.F07,2018-12-13 16:08:24,其他,231
M.1545824123.A.D01,2018-12-26 19:35:23,其他,230
M.1545919522.A.507,2018-12-27 22:05:22,其他,230
M.1545634824.A.395,2018-12-24 15:00:24,其他,230
M.1545738994.A.098,2018-12-25 19:56:34,其他,230
M.1545466507.A.061,2018-12-22 16:15:07,其他,230
M.1515871503.A.A6C,2018-01-14 03:25:03,標的,217
M.1516435319.A.477,2018-01-20 16:01:59,標的,216
M.1517165934.A.66B,2018-01-29 02:58:54,標的,216
M.1511684483.A.BEA,2017-11-26 16:21:23,標的,212
M.1517687714.A.1F7,2018-02-04 03:55:14,標的,211
M.1515312962.A.5A9,2018-01-07 16:16:02,標的,210
M.1557076887.A.4B3,2019-05-06 01:21:27,標的,207
M.1553360336.A.656,2019-03-24 00:58:56,標的,207
M.1512196986.A.8BF,2017-12-02 14:43:06,標的,207
M.1511113888.A.E55,2017-11-20 01:51:28,標的,206
M.1512806828.A.076,2017-12-09 16:07:08,標的,205
M.1558226600.A.B97,2019-05-19 08:43:20,標的,205
M.1561227724.A.0AD,2019-06-23 02:22:04,標的,204
M.1554051012.A.887,2019-04-01 00:50:12,標的,202
M.1527524535.A.8D6,2018-05-29 00:22:15,標的,202
M.1560668162.A.B58,2019-06-16 14:56:02,標的,202
M.1561887149.A.963,2019-06-30 17:32:29,標的,201
M.1521399873.A.439,2018-03-19 03:04:33,標的,201
M.1528619432.A.98B,2018-06-10 16:30:32,標的,201
M.1558859288.A.403,2019-05-26 16:28:08,標的,201
M.1513443556.A.B0E,2017-12-17 00:59:16,標的,200
M.1529226824.A.3F9,2018-06-17 17:13:44,標的,199
M.1557542598.A.88D,2019-05-11 10:43:18,標的,199
M.1514134490.A.EDB,2017-12-25 00:54:50,標的,198
M.1519501968.A.6A1,2018-02-25 03:52:48,標的,197
M.1520187267.A.A93,2018-03-05 02:14:27,標的,197
M.1526730191.A.578,2018-05-19 19:43:11,標的,196
M.1521999749.A.2FC,2018-03-26 01:42:29,標的,195
M.1520756231.A.C4B,2018-03-11 16:17:11,標的,194
M.1518371353.A.97D,2018-02-12 01:49:13,標的,193
M.1554533153.A.442,2019-04-06 14:45:53,標的,193
M.1534067319.A.515,2018-08-12 17:48:39,標的,192
M.1525221717.A.CAA,2018-05-02 08:41:57,標的,192
M.1525191954.A.6D5,2018-05-02 00:25:54,標的,192
M.1525624822.A.8FD,2018-05-07 00:40:22,標的,191
M.1523781445.A.CE4,2018-04-15 16:37:25,標的,188
M.1523178018.A.E05,2018-04-08 17:00:18,標的,188
M.1529860517.A.7D2,2018-06-25 01:15:17,標的,185
M.1524381732.A.2CE,2018-04-22 15:22:12,標的,182
M.1584302956.A.708,2020-03-16 04:09:16,標的,167
M.1584301482.A.432,2020-03-16 03:44:42,標的,167
M.1521012529.A.6AC,2018-03-14 15:28:49,心得,146
M.1652375247.A.7A7,2022-05-13 01:07:27,心得,92
M.1624984664.A.93D,2021-06-30 00:37:44,情報,87
M.1652540980.A.D64,2022-05-14 23:09:40,心得,83
M.1651076688.A.9D1,2022-04-28 00:24:48,心得,69
M.1652106163.A.282,2022-05-09 22:22:43,心得,68
M.1604130303.A.513,2020-10-31 15:45:03,情報,68
M.1540870932.A.835,2018-10-30 11:42:12,心得,67
M.1651333595.A.952,2022-04-30 23:46:35,心得,60
M.1505714180.A.E9F,2017-09-18 13:56:20,請益,59
M.1473663067.A.48B,2016-09-12 14:51:07,其他,57
M.1652279754.A.7D4,2022-05-11 22:35:54,心得,53
M.1556989111.A.C69,2019-05-05 00:58:31,其他,52
M.1721120888.A.654,2024-07-16 17:08:08,情報,51
M.1556630405.A.285,2019-04-30 21:20:05,其他,47
M.1713538768.A.ADB,2024-04-19 22:59:28,情報,47
M.1617573683.A.8FC,2021-04-05 06:01:23,其他,46
M.1557500576.A.DA5,2019-05-10 23:02:56,其他,45
M.1713458830.A.C6D,2024-04-19 00:47:10,新聞,44
M.1729503028.A.872,2024-10-21 17:30:28,情報,44
M.1623918769.A.150,2021-06-17 16:32:49,情報,43
M.1623918252.A.ACD,2021-06-17 16:24:12,情報,42
M.1625732448.A.2C5,2021-07-08 16:20:48,情報,42
M.1589602412.A.2DF,2020-05-16 12:13:32,新聞,42
M.1624350254.A.BA5,2021-06-22 16:24:14,情報,42
M.1633508441.A.474,2021-10-06 16:20:41,情報,42
M.1622710082.A.F3E,2021-06-03 16:48:02,情報,41
M.1633076254.A.F3A,2021-10-01 16:17:34,情報,41
M.1636358786.A.C08,2021-11-08 16:06:26,情報,41
M.1625213948.A.0BB,2021-07-02 16:19:08,情報,40
M.1446047894.A.6E7,2015-10-28 23:58:14,標的,40
M.1631175612.A.E44,2021-09-09 16:20:12,情報,40
M.1623834301.A.C44,2021-06-16 17:05:01,情報,39
M.1621356962.A.1D2,2021-05-19 00:56:02,情報,39
M.1622796345.A.319,2021-06-04 16:45:45,情報,39
M.1623057045.A.43F,2021-06-07 17:10:45,情報,39
M.1624955075.A.BA2,2021-06-29 16:24:35,情報,39
M.1714373519.A.77A,2024-04-29 14:51:59,情報,39
M.1624436570.A.BC4,2021-06-23 16:22:50,情報,39
M.1621240325.A.71F,2021-05-17 16:32:05,情報,39
M.1623140692.A.036,2021-06-08 16:24:52,情報,39
M.1623832199.A.6BB,2021-06-16 16:29:59,情報,39
M.1622798196.A.5D8,2021-06-04 17:16:36,情報,39
M.1631606679.A.117,2021-09-14 16:04:39,情報,39
M.1637049997.A.E8C,2021-11-16 16:06:37,情報,39
M.1631089232.A.EDF,2021-09-08 16:20:32,情報,38
M.1623228229.A.562,2021-06-09 16:43:49,情報,38
M.1624522988.A.D4F,2021-06-24 16:23:08,情報,38
M.1622451355.A.008,2021-05-31 16:55:55,情報,38
M.1678172546.A.F1C,2023-03-07 15:02:26,情報,38
M.1625646382.A.166,2021-07-07 16:26:22,情報,38
M.1636445190.A.D39,2021-11-09 16:06:30,情報,37
M.1652688574.A.B05,2022-05-16 16:09:34,情報,37
M.1625476483.A.1AA,2021-07-05 17:14:43,情報,37
M.1631866008.A.F1D,2021-09-17 16:06:48,情報,37
M.1623912652.A.384,2021-06-17 14:50:52,情報,37
M.1636034269.A.319,2021-11-04 21:57:49,情報,37
M.1650960920.A.124,2022-04-26 16:15:20,情報,37
M.1637741037.A.27F,2021-11-24 16:03:57,情報,37
M.1641979080.A.EAE,2022-01-12 17:18:00,情報,37
M.1622537521.A.C5B,2021-06-01 16:52:01,情報,37
M.1625818780.A.8C6,2021-07-09 16:19:40,情報,37
M.1673852568.A.B79,2023-01-16 15:02:48,情報,37
M.1625127341.A.06E,2021-07-01 16:15:41,情報,37
M.1685952839.A.E06,2023-06-05 16:13:59,情報,37
M.1622018024.A.50E,2021-05-26 16:33:44,情報,37
M.1637138472.A.4C8,2021-11-17 16:41:12,情報,37
M.1623313907.A.C01,2021-06-10 16:31:47,情報,37
M.1626682106.A.C5D,2021-07-19 16:08:26,情報,36
M.1688453856.A.577,2023-07-04 14:57:36,情報,36
M.1624263555.A.466,2021-06-21 16:19:15,情報,36
M.1631694089.A.B75,2021-09-15 16:21:29,情報,36
M.1682583180.A.D00,2023-04-27 16:13:00,情報,36
M.1718352933.A.C73,2024-06-14 16:15:33,情報,36
M.1632297954.A.CD8,2021-09-22 16:05:54,情報,36
M.1622623685.A.546,2021-06-02 16:48:05,情報,36
M.1632989916.A.CEF,2021-09-30 16:18:36,情報,36
M.1650011303.A.C63,2022-04-15 16:28:23,情報,36
M.1627027531.A.0D9,2021-07-23 16:05:31,情報,36
M.1664953273.A.AA9,2022-10-05 15:01:13,情報,36
M.1646900763.A.1FF,2022-03-10 16:26:03,情報,36
M.1631779774.A.901,2021-09-16 16:09:34,情報,36
M.1616203735.A.F78,2021-03-20 09:28:55,其他,36
M.1632817096.A.FBF,2021-09-28 16:18:16,情報,36
M.1637568464.A.314,2021-11-22 16:07:44,情報,35
M.1635842656.A.580,2021-11-02 16:44:16,情報,35
M.1689663259.A.DBD,2023-07-18 14:54:19,情報,35
M.1721131468.A.EA6,2024-07-16 20:04:28,情報,35
M.1719302838.A.C1E,2024-06-25 16:07:18,情報,35
M.1701763940.A.8B5,2023-12-05 16:12:20,情報,35
M.1634633715.A.B07,2021-10-19 16:55:15,情報,35
M.1672215347.A.8C9,2022-12-28 16:15:47,情報,35
M.1672124027.A.871,2022-12-27 14:53:47,情報,35
M.1675061613.A.9B6,2023-01-30 14:53:33,情報,35
M.1690359177.A.121,2023-07-26 16:12:57,情報,35
M.1600337000.A.2EE,2020-09-17 18:03:20,其他,35
M.1661936001.A.3B5,2022-08-31 16:53:21,情報,35
M.1645089003.A.3B5,2022-02-17 17:10:03,情報,35
M.1631001947.A.0DB,2021-09-07 16:05:47,情報,35
M.1664266985.A.A5D,2022-09-27 16:23:05,情報,35
M.1630656262.A.742,2021-09-03 16:04:22,情報,35
M.1650874934.A.36F,2022-04-25 16:22:14,情報,35
M.1690445389.A.500,2023-07-27 16:09:49,情報,35
M.1679036412.A.1E1,2023-03-17 15:00:12,情報,35
M.1638173202.A.031,2021-11-29 16:06:42,情報,35
M.1673857821.A.D2A,2023-01-16 16:30:21,情報,35
M.1517031697.A.B97,2018-01-27 13:41:37,請益,35
M.1672042238.A.472,2022-12-26 16:10:38,情報,35
M.1625559534.A.46C,2021-07-06 16:18:54,情報,35
M.1726474052.A.3AB,2024-09-16 16:07:32,情報,34
M.1665042200.A.482,2022-10-06 15:43:20,情報,34
M.1635929290.A.AD7,2021-11-03 16:48:10,情報,34
M.1649401667.A.6F7,2022-04-08 15:07:47,情報,34
M.1701158977.A.9C7,2023-11-28 16:09:37,情報,34
M.1673598699.A.017,2023-01-13 16:31:39,情報,34
M.1685689105.A.FCC,2023-06-02 14:58:25,情報,34
M.1684138163.A.D1E,2023-05-15 16:09:23,情報,34
M.1558700482.A.184,2019-05-24 20:21:22,其他,34
M.1670314718.A.F10,2022-12-06 16:18:38,情報,34
M.1670918997.A.54D,2022-12-13 16:09:57,情報,34
M.1631261023.A.90C,2021-09-10 16:03:43,情報,34
M.1694765165.A.680,2023-09-15 16:06:05,情報,34
M.1650357287.A.1D5,2022-04-19 16:34:47,情報,34
M.1646296058.A.3F1,2022-03-03 16:27:38,情報,34
M.1669190794.A.9CE,2022-11-23 16:06:34,情報,34
M.1639470750.A.8A8,2021-12-14 16:32:30,情報,34
M.1702973469.A.D6D,2023-12-19 16:11:09,情報,34
M.1702968940.A.5A2,2023-12-19 14:55:40,情報,34
M.1669879437.A.7E1,2022-12-01 15:23:57,情報,34
M.1702882909.A.916,2023-12-18 15:01:49,情報,34
M.1673420324.A.CF7,2023-01-11 14:58:44,情報,34
M.1600257126.A.E8E,2020-09-16 19:52:06,其他,34
M.1651843138.A.765,2022-05-06 21:18:58,心得,34
M.1632385047.A.924,2021-09-23 16:17:27,情報,34
M.1710317567.A.7CE,2024-03-13 16:12:47,情報,34
M.1671607648.A.74F,2022-12-21 15:27:28,情報,34
M.1683187939.A.530,2023-05-04 16:12:19,情報,34
M.1678258358.A.3D9,2023-03-08 14:52:38,情報,34
M.1683792696.A.A8C,2023-05-11 16:11:36,情報,34
M.1660118906.A.D9B,2022-08-10 16:08:26,情報,33
M.1652774888.A.011,2022-05-17 16:08:08,情報,33
M.1710751639.A.FD9,2024-03-18 16:47:19,情報,33
M.1621580905.A.F69,2021-05-21 15:08:25,情報,33
M.1622098320.A.3F9,2021-05-27 14:52:00,情報,33
M.1678086833.A.ABE,2023-03-06 15:13:53,情報,33
M.1661328474.A.F85,2022-08-24 16:07:54,情報,33
M.1721113619.A.FD6,2024-07-16 15:06:59,情報,33
M.1600769288.A.5F9,2020-09-22 18:08:08,其他,33
M.1710230993.A.C41,2024-03-12 16:09:53,情報,33
M.1654848767.A.35A,2022-06-10 16:12:47,情報,33
M.1683015150.A.124,2023-05-02 16:12:30,情報,33
M.1649751454.A.1CE,2022-04-12 16:17:34,情報,33
M.1658477356.A.D0F,2022-07-22 16:09:16,情報,33
M.1636533372.A.24F,2021-11-10 16:36:12,情報,33
M.1696406941.A.AC3,2023-10-04 16:09:01,情報,33
M.1627547449.A.AD9,2021-07-29 16:30:49,情報,33
M.1670568925.A.FA6,2022-12-09 14:55:25,情報,33
M.1637916473.A.BC4,2021-11-26 16:47:53,情報,33
M.1695801950.A.DA7,2023-09-27 16:05:50,情報,33
M.1638524129.A.A23,2021-12-03 17:35:29,情報,33
M.1671692172.A.D6B,2022-12-22 14:56:12,情報,33
M.1702887034.A.72B,2023-12-18 16:10:34,情報,33
M.1626768363.A.39A,2021-07-20 16:06:03,情報,33
M.1735628316.A.728,2024-12-31 14:58:36,情報,33
M.1626078096.A.48C,2021-07-12 16:21:36,情報,33
M.1701936700.A.7AB,2023-12-07 16:11:40,情報,33
M.1637223541.A.24F,2021-11-18 16:19:01,情報,33
M.1701413671.A.FE1,2023-12-01 14:54:31,情報,33
M.1670914737.A.1AA,2022-12-13 14:58:57,情報,33
M.1665475829.A.BFB,2022-10-11 16:10:29,情報,33
M.1625041472.A.258,2021-06-30 16:24:32,情報,33
M.1712909155.A.F19,2024-04-12 16:05:55,情報,33
M.1645431479.A.7DC,2022-02-21 16:17:59,情報,33
M.1676967212.A.AC8,2023-02-21 16:13:32,情報,33
M.1663661609.A.2DE,2022-09-20 16:13:29,情報,33
M.1686039522.A.C22,2023-06-06 16:18:42,情報,33
M.1663920492.A.CCD,2022-09-23 16:08:12,情報,33
M.1637045200.A.1F6,2021-11-16 14:46:40,情報,33
M.1713168378.A.000,2024-04-15 16:06:18,情報,33
M.1675148296.A.E32,2023-01-31 14:58:16,情報,33
M.1695715611.A.D0B,2023-09-26 16:06:51,情報,33
M.1627978059.A.E62,2021-08-03 16:07:39,情報,33
M.1704178637.A.138,2024-01-02 14:57:17,情報,32
M.1669104416.A.631,2022-11-22 16:06:56,情報,32
M.1709885202.A.B10,2024-03-08 16:06:42,情報,32
M.1714114606.A.883,2024-04-26 14:56:46,情報,32
M.1704192925.A.A60,2024-01-02 18:55:25,新聞,32
M.1679991106.A.772,2023-03-28 16:11:46,情報,32
M.1669968634.A.432,2022-12-02 16:10:34,情報,32
M.1715588123.A.0A0,2024-05-13 16:15:23,情報,32
M.1667890787.A.7FA,2022-11-08 14:59:47,情報,32
M.1604060779.A.B27,2020-10-30 20:26:19,其他,32
M.1644482156.A.8C4,2022-02-10 16:35:56,情報,32
M.1649924375.A.AA6,2022-04-14 16:19:35,情報,32
M.1713945932.A.55B,2024-04-24 16:05:32,情報,32
M.1698994428.A.C2D,2023-11-03 14:53:48,情報,32
M.1672988708.A.F08,2023-01-06 15:05:08,情報,32
M.1636620411.A.2B8,2021-11-11 16:46:51,情報,32
M.1711095083.A.260,2024-03-22 16:11:23,情報,32
M.1661501606.A.61C,2022-08-26 16:13:26,情報,32
M.1649315807.A.4C2,2022-04-07 15:16:47,情報,32
M.1658217977.A.66D,2022-07-19 16:06:17,情報,32
M.1673593186.A.A30,2023-01-13 14:59:46,情報,32
M.1673512805.A.C4E,2023-01-12 16:40:05,情報,32
M.1673506747.A.0DE,2023-01-12 14:59:07,情報,32
M.1733731512.A.010,2024-12-09 16:05:12,情報,32
M.1633594716.A.23E,2021-10-07 16:18:36,情報,32
M.1718784310.A.F40,2024-06-19 16:05:10,情報,32
M.1672815525.A.748,2023-01-04 14:58:45,情報,32
M.1711440667.A.ACB,2024-03-26 16:11:07,情報,32
M.1671523755.A.E66,2022-12-20 16:09:15,情報,32
M.1710403986.A.D39,2024-03-14 16:13:06,情報,32
M.1671433422.A.D2B,2022-12-19 15:03:42,情報,32
M.1699340632.A.9AE,2023-11-07 15:03:52,情報,32
M.1671005759.A.F6C,2022-12-14 16:15:59,情報,32
M.1731914123.A.D3F,2024-11-18 15:15:23,情報,32
M.1660552662.A.6DA,2022-08-15 16:37:42,情報,32
M.1686298476.A.BAB,2023-06-09 16:14:36,情報,32
M.1631862525.A.92F,2021-09-17 15:08:45,情報,32
M.1685607030.A.E36,2023-06-01 16:10:30,情報,32
M.1627632823.A.DE8,2021-07-30 16:13:43,情報,32
M.1651652484.A.8FB,2022-05-04 16:21:24,情報,32
M.1697785107.A.EC3,2023-10-20 14:58:27,情報,32
M.1650442495.A.1EE,2022-04-20 16:14:55,情報,32
M.1682669598.A.1AC,2023-04-28 16:13:18,情報,32
M.1686557391.A.6E1,2023-06-12 16:09:51,情報,32
M.1682065042.A.6D0,2023-04-21 16:17:22,情報,32
M.1683619811.A.9F2,2023-05-09 16:10:11,情報,32
M.1681978262.A.A0B,2023-04-20 16:11:02,情報,32
M.1624950017.A.C07,2021-06-29 15:00:17,情報,32
M.1681114351.A.EE1,2023-04-10 16:12:31,情報,32
M.1706511339.A.93D,2024-01-29 14:55:39,情報,32
M.1650616164.A.B15,2022-04-22 16:29:24,情報,32
M.1652684827.A.072,2022-05-16 15:07:07,情報,32
M.1626331926.A.6D5,2021-07-15 14:52:06,情報,32
M.1689236076.A.916,2023-07-13 16:14:36,情報,32
M.1689149648.A.668,2023-07-12 16:14:08,情報,32
M.1624258318.A.787,2021-06-21 14:51:58,情報,32
M.1692003044.A.5BE,2023-08-14 16:50:44,情報,31
M.1677744628.A.5EC,2023-03-02 16:10:28,情報,31
M.1631602344.A.D69,2021-09-14 14:52:24,情報,31
M.1629187501.A.0FC,2021-08-17 16:05:01,情報,31
M.1624004498.A.54A,2021-06-18 16:21:38,情報,31
M.1685084260.A.C7F,2023-05-26 14:57:40,情報,31
M.1685602599.A.B48,2023-06-01 14:56:39,情報,31
M.1663229343.A.E15,2022-09-15 16:09:03,情報,31
M.1695888526.A.DE4,2023-09-28 16:08:46,情報,31
M.1636440467.A.801,2021-11-09 14:47:47,情報,31
M.1670223789.A.09B,2022-12-05 15:03:09,情報,31
M.1644912988.A.708,2022-02-15 16:16:28,情報,31
M.1685517182.A.CC2,2023-05-31 15:13:02,情報,31
M.1669882224.A.4AD,2022-12-01 16:10:24,情報,31
M.1636708076.A.BAC,2021-11-12 17:07:56,情報,31
M.1628841927.A.C43,2021-08-13 16:05:27,情報,31
M.1658131901.A.9D0,2022-07-18 16:11:41,情報,31
M.1712649860.A.5BC,2024-04-09 16:04:20,情報,31
M.1631775306.A.EDC,2021-09-16 14:55:06,情報,31
M.1665562360.A.00F,2022-10-12 16:12:40,情報,31
M.1652165543.A.7AC,2022-05-10 14:52:23,情報,31
M.1652171374.A.1F0,2022-05-10 16:29:34,情報,31
M.1713341198.A.234,2024-04-17 16:06:38,情報,31
M.1625640723.A.B21,2021-07-07 14:52:03,情報,31
M.1688626903.A.144,2023-07-06 15:01:43,情報,31
M.1626941057.A.D27,2021-07-22 16:04:17,情報,31
M.1651833029.A.CC7,2022-05-06 18:30:29,心得,31
M.1718093999.A.25D,2024-06-11 16:19:59,情報,31
M.1713773205.A.469,2024-04-22 16:06:45,情報,31
M.1690532826.A.514,2023-07-28 16:27:06,情報,31
M.1697011700.A.C1A,2023-10-11 16:08:20,情報,31
M.1673939767.A.772,2023-01-17 15:16:07,情報,31
M.1701072589.A.5AF,2023-11-27 16:09:49,情報,31
M.1713254862.A.974,2024-04-16 16:07:42,情報,31
M.1624603953.A.E71,2021-06-25 14:52:33,情報,31
M.1686730368.A.EAC,2023-06-14 16:12:48,情報,31
M.1637827490.A.ECE,2021-11-25 16:04:50,情報,31
M.1664957378.A.DC3,2022-10-05 16:09:38,情報,31
M.1697098065.A.953,2023-10-12 16:07:45,情報,31
M.1716797164.A.50D,2024-05-27 16:06:04,情報,31
M.1669359585.A.CDA,2022-11-25 14:59:45,情報,31
M.1666162571.A.428,2022-10-19 14:56:11,情報,31
M.1626072681.A.09A,2021-07-12 14:51:21,情報,31
M.1630570093.A.E81,2021-09-02 16:08:13,情報,31
M.1715155442.A.72C,2024-05-08 16:04:02,情報,31
M.1667895061.A.DBB,2022-11-08 16:11:01,情報,31
M.1660724094.A.CDE,2022-08-17 16:14:54,情報,31
M.1667808649.A.CA8,2022-11-07 16:10:49,情報,31
M.1732781423.A.CF7,2024-11-28 16:10:23,情報,31
M.1659946201.A.F2F,2022-08-08 16:10:01,情報,31
M.1630915434.A.D0A,2021-09-06 16:03:54,情報,31
M.1724745917.A.1F0,2024-08-27 16:05:17,情報,31
M.1660032527.A.BEE,2022-08-09 16:08:47,情報,31
M.1681888074.A.65C,2023-04-19 15:07:54,情報,31
M.1734074808.A.0BC,2024-12-13 15:26:48,情報,31
M.1600433540.A.104,2020-09-18 20:52:20,其他,31
M.1622530359.A.48B,2021-06-01 14:52:39,情報,31
M.1633071191.A.490,2021-10-01 14:53:11,情報,31
M.1698307739.A.0E8,2023-10-26 16:08:59,情報,31
M.1668063390.A.923,2022-11-10 14:56:30,情報,31
M.1678949700.A.19F,2023-03-16 14:55:00,情報,31
M.1642665342.A.5F3,2022-01-20 15:55:42,情報,31
M.1668586805.A.A88,2022-11-16 16:20:05,情報,31
M.1666254421.A.DC1,2022-10-20 16:27:01,情報,31
M.1646814450.A.8B5,2022-03-09 16:27:30,情報,31
M.1699599068.A.A86,2023-11-10 14:51:08,情報,31
M.1666858278.A.953,2022-10-27 16:11:18,情報,31
M.1644568074.A.261,2022-02-11 16:27:54,情報,31
M.1699517235.A.5E6,2023-11-09 16:07:15,情報,31
M.1715069074.A.48B,2024-05-07 16:04:34,情報,31
M.1684224558.A.771,2023-05-16 16:09:18,情報,31
M.1681373487.A.0DA,2023-04-13 16:11:27,情報,31
M.1630051469.A.73C,2021-08-27 16:04:29,情報,31
M.1635323177.A.1BC,2021-10-27 16:26:17,情報,31
M.1635495654.A.1E9,2021-10-29 16:20:54,情報,31
M.1682060326.A.67D,2023-04-21 14:58:46,情報,31
M.1623399620.A.85D,2021-06-11 16:20:20,情報,31
M.1640335174.A.F03,2021-12-24 16:39:34,情報,31
M.1695192684.A.2AC,2023-09-20 14:51:24,情報,30
M.1671610072.A.53F,2022-12-21 16:07:52,情報,30
M.1737096546.A.D78,2025-01-17 14:49:06,情報,30
M.1729494271.A.EBC,2024-10-21 15:04:31,情報,30
M.1626854657.A.184,2021-07-21 16:04:17,情報,30
M.1631515972.A.D21,2021-09-13 14:52:52,情報,30
M.1626418251.A.0FC,2021-07-16 14:50:51,情報,30
M.1672383899.A.13F,2022-12-30 15:04:59,情報,30
M.1667549606.A.6F3,2022-11-04 16:13:26,情報,30
M.1713941499.A.569,2024-04-24 14:51:39,情報,30
M.1645604152.A.E94,2022-02-23 16:15:52,情報,30
M.1637654943.A.D9B,2021-11-23 16:09:03,情報,30
M.1672128771.A.05E,2022-12-27 16:12:51,情報,30
M.1695106402.A.565,2023-09-19 14:53:22,情報,30
M.1690791163.A.78E,2023-07-31 16:12:43,情報,30
M.1693555524.A.16F,2023-09-01 16:05:24,情報,30
M.1646209247.A.D2B,2022-03-02 16:20:47,情報,30
M.1651566898.A.10A,2022-05-03 16:34:58,情報,30
M.1669623126.A.D1A,2022-11-28 16:12:06,情報,30
M.1703141982.A.1C7,2023-12-21 14:59:42,情報,30
M.1651134358.A.6DA,2022-04-28 16:25:58,情報,30
M.1629101199.A.478,2021-08-16 16:06:39,情報,30
M.1669273415.A.629,2022-11-24 15:03:35,情報,30
M.1669795938.A.D93,2022-11-30 16:12:18,情報,30
M.1629706063.A.4AE,2021-08-23 16:07:43,情報,30
M.1693987525.A.5AB,2023-09-06 16:05:25,情報,30
M.1692173424.A.97C,2023-08-16 16:10:24,情報,30
M.1670227874.A.0F5,2022-12-05 16:11:14,情報,30
M.1642667134.A.E96,2022-01-20 16:25:34,情報,30
M.1702623327.A.3CC,2023-12-15 14:55:27,情報,30
M.1702537171.A.54B,2023-12-14 14:59:31,情報,30
M.1690961621.A.633,2023-08-02 15:33:41,情報,30
M.1703751243.A.98D,2023-12-28 16:14:03,情報,30
M.1668499768.A.819,2022-11-15 16:09:28,情報,30
M.1729839547.A.E8A,2024-10-25 14:59:07,情報,30
M.1670832692.A.D88,2022-12-12 16:11:32,情報,30
M.1671001425.A.5E9,2022-12-14 15:03:45,情報,30
M.1691395849.A.5C2,2023-08-07 16:10:49,情報,30
M.1668408886.A.AD8,2022-11-14 14:54:46,情報,30
M.1647241314.A.ECA,2022-03-14 15:01:54,情報,30
M.1650816420.A.D8D,2022-04-25 00:07:00,心得,30
M.1651733464.A.47A,2022-05-05 14:51:04,情報,30
M.1671175097.A.5DE,2022-12-16 15:18:17,情報,30
M.1671178413.A.B12,2022-12-16 16:13:33,情報,30
M.1642753091.A.2E5,2022-01-21 16:18:11,情報,30
M.1687248748.A.444,2023-06-20 16:12:28,情報,30
M.1635836267.A.23F,2021-11-02 14:57:47,情報,30
M.1697530143.A.E42,2023-10-17 16:09:03,情報,30
M.1623999410.A.F40,2021-06-18 14:56:50,情報,30
M.1677740245.A.0D1,2023-03-02 14:57:25,情報,30
M.1684997786.A.98D,2023-05-25 14:56:26,情報,30
M.1724141107.A.E58,2024-08-20 16:05:07,情報,30
M.1677655281.A.CED,2023-03-01 15:21:21,情報,30
M.1602160416.A.641,2020-10-08 20:33:36,其他,30
M.1662452051.A.F6B,2022-09-06 16:14:11,情報,30
M.1685520586.A.F29,2023-05-31 16:09:46,情報,30
M.1681805519.A.81A,2023-04-18 16:11:59,情報,30
M.1663225464.A.A1D,2022-09-15 15:04:24,情報,30
M.1677057258.A.BA4,2023-02-22 17:14:18,情報,30
M.1681801399.A.B04,2023-04-18 15:03:19,情報,30
M.1720166865.A.2F8,2024-07-05 16:07:45,情報,30
M.1624344677.A.12E,2021-06-22 14:51:17,情報,30
M.1663743311.A.C4D,2022-09-21 14:55:11,情報,30
M.1623999086.A.ACF,2021-06-18 14:51:26,情報,30
M.1697612350.A.EF4,2023-10-18 14:59:10,情報,30
M.1663747928.A.442,2022-09-21 16:12:08,情報,30
M.1684311395.A.872,2023-05-17 16:16:35,情報,30
M.1710144319.A.49D,2024-03-11 16:05:19,情報,30
M.1682496550.A.7D0,2023-04-26 16:09:10,情報,30
M.1631520500.A.809,2021-09-13 16:08:20,情報,30
M.1678346554.A.26E,2023-03-09 15:22:34,情報,30
M.1683097656.A.2BB,2023-05-03 15:07:36,情報,30
M.1649837854.A.445,2022-04-13 16:17:34,情報,30
M.1725005126.A.340,2024-08-30 16:05:26,情報,30
M.1678863408.A.89A,2023-03-15 14:56:48,情報,30
M.1710490260.A.63B,2024-03-15 16:11:00,情報,30
M.1650005950.A.937,2022-04-15 14:59:10,情報,30
M.1623745367.A.92C,2021-06-15 16:22:47,情報,30
M.1661242018.A.D97,2022-08-23 16:06:58,情報,30
M.1697616533.A.ACD,2023-10-18 16:08:53,情報,30
M.1733986301.A.142,2024-12-12 14:51:41,情報,30
M.1721199268.A.8C8,2024-07-17 14:54:28,情報,30
M.1682323845.A.ED7,2023-04-24 16:10:45,情報,30
M.1681718917.A.E09,2023-04-17 16:08:37,情報,30
M.1665130621.A.79D,2022-10-07 16:17:01,情報,30
M.1696234199.A.E03,2023-10-02 16:09:59,情報,30
M.1676445714.A.D8D,2023-02-15 15:21:54,情報,30
M.1681459692.A.098,2023-04-14 16:08:12,情報,30
M.1637217999.A.C00,2021-11-18 14:46:39,情報,30
M.1735027505.A.896,2024-12-24 16:05:05,情報,30
M.1632471961.A.F93,2021-09-24 16:26:01,情報,30
M.1687940112.A.9E6,2023-06-28 16:15:12,情報,30
M.1727424519.A.FD8,2024-09-27 16:08:39,情報,30
M.1687158305.A.461,2023-06-19 15:05:05,情報,30
M.1650529151.A.0B2,2022-04-21 16:19:11,情報,30
M.1701677287.A.A51,2023-12-04 16:08:07,情報,30
M.1680854947.A.096,2023-04-07 16:09:07,情報,30
M.1648801529.A.D42,2022-04-01 16:25:29,情報,30
M.1713423086.A.A6C,2024-04-18 14:51:26,情報,30
M.1637309309.A.559,2021-11-19 16:08:29,情報,30
M.1687162340.A.FEA,2023-06-19 16:12:20,情報,30
M.1633681506.A.0FF,2021-10-08 16:25:06,情報,30
M.1686898605.A.265,2023-06-16 14:56:45,情報,30
M.1720080274.A.229,2024-07-04 16:04:34,情報,30
M.1686212178.A.1E5,2023-06-08 16:16:18,情報,30
M.1676358316.A.11F,2023-02-14 15:05:16,情報,30
M.1675152727.A.721,2023-01-31 16:12:07,情報,30
M.1686726430.A.E99,2023-06-14 15:07:10,情報,30
M.1675325721.A.6B0,2023-02-02 16:15:21,情報,30
M.1664440513.A.BAF,2022-09-29 16:35:13,情報,30
M.1624609121.A.7E7,2021-06-25 16:18:41,情報,30
M.1700813253.A.8A7,2023-11-24 16:07:33,情報,30
M.1622617339.A.664,2021-06-02 15:02:19,情報,29
M.1659427632.A.21C,2022-08-02 16:07:12,情報,29
M.1666771998.A.5B6,2022-10-26 16:13:18,情報,29
M.1645518506.A.45C,2022-02-22 16:28:26,情報,29
M.1650437567.A.2B6,2022-04-20 14:52:47,情報,29
M.1643013113.A.38B,2022-01-24 16:31:53,情報,29
M.1714464225.A.24F,2024-04-30 16:03:45,情報,29
M.1632466015.A.A5A,2021-09-24 14:46:55,情報,29
M.1644310177.A.DFB,2022-02-08 16:49:37,情報,29
M.1658822895.A.FF0,2022-07-26 16:08:15,情報,29
M.1650610546.A.6EB,2022-04-22 14:55:46,情報,29
M.1607275151.A.C8E,2020-12-07 01:19:11,其他,29
M.1648799673.A.675,2022-04-01 15:54:33,情報,29
M.1646290349.A.EB3,2022-03-03 14:52:29,情報,29
M.1646722746.A.0D8,2022-03-08 14:59:06,情報,29
M.1709194048.A.01B,2024-02-29 16:07:28,情報,29
M.1665735242.A.683,2022-10-14 16:14:02,情報,29
M.1631688890.A.C0C,2021-09-15 14:54:50,情報,29
M.1651825313.A.6CC,2022-05-06 16:21:53,情報,29
M.1666076233.A.FC9,2022-10-18 14:57:13,情報,29
M.1651820003.A.97B,2022-05-06 14:53:23,情報,29
M.1651738699.A.940,2022-05-05 16:18:19,情報,29
M.1666080753.A.598,2022-10-18 16:12:33,情報,29
M.1652426223.A.8BF,2022-05-13 15:17:03,情報,29
M.1637137339.A.467,2021-11-17 16:22:19,情報,29
M.1636961359.A.E62,2021-11-15 15:29:19,情報,29
M.1712559267.A.8CE,2024-04-08 14:54:27,情報,29
M.1628496369.A.7DC,2021-08-09 16:06:09,情報,29
M.1663317615.A.F5B,2022-09-16 16:40:15,情報,29
M.1651223832.A.F28,2022-04-29 17:17:12,情報,29
M.1662365309.A.23D,2022-09-05 16:08:29,情報,29
M.1554303412.A.D4B,2019-04-03 22:56:52,其他,29
M.1623394268.A.D04,2021-06-11 14:51:08,情報,29
M.1623307958.A.917,2021-06-10 14:52:38,情報,29
M.1666249671.A.4CE,2022-10-20 15:07:51,情報,29
M.1660896423.A.2DB,2022-08-19 16:07:03,情報,29
M.1661760460.A.AA8,2022-08-29 16:07:40,情報,29
M.1644999504.A.58F,2022-02-16 16:18:24,情報,29
M.1720598761.A.A14,2024-07-10 16:06:01,情報,29
M.1670573575.A.16C,2022-12-09 16:12:55,情報,29
M.1697698772.A.CE2,2023-10-19 14:59:32,情報,29
M.1732086839.A.635,2024-11-20 15:13:59,情報,29
M.1699426228.A.D6F,2023-11-08 14:50:28,情報,29
M.1669618799.A.802,2022-11-28 14:59:59,情報,29
M.1669705339.A.466,2022-11-29 15:02:19,情報,29
M.1702455260.A.E83,2023-12-13 16:14:20,情報,29
M.1734509089.A.368,2024-12-18 16:04:49,情報,29
M.1669791472.A.233,2022-11-30 14:57:52,情報,29
M.1683101672.A.F99,2023-05-03 16:14:32,情報,29
M.1729843747.A.494,2024-10-25 16:09:07,情報,29
M.1682665941.A.436,2023-04-28 15:12:21,情報,29
M.1678435882.A.713,2023-03-10 16:11:22,情報,29
M.1678692183.A.789,2023-03-13 15:23:03,情報,29
M.1734336362.A.DC3,2024-12-16 16:06:02,情報,29
M.1729667186.A.8E3,2024-10-23 15:06:26,情報,29
M.1699512701.A.06F,2023-11-09 14:51:41,情報,29
M.1671437881.A.E2A,2022-12-19 16:18:01,情報,29
M.1671519726.A.058,2022-12-20 15:02:06,情報,29
M.1671696652.A.9AE,2022-12-22 16:10:52,情報,29
M.1719990051.A.9E9,2024-07-03 15:00:51,情報,29
M.1732176812.A.E3B,2024-11-21 16:13:32,情報,29
M.1671783112.A.CA0,2022-12-23 16:11:52,情報,29
M.1693296428.A.317,2023-08-29 16:07:08,情報,29
M.1681283161.A.4AD,2023-04-12 15:06:01,情報,29
M.1681715883.A.3CD,2023-04-17 15:18:03,情報,29
M.1718261535.A.6A8,2024-06-13 14:52:15,情報,29
M.1693814752.A.FBF,2023-09-04 16:05:52,情報,29
M.1677226223.A.400,2023-02-24 16:10:23,情報,29
M.1678090308.A.84C,2023-03-06 16:11:48,情報,29
M.1690964372.A.08C,2023-08-02 16:19:32,情報,29
M.1675413415.A.9A5,2023-02-03 16:36:55,情報,29
M.1723618450.A.965,2024-08-14 14:54:10,情報,29
M.1689063055.A.E00,2023-07-11 16:10:55,情報,29
M.1718957582.A.9E8,2024-06-21 16:13:02,情報,29
M.1700204057.A.BCF,2023-11-17 14:54:17,情報,29
M.1687767315.A.922,2023-06-26 16:15:15,情報,29
M.1727770292.A.F1D,2024-10-01 16:11:32,情報,29
M.1687335438.A.FF6,2023-06-21 16:17:18,情報,29
M.1689749702.A.BCC,2023-07-19 14:55:02,情報,29
M.1718953656.A.546,2024-06-21 15:07:36,情報,29
M.1720425929.A.EA6,2024-07-08 16:05:29,情報,29
M.1679555418.A.503,2023-03-23 15:10:18,情報,29
M.1679555833.A.FEC,2023-03-23 15:17:13,情報,29
M.1719475541.A.CD1,2024-06-27 16:05:41,情報,29
M.1685430068.A.92C,2023-05-30 15:01:08,情報,29
M.1677827039.A.F2E,2023-03-03 15:03:59,情報,29
M.1685344322.A.B4B,2023-05-29 15:12:02,情報,29
M.1734677562.A.09E,2024-12-20 14:52:42,情報,29
M.1690186402.A.3B6,2023-07-24 16:13:22,情報,29
M.1677832628.A.044,2023-03-03 16:37:08,情報,29
M.1703059894.A.437,2023-12-20 16:11:34,情報,29
M.1680245832.A.F93,2023-03-31 14:57:12,情報,29
M.1668668412.A.951,2022-11-17 15:00:12,情報,29
M.1703055698.A.43A,2023-12-20 15:01:38,情報,29
M.1684483966.A.21A,2023-05-19 16:12:46,情報,29
M.1703055296.A.DE4,2023-12-20 14:54:56,情報,29
M.1722845475.A.FA4,2024-08-05 16:11:15,情報,29
M.1681287153.A.D32,2023-04-12 16:12:33,情報,29
M.1732000640.A.1EC,2024-11-19 15:17:20,情報,28
M.1679040631.A.D72,2023-03-17 16:10:31,情報,28
M.1679295209.A.C1F,2023-03-20 14:53:29,情報,28
M.1678433979.A.650,2023-03-10 15:39:39,情報,28
M.1678781520.A.061,2023-03-14 16:12:00,情報,28
M.1721027556.A.889,2024-07-15 15:12:36,情報,28
M.1662106490.A.341,2022-09-02 16:14:50,情報,28
M.1711354382.A.BF5,2024-03-25 16:13:02,情報,28
M.1662021131.A.034,2022-09-01 16:32:11,情報,28
M.1650269791.A.51E,2022-04-18 16:16:31,情報,28
M.1698304017.A.534,2023-10-26 15:06:57,情報,28
M.1720772278.A.17C,2024-07-12 16:17:58,情報,28
M.1650351093.A.B5F,2022-04-19 14:51:33,情報,28
M.1697184542.A.51D,2023-10-13 16:09:02,情報,28
M.1710835797.A.BB6,2024-03-19 16:09:57,情報,28
M.1661415722.A.40D,2022-08-25 16:22:02,情報,28
M.1698048663.A.076,2023-10-23 16:11:03,情報,28
M.1721290047.A.B66,2024-07-18 16:07:27,情報,28
M.1721372289.A.E27,2024-07-19 14:58:09,情報,28
M.1660810158.A.CD1,2022-08-18 16:09:18,情報,28
M.1601300819.A.75E,2020-09-28 21:46:59,其他,28
M.1684133992.A.A9C,2023-05-15 14:59:52,情報,28
M.1601378064.A.0EA,2020-09-29 19:14:24,其他,28
M.1695629196.A.07C,2023-09-25 16:06:36,情報,28
M.1706688414.A.A04,2024-01-31 16:06:54,情報,28
M.1729580451.A.50F,2024-10-22 15:00:51,情報,28
M.1684743016.A.59A,2023-05-22 16:10:16,情報,28
M.1684911393.A.7E2,2023-05-24 14:56:33,情報,28
M.1627286730.A.3FE,2021-07-26 16:05:30,情報,28
M.1685088508.A.6E0,2023-05-26 16:08:28,情報,28
M.1690181941.A.B7E,2023-07-24 14:59:01,情報,28
M.1725956221.A.377,2024-09-10 16:17:01,情報,28
M.1689926997.A.DA8,2023-07-21 16:09:57,情報,28
M.1652429504.A.141,2022-05-13 16:11:44,情報,28
M.1689840621.A.BCE,2023-07-20 16:10:21,情報,28
M.1689754619.A.466,2023-07-19 16:16:59,情報,28
M.1686813398.A.BD9,2023-06-15 15:16:38,情報,28
M.1686816722.A.B59,2023-06-15 16:12:02,情報,28
M.1689667977.A.77D,2023-07-18 16:12:57,情報,28
M.1687853555.A.F95,2023-06-27 16:12:35,情報,28
M.1625813755.A.082,2021-07-09 14:55:55,情報,28
M.1729753374.A.0A2,2024-10-24 15:02:54,情報,28
M.1623739907.A.24C,2021-06-15 14:51:47,情報,28
M.1627891761.A.551,2021-08-02 16:09:21,情報,28
M.1656925164.A.C1C,2022-07-04 16:59:24,情報,28
M.1602851961.A.200,2020-10-16 20:39:21,其他,28
M.1659515093.A.4F1,2022-08-03 16:24:53,情報,28
M.1679899988.A.03A,2023-03-27 14:53:08,情報,28
M.1679986846.A.8D4,2023-03-28 15:00:46,情報,28
M.1694419693.A.B0E,2023-09-11 16:08:13,情報,28
M.1694074927.A.26D,2023-09-07 16:22:07,情報,28
M.1681201329.A.728,2023-04-11 16:22:09,情報,28
M.1656058531.A.E39,2022-06-24 16:15:31,情報,28
M.1683702842.A.607,2023-05-10 15:14:02,情報,28
M.1724659543.A.0E0,2024-08-26 16:05:43,情報,28
M.1622703180.A.ACC,2021-06-03 14:53:00,情報,28
M.1692860274.A.77C,2023-08-24 14:57:54,情報,28
M.1691655309.A.8EB,2023-08-10 16:15:09,情報,28
M.1628237119.A.755,2021-08-06 16:05:19,情報,28
M.1691482438.A.144,2023-08-08 16:13:58,情報,28
M.1725000921.A.809,2024-08-30 14:55:21,情報,28
M.1629879765.A.8BD,2021-08-25 16:22:45,情報,28
M.1662029257.A.EDA,2022-09-01 18:47:37,情報,28
M.1718611514.A.563,2024-06-17 16:05:14,情報,28
M.1701850165.A.2B6,2023-12-06 16:09:25,情報,28
M.1648628332.A.DAD,2022-03-30 16:18:52,情報,28
M.1717143201.A.81D,2024-05-31 16:13:21,情報,28
M.1648714784.A.DB4,2022-03-31 16:19:44,情報,28
M.1717488362.A.5A1,2024-06-04 16:06:02,情報,28
M.1671087603.A.321,2022-12-15 15:00:03,情報,28
M.1702282237.A.79B,2023-12-11 16:10:37,情報,28
M.1702022890.A.2A7,2023-12-08 16:08:10,情報,28
M.1713859490.A.021,2024-04-23 16:04:50,情報,28
M.1665994348.A.7E9,2022-10-17 16:12:28,情報,28
M.1701418173.A.C09,2023-12-01 16:09:33,情報,28
M.1718870792.A.419,2024-06-20 16:06:32,情報,28
M.1672297530.A.C1C,2022-12-29 15:05:30,情報,28
M.1662538593.A.80A,2022-09-07 16:16:33,情報,28
M.1701068051.A.0A8,2023-11-27 14:54:11,情報,28
M.1672301367.A.D3F,2022-12-29 16:09:27,情報,28
M.1672388091.A.774,2022-12-30 16:14:51,情報,28
M.1672728998.A.153,2023-01-03 14:56:38,情報,28
M.1672819992.A.9F1,2023-01-04 16:13:12,情報,28
M.1734941750.A.8AE,2024-12-23 16:15:50,情報,28
M.1734595556.A.9CB,2024-12-19 16:05:56,情報,28
M.1716883573.A.981,2024-05-28 16:06:13,情報,28
M.1669277580.A.E48,2022-11-24 16:13:00,情報,28
M.1716537932.A.224,2024-05-24 16:05:32,情報,28
M.1716365114.A.3C5,2024-05-22 16:05:14,情報,28
M.1667199358.A.3C9,2022-10-31 14:55:58,情報,28
M.1644822482.A.61D,2022-02-14 15:08:02,情報,28
M.1714978446.A.A3D,2024-05-06 14:54:06,情報,28
M.1705560504.A.C92,2024-01-18 14:48:24,情報,28
M.1715237882.A.363,2024-05-09 14:58:02,情報,28
M.1737360221.A.4E2,2025-01-20 16:03:41,情報,28
M.1714719398.A.E57,2024-05-03 14:56:38,情報,28
M.1714637152.A.818,2024-05-02 16:05:52,情報,28
M.1704874353.A.C33,2024-01-10 16:12:33,情報,28
M.1645776964.A.ADC,2022-02-25 16:16:04,情報,28
M.1704269511.A.690,2024-01-03 16:11:51,情報,28
M.1642150388.A.BDA,2022-01-14 16:53:08,情報,28
M.1646808780.A.B63,2022-03-09 14:53:00,情報,28
M.1668149649.A.FDA,2022-11-11 14:54:09,情報,28
M.1736491932.A.612,2025-01-10 14:52:12,情報,28
M.1668582629.A.907,2022-11-16 15:10:29,情報,28
M.1668759089.A.77C,2022-11-18 16:11:29,情報,28
M.1735887312.A.5C5,2025-01-03 14:55:12,情報,28
M.1716278730.A.816,2024-05-21 16:05:30,情報,28
M.1700208473.A.111,2023-11-17 16:07:53,情報,28
M.1688713039.A.6B0,2023-07-07 14:57:19,情報,28
M.1636528849.A.7FD,2021-11-10 15:20:49,情報,28
M.1699430889.A.B16,2023-11-08 16:08:09,情報,28
M.1649406792.A.61E,2022-04-08 16:33:12,情報,28
M.1663657046.A.5E2,2022-09-20 14:57:26,情報,28
M.1663570701.A.0B8,2022-09-19 14:58:21,情報,28
M.1677049924.A.851,2023-02-22 15:12:04,情報,28
M.1676964124.A.60A,2023-02-21 15:22:04,情報,28
M.1705906278.A.2A0,2024-01-22 14:51:18,情報,28
M.1676880870.A.5D2,2023-02-20 16:14:30,情報,28
M.1699949310.A.A50,2023-11-14 16:08:30,情報,28
M.1649919520.A.27D,2022-04-14 14:58:40,情報,28
M.1663311273.A.3AD,2022-09-16 14:54:33,情報,28
M.1733472294.A.992,2024-12-06 16:04:54,情報,28
M.1673943139.A.16E,2023-01-17 16:12:19,情報,28
M.1665045071.A.DD6,2022-10-06 16:31:11,情報,28
M.1712822739.A.7B0,2024-04-11 16:05:39,情報,28
M.1720076270.A.746,2024-07-04 14:57:50,情報,28
M.1664179779.A.02B,2022-09-26 16:09:39,情報,28
M.1673333948.A.910,2023-01-10 14:59:08,情報,28
M.1663142815.A.199,2022-09-14 16:06:55,情報,28
M.1663057866.A.3E8,2022-09-13 16:31:06,情報,28
M.1676362446.A.C04,2023-02-14 16:14:06,情報,28
M.1673338542.A.B9E,2023-01-10 16:15:42,情報,28
M.1698739746.A.044,2023-10-31 16:09:06,情報,28
M.1733299549.A.0BC,2024-12-04 16:05:49,情報,28
M.1632726779.A.72C,2021-09-27 15:12:59,情報,27
M.1690877428.A.C14,2023-08-01 16:10:28,情報,27
M.1627373478.A.B76,2021-07-27 16:11:18,情報,27
M.1703232707.A.4CE,2023-12-22 16:11:47,情報,27
M.1699344388.A.576,2023-11-07 16:06:28,情報,27
M.1695370118.A.D30,2023-09-22 16:08:38,情報,27
M.1689836066.A.18F,2023-07-20 14:54:26,情報,27
M.1736751242.A.375,2025-01-13 14:54:02,情報,27
M.1698221306.A.2AB,2023-10-25 16:08:26,情報,27
M.1733127193.A.B82,2024-12-02 16:13:13,情報,27
M.1736146704.A.17C,2025-01-06 14:58:24,情報,27
M.1704955977.A.355,2024-01-11 14:52:57,情報,27
M.1645426499.A.2CC,2022-02-21 14:54:59,情報,27
M.1652084926.A.9CF,2022-05-09 16:28:46,情報,27
M.1699253512.A.F6E,2023-11-06 14:51:52,情報,27
M.1626677510.A.BD0,2021-07-19 14:51:50,情報,27
M.1704960818.A.B18,2024-01-11 16:13:38,情報,27
M.1644562834.A.1A0,2022-02-11 15:00:34,情報,27
M.1728630170.A.21F,2024-10-11 15:02:50,情報,27
M.1626245547.A.E19,2021-07-14 14:52:27,情報,27
M.1689577099.A.02C,2023-07-17 14:58:19,情報,27
M.1689322247.A.EA2,2023-07-14 16:10:47,情報,27
M.1627374496.A.0E7,2021-07-27 16:28:16,情報,27
M.1627887074.A.0AE,2021-08-02 14:51:14,情報,27
M.1634633711.A.4C4,2021-10-19 16:55:11,情報,27
M.1694506040.A.312,2023-09-12 16:07:20,情報,27
M.1694069502.A.1F0,2023-09-07 14:51:42,情報,27
M.1439369135.A.3E1,2015-08-12 16:45:35,其他,27
M.1649234421.A.836,2022-04-06 16:40:21,情報,27
M.1731917585.A.6D4,2024-11-18 16:13:05,情報,27
M.1695711626.A.775,2023-09-26 15:00:26,情報,27
M.1700467658.A.1F9,2023-11-20 16:07:38,情報,27
M.1650869706.A.4D1,2022-04-25 14:55:06,情報,27
M.1635922453.A.74B,2021-11-03 14:54:13,情報,27
M.1734681963.A.5A5,2024-12-20 16:06:03,情報,27
M.1731309026.A.FEC,2024-11-11 15:10:26,情報,27
M.1694592324.A.1FA,2023-09-13 16:05:24,情報,27
M.1731312812.A.EEF,2024-11-11 16:13:32,情報,27
M.1648930065.A.2CD,2022-04-03 04:07:45,情報,27
M.1695110881.A.BBB,2023-09-19 16:08:01,情報,27
M.1700118178.A.88E,2023-11-16 15:02:58,情報,27
M.1651047522.A.BF1,2022-04-27 16:18:42,情報,27
M.1735805113.A.CF1,2025-01-02 16:05:13,情報,27
M.1650523958.A.84D,2022-04-21 14:52:38,情報,27
M.1697703087.A.A46,2023-10-19 16:11:27,情報,27
M.1735800832.A.7F1,2025-01-02 14:53:52,情報,27
M.1729757393.A.6D1,2024-10-24 16:09:53,情報,27
M.1651647098.A.BB9,2022-05-04 14:51:38,情報,27
M.1732694993.A.D34,2024-11-27 16:09:53,情報,27
M.1733813430.A.852,2024-12-10 14:50:30,情報,27
M.1732608605.A.269,2024-11-26 16:10:05,情報,27
M.1693810803.A.70D,2023-09-04 15:00:03,情報,27
M.1702368680.A.379,2023-12-12 16:11:20,情報,27
M.1649747834.A.EB9,2022-04-12 15:17:14,情報,27
M.1629096259.A.160,2021-08-16 14:44:19,情報,27
M.1697180184.A.808,2023-10-13 14:56:24,情報,27
M.1735282289.A.C0D,2024-12-27 14:51:29,情報,27
M.1693465039.A.9D5,2023-08-31 14:57:19,情報,27
M.1650264959.A.71F,2022-04-18 14:55:59,情報,27
M.1707116149.A.82F,2024-02-05 14:55:49,情報,27
M.1710922577.A.F4B,2024-03-20 16:16:17,情報,27
M.1717402023.A.F76,2024-06-03 16:07:03,情報,27
M.1672211197.A.9B7,2022-12-28 15:06:37,情報,27
M.1713769150.A.C89,2024-04-22 14:59:10,情報,27
M.1721631300.A.906,2024-07-22 14:55:00,情報,27
M.1721717631.A.51A,2024-07-23 14:53:51,情報,27
M.1678349436.A.3F4,2023-03-09 16:10:36,情報,27
M.1670400939.A.DE5,2022-12-07 16:15:39,情報,27
M.1722326677.A.610,2024-07-30 16:04:37,情報,27
M.1678954396.A.D07,2023-03-16 16:13:16,情報,27
M.1600944760.A.1AE,2020-09-24 18:52:40,其他,27
M.1723014132.A.E70,2024-08-07 15:02:12,情報,27
M.1679472813.A.4DF,2023-03-22 16:13:33,情報,27
M.1721117453.A.251,2024-07-16 16:10:53,情報,27
M.1507290022.A.15C,2017-10-06 19:40:22,其他,27
M.1606223143.A.A08,2020-11-24 21:05:43,其他,27
M.1669964332.A.AA7,2022-12-02 14:58:52,情報,27
M.1669709555.A.3DA,2022-11-29 16:12:35,情報,27
M.1659082105.A.E35,2022-07-29 16:08:25,情報,27
M.1716451553.A.51D,2024-05-23 16:05:53,情報,27
M.1719561929.A.13F,2024-06-28 16:05:29,情報,27
M.1709798706.A.3FA,2024-03-07 16:05:06,情報,27
M.1669018874.A.D84,2022-11-21 16:21:14,情報,27
M.1714118595.A.A86,2024-04-26 16:03:15,情報,27
M.1721285728.A.030,2024-07-18 14:55:28,情報,27
M.1672992663.A.F1A,2023-01-06 16:11:03,情報,27
M.1669013747.A.615,2022-11-21 14:55:47,情報,27
M.1719212011.A.608,2024-06-24 14:53:31,情報,27
M.1675320890.A.AF9,2023-02-02 14:54:50,情報,27
M.1675066161.A.AA5,2023-01-30 16:09:21,情報,27
M.1665125781.A.E2C,2022-10-07 14:56:21,情報,27
M.1664871080.A.712,2022-10-04 16:11:20,情報,27
M.1664784618.A.AA8,2022-10-03 16:10:18,情報,27
M.1719471778.A.0A3,2024-06-27 15:02:58,情報,27
M.1664525360.A.FD1,2022-09-30 16:09:20,情報,27
M.1675930719.A.A11,2023-02-09 16:18:39,情報,27
M.1719389107.A.9D9,2024-06-26 16:05:07,情報,27
M.1719997464.A.641,2024-07-03 17:04:24,情報,27
M.1663834457.A.85F,2022-09-22 16:14:17,情報,27
M.1665557841.A.107,2022-10-12 14:57:21,情報,27
M.1676535876.A.6A2,2023-02-16 16:24:36,情報,27
M.1676622755.A.1E8,2023-02-17 16:32:35,情報,27
M.1677139856.A.389,2023-02-23 16:10:56,情報,27
M.1662970134.A.CE8,2022-09-12 16:08:54,情報,27
M.1662624635.A.27F,2022-09-08 16:10:35,情報,27
M.1556343058.A.DB1,2019-04-27 13:30:58,其他,27
M.1673247415.A.9AC,2023-01-09 14:56:55,情報,27
M.1720681004.A.1F8,2024-07-11 14:56:44,情報,27
M.1713427471.A.B97,2024-04-18 16:04:31,情報,27
M.1720685186.A.8A6,2024-07-11 16:06:26,情報,27
M.1621925621.A.EB9,2021-05-25 14:53:41,情報,27
M.1675239228.A.8EE,2023-02-01 16:13:48,情報,27
M.1622013606.A.87D,2021-05-26 15:20:06,情報,27
M.1715760704.A.15E,2024-05-15 16:11:44,情報,27
M.1715242002.A.05C,2024-05-09 16:06:42,情報,27
M.1715328729.A.26C,2024-05-10 16:12:09,情報,27
M.1683874493.A.36C,2023-05-12 14:54:53,情報,27
M.1625035926.A.F78,2021-06-30 14:52:06,情報,27
M.1652342959.A.7C3,2022-05-12 16:09:19,情報,27
M.1654843905.A.B1F,2022-06-10 14:51:45,情報,27
M.1687332968.A.CD2,2023-06-21 15:36:08,情報,27
M.1684392910.A.4AC,2023-05-18 14:55:10,情報,27
M.1667544799.A.BFF,2022-11-04 14:53:19,情報,27
M.1686902940.A.5B1,2023-06-16 16:09:00,情報,27
M.1686639572.A.AD8,2023-06-13 14:59:32,情報,27
M.1684738473.A.177,2023-05-22 14:54:33,情報,27
M.1684916068.A.3FB,2023-05-24 16:14:28,情報,27
M.1715756348.A.FAB,2024-05-15 14:59:08,情報,27
M.1725519191.A.9AE,2024-09-05 14:53:11,情報,27
M.1625208746.A.480,2021-07-02 14:52:26,情報,27
M.1726129283.A.D9F,2024-09-12 16:21:23,情報,27
M.1682406170.A.067,2023-04-25 15:02:50,情報,27
M.1655277272.A.264,2022-06-15 15:14:32,情報,27
M.1667977047.A.FB3,2022-11-09 14:57:27,情報,27
M.1625468284.A.09D,2021-07-05 14:58:04,情報,27
M.1688372105.A.ACB,2023-07-03 16:15:05,情報,27
M.1714460070.A.C0B,2024-04-30 14:54:30,情報,27
M.1666340653.A.075,2022-10-21 16:24:13,情報,27
M.1681891740.A.F98,2023-04-19 16:09:00,情報,27
M.1622789461.A.323,2021-06-04 14:51:01,情報,27
M.1681974699.A.3BB,2023-04-20 15:11:39,情報,27
M.1724401305.A.49A,2024-08-23 16:21:45,情報,27
M.1668413435.A.C25,2022-11-14 16:10:35,情報,27
M.1682319638.A.872,2023-04-24 15:00:38,情報,27
M.1667804146.A.37C,2022-11-07 14:55:46,情報,26
M.1667203889.A.477,2022-10-31 16:11:29,情報,26
M.1667376800.A.3B3,2022-11-02 16:13:20,情報,26
M.1673251834.A.48E,2023-01-09 16:10:34,情報,26
M.1667290259.A.2A9,2022-11-01 16:10:59,情報,26
M.1704869479.A.98D,2024-01-10 14:51:19,情報,26
M.1700122163.A.D41,2023-11-16 16:09:23,情報,26
M.1667458494.A.7B1,2022-11-03 14:54:54,情報,26
M.1701331683.A.2D6,2023-11-30 16:08:03,情報,26
M.1704783230.A.F9C,2024-01-09 14:53:50,情報,26
M.1671778436.A.623,2022-12-23 14:53:56,情報,26
M.1703146289.A.E3C,2023-12-21 16:11:29,情報,26
M.1648455365.A.237,2022-03-28 16:16:05,情報,26
M.1702450770.A.428,2023-12-13 14:59:30,情報,26
M.1703228025.A.74A,2023-12-22 14:53:45,情報,26
M.1668068515.A.35F,2022-11-10 16:21:55,情報,26
M.1703578352.A.15D,2023-12-26 16:12:32,情報,26
M.1703746721.A.C72,2023-12-28 14:58:41,情報,26
M.1671091891.A.636,2022-12-15 16:11:31,情報,26
M.1702018350.A.74E,2023-12-08 14:52:30,情報,26
M.1645690712.A.EA3,2022-02-24 16:18:32,情報,26
M.1672037996.A.28E,2022-12-26 14:59:56,情報,26
M.1703837635.A.EC7,2023-12-29 16:13:55,情報,26
M.1704183102.A.223,2024-01-02 16:11:42,情報,26
M.1666685474.A.FC7,2022-10-25 16:11:14,情報,26
M.1668673075.A.CDF,2022-11-17 16:17:55,情報,26
M.1665730687.A.F05,2022-10-14 14:58:07,情報,26
M.1672901951.A.1E9,2023-01-05 14:59:11,情報,26
M.1705997101.A.CA9,2024-01-23 16:05:01,情報,26
M.1669100392.A.6AF,2022-11-22 14:59:52,情報,26
M.1688631798.A.87B,2023-07-06 16:23:18,情報,26
M.1699944683.A.AE5,2023-11-14 14:51:23,情報,26
M.1675667363.A.D91,2023-02-06 15:09:23,情報,26
M.1681368995.A.B3C,2023-04-13 14:56:35,情報,26
M.1693551483.A.3E2,2023-09-01 14:58:03,情報,26
M.1693469350.A.3F1,2023-08-31 16:09:10,情報,26
M.1692088796.A.F64,2023-08-15 16:39:56,情報,26
M.1682410290.A.2B2,2023-04-25 16:11:30,情報,26
M.1691563905.A.6A4,2023-08-09 14:51:45,情報,26
M.1682492509.A.F72,2023-04-26 15:01:49,情報,26
M.1655453853.A.DDA,2022-06-17 16:17:33,情報,26
M.1683274197.A.E53,2023-05-05 16:09:57,情報,26
M.1683706334.A.0AD,2023-05-10 16:12:14,情報,26
M.1683788404.A.D81,2023-05-11 15:00:04,情報,26
M.1666940200.A.0BA,2022-10-28 14:56:40,情報,26
M.1684307127.A.939,2023-05-17 15:05:27,情報,26
M.1684479536.A.F36,2023-05-19 14:58:56,情報,26
M.1654757506.A.DA7,2022-06-09 14:51:46,情報,26
M.1690527439.A.47B,2023-07-28 14:57:19,情報,26
M.1685347846.A.D2E,2023-05-29 16:10:46,情報,26
M.1685948412.A.9DD,2023-06-05 15:00:12,情報,26
M.1706684259.A.39C,2024-01-31 14:57:39,情報,26
M.1652084566.A.DE1,2022-05-09 16:22:46,情報,26
M.1687244902.A.C05,2023-06-20 15:08:22,情報,26
M.1688026289.A.3B8,2023-06-29 16:11:29,情報,26
M.1689581616.A.A69,2023-07-17 16:13:36,情報,26
M.1688108464.A.9E7,2023-06-30 15:01:04,情報,26
M.1689231516.A.413,2023-07-13 14:58:36,情報,26
M.1688976983.A.D4A,2023-07-10 16:16:23,情報,26
M.1652256989.A.ACD,2022-05-11 16:16:29,情報,26
M.1650955889.A.423,2022-04-26 14:51:29,情報,26
M.1681110568.A.1CA,2023-04-10 15:09:28,情報,26
M.1694160449.A.337,2023-09-08 16:07:29,情報,26
M.1661324122.A.6C0,2022-08-24 14:55:22,情報,26
M.1699603795.A.9A6,2023-11-10 16:09:55,情報,26
M.1675843824.A.968,2023-02-08 16:10:24,情報,26
M.1676271688.A.340,2023-02-13 15:01:28,情報,26
M.1676448614.A.CBC,2023-02-15 16:10:14,情報,26
M.1698907915.A.9B4,2023-11-02 14:51:55,情報,26
M.1706083583.A.E4D,2024-01-24 16:06:23,情報,26
M.1677221778.A.F20,2023-02-24 14:56:18,情報,26
M.1698394212.A.423,2023-10-27 16:10:12,情報,26
M.1661846948.A.004,2022-08-30 16:09:08,情報,26
M.1688458510.A.630,2023-07-04 16:15:10,情報,26
M.1698134971.A.596,2023-10-24 16:09:31,情報,26
M.1698130690.A.E4F,2023-10-24 14:58:10,情報,26
M.1698044560.A.D1C,2023-10-23 15:02:40,情報,26
M.1658472730.A.133,2022-07-22 14:52:10,情報,26
M.1661155690.A.CDB,2022-08-22 16:08:10,情報,26
M.1678263158.A.DDC,2023-03-08 16:12:38,情報,26
M.1697443642.A.F0E,2023-10-16 16:07:22,情報,26
M.1660205986.A.5B2,2022-08-11 16:19:46,情報,26
M.1678777781.A.D52,2023-03-14 15:09:41,情報,26
M.1696488966.A.B13,2023-10-05 14:56:06,情報,26
M.1708416288.A.DB5,2024-02-20 16:04:48,情報,26
M.1695020078.A.268,2023-09-18 14:54:38,情報,26
M.1694678790.A.0CF,2023-09-14 16:06:30,情報,26
M.1679641310.A.5D9,2023-03-24 15:01:50,情報,26
M.1679904911.A.B48,2023-03-27 16:15:11,情報,26
M.1680073864.A.7D2,2023-03-29 15:11:04,情報,26
M.1666944493.A.21D,2022-10-28 16:08:13,情報,26
M.1663574838.A.2C2,2022-09-19 16:07:18,情報,26
M.1730271631.A.8A2,2024-10-30 15:00:31,情報,26
M.1730184940.A.09D,2024-10-29 14:55:40,情報,26
M.1709280389.A.308,2024-03-01 16:06:29,情報,26
M.1632293168.A.CA4,2021-09-22 14:46:08,情報,26
M.1724313846.A.79B,2024-08-22 16:04:06,情報,26
M.1632898392.A.143,2021-09-29 14:53:12,情報,26
M.1728893558.A.A78,2024-10-14 16:12:38,情報,26
M.1723622754.A.0D1,2024-08-14 16:05:54,情報,26
M.1712818882.A.1FB,2024-04-11 15:01:22,情報,26
M.1723536302.A.6B0,2024-08-13 16:05:02,情報,26
M.1733990725.A.701,2024-12-12 16:05:25,情報,26
M.1716966198.A.3B2,2024-05-29 15:03:18,情報,26
M.1717052005.A.E83,2024-05-30 14:53:25,情報,26
M.1723795632.A.F80,2024-08-16 16:07:12,情報,26
M.1737355939.A.BD2,2025-01-20 14:52:19,情報,26
M.1731568247.A.679,2024-11-14 15:10:47,情報,26
M.1732518663.A.291,2024-11-25 15:11:03,情報,26
M.1716274410.A.4B7,2024-05-21 14:53:30,情報,26
M.1620802912.A.421,2021-05-12 15:01:52,情報,26
M.1601029592.A.323,2020-09-25 18:26:32,其他,26
M.1621498009.A.151,2021-05-20 16:06:49,情報,26
M.1725605533.A.392,2024-09-06 14:52:13,情報,26
M.1729062431.A.A9C,2024-10-16 15:07:11,情報,26
M.1714982682.A.70E,2024-05-06 16:04:42,情報,26
M.1627022819.A.B1D,2021-07-23 14:46:59,情報,26
M.1624521349.A.B6F,2021-06-24 15:55:49,情報,26
M.1627459616.A.5AD,2021-07-28 16:06:56,情報,26
M.1713514379.A.39E,2024-04-19 16:12:59,情報,26
M.1558444296.A.AAE,2019-05-21 21:11:36,其他,26
M.1732004112.A.B57,2024-11-19 16:15:12,情報,26
M.1715847292.A.F3F,2024-05-16 16:14:52,情報,26
M.1629442578.A.A2C,2021-08-20 14:56:18,情報,26
M.1722931705.A.42C,2024-08-06 16:08:25,情報,26
M.1623048743.A.C29,2021-06-07 14:52:23,情報,26
M.1715933563.A.4AD,2024-05-17 16:12:43,情報,26
M.1734504739.A.F57,2024-12-18 14:52:19,情報,26
M.1636102112.A.5EE,2021-11-05 16:48:32,情報,26
M.1717140089.A.413,2024-05-31 15:21:29,情報,26
M.1730099365.A.2B0,2024-10-28 15:09:25,情報,26
M.1723190688.A.F8B,2024-08-09 16:04:48,情報,26
M.1718265957.A.B8B,2024-06-13 16:05:57,情報,26
M.1736323552.A.325,2025-01-08 16:05:52,情報,26
M.1709021167.A.F71,2024-02-27 16:06:07,情報,26
M.1731049446.A.6F5,2024-11-08 15:04:06,情報,26
M.1711526888.A.C55,2024-03-27 16:08:08,情報,26
M.1718780015.A.DC4,2024-06-19 14:53:35,情報,26
M.1728029376.A.4DD,2024-10-04 16:09:36,情報,26
M.1731395147.A.06C,2024-11-12 15:05:47,情報,26
M.1709189980.A.51B,2024-02-29 14:59:40,情報,26
M.1730189491.A.B70,2024-10-29 16:11:31,情報,26
M.1506002711.A.62D,2017-09-21 22:05:11,其他,26
M.1729584816.A.CCB,2024-10-22 16:13:36,情報,26
M.1717747675.A.51A,2024-06-07 16:07:55,情報,26
M.1730703821.A.31B,2024-11-04 15:03:41,情報,26
M.1736319469.A.369,2025-01-08 14:57:49,情報,26
M.1717661116.A.E71,2024-06-06 16:05:16,情報,26
M.1733381427.A.7FE,2024-12-05 14:50:27,情報,26
M.1730967167.A.1CC,2024-11-07 16:12:47,情報,26
M.1732090224.A.C82,2024-11-20 16:10:24,情報,26
M.1728025325.A.333,2024-10-04 15:02:05,情報,26
M.1487942714.A.255,2017-02-24 21:25:14,其他,26
M.1442843885.A.864,2015-09-21 21:58:05,其他,26
M.1735891572.A.092,2025-01-03 16:06:12,情報,26
M.1736837416.A.B45,2025-01-14 14:50:16,情報,26
M.1732864532.A.F10,2024-11-29 15:15:32,情報,26
M.1732778129.A.62D,2024-11-28 15:15:29,情報,26
M.1733467932.A.81B,2024-12-06 14:52:12,情報,26
M.1729671155.A.35E,2024-10-23 16:12:35,情報,26
M.1733295032.A.3F4,2024-12-04 14:50:32,情報,26
M.1665989609.A.409,2022-10-17 14:53:29,情報,25
M.1679559110.A.95D,2023-03-23 16:11:50,情報,25
M.1722499544.A.90D,2024-08-01 16:05:44,情報,25
M.1678867879.A.5F6,2023-03-15 16:11:19,情報,25
M.1722927238.A.60B,2024-08-06 14:53:58,情報,25
M.1714032292.A.B18,2024-04-25 16:04:52,情報,25
M.1723449862.A.7E2,2024-08-12 16:04:22,情報,25
M.1666166924.A.CE9,2022-10-19 16:08:44,情報,25
M.1662015247.A.085,2022-09-01 14:54:07,情報,25
M.1688022962.A.930,2023-06-29 15:16:02,情報,25
M.1725523516.A.CCC,2024-09-05 16:05:16,情報,25
M.1727679642.A.A13,2024-09-30 15:00:42,情報,25
M.1701672941.A.580,2023-12-04 14:55:41,情報,25
M.1662447853.A.F0E,2022-09-06 15:04:13,情報,25
M.1713164096.A.4B9,2024-04-15 14:54:56,情報,25
M.1723017925.A.16F,2024-08-07 16:05:25,情報,25
M.1708329881.A.B45,2024-02-19 16:04:41,情報,25
M.1735286710.A.B29,2024-12-27 16:05:10,情報,25
M.1679382149.A.B2E,2023-03-21 15:02:29,情報,25
M.1664353399.A.FB0,2022-09-28 16:23:19,情報,25
M.1664348457.A.31D,2022-09-28 15:00:57,情報,25
M.1735546003.A.8AF,2024-12-30 16:06:43,情報,25
M.1679645467.A.0F3,2023-03-24 16:11:07,情報,25
M.1688545034.A.418,2023-07-05 16:17:14,情報,25
M.1712645497.A.AE2,2024-04-09 14:51:37,情報,25
M.1663829852.A.F83,2022-09-22 14:57:32,情報,25
M.1692259779.A.858,2023-08-17 16:09:39,情報,25
M.1679299901.A.73F,2023-03-20 16:11:41,情報,25
M.1730962775.A.4E0,2024-11-07 14:59:35,情報,25
M.1716879178.A.4D7,2024-05-28 14:52:58,情報,25
M.1692950786.A.E7F,2023-08-25 16:06:26,情報,25
M.1670310820.A.55E,2022-12-06 15:13:40,情報,25
M.1717483947.A.734,2024-06-04 14:52:27,情報,25
M.1670483433.A.BB8,2022-12-08 15:10:33,情報,25
M.1693210089.A.78B,2023-08-28 16:08:09,情報,25
M.1670828297.A.716,2022-12-12 14:58:17,情報,25
M.1733727037.A.F12,2024-12-09 14:50:37,情報,25
M.1535035264.A.003,2018-08-23 22:41:04,其他,25
M.1686644252.A.80B,2023-06-13 16:17:32,情報,25
M.1676876700.A.ACC,2023-02-20 15:05:00,情報,25
M.1733385941.A.B3A,2024-12-05 16:05:41,情報,25
M.1732522102.A.158,2024-11-25 16:08:22,情報,25
M.1698821482.A.242,2023-11-01 14:51:22,情報,25
M.1533964409.A.FEF,2018-08-11 13:13:29,心得,25
M.1693378362.A.962,2023-08-30 14:52:42,情報,25
M.1697439309.A.0F8,2023-10-16 14:55:09,情報,25
M.1676531192.A.8CB,2023-02-16 15:06:32,情報,25
M.1718179493.A.C97,2024-06-12 16:04:53,情報,25
M.1732691691.A.1BA,2024-11-27 15:14:51,情報,25
M.1672733395.A.DB4,2023-01-03 16:09:55,情報,25
M.1672906159.A.7C8,2023-01-05 16:09:19,情報,25
M.1686125457.A.228,2023-06-07 16:10:57,情報,25
M.1675839867.A.67E,2023-02-08 15:04:27,情報,25
M.1675753098.A.2B7,2023-02-07 14:58:18,情報,25
M.1719298476.A.9F8,2024-06-25 14:54:36,情報,25
M.1734077107.A.F0C,2024-12-13 16:05:07,情報,25
M.1699858446.A.091,2023-11-13 14:54:06,情報,25
M.1714378015.A.573,2024-04-29 16:06:55,情報,25
M.1669363948.A.CF5,2022-11-25 16:12:28,情報,25
M.1666594391.A.A13,2022-10-24 14:53:11,情報,25
M.1700808866.A.76B,2023-11-24 14:54:26,情報,25
M.1700722333.A.510,2023-11-23 14:52:13,情報,25
M.1667372003.A.BC6,2022-11-02 14:53:23,情報,25
M.1721722035.A.427,2024-07-23 16:07:15,情報,25
M.1700635999.A.D6C,2023-11-22 14:53:19,情報,25
M.1667464271.A.DB9,2022-11-03 16:31:11,情報,25
M.1687763040.A.412,2023-06-26 15:04:00,情報,25
M.1678176713.A.EC0,2023-03-07 16:11:53,情報,25
M.1721376523.A.DAC,2024-07-19 16:08:43,情報,25
M.1721203603.A.050,2024-07-17 16:06:43,情報,25
M.1715674724.A.D0A,2024-05-14 16:18:44,情報,25
M.1697007416.A.FCE,2023-10-11 14:56:56,情報,25
M.1728288858.A.273,2024-10-07 16:14:18,情報,25
M.1734591218.A.365,2024-12-19 14:53:38,情報,25
M.1668154237.A.4B0,2022-11-11 16:10:37,情報,25
M.1668495287.A.F2A,2022-11-15 14:54:47,情報,25
M.1716187846.A.D37,2024-05-20 14:50:46,情報,25
M.1716192345.A.98A,2024-05-20 16:05:45,情報,25
M.1668754621.A.5B7,2022-11-18 14:57:01,情報,25
M.1677658236.A.20C,2023-03-01 16:10:36,情報,25
M.1700031413.A.5D9,2023-11-15 14:56:53,情報,25
M.1720769306.A.420,2024-07-12 15:28:26,情報,25
M.1734418229.A.B35,2024-12-17 14:50:29,情報,25
M.1693897433.A.107,2023-09-05 15:03:53,情報,25
M.1667981569.A.EAE,2022-11-09 16:12:49,情報,25
M.1711958743.A.E04,2024-04-01 16:05:43,情報,25
M.1704696913.A.78A,2024-01-08 14:55:13,情報,25
M.1689922631.A.DA6,2023-07-21 14:57:11,情報,25
M.1680850636.A.634,2023-04-07 14:57:16,情報,25
M.1627454762.A.DEC,2021-07-28 14:46:02,情報,25
M.1601826588.A.B4D,2020-10-04 23:49:48,其他,25
M.1683533956.A.37F,2023-05-08 16:19:16,情報,25
M.1724827853.A.AB8,2024-08-28 14:50:53,情報,25
M.1703832947.A.242,2023-12-29 14:55:47,情報,25
M.1684827745.A.7E4,2023-05-23 15:42:25,情報,25
M.1488981569.A.7CC,2017-03-08 21:59:29,其他,25
M.1695279527.A.FEF,2023-09-21 14:58:47,情報,25
M.1695197166.A.1BE,2023-09-20 16:06:06,情報,25
M.1659078146.A.B74,2022-07-29 15:02:26,情報,25
M.1639465624.A.D52,2021-12-14 15:07:04,情報,25
M.1709880903.A.41E,2024-03-08 14:55:03,情報,25
M.1681196599.A.1B2,2023-04-11 15:03:19,情報,25
M.1683615678.A.981,2023-05-09 15:01:18,情報,25
M.1647586414.A.B29,2022-03-18 14:53:34,情報,25
M.1652079207.A.388,2022-05-09 14:53:27,情報,25
M.1648537819.A.39C,2022-03-29 15:10:19,情報,25
M.1635404951.A.72F,2021-10-28 15:09:11,情報,25
M.1725264328.A.430,2024-09-02 16:05:28,情報,25
M.1636702489.A.A98,2021-11-12 15:34:49,情報,25
M.1649665102.A.F74,2022-04-11 16:18:22,情報,25
M.1636616228.A.B78,2021-11-11 15:37:08,情報,25
M.1684829367.A.0B7,2023-05-23 16:09:27,情報,25
M.1626159144.A.5CF,2021-07-13 14:52:24,情報,25
M.1681456255.A.67D,2023-04-14 15:10:55,情報,25
M.1724050238.A.50E,2024-08-19 14:50:38,情報,25
M.1624863449.A.722,2021-06-28 14:57:29,情報,25
M.1680768665.A.421,2023-04-06 16:11:05,情報,25
M.1625122362.A.C17,2021-07-01 14:52:42,情報,25
M.1705388054.A.ADE,2024-01-16 14:54:14,情報,25
M.1710399542.A.173,2024-03-14 14:59:02,情報,25
M.1737014666.A.334,2025-01-16 16:04:26,情報,25
M.1661757233.A.8F2,2022-08-29 15:13:53,情報,25
M.1631084123.A.F6F,2021-09-08 14:55:23,情報,25
M.1629787523.A.826,2021-08-24 14:45:23,情報,25
M.1645167783.A.406,2022-02-18 15:03:03,情報,25
M.1631170407.A.238,2021-09-09 14:53:27,情報,25
M.1703491810.A.18B,2023-12-25 16:10:10,情報,25
M.1691136664.A.CE8,2023-08-04 16:11:04,情報,25
M.1588242387.A.083,2020-04-30 18:26:27,新聞,25
M.1629183986.A.C17,2021-08-17 15:06:26,情報,25
M.1660118338.A.5CA,2022-08-10 15:58:58,情報,25
M.1710485880.A.D8D,2024-03-15 14:58:00,情報,25
M.1628837098.A.D13,2021-08-13 14:44:58,情報,25
M.1661154241.A.2A4,2022-08-22 15:44:01,情報,25
M.1703664756.A.A72,2023-12-27 16:12:36,情報,25
M.1488979721.A.41F,2017-03-08 21:28:41,其他,25
M.1728457664.A.33F,2024-10-09 15:07:44,情報,25
M.1737101077.A.D3B,2025-01-17 16:04:37,情報,25
M.1633416308.A.1BD,2021-10-05 14:45:08,情報,25
M.1680764499.A.2C8,2023-04-06 15:01:39,情報,25
M.1651561389.A.B75,2022-05-03 15:03:09,情報,25
M.1729148547.A.789,2024-10-17 15:02:27,情報,25
M.1628232359.A.0E9,2021-08-06 14:45:59,情報,25
M.1700035707.A.7D8,2023-11-15 16:08:27,情報,24
M.1717397612.A.B69,2024-06-03 14:53:32,情報,24
M.1692864372.A.CAD,2023-08-24 16:06:12,情報,24
M.1635490523.A.DAA,2021-10-29 14:55:23,情報,24
M.1716792891.A.5C5,2024-05-27 14:54:51,情報,24
M.1720594363.A.24C,2024-07-10 14:52:43,情報,24
M.1720507976.A.2D4,2024-07-09 14:52:56,情報,24
M.1729235038.A.EBA,2024-10-18 15:03:58,情報,24
M.1709276541.A.A3F,2024-03-01 15:02:21,情報,24
M.1733817959.A.4C0,2024-12-10 16:05:59,情報,24
M.1684397681.A.778,2023-05-18 16:14:41,情報,24
M.1677135289.A.111,2023-02-23 14:54:49,情報,24
M.1716360772.A.88E,2024-05-22 14:52:52,情報,24
M.1733904347.A.FF7,2024-12-11 16:05:47,情報,24
M.1680159740.A.1A8,2023-03-30 15:02:20,情報,24
M.1731485580.A.179,2024-11-13 16:13:00,情報,24
M.1636096126.A.1E9,2021-11-05 15:08:46,情報,24
M.1683011836.A.383,2023-05-02 15:17:16,情報,24
M.1644217308.A.229,2022-02-07 15:01:48,情報,24
M.1487689522.A.91D,2017-02-21 23:05:22,其他,24
M.1691132408.A.494,2023-08-04 15:00:08,情報,24
M.1718866377.A.0A9,2024-06-20 14:52:57,情報,24
M.1644217693.A.984,2022-02-07 15:08:13,情報,24
M.1530879708.A.A9C,2018-07-06 20:21:48,其他,24
M.1705474472.A.970,2024-01-17 14:54:32,情報,24
M.1675757945.A.E6C,2023-02-07 16:19:05,情報,24
M.1673424659.A.BB3,2023-01-11 16:10:59,情報,24
M.1719907576.A.06D,2024-07-02 16:06:16,情報,24
M.1675407471.A.59A,2023-02-03 14:57:51,情報,24
M.1644476544.A.96B,2022-02-10 15:02:24,情報,24
M.1719557828.A.C57,2024-06-28 14:57:08,情報,24
M.1719903312.A.918,2024-07-02 14:55:12,情報,24
M.1719816828.A.EB9,2024-07-01 14:53:48,情報,24
M.1719993998.A.399,2024-07-03 16:06:38,情報,24
M.1643098756.A.5CB,2022-01-25 16:19:16,情報,24
M.1718607231.A.CC5,2024-06-17 14:53:51,情報,24
M.1648542079.A.E50,2022-03-29 16:21:19,情報,24
M.1725609845.A.D05,2024-09-06 16:04:05,情報,24
M.1717570343.A.18E,2024-06-05 14:52:23,情報,24
M.1637563544.A.6E6,2021-11-22 14:45:44,情報,24
M.1730876445.A.4F0,2024-11-06 15:00:45,情報,24
M.1648709896.A.3D2,2022-03-31 14:58:16,情報,24
M.1729498256.A.76B,2024-10-21 16:10:56,情報,24
M.1630997724.A.DBB,2021-09-07 14:55:24,情報,24
M.1683529905.A.75F,2023-05-08 15:11:45,情報,24
M.1534342548.A.A32,2018-08-15 22:15:48,其他,24
M.1638168404.A.766,2021-11-29 14:46:44,情報,24
M.1641971196.A.E95,2022-01-12 15:06:36,情報,24
M.1642143840.A.DC7,2022-01-14 15:04:00,情報,24
M.1730790064.A.7EB,2024-11-05 15:01:04,情報,24
M.1725952154.A.F22,2024-09-10 15:09:14,情報,24
M.1734422726.A.4BB,2024-12-17 16:05:26,情報,24
M.1675234700.A.1F7,2023-02-01 14:58:20,情報,24
M.1724227505.A.62F,2024-08-21 16:05:05,情報,24
M.1713511847.A.909,2024-04-19 15:30:47,情報,24
M.1702364155.A.58E,2023-12-12 14:55:55,情報,24
M.1664175435.A.352,2022-09-26 14:57:15,情報,24
M.1664266416.A.4D4,2022-09-27 16:13:36,情報,24
M.1712736355.A.23A,2024-04-10 16:05:55,情報,24
M.1736841982.A.840,2025-01-14 16:06:22,情報,24
M.1702277603.A.076,2023-12-11 14:53:23,情報,24
M.1735541491.A.B77,2024-12-30 14:51:31,情報,24
M.1486042961.A.69C,2017-02-02 21:42:41,其他,24
M.1644909253.A.7CB,2022-02-15 15:14:13,情報,24
M.1701931945.A.DD5,2023-12-07 14:52:25,情報,24
M.1735195786.A.94C,2024-12-26 14:49:46,情報,24
M.1713250713.A.828,2024-04-16 14:58:33,情報,24
M.1696229867.A.9A8,2023-10-02 14:57:47,情報,24
M.1688368880.A.FEA,2023-07-03 15:21:20,情報,24
M.1728979981.A.E19,2024-10-15 16:13:01,情報,24
M.1731921703.A.A04,2024-11-18 17:21:43,情報,24
M.1723709167.A.E37,2024-08-15 16:06:07,情報,24
M.1660030346.A.B45,2022-08-09 15:32:26,情報,24
M.1706770881.A.E54,2024-02-01 15:01:21,情報,24
M.1723104353.A.984,2024-08-08 16:05:53,情報,24
M.1711609038.A.26C,2024-03-28 14:57:18,情報,24
M.1723531842.A.186,2024-08-13 14:50:42,情報,24
M.1680164276.A.CFC,2023-03-30 16:17:56,情報,24
M.1736405647.A.77B,2025-01-09 14:54:07,情報,24
M.1703487493.A.66E,2023-12-25 14:58:13,情報,24
M.1661410276.A.080,2022-08-25 14:51:16,情報,24
M.1736237091.A.88D,2025-01-07 16:04:51,情報,24
M.1463407682.A.CEC,2016-05-16 22:08:02,其他,24
M.1736232894.A.C1C,2025-01-07 14:54:54,情報,24
M.1712127141.A.193,2024-04-03 14:52:21,情報,24
M.1660892057.A.235,2022-08-19 14:54:17,情報,24
M.1571403674.A.A5A,2019-10-18 21:01:14,其他,24
M.1696316116.A.8C6,2023-10-03 14:55:16,情報,24
M.1528469136.A.9F1,2018-06-08 22:45:36,其他,24
M.1735642445.A.BAB,2024-12-31 18:54:05,新聞,24
M.1727766294.A.98D,2024-10-01 15:04:54,情報,24
M.1598171221.A.BF2,2020-08-23 16:27:01,其他,24
M.1696320566.A.0F5,2023-10-03 16:09:26,情報,24
M.1730275762.A.CF9,2024-10-30 16:09:22,情報,24
M.1696493258.A.13A,2023-10-05 16:07:38,情報,24
M.1731658643.A.261,2024-11-15 16:17:23,情報,24
M.1708499663.A.ECA,2024-02-21 15:14:23,情報,24
M.1692605184.A.ED8,2023-08-21 16:06:24,情報,24
M.1667285818.A.EFA,2022-11-01 14:56:58,情報,24
M.1706515569.A.043,2024-01-29 16:06:09,情報,24
M.1651215139.A.589,2022-04-29 14:52:19,情報,24
M.1724054693.A.EAD,2024-08-19 16:04:53,情報,24
M.1714723500.A.38F,2024-05-03 16:05:00,情報,24
M.1661930100.A.2C4,2022-08-31 15:15:00,情報,24
M.1732259696.A.100,2024-11-22 15:14:56,情報,24
M.1627973087.A.422,2021-08-03 14:44:47,情報,24
M.1701154539.A.9EC,2023-11-28 14:55:39,情報,24
M.1732263109.A.7E6,2024-11-22 16:11:49,情報,24
M.1690268056.A.BE1,2023-07-25 14:54:16,情報,24
M.1722408845.A.9DE,2024-07-31 14:54:05,情報,24
M.1724223254.A.86B,2024-08-21 14:54:14,情報,24
M.1709712400.A.51C,2024-03-06 16:06:40,情報,24
M.1652772004.A.619,2022-05-17 15:20:04,情報,24
M.1701245311.A.B64,2023-11-29 16:08:31,情報,24
M.1651042354.A.865,2022-04-27 14:52:34,情報,24
M.1696579696.A.B08,2023-10-06 16:08:16,情報,24
M.1723791207.A.DF3,2024-08-16 14:53:27,情報,24
M.1624431076.A.7F2,2021-06-23 14:51:16,情報,24
M.1650988787.A.DCE,2022-04-26 23:59:47,心得,24
M.1625554324.A.05D,2021-07-06 14:52:04,情報,24
M.1724309465.A.85E,2024-08-22 14:51:05,情報,23
M.1697789348.A.B69,2023-10-20 16:09:08,情報,23
M.1731398975.A.7D3,2024-11-12 16:09:35,情報,23
M.1731053654.A.315,2024-11-08 16:14:14,情報,23
M.1680077617.A.D2B,2023-03-29 16:13:37,情報,23
M.1695283713.A.09D,2023-09-21 16:08:33,情報,23
M.1528468350.A.73F,2018-06-08 22:32:30,其他,23
M.1675670944.A.0B7,2023-02-06 16:09:04,情報,23
M.1694501689.A.E25,2023-09-12 14:54:49,情報,23
M.1527772655.A.AB8,2018-05-31 21:17:35,其他,23
M.1706165646.A.698,2024-01-25 14:54:06,情報,23
M.1722586020.A.C9F,2024-08-02 16:07:00,情報,23
M.1721032112.A.A45,2024-07-15 16:28:32,情報,23
M.1683183685.A.850,2023-05-04 15:01:25,情報,23
M.1706861096.A.F66,2024-02-02 16:04:56,情報,23
M.1683269970.A.770,2023-05-05 14:59:30,情報,23
M.1679386571.A.A16,2023-03-21 16:16:11,情報,23
M.1722240363.A.B7A,2024-07-29 16:06:03,情報,23
M.1685693878.A.849,2023-06-02 16:17:58,情報,23
M.1722235979.A.00E,2024-07-29 14:52:59,情報,23
M.1720512405.A.242,2024-07-09 16:06:45,情報,23
M.1676275824.A.9DB,2023-02-13 16:10:24,情報,23
M.1526387881.A.262,2018-05-15 20:38:01,其他,23
M.1682579205.A.029,2023-04-27 15:06:45,情報,23
M.1696575078.A.8AD,2023-10-06 14:51:18,情報,23
M.1676016631.A.924,2023-02-10 16:10:31,情報,23
M.1486118828.A.918,2017-02-03 18:47:08,其他,23
M.1715151185.A.6A8,2024-05-08 14:53:05,情報,23
M.1719821216.A.5DC,2024-07-01 16:06:56,情報,23
M.1625813436.A.232,2021-07-09 14:50:36,情報,23
M.1704442342.A.F87,2024-01-05 16:12:22,情報,23
M.1709625898.A.C87,2024-03-05 16:04:58,情報,23
M.1705992662.A.82F,2024-01-23 14:51:02,情報,23
M.1704356086.A.C6E,2024-01-04 16:14:46,情報,23
M.1737010187.A.60F,2025-01-16 14:49:47,情報,23
M.1623221490.A.186,2021-06-09 14:51:30,情報,23
M.1623135209.A.763,2021-06-08 14:53:29,情報,23
M.1691741500.A.E79,2023-08-11 16:11:40,情報,23
M.1615615596.A.8E0,2021-03-13 14:06:36,其他,23
M.1736924263.A.F43,2025-01-15 14:57:43,情報,23
M.1728889565.A.53A,2024-10-14 15:06:05,情報,23
M.1728634331.A.57E,2024-10-11 16:12:11,情報,23
M.1728461616.A.692,2024-10-09 16:13:36,情報,23
M.1728376144.A.754,2024-10-08 16:29:04,情報,23
M.1710831808.A.21E,2024-03-19 15:03:28,情報,23
M.1580383252.A.E57,2020-01-30 19:20:52,其他,23
M.1728372353.A.642,2024-10-08 15:25:53,情報,23
M.1728284812.A.FAE,2024-10-07 15:06:52,情報,23
M.1736410107.A.8FB,2025-01-09 16:08:27,情報,23
M.1689058467.A.9FA,2023-07-11 14:54:27,情報,23
M.1688972628.A.B02,2023-07-10 15:03:48,情報,23
M.1711696031.A.C3F,2024-03-29 15:07:11,情報,23
M.1663138665.A.AE9,2022-09-14 14:57:45,情報,23
M.1711699669.A.E0D,2024-03-29 16:07:49,情報,23
M.1735636855.A.F3A,2024-12-31 17:20:55,情報,23
M.1528807321.A.F35,2018-06-12 20:42:01,其他,23
M.1712563654.A.F41,2024-04-08 16:07:34,情報,23
M.1625727096.A.364,2021-07-08 14:51:36,情報,23
M.1730103045.A.4F8,2024-10-28 16:10:45,情報,23
M.1688541186.A.5A2,2023-07-05 15:13:06,情報,23
M.1690272785.A.131,2023-07-25 16:13:05,情報,23
M.1705565187.A.9F0,2024-01-18 16:06:27,情報,23
M.1705910703.A.A1A,2024-01-22 16:05:03,情報,23
M.1705479617.A.CD8,2024-01-17 16:20:17,情報,23
M.1708671608.A.F71,2024-02-23 15:00:08,情報,23
M.1705392638.A.58E,2024-01-16 16:10:38,情報,23
M.1646203930.A.51D,2022-03-02 14:52:10,情報,23
M.1708934825.A.155,2024-02-26 16:07:05,情報,23
M.1646377955.A.BB9,2022-03-04 15:12:35,情報,23
M.1646636365.A.1AC,2022-03-07 14:59:25,情報,23
M.1646981834.A.DF2,2022-03-11 14:57:14,情報,23
M.1648451363.A.F77,2022-03-28 15:09:23,情報,23
M.1637913545.A.004,2021-11-26 15:59:05,情報,23
M.1705301663.A.B86,2024-01-15 14:54:23,情報,23
M.1649319999.A.6DD,2022-04-07 16:26:39,情報,23
M.1635317147.A.272,2021-10-27 14:45:47,情報,23
M.1691651730.A.659,2023-08-10 15:15:30,情報,23
M.1737127438.A.DAE,2025-01-17 23:23:58,新聞,23
M.1633589218.A.67C,2021-10-07 14:46:58,情報,23
M.1633502813.A.2DE,2021-10-06 14:46:53,情報,23
M.1729066300.A.6A7,2024-10-16 16:11:40,情報,23
M.1632379772.A.C69,2021-09-23 14:49:32,情報,23
M.1631256891.A.CC8,2021-09-10 14:54:51,情報,23
M.1630565269.A.F3C,2021-09-02 14:47:49,情報,23
M.1629960871.A.6B7,2021-08-26 14:54:31,情報,23
M.1704701679.A.EC5,2024-01-08 16:14:39,情報,23
M.1627628574.A.624,2021-07-30 15:02:54,情報,23
M.1627281867.A.80E,2021-07-26 14:44:27,情報,23
M.1707984384.A.E00,2024-02-15 16:06:24,情報,23
M.1712131667.A.989,2024-04-03 16:07:47,情報,23
M.1716969959.A.F42,2024-05-29 16:05:59,情報,23
M.1730444667.A.BE8,2024-11-01 15:04:27,情報,23
M.1734331913.A.61C,2024-12-16 14:51:53,情報,23
M.1699862853.A.AF5,2023-11-13 16:07:33,情報,23
M.1701759282.A.60C,2023-12-05 14:54:42,情報,23
M.1536585702.A.3CB,2018-09-10 21:21:42,其他,23
M.1670396240.A.7C3,2022-12-07 14:57:20,情報,23
M.1670487182.A.177,2022-12-08 16:13:02,情報,23
M.1535113208.A.565,2018-08-24 20:20:08,其他,23
M.1534864635.A.89A,2018-08-21 23:17:15,其他,23
M.1717656742.A.9AD,2024-06-06 14:52:22,情報,23
M.1730448693.A.2C9,2024-11-01 16:11:33,情報,23
M.1718089812.A.6A1,2024-06-11 15:10:12,情報,23
M.1718175122.A.C3B,2024-06-12 14:52:02,情報,23
M.1706601898.A.8EC,2024-01-30 16:04:58,情報,23
M.1718697936.A.4D9,2024-06-18 16:05:36,情報,23
M.1693382775.A.175,2023-08-30 16:06:15,情報,23
M.1531831374.A.478,2018-07-17 20:42:54,其他,23
M.1531748788.A.A96,2018-07-16 21:46:28,其他,23
M.1531401554.A.35C,2018-07-12 21:19:14,其他,23
M.1686121165.A.58C,2023-06-07 14:59:25,情報,23
M.1726043514.A.E3F,2024-09-11 16:31:54,情報,23
M.1698218095.A.0A5,2023-10-25 15:14:55,情報,23
M.1530533895.A.0CE,2018-07-02 20:18:15,其他,23
M.1719216388.A.502,2024-06-24 16:06:28,情報,23
M.1719385056.A.1A9,2024-06-26 14:57:36,情報,23
M.1529584854.A.710,2018-06-21 20:40:54,其他,23
M.1733123112.A.A76,2024-12-02 15:05:12,情報,23
M.1732867780.A.256,2024-11-29 16:09:40,情報,23
M.1539788090.A.31D,2018-10-17 22:54:50,其他,23
M.1694760619.A.228,2023-09-15 14:50:19,情報,23
M.1715929284.A.2C2,2024-05-17 15:01:24,情報,23
M.1542286102.A.532,2018-11-15 20:48:22,其他,23
M.1692346046.A.E0B,2023-08-18 16:07:26,情報,23
M.1687935231.A.F92,2023-06-28 14:53:51,情報,23
M.1735023220.A.61F,2024-12-24 14:53:40,情報,23
M.1707120349.A.224,2024-02-05 16:05:49,情報,23
M.1687849018.A.3B1,2023-06-27 14:56:58,情報,23
M.1715064735.A.269,2024-05-07 14:52:15,情報,23
M.1700727005.A.57E,2023-11-23 16:10:05,情報,23
M.1713855062.A.24B,2024-04-23 14:51:02,情報,23
M.1487769504.A.71D,2017-02-22 21:18:24,其他,23
M.1701327341.A.2ED,2023-11-30 14:55:41,情報,23
M.1715670039.A.2C6,2024-05-14 15:00:39,情報,23
M.1735114252.A.233,2024-12-25 16:10:52,情報,23
M.1734938924.A.39D,2024-12-23 15:28:44,情報,23
M.1666335419.A.53D,2022-10-21 14:56:59,情報,23
M.1727683877.A.55D,2024-09-30 16:11:17,情報,22
M.1693984418.A.61C,2023-09-06 15:13:38,情報,22
M.1685002195.A.366,2023-05-25 16:09:55,情報,22
M.1686034964.A.FC3,2023-06-06 15:02:44,情報,22
M.1727334406.A.664,2024-09-26 15:06:46,情報,22
M.1727338313.A.AD9,2024-09-26 16:11:53,情報,22
M.1688717463.A.D05,2023-07-07 16:11:03,情報,22
M.1706256322.A.354,2024-01-26 16:05:22,情報,22
M.1487689424.A.F24,2017-02-21 23:03:44,其他,22
M.1726125063.A.9F5,2024-09-12 15:11:03,情報,22
M.1690872954.A.7FA,2023-08-01 14:55:54,情報,22
M.1690786828.A.BBC,2023-07-31 15:00:28,情報,22
M.1726647170.A.5F9,2024-09-18 16:12:50,情報,22
M.1725350748.A.41E,2024-09-03 16:05:48,情報,22
M.1726128955.A.AF0,2024-09-12 16:15:55,情報,22
M.1690440744.A.697,2023-07-27 14:52:24,情報,22
M.1693901116.A.66E,2023-09-05 16:05:16,情報,22
M.1726215083.A.A60,2024-09-13 16:11:23,情報,22
M.1461079466.A.415,2016-04-19 23:24:26,其他,22
M.1685434180.A.62B,2023-05-30 16:09:40,情報,22
M.1692691595.A.72C,2023-08-22 16:06:35,情報,22
M.1692946754.A.6FE,2023-08-25 14:59:14,情報,22
M.1468596490.A.E9C,2016-07-15 23:28:10,其他,22
M.1692170478.A.07A,2023-08-16 15:21:18,情報,22
M.1535461907.A.022,2018-08-28 21:11:47,其他,22
M.1683879102.A.A16,2023-05-12 16:11:42,情報,22
M.1707980442.A.AB8,2024-02-15 15:00:42,情報,22
M.1585144851.A.444,2020-03-25 22:00:51,新聞,22
M.1432567869.A.36D,2015-05-25 23:31:09,其他,22
M.1661843183.A.902,2022-08-30 15:06:23,情報,22
M.1711008898.A.482,2024-03-21 16:14:58,情報,22
M.1736496331.A.491,2025-01-10 16:05:31,情報,22
M.1711614101.A.C65,2024-03-28 16:21:41,情報,22
M.1702627896.A.0BE,2023-12-15 16:11:36,情報,22
M.1702541398.A.F52,2023-12-14 16:09:58,情報,22
M.1712045175.A.D38,2024-04-02 16:06:15,情報,22
M.1708326362.A.36A,2024-02-19 15:06:02,情報,22
M.1712904764.A.FF7,2024-04-12 14:52:44,情報,22
M.1710312959.A.4D7,2024-03-13 14:55:59,情報,22
M.1560776433.A.8F8,2019-06-17 21:00:33,其他,22
M.1701845467.A.BBF,2023-12-06 14:51:07,情報,22
M.1436010305.A.180,2015-07-04 19:45:05,標的,22
M.1714027897.A.473,2024-04-25 14:51:37,情報,22
M.1666189865.A.AE9,2022-10-19 22:31:05,新聞,22
M.1701240763.A.4A4,2023-11-29 14:52:43,情報,22
M.1436616728.A.EF7,2015-07-11 20:12:08,標的,22
M.1543926748.A.FEC,2018-12-04 20:32:28,其他,22
M.1488898843.A.385,2017-03-07 23:00:43,其他,22
M.1715583606.A.512,2024-05-13 15:00:06,情報,22
M.1703659983.A.C89,2023-12-27 14:53:03,情報,22
M.1736755586.A.BFD,2025-01-13 16:06:26,情報,22
M.1539871010.A.ECE,2018-10-18 21:56:50,其他,22
M.1632812067.A.F45,2021-09-28 14:54:27,情報,22
M.1645512912.A.04D,2022-02-22 14:55:12,情報,22
M.1708675560.A.770,2024-02-23 16:06:00,情報,22
M.1708589077.A.24A,2024-02-22 16:04:37,情報,22
M.1646897518.A.A61,2022-03-10 15:31:58,情報,22
M.1705047096.A.F28,2024-01-12 16:11:36,情報,22
M.1649660312.A.989,2022-04-11 14:58:32,情報,22
M.1708585159.A.717,2024-02-22 14:59:19,情報,22
M.1634548855.A.D7A,2021-10-18 17:20:55,情報,22
M.1633330017.A.202,2021-10-04 14:46:57,情報,22
M.1708502773.A.64C,2024-02-21 16:06:13,情報,22
M.1709535933.A.4AD,2024-03-04 15:05:33,情報,22
M.1710140571.A.3CA,2024-03-11 15:02:51,情報,22
M.1626936379.A.A21,2021-07-22 14:46:19,情報,22
M.1626850092.A.571,2021-07-21 14:48:12,情報,22
M.1626763573.A.EB5,2021-07-20 14:46:13,情報,22
M.1709539511.A.FD2,2024-03-04 16:05:11,情報,22
M.1623826311.A.4CF,2021-06-16 14:51:51,情報,22
M.1622444372.A.038,2021-05-31 14:59:32,情報,22
M.1736928401.A.485,2025-01-15 16:06:41,情報,22
M.1431958819.A.FE4,2015-05-18 22:20:19,其他,22
M.1432046950.A.0C6,2015-05-19 22:49:10,其他,22
M.1659687042.A.DA6,2022-08-05 16:10:42,情報,22
M.1539951083.A.DCA,2018-10-19 20:11:23,其他,22
M.1700640654.A.464,2023-11-22 16:10:54,情報,22
M.1669186633.A.9D5,2022-11-23 14:57:13,情報,22
M.1723099819.A.6FB,2024-08-08 14:50:19,情報,22
M.1531140444.A.38F,2018-07-09 20:47:24,其他,22
M.1502456453.A.F5F,2017-08-11 21:00:53,其他,22
M.1680250209.A.22F,2023-03-31 16:10:09,情報,22
M.1443626724.A.349,2015-09-30 23:25:24,其他,22
M.1723186552.A.A99,2024-08-09 14:55:52,情報,22
M.1444663713.A.47E,2015-10-12 23:28:33,其他,22
M.1696402441.A.0DB,2023-10-04 14:54:01,情報,22
M.1517230546.A.280,2018-01-29 20:55:46,其他,22
M.1697526003.A.426,2023-10-17 15:00:03,情報,22
M.1722413165.A.4FD,2024-07-31 16:06:05,情報,22
M.1732172308.A.5A5,2024-11-21 14:58:28,情報,22
M.1526474123.A.6E6,2018-05-16 20:35:23,其他,22
M.1525963938.A.7A9,2018-05-10 22:52:18,其他,22
M.1678695520.A.FE4,2023-03-13 16:18:40,情報,22
M.1447773147.A.678,2015-11-17 23:12:27,其他,22
M.1718347928.A.9DC,2024-06-14 14:52:08,情報,22
M.1721635708.A.0E4,2024-07-22 16:08:28,情報,22
M.1733899800.A.FC5,2024-12-11 14:50:00,情報,22
M.1533905477.A.2A1,2018-08-10 20:51:17,其他,22
M.1725259792.A.332,2024-09-02 14:49:52,情報,22
M.1695024343.A.660,2023-09-18 16:05:43,情報,22
M.1490005745.A.046,2017-03-20 18:29:05,其他,22
M.1698826011.A.FDE,2023-11-01 16:06:51,情報,22
M.1489498988.A.5F2,2017-03-14 21:43:08,其他,22
M.1448032267.A.8DA,2015-11-20 23:11:07,其他,22
M.1698735215.A.521,2023-10-31 14:53:35,情報,22
M.1489154274.A.E83,2017-03-10 21:57:54,其他,22
M.1536067425.A.256,2018-09-04 21:23:45,其他,22
M.1694674553.A.501,2023-09-14 14:55:53,情報,21
M.1704264899.A.C3D,2024-01-03 14:54:59,情報,21
M.1731571880.A.6A0,2024-11-14 16:11:20,情報,21
M.1705306268.A.939,2024-01-15 16:11:08,情報,21
M.1449497209.A.43D,2015-12-07 22:06:49,其他,21
M.1695365523.A.AAF,2023-09-22 14:52:03,情報,21
M.1695798138.A.2CB,2023-09-27 15:02:18,情報,21
M.1695624742.A.2A9,2023-09-25 14:52:22,情報,21
M.1691568738.A.A25,2023-08-09 16:12:18,情報,21
M.1692083562.A.CF5,2023-08-15 15:12:42,情報,21
M.1697094231.A.36B,2023-10-12 15:03:51,情報,21
M.1435677767.A.238,2015-06-30 23:22:47,其他,21
M.1700549631.A.643,2023-11-21 14:53:51,情報,21
M.1692773703.A.855,2023-08-23 14:55:03,情報,21
M.1441033250.A.B82,2015-08-31 23:00:50,其他,21
M.1700554146.A.A1D,2023-11-21 16:09:06,情報,21
M.1693207191.A.34F,2023-08-28 15:19:51,情報,21
M.1436194793.A.2E4,2015-07-06 22:59:53,其他,21
M.1441294250.A.242,2015-09-03 23:30:50,其他,21
M.1698998918.A.FC6,2023-11-03 16:08:38,情報,21
M.1693292014.A.B6A,2023-08-29 14:53:34,情報,21
M.1735112490.A.727,2024-12-25 15:41:30,情報,21
M.1698653260.A.D98,2023-10-30 16:07:40,情報,21
M.1703573795.A.FCF,2023-12-26 14:56:35,情報,21
M.1434553331.A.B80,2015-06-17 23:02:11,其他,21
M.1698389466.A.63C,2023-10-27 14:51:06,情報,21
M.1733208597.A.A11,2024-12-03 14:49:57,情報,21
M.1736150704.A.EE7,2025-01-06 16:05:04,情報,21
M.1442416665.A.3E1,2015-09-16 23:17:45,其他,21
M.1432825516.A.5B5,2015-05-28 23:05:16,其他,21
M.1730708041.A.F10,2024-11-04 16:14:01,情報,21
M.1444835424.A.07D,2015-10-14 23:10:24,其他,21
M.1692778007.A.7FF,2023-08-23 16:06:47,情報,21
M.1445266252.A.AD0,2015-10-19 22:50:52,其他,21
M.1691478986.A.012,2023-08-08 15:16:26,情報,21
M.1644995054.A.B5A,2022-02-16 15:04:14,情報,21
M.1534253592.A.FA1,2018-08-14 21:33:12,其他,21
M.1531309006.A.28A,2018-07-11 19:36:46,其他,21
M.1666853706.A.516,2022-10-27 14:55:06,情報,21
M.1543418404.A.AE5,2018-11-28 23:20:04,其他,21
M.1543328030.A.36E,2018-11-27 22:13:50,其他,21
M.1542892590.A.12E,2018-11-22 21:16:30,其他,21
M.1539608893.A.5FB,2018-10-15 21:08:13,其他,21
M.1716533607.A.591,2024-05-24 14:53:27,情報,21
M.1538400884.A.AAB,2018-10-01 21:34:44,其他,21
M.1717056397.A.747,2024-05-30 16:06:37,情報,21
M.1536929148.A.6A7,2018-09-14 20:45:48,其他,21
M.1717574887.A.5B1,2024-06-05 16:08:07,情報,21
M.1535374928.A.9F2,2018-08-27 21:02:08,其他,21
M.1534945601.A.77C,2018-08-22 21:46:41,其他,21
M.1457967624.A.F18,2016-03-14 23:00:24,其他,21
M.1717743232.A.50C,2024-06-07 14:53:52,情報,21
M.1530883691.A.5E9,2018-07-06 21:28:11,其他,21
M.1724136674.A.C0B,2024-08-20 14:51:14,情報,21
M.1530710655.A.4D0,2018-07-04 21:24:15,其他,21
M.1529499579.A.9F6,2018-06-20 20:59:39,其他,21
M.1528980984.A.A6E,2018-06-14 20:56:24,其他,21
M.1527854902.A.DD2,2018-06-01 20:08:22,其他,21
M.1527511697.A.C71,2018-05-28 20:48:17,其他,21
M.1527078277.A.559,2018-05-23 20:24:37,其他,21
M.1526991075.A.54C,2018-05-22 20:11:15,其他,21
M.1720162504.A.697,2024-07-05 14:55:04,情報,21
M.1525101143.A.71F,2018-04-30 23:12:23,其他,21
M.1721977032.A.D6D,2024-07-26 14:57:12,情報,21
M.1706774804.A.387,2024-02-01 16:06:44,情報,21
M.1513087060.A.DDB,2017-12-12 21:57:40,其他,21
M.1502354229.A.082,2017-08-10 16:37:09,其他,21
M.1501246044.A.F0B,2017-07-28 20:47:24,其他,21
M.1714633130.A.A28,2024-05-02 14:58:50,情報,21
M.1666680805.A.05F,2022-10-25 14:53:25,情報,21
M.1666599099.A.48B,2022-10-24 16:11:39,情報,21
M.1550846817.A.304,2019-02-22 22:46:57,其他,21
M.1637736494.A.FEE,2021-11-24 14:48:14,情報,21
M.1637305174.A.3CB,2021-11-19 14:59:34,情報,21
M.1649686528.A.548,2022-04-11 22:15:28,心得,21
M.1709708365.A.573,2024-03-06 14:59:25,情報,21
M.1623919329.A.3BA,2021-06-17 16:42:09,情報,21
M.1709794827.A.DE7,2024-03-07 15:00:27,情報,21
M.1617265902.A.C20,2021-04-01 16:31:42,其他,21
M.1658818531.A.37D,2022-07-26 14:55:31,情報,21
M.1612435358.A.5FF,2021-02-04 18:42:38,其他,21
M.1659423265.A.73B,2022-08-02 14:54:25,情報,21
M.1606577224.A.916,2020-11-28 23:27:04,公告,21
M.1708412157.A.AEA,2024-02-20 14:55:57,情報,21
M.1592576348.A.E62,2020-06-19 22:19:08,其他,21
M.1661239485.A.E63,2022-08-23 15:24:45,情報,21
M.1710745281.A.AE3,2024-03-18 15:01:21,情報,21
M.1661496975.A.F01,2022-08-26 14:56:15,情報,21
M.1577106223.A.FB5,2019-12-23 21:03:43,其他,21
M.1711436634.A.FF3,2024-03-26 15:03:54,情報,21
M.1663052196.A.C28,2022-09-13 14:56:36,情報,21
M.1712040955.A.3EF,2024-04-02 14:55:55,情報,21
M.1663916191.A.0C7,2022-09-23 14:56:31,情報,21
M.1712731803.A.8B1,2024-04-10 14:50:03,情報,21
M.1563197147.A.DF8,2019-07-15 21:25:47,其他,21
M.1664434498.A.6D0,2022-09-29 14:54:58,情報,21
M.1561125570.A.8E3,2019-06-21 21:59:30,其他,21
M.1558964475.A.D81,2019-05-27 21:41:15,其他,21
M.1558526005.A.C28,2019-05-22 19:53:25,其他,21
M.1713336878.A.908,2024-04-17 14:54:38,情報,21
M.1665645524.A.B10,2022-10-13 15:18:44,情報,21
M.1498747886.A.433,2017-06-29 22:51:26,其他,21
M.1705647377.A.2FD,2024-01-19 14:56:17,情報,21
M.1725869713.A.3DA,2024-09-09 16:15:13,情報,21
M.1727085619.A.758,2024-09-23 18:00:19,情報,21
M.1690198332.A.879,2023-07-24 19:32:12,情報,21
M.1487941799.A.67E,2017-02-24 21:09:59,其他,21
M.1460647442.A.60F,2016-04-14 23:24:02,其他,21
M.1728975932.A.E5E,2024-10-15 15:05:32,情報,21
M.1684220521.A.642,2023-05-16 15:02:01,情報,21
M.1486738714.A.30E,2017-02-10 22:58:34,其他,21
M.1726815632.A.58F,2024-09-20 15:00:32,情報,21
M.1489140370.A.5EE,2017-03-10 18:06:10,請益,21
M.1469804124.A.E57,2016-07-29 22:55:24,其他,21
M.1480690965.A.091,2016-12-02 23:02:45,其他,21
M.1726642790.A.234,2024-09-18 14:59:50,情報,21
M.1479135594.A.3FC,2016-11-14 22:59:54,其他,21
M.1725866763.A.1EC,2024-09-09 15:26:03,情報,21
M.1476371461.A.715,2016-10-13 23:11:01,其他,21
M.1489061075.A.CC8,2017-03-09 20:04:35,其他,21
M.1476976442.A.B68,2016-10-20 23:14:02,其他,21
M.1729239009.A.81F,2024-10-18 16:10:09,情報,21
M.1724918692.A.DAC,2024-08-29 16:04:52,情報,21
M.1724832584.A.1DA,2024-08-28 16:09:44,情報,21
M.1724655120.A.E14,2024-08-26 14:52:00,情報,21
M.1633675651.A.5A0,2021-10-08 14:47:31,情報,20
M.1708070705.A.371,2024-02-16 16:05:05,情報,20
M.1708930836.A.43A,2024-02-26 15:00:36,情報,20
M.1735200378.A.A92,2024-12-26 16:06:18,情報,20
M.1664780300.A.5CA,2022-10-03 14:58:20,情報,20
M.1645599312.A.F73,2022-02-23 14:55:12,情報,20
M.1566917644.A.064,2019-08-27 22:54:04,其他,20
M.1469459921.A.EB4,2016-07-25 23:18:41,其他,20
M.1571230867.A.AFF,2019-10-16 21:01:07,其他,20
M.1571747874.A.EC1,2019-10-22 20:37:54,其他,20
M.1643180445.A.9B8,2022-01-26 15:00:45,情報,20
M.1662965694.A.5AD,2022-09-12 14:54:54,情報,20
M.1662620070.A.6FC,2022-09-08 14:54:30,情報,20
M.1644390205.A.C19,2022-02-09 15:03:25,情報,20
M.1664866773.A.77A,2022-10-04 14:59:33,情報,20
M.1662360827.A.4AB,2022-09-05 14:53:47,情報,20
M.1726470465.A.97B,2024-09-16 15:07:45,情報,20
M.1435677208.A.E35,2015-06-30 23:13:28,其他,20
M.1558614180.A.60D,2019-05-23 20:23:00,其他,20
M.1726470457.A.E54,2024-09-16 15:07:37,情報,20
M.1665471353.A.263,2022-10-11 14:55:53,情報,20
M.1726210680.A.39D,2024-09-13 14:58:00,情報,20
M.1713440766.A.5BA,2024-04-18 19:46:06,情報,20
M.1473262349.A.D38,2016-09-07 23:32:29,其他,20
M.1553175015.A.824,2019-03-21 21:30:15,其他,20
M.1737446677.A.7C9,2025-01-21 16:04:37,情報,20
M.1546013473.A.76C,2018-12-29 00:11:13,其他,20
M.1545916677.A.B25,2018-12-27 21:17:57,其他,20
M.1644390218.A.44E,2022-02-09 15:03:38,情報,20
M.1433344585.A.363,2015-06-03 23:16:25,其他,20
M.1706252485.A.F0F,2024-01-26 15:01:25,情報,20
M.1632984442.A.EE6,2021-09-30 14:47:22,情報,20
M.1689144926.A.7A5,2023-07-12 14:55:26,情報,20
M.1729152643.A.990,2024-10-17 16:10:43,情報,20
M.1704788013.A.25C,2024-01-09 16:13:33,情報,20
M.1629874679.A.FEE,2021-08-25 14:57:59,情報,20
M.1651128701.A.8BB,2022-04-28 14:51:41,情報,20
M.1627368404.A.B70,2021-07-27 14:46:44,情報,20
M.1709622443.A.5A2,2024-03-05 15:07:23,情報,20
M.1737442199.A.9AA,2025-01-21 14:49:59,情報,20
M.1653461149.A.729,2022-05-25 14:45:49,情報,20
M.1705042461.A.382,2024-01-12 14:54:21,情報,20
M.1456241459.A.684,2016-02-23 23:30:59,其他,20
M.1689317860.A.CEA,2023-07-14 14:57:40,情報,20
M.1463755156.A.005,2016-05-20 22:39:16,其他,20
M.1637822818.A.DB3,2021-11-25 14:46:58,情報,20
M.1466004482.A.259,2016-06-15 23:28:02,其他,20
M.1662101854.A.D70,2022-09-02 14:57:34,情報,20
M.1611308616.A.3C8,2021-01-22 17:43:36,其他,20
M.1466608264.A.DCC,2016-06-22 23:11:04,其他,20
M.1688112819.A.611,2023-06-30 16:13:39,情報,20
M.1710226843.A.E93,2024-03-12 15:00:43,情報,20
M.1692342255.A.FEA,2023-08-18 15:04:15,情報,20
M.1436369306.A.05C,2015-07-08 23:28:26,其他,20
M.1585212237.A.D17,2020-03-26 16:43:57,其他,20
M.1692601202.A.451,2023-08-21 15:00:02,情報,20
M.1711090874.A.57E,2024-03-22 15:01:14,情報,20
M.1727085831.A.37C,2024-09-23 18:03:51,情報,20
M.1432824327.A.E74,2015-05-28 22:45:27,其他,20
M.1646118467.A.E9F,2022-03-01 15:07:47,情報,20
M.1711176953.A.E98,2024-03-23 14:55:53,標的,20
M.1432221595.A.4DF,2015-05-21 23:19:55,其他,20
M.1495547327.A.94C,2017-05-23 21:48:47,其他,20
M.1691392191.A.1C5,2023-08-07 15:09:51,情報,20
M.1694588038.A.D1F,2023-09-13 14:53:58,情報,20
M.1534511597.A.FBF,2018-08-17 21:13:17,其他,20
M.1486043320.A.829,2017-02-02 21:48:40,其他,20
M.1441811752.A.D24,2015-09-09 23:15:52,其他,20
M.1533650893.A.CF5,2018-08-07 22:08:13,其他,20
M.1533137079.A.C06,2018-08-01 23:24:39,其他,20
M.1495459277.A.D4D,2017-05-22 21:21:17,其他,20
M.1441897330.A.58D,2015-09-10 23:02:10,其他,20
M.1718693535.A.4E3,2024-06-18 14:52:15,情報,20
M.1514552318.A.4EC,2017-12-29 20:58:38,其他,20
M.1532008078.A.790,2018-07-19 21:47:58,其他,20
M.1733213129.A.36D,2024-12-03 16:05:29,情報,20
M.1516629035.A.783,2018-01-22 21:50:35,其他,20
M.1721981295.A.E19,2024-07-26 16:08:15,情報,20
M.1450098762.A.C3F,2015-12-14 21:12:42,其他,20
M.1487602802.A.ADC,2017-02-20 23:00:02,其他,20
M.1517410605.A.37B,2018-01-31 22:56:45,其他,20
M.1529226764.A.D40,2018-06-17 17:12:44,標的,20
M.1528983564.A.E7F,2018-06-14 21:39:24,其他,20
M.1528201377.A.418,2018-06-05 20:22:57,其他,20
M.1487768828.A.8AC,2017-02-22 21:07:08,其他,20
M.1675927689.A.5A6,2023-02-09 15:28:09,情報,20
M.1676012123.A.95F,2023-02-10 14:55:23,情報,20
M.1488463571.A.A93,2017-03-02 22:06:11,其他,20
M.1732605219.A.263,2024-11-26 15:13:39,情報,20
M.1731481417.A.17E,2024-11-13 15:03:37,情報,20
M.1526649215.A.496,2018-05-18 21:13:35,其他,20
M.1526561998.A.921,2018-05-17 20:59:58,其他,20
M.1720421603.A.ECC,2024-07-08 14:53:23,情報,20
M.1445353687.A.432,2015-10-20 23:08:07,其他,20
M.1522414359.A.DD4,2018-03-30 20:52:39,其他,20
M.1698912424.A.8AE,2023-11-02 16:07:04,情報,20
M.1534770060.A.5F9,2018-08-20 21:01:00,其他,20
M.1724914365.A.795,2024-08-29 14:52:45,情報,20
M.1490005702.A.EDA,2017-03-20 18:28:22,其他,20
M.1543580995.A.136,2018-11-30 20:29:55,其他,20
M.1730794124.A.C87,2024-11-05 16:08:44,情報,20
M.1497448564.A.DC5,2017-06-14 21:56:04,其他,20
M.1447077424.A.018,2015-11-09 21:57:04,其他,20
M.1542372385.A.2AB,2018-11-16 20:46:25,其他,20
M.1541595265.A.DFB,2018-11-07 20:54:25,其他,20
M.1490367262.A.8E1,2017-03-24 22:54:22,其他,20
M.1700463223.A.425,2023-11-20 14:53:43,情報,20
M.1540905141.A.596,2018-10-30 21:12:21,其他,20
M.1715934035.A.891,2024-05-17 16:20:35,情報,20
M.1695883989.A.0BC,2023-09-28 14:53:09,情報,20
M.1539873249.A.461,2018-10-18 22:34:09,其他,20
M.1539781795.A.E9A,2018-10-17 21:09:55,其他,20
M.1723704853.A.BBE,2024-08-15 14:54:13,情報,20
M.1538401715.A.1B3,2018-10-01 21:48:35,其他,20
M.1482246070.A.0EC,2016-12-20 23:01:10,其他,20
M.1538146113.A.26A,2018-09-28 22:48:33,其他,20
M.1537884100.A.087,2018-09-25 22:01:40,其他,20
M.1482246259.A.82D,2016-12-20 23:04:19,其他,20
M.1504620071.A.419,2017-09-05 22:01:11,其他,20
M.1506425163.A.DB3,2017-09-26 19:26:03,其他,20
M.1725437299.A.FC2,2024-09-04 16:08:19,情報,20
M.1536844986.A.41B,2018-09-13 21:23:06,其他,20
M.1536763574.A.5C4,2018-09-12 22:46:14,其他,20
M.1486005515.A.CE9,2017-02-02 11:18:35,新聞,20
M.1535548002.A.EDD,2018-08-29 21:06:42,其他,20
M.1699258283.A.6F5,2023-11-06 16:11:23,情報,20
M.1706169953.A.5E2,2024-01-25 16:05:53,情報,20
M.1450705599.A.DCA,2015-12-21 21:46:39,其他,20
M.1522330639.A.061,2018-03-29 21:37:19,其他,20
M.1726038102.A.D68,2024-09-11 15:01:42,情報,19
M.1725346627.A.314,2024-09-03 14:57:07,情報,19
M.1727252113.A.185,2024-09-25 16:15:13,情報,19
M.1727165288.A.015,2024-09-24 16:08:08,情報,19
M.1711522596.A.808,2024-03-27 14:56:36,情報,19
M.1706079369.A.B07,2024-01-24 14:56:09,情報,19
M.1726733282.A.3A7,2024-09-19 16:08:02,情報,19
M.1726729395.A.680,2024-09-19 15:03:15,情報,19
M.1716447239.A.90B,2024-05-23 14:53:59,情報,19
M.1734427450.A.959,2024-12-17 17:24:10,情報,19
M.1715842940.A.238,2024-05-16 15:02:20,情報,19
M.1730880584.A.8C4,2024-11-06 16:09:44,情報,19
M.1706598085.A.5D3,2024-01-30 15:01:25,情報,19
M.1711004229.A.6E4,2024-03-21 14:57:09,情報,19
M.1737533113.A.D72,2025-01-22 16:05:13,情報,19
M.1705651485.A.F5A,2024-01-19 16:04:45,情報,19
M.1537276329.A.4E3,2018-09-18 21:12:09,其他,19
M.1540993387.A.CB1,2018-10-31 21:43:07,其他,19
M.1540903311.A.ACF,2018-10-30 20:41:51,其他,19
M.1450877317.A.7E4,2015-12-23 21:28:37,其他,19
M.1538668419.A.D0A,2018-10-04 23:53:39,其他,19
M.1538571925.A.878,2018-10-03 21:05:25,其他,19
M.1538149161.A.D8B,2018-09-28 23:39:21,其他,19
M.1537362070.A.177,2018-09-19 21:01:10,其他,19
M.1536327514.A.712,2018-09-07 21:38:34,其他,19
M.1450452306.A.4FD,2015-12-18 23:25:06,其他,19
M.1536241011.A.7FA,2018-09-06 21:36:51,其他,19
M.1536067097.A.C51,2018-09-04 21:18:17,其他,19
M.1535720057.A.22E,2018-08-31 20:54:17,其他,19
M.1458831574.A.D5A,2016-03-24 22:59:34,其他,19
M.1533563462.A.2E8,2018-08-06 21:51:02,其他,19
M.1533043531.A.231,2018-07-31 21:25:31,其他,19
M.1532957286.A.B6C,2018-07-30 21:28:06,其他,19
M.1450706920.A.EE7,2015-12-21 22:08:40,其他,19
M.1489057329.A.A79,2017-03-09 19:02:09,其他,19
M.1573822840.A.5EB,2019-11-15 21:00:40,其他,19
M.1439475003.A.E9A,2015-08-13 22:10:03,其他,19
M.1572525027.A.8EF,2019-10-31 20:30:27,其他,19
M.1436800514.A.326,2015-07-13 23:15:14,其他,19
M.1566485843.A.78C,2019-08-22 22:57:23,其他,19
M.1566219656.A.F99,2019-08-19 21:00:56,其他,19
M.1437404958.A.AD0,2015-07-20 23:09:18,其他,19
M.1438782030.A.608,2015-08-05 21:40:30,其他,19
M.1439474761.A.FCC,2015-08-13 22:06:01,其他,19
M.1441380248.A.0F7,2015-09-04 23:24:08,其他,19
M.1447845365.A.853,2015-11-18 19:16:05,其他,19
M.1552401348.A.6C4,2019-03-12 22:35:48,其他,19
M.1444225925.A.75D,2015-10-07 21:52:05,其他,19
M.1549889690.A.EB8,2019-02-11 20:54:50,其他,19
M.1548335149.A.499,2019-01-24 21:05:49,其他,19
M.1447247544.A.2BE,2015-11-11 21:12:24,其他,19
M.1447773453.A.66A,2015-11-17 23:17:33,其他,19
M.1542967751.A.589,2018-11-23 18:09:11,其他,19
M.1460988368.A.19B,2016-04-18 22:06:08,其他,19
M.1532092486.A.830,2018-07-20 21:14:46,其他,19
M.1531219036.A.790,2018-07-10 18:37:16,其他,19
M.1498658624.A.FD9,2017-06-28 22:03:44,其他,19
M.1468596251.A.C39,2016-07-15 23:24:11,其他,19
M.1468854110.A.9D0,2016-07-18 23:01:50,其他,19
M.1470065454.A.8EE,2016-08-01 23:30:54,其他,19
M.1470134073.A.3AD,2016-08-02 18:34:33,其他,19
M.1471344119.A.2E9,2016-08-16 18:41:59,其他,19
M.1506597699.A.BEF,2017-09-28 19:21:39,其他,19
M.1506424532.A.C4F,2017-09-26 19:15:32,其他,19
M.1477581078.A.57D,2016-10-27 23:11:18,其他,19
M.1530277111.A.B91,2018-06-29 20:58:31,其他,19
M.1494513452.A.525,2017-05-11 22:37:32,其他,19
M.1491922965.A.DB6,2017-04-11 23:02:45,其他,19
M.1486739033.A.1B7,2017-02-10 23:03:53,其他,19
M.1490366521.A.0F7,2017-03-24 22:42:01,其他,19
M.1488899005.A.6DD,2017-03-07 23:03:25,其他,19
M.1488984329.A.767,2017-03-08 22:45:29,其他,19
M.1489497897.A.7D9,2017-03-14 21:24:57,其他,19
M.1522076090.A.4B1,2018-03-26 22:54:50,其他,19
M.1467386798.A.CE0,2016-07-01 23:26:38,其他,19
M.1523546050.A.7B5,2018-04-12 23:14:10,其他,19
M.1523623469.A.D9B,2018-04-13 20:44:29,其他,19
M.1530100571.A.878,2018-06-27 19:56:11,其他,19
M.1528897587.A.A83,2018-06-13 21:46:27,其他,19
M.1528719849.A.D60,2018-06-11 20:24:09,其他,19
M.1464966965.A.2DC,2016-06-03 23:16:05,其他,19
M.1465225388.A.53D,2016-06-06 23:03:08,其他,19
M.1527250687.A.646,2018-05-25 20:18:07,其他,19
M.1527167138.A.8FA,2018-05-24 21:05:38,其他,19
M.1526905871.A.D3A,2018-05-21 20:31:11,其他,19
M.1525783344.A.00F,2018-05-08 20:42:24,其他,19
M.1525696585.A.4D5,2018-05-07 20:36:25,其他,19
M.1525354323.A.603,2018-05-03 21:32:03,其他,19
M.1525264529.A.5C2,2018-05-02 20:35:29,其他,19
M.1524486861.A.885,2018-04-23 20:34:21,其他,19
M.1524057977.A.9DA,2018-04-18 21:26:17,其他,19
M.1467386257.A.8F9,2016-07-01 23:17:37,其他,19
M.1435330912.A.975,2015-06-26 23:01:52,其他,19
M.1541432895.A.AD8,2018-11-05 23:48:15,其他,19
M.1489154772.A.6FF,2017-03-10 22:06:12,其他,19
M.1660205797.A.FFF,2022-08-11 16:16:37,情報,19
M.1434466505.A.559,2015-06-16 22:55:05,其他,19
M.1430316299.A.67A,2015-04-29 22:04:59,其他,19
M.1587197352.A.A26,2020-04-18 16:09:12,其他,19
M.1431098050.A.0E9,2015-05-08 23:14:10,其他,19
M.1628491507.A.400,2021-08-09 14:45:07,情報,19
M.1676616842.A.947,2023-02-17 14:54:02,情報,19
M.1666767289.A.1E1,2022-10-26 14:54:49,情報,19
M.1592227471.A.1EB,2020-06-15 21:24:31,其他,19
M.1690354488.A.BBF,2023-07-26 14:54:48,情報,19
M.1651668173.A.0D9,2022-05-04 20:42:53,情報,19
M.1649832646.A.51E,2022-04-13 14:50:46,情報,19
M.1645772346.A.F81,2022-02-25 14:59:06,情報,19
M.1645685776.A.0DF,2022-02-24 14:56:16,情報,19
M.1645685719.A.73F,2022-02-24 14:55:19,情報,19
M.1432221261.A.257,2015-05-21 23:14:21,其他,19
M.1633507408.A.E7E,2021-10-06 16:03:28,新聞,19
M.1434640333.A.9F2,2015-06-18 23:12:13,其他,19
M.1432130359.A.6DC,2015-05-20 21:59:19,其他,19
M.1430313726.A.C4F,2015-04-29 21:22:06,其他,19
M.1694156791.A.9C9,2023-09-08 15:06:31,情報,19
M.1430314637.A.F03,2015-04-29 21:37:17,其他,19
M.1698648792.A.CF0,2023-10-30 14:53:12,情報,19
M.1694415297.A.5F7,2023-09-11 14:54:57,情報,19
M.1578482730.A.69F,2020-01-08 19:25:30,其他,19
M.1579092273.A.93D,2020-01-15 20:44:33,其他,19
M.1434986770.A.4A5,2015-06-22 23:26:10,其他,19
M.1578115479.A.436,2020-01-04 13:24:39,其他,19
M.1576853564.A.DA0,2019-12-20 22:52:44,其他,19
M.1704437721.A.68E,2024-01-05 14:55:21,情報,19
M.1724397013.A.C57,2024-08-23 15:10:13,情報,18
M.1527598369.A.110,2018-05-29 20:52:49,其他,18
M.1464274569.A.E1F,2016-05-26 22:56:09,其他,18
M.1466088786.A.B30,2016-06-16 22:53:06,其他,18
M.1431696828.A.6CA,2015-05-15 21:33:48,其他,18
M.1528289056.A.9B3,2018-06-06 20:44:16,其他,18
M.1528377659.A.FD4,2018-06-07 21:20:59,其他,18
M.1485488643.A.CDF,2017-01-27 11:44:03,請益,18
M.1482764724.A.D9A,2016-12-26 23:05:24,其他,18
M.1662536475.A.38D,2022-09-07 15:41:15,情報,18
M.1525439476.A.7D6,2018-05-04 21:11:16,其他,18
M.1497448985.A.C3B,2017-06-14 22:03:05,其他,18
M.1530276551.A.1AC,2018-06-29 20:49:11,其他,18
M.1529860487.A.52E,2018-06-25 01:14:47,標的,18
M.1532436212.A.737,2018-07-24 20:43:32,其他,18
M.1533824587.A.41C,2018-08-09 22:23:07,其他,18
M.1631616184.A.740,2021-09-14 18:43:04,情報,18
M.1533304539.A.695,2018-08-03 21:55:39,其他,18
M.1573477010.A.FC4,2019-11-11 20:56:50,其他,18
M.1637650640.A.C65,2021-11-23 14:57:20,情報,18
M.1532701649.A.805,2018-07-27 22:27:29,其他,18
M.1532522737.A.647,2018-07-25 20:45:37,其他,18
M.1640329486.A.F59,2021-12-24 15:04:46,情報,18
M.1644303819.A.A28,2022-02-08 15:03:39,情報,18
M.1642512335.A.78D,2022-01-18 21:25:35,情報,18
M.1531919635.A.3E5,2018-07-18 21:13:55,其他,18
M.1531487603.A.D39,2018-07-13 21:13:23,其他,18
M.1530881702.A.FCB,2018-07-06 20:55:02,其他,18
M.1530620539.A.53D,2018-07-03 20:22:19,其他,18
M.1642748365.A.D53,2022-01-21 14:59:25,情報,18
M.1664354281.A.1A0,2022-09-28 16:38:01,情報,18
M.1430147655.A.E8E,2015-04-27 23:14:15,其他,18
M.1708066794.A.6F7,2024-02-16 14:59:54,情報,18
M.1524749774.A.F3B,2018-04-26 21:36:14,其他,18
M.1506596703.A.B91,2017-09-28 19:05:03,其他,18
M.1692254923.A.F17,2023-08-17 14:48:43,情報,18
M.1686207525.A.E08,2023-06-08 14:58:45,情報,18
M.1513346038.A.E29,2017-12-15 21:53:58,其他,18
M.1471344030.A.A61,2016-08-16 18:40:30,其他,18
M.1686293570.A.4E1,2023-06-09 14:52:50,情報,18
M.1510315139.A.F48,2017-11-10 19:58:59,其他,18
M.1686554203.A.39B,2023-06-12 15:16:43,情報,18
M.1477495854.A.19D,2016-10-26 23:30:54,其他,18
M.1524664599.A.641,2018-04-25 21:56:39,其他,18
M.1506320878.A.F73,2017-09-25 14:27:58,新聞,18
M.1723445795.A.205,2024-08-12 14:56:35,情報,18
M.1506002412.A.7FB,2017-09-21 22:00:12,其他,18
M.1476372069.A.D1B,2016-10-13 23:21:09,其他,18
M.1504533412.A.3E3,2017-09-04 21:56:52,其他,18
M.1504532696.A.5B1,2017-09-04 21:44:56,其他,18
M.1502456246.A.2C9,2017-08-11 20:57:26,其他,18
M.1514551931.A.353,2017-12-29 20:52:11,其他,18
M.1494514225.A.E9E,2017-05-11 22:50:25,其他,18
M.1516629368.A.AFA,2018-01-22 21:56:08,其他,18
M.1516719252.A.5B9,2018-01-23 22:54:12,其他,18
M.1691997565.A.657,2023-08-14 15:19:25,情報,18
M.1467040057.A.639,2016-06-27 23:07:37,其他,18
M.1664438675.A.96D,2022-09-29 16:04:35,新聞,18
M.1523882315.A.F5E,2018-04-16 20:38:35,其他,18
M.1664520994.A.268,2022-09-30 14:56:34,情報,18
M.1431696411.A.319,2015-05-15 21:26:51,其他,18
M.1692687228.A.871,2023-08-22 14:53:48,情報,18
M.1727161276.A.DD5,2024-09-24 15:01:16,情報,18
M.1520611691.A.21F,2018-03-10 00:08:11,其他,18
M.1518440252.A.0C9,2018-02-12 20:57:32,其他,18
M.1518439777.A.EA3,2018-02-12 20:49:37,其他,18
M.1467646005.A.2EC,2016-07-04 23:26:45,其他,18
M.1517410255.A.993,2018-01-31 22:50:55,其他,18
M.1726820115.A.3F3,2024-09-20 16:15:15,情報,18
M.1516719656.A.94C,2018-01-23 23:00:56,其他,18
M.1520604171.A.46C,2018-03-09 22:02:51,其他,18
M.1435243498.A.8F0,2015-06-25 22:44:58,其他,18
M.1460473268.A.BB0,2016-04-12 23:01:08,其他,18
M.1449156283.A.D86,2015-12-03 23:24:43,其他,18
M.1561553771.A.A80,2019-06-26 20:56:11,其他,18
M.1445267294.A.08A,2015-10-19 23:08:14,其他,18
M.1439995643.A.9CD,2015-08-19 22:47:23,其他,18
M.1598718369.A.383,2020-08-30 00:26:09,其他,18
M.1433165558.A.329,2015-06-01 21:32:38,其他,18
M.1555423143.A.608,2019-04-16 21:59:03,其他,18
M.1433166460.A.68D,2015-06-01 21:47:40,其他,18
M.1541429787.A.1DB,2018-11-05 22:56:27,其他,18
M.1449846130.A.AB3,2015-12-11 23:02:10,其他,18
M.1541681120.A.022,2018-11-08 20:45:20,其他,18
M.1449156700.A.7D7,2015-12-03 23:31:40,其他,18
M.1542123667.A.796,2018-11-13 23:41:07,其他,18
M.1715324221.A.E48,2024-05-10 14:57:01,情報,18
M.1556026732.A.986,2019-04-23 21:38:52,其他,18
M.1439996206.A.ACA,2015-08-19 22:56:46,其他,18
M.1445527576.A.B6E,2015-10-22 23:26:16,其他,18
M.1440686005.A.72A,2015-08-27 22:33:25,其他,18
M.1433514940.A.29C,2015-06-05 22:35:40,其他,18
M.1445613867.A.342,2015-10-23 23:24:27,其他,18
M.1543241073.A.364,2018-11-26 22:04:33,其他,18
M.1441203523.A.523,2015-09-02 22:18:43,其他,18
M.1543927414.A.8FA,2018-12-04 20:43:34,其他,18
M.1544014686.A.D36,2018-12-05 20:58:06,其他,18
M.1731654468.A.ADC,2024-11-15 15:07:48,情報,18
M.1710917970.A.AA1,2024-03-20 14:59:30,情報,18
M.1544707591.A.110,2018-12-13 21:26:31,其他,18
M.1434641055.A.48F,2015-06-18 23:24:15,其他,18
M.1544785258.A.E3C,2018-12-14 19:00:58,其他,18
M.1453130375.A.6BE,2016-01-18 23:19:35,其他,18
M.1456327968.A.693,2016-02-24 23:32:48,其他,18
M.1584613401.A.E97,2020-03-19 18:23:21,新聞,18
M.1535981114.A.95C,2018-09-03 21:25:14,其他,18
M.1624275358.A.434,2021-06-21 19:35:58,情報,18
M.1435071099.A.8AF,2015-06-23 22:51:39,其他,18
M.1624106844.A.BD2,2021-06-19 20:47:24,情報,18
M.1624031920.A.4C1,2021-06-18 23:58:40,情報,18
M.1457534989.A.913,2016-03-09 22:49:49,其他,18
M.1572266521.A.F24,2019-10-28 20:42:01,其他,18
M.1570020805.A.B03,2019-10-02 20:53:25,其他,18
M.1548767974.A.7A7,2019-01-29 21:19:34,其他,18
M.1624031554.A.373,2021-06-18 23:52:34,情報,18
M.1456844841.A.971,2016-03-01 23:07:21,其他,18
M.1618044637.A.216,2021-04-10 16:50:37,其他,18
M.1538486776.A.CF6,2018-10-02 21:26:16,其他,18
M.1435764465.A.1E7,2015-07-01 23:27:45,其他,18
M.1617260457.A.151,2021-04-01 15:00:57,其他,18
M.1441984152.A.81A,2015-09-11 23:09:12,其他,18
M.1569589278.A.831,2019-09-27 21:01:18,其他,18
M.1444663893.A.2BF,2015-10-12 23:31:33,其他,18
M.1539002078.A.632,2018-10-08 20:34:38,其他,18
M.1455809463.A.3D4,2016-02-18 23:31:03,其他,18
M.1711350139.A.A06,2024-03-25 15:02:19,情報,18
M.1444746410.A.A49,2015-10-13 22:26:50,其他,18
M.1454160873.A.7BB,2016-01-30 21:34:33,其他,18
M.1444922744.A.CC6,2015-10-15 23:25:44,其他,18
M.1473261587.A.1A1,2016-09-07 23:19:47,其他,17
M.1473692470.A.803,2016-09-12 23:01:10,其他,17
M.1441638828.A.360,2015-09-07 23:13:48,其他,17
M.1441724881.A.630,2015-09-08 23:08:01,其他,17
M.1476975814.A.0C4,2016-10-20 23:03:34,其他,17
M.1441203738.A.ACE,2015-09-02 22:22:18,其他,17
M.1441033991.A.556,2015-08-31 23:13:11,其他,17
M.1440515701.A.3E2,2015-08-25 23:15:01,其他,17
M.1470238267.A.30D,2016-08-03 23:31:07,其他,17
M.1477322590.A.D88,2016-10-24 23:23:10,其他,17
M.1477495779.A.8B7,2016-10-26 23:29:39,其他,17
M.1438266647.A.917,2015-07-30 22:30:47,其他,17
M.1437751222.A.CB6,2015-07-24 23:20:22,情報,17
M.1437404510.A.587,2015-07-20 23:01:50,其他,17
M.1481553818.A.836,2016-12-12 22:43:38,其他,17
M.1435850670.A.F09,2015-07-02 23:24:30,其他,17
M.1435850326.A.7B1,2015-07-02 23:18:46,其他,17
M.1487602387.A.DBE,2017-02-20 22:53:07,其他,17
M.1435071441.A.201,2015-06-23 22:57:21,其他,17
M.1470668828.A.83D,2016-08-08 23:07:08,其他,17
M.1459351406.A.A6E,2016-03-30 23:23:26,其他,17
M.1442586649.A.459,2015-09-18 22:30:49,其他,17
M.1450796592.A.510,2015-12-22 23:03:12,其他,17
M.1464704745.A.F11,2016-05-31 22:25:45,其他,17
M.1452698447.A.7BC,2016-01-13 23:20:47,其他,17
M.1453303697.A.93F,2016-01-20 23:28:17,其他,17
M.1463755806.A.71A,2016-05-20 22:50:06,其他,17
M.1463482011.A.A88,2016-05-17 18:46:51,標的,17
M.1462462213.A.C82,2016-05-05 23:30:13,其他,17
M.1455894231.A.68D,2016-02-19 23:03:51,其他,17
M.1432738675.A.9AD,2015-05-27 22:57:55,其他,17
M.1461592900.A.DBF,2016-04-25 22:01:40,其他,17
M.1432129939.A.D1F,2015-05-20 21:52:19,其他,17
M.1457449972.A.CDE,2016-03-08 23:12:52,其他,17
M.1460647939.A.2BB,2016-04-14 23:32:19,其他,17
M.1457450414.A.ADF,2016-03-08 23:20:14,其他,17
M.1458741936.A.B65,2016-03-23 22:05:36,其他,17
M.1460383070.A.9D0,2016-04-11 21:57:50,其他,17
M.1432913316.A.781,2015-05-29 23:28:36,其他,17
M.1450796101.A.A79,2015-12-22 22:55:01,其他,17
M.1443022155.A.44E,2015-09-23 23:29:15,其他,17
M.1432913394.A.F1A,2015-05-29 23:29:54,其他,17
M.1469632564.A.9E6,2016-07-27 23:16:04,其他,17
M.1444922915.A.DC3,2015-10-15 23:28:35,其他,17
M.1431097563.A.77E,2015-05-08 23:06:03,其他,17
M.1445353226.A.686,2015-10-20 23:00:26,其他,17
M.1468247662.A.6CC,2016-07-11 22:34:22,其他,17
M.1445614156.A.AB1,2015-10-23 23:29:16,其他,17
M.1446213293.A.70C,2015-10-30 21:54:53,其他,17
M.1434035037.A.797,2015-06-11 23:03:57,其他,17
M.1460277496.A.173,2016-04-10 16:38:16,其他,17
M.1433862232.A.F5C,2015-06-09 23:03:52,其他,17
M.1433861676.A.7DE,2015-06-09 22:54:36,其他,17
M.1448032795.A.7FB,2015-11-20 23:19:55,其他,17
M.1466435757.A.94B,2016-06-20 23:15:57,其他,17
M.1448033197.A.DF3,2015-11-20 23:26:37,其他,17
M.1431959152.A.C02,2015-05-18 22:25:52,其他,17
M.1431357291.A.7EB,2015-05-11 23:14:51,其他,17
M.1430145904.A.2BA,2015-04-27 22:45:04,其他,17
M.1490280163.A.E5C,2017-03-23 22:42:43,其他,17
M.1529415341.A.064,2018-06-19 21:35:41,其他,17
M.1545312577.A.48B,2018-12-20 21:29:37,其他,17
M.1545224976.A.682,2018-12-19 21:09:36,其他,17
M.1545051651.A.073,2018-12-17 21:00:51,其他,17
M.1490280801.A.70D,2017-03-23 22:53:21,其他,17
M.1542809291.A.DB7,2018-11-21 22:08:11,其他,17
M.1542632073.A.64D,2018-11-19 20:54:33,其他,17
M.1541168899.A.A07,2018-11-02 22:28:19,其他,17
M.1540561484.A.B38,2018-10-26 21:44:44,其他,17
M.1540473445.A.785,2018-10-25 21:17:25,其他,17
M.1540390255.A.55C,2018-10-24 22:10:55,其他,17
M.1539091928.A.475,2018-10-09 21:32:08,其他,17
M.1539002846.A.8F0,2018-10-08 20:47:26,其他,17
M.1538747851.A.C65,2018-10-05 21:57:31,其他,17
M.1537451157.A.737,2018-09-20 21:45:57,其他,17
M.1536670555.A.F6A,2018-09-11 20:55:55,其他,17
M.1534427975.A.562,2018-08-16 21:59:35,其他,17
M.1534163920.A.941,2018-08-13 20:38:40,其他,17
M.1533045035.A.3DC,2018-07-31 21:50:35,其他,17
M.1532613753.A.1CE,2018-07-26 22:02:33,其他,17
M.1532351674.A.653,2018-07-23 21:14:34,其他,17
M.1530797375.A.4FF,2018-07-05 21:29:35,其他,17
M.1545395214.A.53E,2018-12-21 20:26:54,其他,17
M.1545828793.A.06B,2018-12-26 20:53:13,其他,17
M.1558104769.A.E7E,2019-05-17 22:52:49,其他,17
M.1575464453.A.09B,2019-12-04 21:00:53,其他,17
M.1702898165.A.CA1,2023-12-18 19:16:05,新聞,17
M.1684311659.A.EFB,2023-05-17 16:20:59,情報,17
M.1679468517.A.ABC,2023-03-22 15:01:57,情報,17
M.1659683397.A.702,2022-08-05 15:09:57,情報,17
M.1709017456.A.F76,2024-02-27 15:04:16,情報,17
M.1603384590.A.07B,2020-10-23 00:36:30,其他,17
M.1601464540.A.1B0,2020-09-30 19:15:40,其他,17
M.1590052355.A.807,2020-05-21 17:12:35,其他,17
M.1584104984.A.589,2020-03-13 21:09:44,其他,17
M.1574254738.A.18C,2019-11-20 20:58:58,其他,17
M.1559569810.A.22C,2019-06-03 21:50:10,其他,17
M.1573648648.A.A0B,2019-11-13 20:37:28,其他,17
M.1573044905.A.860,2019-11-06 20:55:05,其他,17
M.1711954941.A.EAF,2024-04-01 15:02:21,情報,17
M.1567159472.A.A24,2019-08-30 18:04:32,其他,17
M.1566309256.A.6DF,2019-08-20 21:54:16,其他,17
M.1565964173.A.601,2019-08-16 22:02:53,其他,17
M.1563368269.A.43C,2019-07-17 20:57:49,其他,17
M.1562936252.A.80F,2019-07-12 20:57:32,其他,17
M.1562073037.A.A83,2019-07-02 21:10:37,其他,17
M.1530016022.A.D6C,2018-06-26 20:27:02,其他,17
M.1543846435.A.5CB,2018-12-03 22:13:55,其他,17
M.1495547849.A.4EF,2017-05-23 21:57:29,其他,17
M.1513689062.A.57C,2017-12-19 21:11:02,其他,17
M.1522074955.A.CFB,2018-03-26 22:35:55,其他,17
M.1500989639.A.09F,2017-07-25 21:33:59,其他,17
M.1522414609.A.A6C,2018-03-30 20:56:49,其他,17
M.1501246345.A.D97,2017-07-28 20:52:25,其他,17
M.1523624220.A.D84,2018-04-13 20:57:00,其他,17
M.1517315717.A.74B,2018-01-30 20:35:17,其他,17
M.1516885122.A.DD2,2018-01-25 20:58:42,其他,17
M.1524227147.A.35E,2018-04-20 20:25:47,其他,17
M.1508157659.A.16A,2017-10-16 20:40:59,其他,17
M.1510316813.A.93C,2017-11-10 20:26:53,其他,17
M.1510916147.A.D4D,2017-11-17 18:55:47,其他,17
M.1496494381.A.30A,2017-06-03 20:53:01,其他,17
M.1529414002.A.80B,2018-06-19 21:13:22,其他,17
M.1490711921.A.6F0,2017-03-28 22:38:41,其他,17
M.1528469651.A.903,2018-06-08 22:54:11,其他,17
M.1528113372.A.7E0,2018-06-04 19:56:12,其他,17
M.1513087310.A.952,2017-12-12 22:01:50,其他,17
M.1722495311.A.E87,2024-08-01 14:55:11,情報,17
M.1559816822.A.47F,2019-06-06 18:27:02,其他,16
M.1441119968.A.0CC,2015-09-01 23:06:08,其他,16
M.1441380597.A.804,2015-09-04 23:29:57,其他,16
M.1556289760.A.D4C,2019-04-26 22:42:40,其他,16
M.1441294345.A.BC1,2015-09-03 23:32:25,其他,16
M.1504875204.A.0DA,2017-09-08 20:53:24,其他,16
M.1569934632.A.585,2019-10-01 20:57:12,其他,16
M.1557751413.A.07A,2019-05-13 20:43:33,其他,16
M.1567169867.A.395,2019-08-30 20:57:47,其他,16
M.1475767944.A.9A3,2016-10-06 23:32:24,其他,16
M.1565875798.A.171,2019-08-15 21:29:58,其他,16
M.1560175025.A.0CA,2019-06-10 21:57:05,其他,16
M.1438781465.A.988,2015-08-05 21:31:05,其他,16
M.1510918511.A.A6B,2017-11-17 19:35:11,其他,16
M.1438870219.A.DE5,2015-08-06 22:10:19,其他,16
M.1439058060.A.1BD,2015-08-09 02:21:00,標的,16
M.1439304406.A.A0D,2015-08-11 22:46:46,其他,16
M.1498484504.A.084,2017-06-26 21:41:44,其他,16
M.1722841836.A.502,2024-08-05 15:10:36,情報,16
M.1439475832.A.2BA,2015-08-13 22:23:52,其他,16
M.1440774514.A.A5C,2015-08-28 23:08:34,其他,16
M.1439558444.A.9CA,2015-08-14 21:20:44,心得,16
M.1561039227.A.DAB,2019-06-20 22:00:27,其他,16
M.1560524156.A.91B,2019-06-14 22:55:56,其他,16
M.1562590688.A.1C7,2019-07-08 20:58:08,其他,16
M.1529932682.A.827,2018-06-25 21:18:02,其他,16
M.1577710843.A.1DB,2019-12-30 21:00:43,其他,16
M.1431357965.A.0CB,2015-05-11 23:26:05,其他,16
M.1625035330.A.661,2021-06-30 14:42:10,情報,16
M.1482764912.A.3C9,2016-12-26 23:08:32,其他,16
M.1432047271.A.7C0,2015-05-19 22:54:31,其他,16
M.1650300134.A.05D,2022-04-19 00:42:14,心得,16
M.1492607326.A.0E4,2017-04-19 21:08:46,其他,16
M.1669971702.A.443,2022-12-02 17:01:42,情報,16
M.1431357616.A.175,2015-05-11 23:20:16,其他,16
M.1432653014.A.673,2015-05-26 23:10:14,其他,16
M.1706857083.A.827,2024-02-02 14:58:03,情報,16
M.1678979539.A.901,2023-03-16 23:12:19,請益,16
M.1490712964.A.FB2,2017-03-28 22:56:04,其他,16
M.1487603062.A.EEE,2017-02-20 23:04:22,其他,16
M.1704351529.A.2BF,2024-01-04 14:58:49,情報,16
M.1737528779.A.716,2025-01-22 14:52:59,情報,16
M.1618842059.A.ED7,2021-04-19 22:20:59,其他,16
M.1492608335.A.7DE,2017-04-19 21:25:35,其他,16
M.1553784223.A.600,2019-03-28 22:43:43,其他,16
M.1590759499.A.B9B,2020-05-29 21:38:19,其他,16
M.1585127764.A.A86,2020-03-25 17:16:04,其他,16
M.1586782161.A.882,2020-04-13 20:49:21,其他,16
M.1434122967.A.2E0,2015-06-12 23:29:27,其他,16
M.1479135012.A.F75,2016-11-14 22:50:12,其他,16
M.1433950442.A.F78,2015-06-10 23:34:02,其他,16
M.1433950001.A.0AF,2015-06-10 23:26:41,其他,16
M.1591797255.A.219,2020-06-10 21:54:15,其他,16
M.1432739395.A.7FD,2015-05-27 23:09:55,其他,16
M.1433516056.A.CB7,2015-06-05 22:54:16,其他,16
M.1591886019.A.2CE,2020-06-11 22:33:39,其他,16
M.1593344634.A.D14,2020-06-28 19:43:54,新聞,16
M.1595854003.A.8D5,2020-07-27 20:46:43,請益,16
M.1596330361.A.C96,2020-08-02 09:06:01,其他,16
M.1493041260.A.7C3,2017-04-24 21:41:00,其他,16
M.1555684562.A.9E7,2019-04-19 22:36:02,其他,16
M.1442330596.A.700,2015-09-15 23:23:16,其他,16
M.1441812257.A.8FA,2015-09-09 23:24:17,其他,16
M.1466780635.A.571,2016-06-24 23:03:55,其他,16
M.1537191740.A.9D1,2018-09-17 21:42:20,其他,16
M.1524580026.A.EF6,2018-04-24 22:27:06,其他,16
M.1456414175.A.A63,2016-02-25 23:29:35,其他,16
M.1537534419.A.839,2018-09-21 20:53:39,其他,16
M.1456147932.A.108,2016-02-22 21:32:12,其他,16
M.1727420689.A.B2D,2024-09-27 15:04:49,情報,16
M.1539003552.A.760,2018-10-08 20:59:12,其他,16
M.1457450979.A.C49,2016-03-08 23:29:39,其他,16
M.1454160166.A.473,2016-01-30 21:22:46,其他,16
M.1453902545.A.0AA,2016-01-27 21:49:05,其他,16
M.1453303864.A.197,2016-01-20 23:31:04,其他,16
M.1453130649.A.876,2016-01-18 23:24:09,其他,16
M.1539266685.A.F9E,2018-10-11 22:04:45,其他,16
M.1539693379.A.20E,2018-10-16 20:36:19,其他,16
M.1527683086.A.EEF,2018-05-30 20:24:46,其他,16
M.1536576685.A.6AA,2018-09-10 18:51:25,新聞,16
M.1441898606.A.584,2015-09-10 23:23:26,其他,16
M.1459955048.A.26B,2016-04-06 23:04:08,其他,16
M.1462461852.A.D9D,2016-05-05 23:24:12,其他,16
M.1461937265.A.42E,2016-04-29 21:41:05,其他,16
M.1461936964.A.578,2016-04-29 21:36:04,其他,16
M.1464275682.A.49D,2016-05-26 23:14:42,其他,16
M.1528619372.A.EE5,2018-06-10 16:29:32,標的,16
M.1534165118.A.A8C,2018-08-13 20:58:38,其他,16
M.1459426495.A.79D,2016-03-31 20:14:55,其他,16
M.1457709527.A.1C0,2016-03-11 23:18:47,其他,16
M.1465225968.A.9AF,2016-06-06 23:12:48,其他,16
M.1458914640.A.482,2016-03-25 22:04:00,其他,16
M.1458833374.A.456,2016-03-24 23:29:34,其他,16
M.1534514126.A.870,2018-08-17 21:55:26,其他,16
M.1536152311.A.B09,2018-09-05 20:58:31,其他,16
M.1458224835.A.B40,2016-03-17 22:27:15,其他,16
M.1450970805.A.FC5,2015-12-24 23:26:45,其他,16
M.1727247716.A.4A2,2024-09-25 15:01:56,情報,16
M.1541078774.A.FCD,2018-11-01 21:26:14,其他,16
M.1444226089.A.4BB,2015-10-07 21:54:49,其他,16
M.1516798448.A.721,2018-01-24 20:54:08,其他,16
M.1468942286.A.315,2016-07-19 23:31:26,其他,16
M.1513688239.A.3AE,2017-12-19 20:57:19,其他,16
M.1547125625.A.7F3,2019-01-10 21:07:05,其他,16
M.1547204481.A.D1F,2019-01-11 19:01:21,其他,16
M.1548679808.A.168,2019-01-28 20:50:08,其他,16
M.1549979001.A.1F2,2019-02-12 21:43:21,其他,16
M.1541508838.A.5CF,2018-11-06 20:53:58,其他,16
M.1550674236.A.372,2019-02-20 22:50:36,其他,16
M.1551970468.A.A18,2019-03-07 22:54:28,其他,16
M.1442586131.A.A02,2015-09-18 22:22:11,其他,16
M.1464011163.A.28E,2016-05-23 21:46:03,其他,16
M.1442242510.A.FC1,2015-09-14 22:55:10,其他,16
M.1553611297.A.4D7,2019-03-26 22:41:37,其他,16
M.1545054047.A.1B5,2018-12-17 21:40:47,其他,16
M.1714473738.A.3EB,2024-04-30 18:42:18,情報,16
M.1445873339.A.6AD,2015-10-26 23:28:59,其他,16
M.1445957302.A.7D7,2015-10-27 22:48:22,其他,16
M.1446130012.A.822,2015-10-29 22:46:52,其他,16
M.1446212171.A.DDA,2015-10-30 21:36:11,其他,16
M.1705532056.A.8AD,2024-01-18 06:54:16,情報,16
M.1446563617.A.08D,2015-11-03 23:13:37,其他,16
M.1446564217.A.C5E,2015-11-03 23:23:37,其他,16
M.1447169169.A.CE5,2015-11-10 23:26:09,其他,16
M.1544618610.A.D80,2018-12-12 20:43:30,其他,16
M.1714806856.A.B9A,2024-05-04 15:14:16,情報,16
M.1542808590.A.C17,2018-11-21 21:56:30,其他,16
M.1542717724.A.26B,2018-11-20 20:42:04,其他,16
M.1518371174.A.826,2018-02-12 01:46:14,標的,16
M.1541766049.A.66B,2018-11-09 20:20:49,其他,16
M.1449240080.A.FB7,2015-12-04 22:41:20,其他,16
M.1516798701.A.2CD,2018-01-24 20:58:21,其他,16
