ticker,month,n_matches
1101,2015-04,1
1101,2015-05,3
1101,2015-06,6
1101,2015-07,10
1101,2015-08,11
1101,2015-09,3
1101,2015-10,9
1101,2015-11,6
1101,2015-12,14
1101,2016-01,7
1101,2016-02,6
1101,2016-03,4
1101,2016-04,5
1101,2016-05,12
1101,2016-06,6
1101,2016-07,17
1101,2016-08,4
1101,2016-09,6
1101,2016-10,2
1101,2016-12,2
1101,2017-01,3
1101,2017-02,4
1101,2017-04,6
1101,2017-05,2
1101,2017-06,1
1101,2017-07,3
1101,2017-08,3
1101,2017-09,6
1101,2017-10,1
1101,2017-11,7
1101,2017-12,2
1101,2018-01,3
1101,2018-02,7
1101,2018-03,1
1101,2018-04,8
1101,2018-05,9
1101,2018-06,15
1101,2018-07,10
1101,2018-08,18
1101,2018-09,7
1101,2018-10,9
1101,2018-11,15
1101,2018-12,7
1101,2019-01,12
1101,2019-02,5
1101,2019-03,17
1101,2019-04,7
1101,2019-05,9
1101,2019-06,14
1101,2019-07,11
1101,2019-08,6
1101,2019-09,4
1101,2019-10,13
1101,2019-11,7
1101,2019-12,6
1101,2020-01,4
1101,2020-02,6
1101,2020-03,5
1101,2020-04,6
1101,2020-05,4
1101,2020-06,5
1101,2020-07,13
1101,2020-08,8
1101,2020-09,7
1101,2020-10,8
1101,2020-11,10
1101,2020-12,6
1101,2021-01,12
1101,2021-02,12
1101,2021-03,26
1101,2021-04,41
1101,2021-05,18
1101,2021-06,18
1101,2021-07,27
1101,2021-08,21
1101,2021-09,24
1101,2021-10,16
1101,2021-11,18
1101,2021-12,12
1101,2022-01,13
1101,2022-02,6
1101,2022-03,24
1101,2022-04,10
1101,2022-05,21
1101,2022-06,20
1101,2022-07,17
1101,2022-08,29
1101,2022-09,19
1101,2022-10,15
1101,2022-11,13
1101,2022-12,21
1101,2023-01,15
1101,2023-02,15
1101,2023-03,9
1101,2023-04,15
1101,2023-05,9
1101,2023-06,7
1101,2023-07,16
1101,2023-08,9
1101,2023-09,7
1101,2023-10,7
1101,2023-11,14
1101,2023-12,6
1101,2024-01,4
1101,2024-02,5
1101,2024-03,9
1101,2024-04,10
1101,2024-05,13
1101,2024-06,9
1101,2024-07,6
1101,2024-08,9
1101,2024-09,3
1101,2024-10,2
1101,2024-11,11
1101,2024-12,5
1101,2025-01,6
1102,2015-05,2
1102,2015-06,3
1102,2015-07,3
1102,2015-08,6
1102,2015-09,2
1102,2015-10,2
1102,2015-11,10
1102,2015-12,6
1102,2016-01,1
1102,2016-02,3
1102,2016-03,1
1102,2016-05,12
1102,2016-06,4
1102,2016-07,3
1102,2016-08,1
1102,2016-09,1
1102,2016-10,7
1102,2016-11,1
1102,2017-02,3
1102,2017-03,3
1102,2017-04,3
1102,2017-05,1
1102,2017-06,16
1102,2017-07,2
1102,2017-08,1
1102,2017-10,2
1102,2017-11,6
1102,2017-12,3
1102,2018-01,1
1102,2018-02,4
1102,2018-03,1
1102,2018-04,6
1102,2018-05,6
1102,2018-06,8
1102,2018-07,4
1102,2018-08,9
1102,2018-09,6
1102,2018-10,8
1102,2018-11,3
1102,2018-12,5
1102,2019-01,10
1102,2019-02,3
1102,2019-03,8
1102,2019-04,4
1102,2019-05,7
1102,2019-06,9
1102,2019-07,10
1102,2019-08,3
1102,2019-09,3
1102,2019-10,9
1102,2019-11,7
1102,2019-12,7
1102,2020-01,3
1102,2020-02,2
1102,2020-03,5
1102,2020-04,7
1102,2020-05,2
1102,2020-06,2
1102,2020-07,11
1102,2020-08,10
1102,2020-09,5
1102,2020-10,2
1102,2020-11,7
1102,2020-12,7
1102,2021-01,5
1102,2021-02,6
1102,2021-03,8
1102,2021-04,16
1102,2021-05,10
1102,2021-06,7
1102,2021-07,15
1102,2021-08,8
1102,2021-09,8
1102,2021-10,6
1102,2021-11,19
1102,2021-12,17
1102,2022-01,2
1102,2022-02,9
1102,2022-03,8
1102,2022-04,4
1102,2022-05,5
1102,2022-06,6
1102,2022-07,14
1102,2022-08,18
1102,2022-09,17
1102,2022-10,6
1102,2022-11,9
1102,2022-12,11
1102,2023-02,2
1102,2023-03,6
1102,2023-04,2
1102,2023-06,7
1102,2023-07,7
1102,2023-08,6
1102,2023-09,2
1102,2023-10,2
1102,2023-11,3
1102,2023-12,4
1102,2024-01,2
1102,2024-02,2
1102,2024-03,4
1102,2024-04,3
1102,2024-05,4
1102,2024-06,15
1102,2024-07,7
1102,2024-08,9
1102,2024-09,3
1102,2024-10,1
1102,2024-12,2
1102,2025-01,4
1103,2016-06,1
1103,2016-11,1
1103,2017-01,1
1103,2017-02,1
1103,2017-04,1
1103,2017-05,1
1103,2017-06,1
1103,2018-07,2
1103,2018-08,2
1103,2018-09,2
1103,2018-11,1
1103,2019-03,2
1103,2019-04,1
1103,2019-05,4
1103,2019-06,1
1103,2019-09,1
1103,2019-10,3
1103,2019-11,3
1103,2019-12,4
1103,2020-03,1
1103,2020-06,1
1103,2020-07,1
1103,2020-09,2
1103,2020-12,1
1103,2021-03,2
1103,2021-04,3
1103,2021-05,1
1103,2021-07,2
1103,2021-09,2
1103,2021-11,6
1103,2022-05,1
1103,2022-08,1
1103,2022-11,5
1103,2023-04,2
1103,2023-07,1
1103,2023-11,2
1103,2024-04,2
1103,2025-01,1
1104,2015-05,3
1104,2015-06,4
1104,2015-07,3
1104,2015-11,2
1104,2016-03,2
1104,2016-05,1
1104,2016-06,1
1104,2016-07,1
1104,2016-08,1
1104,2016-09,1
1104,2017-02,1
1104,2017-03,1
1104,2017-06,2
1104,2017-11,1
1104,2017-12,4
1104,2018-05,1
1104,2018-07,2
1104,2018-09,1
1104,2018-12,1
1104,2019-03,2
1104,2019-06,1
1104,2019-11,3
1104,2019-12,2
1104,2020-01,1
1104,2020-06,1
1104,2020-07,1
1104,2020-11,2
1104,2021-03,1
1104,2021-04,1
1104,2021-05,2
1104,2021-07,1
1104,2021-08,2
1104,2021-09,8
1104,2021-11,5
1104,2022-01,1
1104,2022-03,2
1104,2022-05,1
1104,2022-06,1
1104,2022-07,1
1104,2022-08,1
1104,2022-10,5
1104,2022-11,5
1104,2022-12,2
1104,2023-01,1
1104,2023-02,3
1104,2023-03,3
1104,2023-04,1
1104,2023-05,3
1104,2023-07,1
1104,2023-08,2
1104,2023-10,1
1104,2023-11,2
1104,2023-12,1
1104,2024-01,1
1104,2024-02,1
1104,2024-03,1
1104,2024-04,3
1104,2024-05,1
1104,2024-06,2
1104,2024-08,1
1104,2024-09,2
1104,2024-11,4
1108,2015-08,1
1108,2017-02,2
1108,2017-07,1
1108,2018-05,1
1108,2019-07,1
1108,2020-09,1
1108,2020-10,1
1108,2020-12,1
1108,2021-03,1
1108,2021-05,1
1108,2021-11,7
1108,2022-10,2
1108,2022-11,1
1108,2023-03,1
1108,2023-06,2
1108,2023-11,2
1108,2024-03,1
1108,2024-11,3
1109,2015-11,3
1109,2015-12,1
1109,2016-12,1
1109,2017-02,1
1109,2017-11,1
1109,2018-06,1
1109,2018-07,1
1109,2018-10,1
1109,2018-12,1
1109,2019-03,1
1109,2019-04,1
1109,2019-10,1
1109,2019-12,3
1109,2021-01,2
1109,2021-02,1
1109,2021-03,1
1109,2021-07,1
1109,2021-08,1
1109,2021-11,9
1109,2021-12,1
1109,2022-08,1
1109,2022-10,1
1109,2022-11,4
1109,2022-12,1
1109,2023-10,1
1109,2023-11,2
1109,2024-01,1
1109,2024-03,2
1109,2024-04,2
1109,2024-05,1
1109,2024-07,1
1109,2024-08,1
1109,2024-09,1
1110,2015-05,2
1110,2015-09,1
1110,2015-12,1
1110,2016-07,1
1110,2016-08,1
1110,2018-07,1
1110,2018-10,1
1110,2018-12,1
1110,2019-12,2
1110,2021-04,1
1110,2021-07,1
1110,2021-08,1
1110,2021-09,3
1110,2021-11,9
1110,2022-04,8
1110,2022-05,1
1110,2022-06,1
1110,2022-07,1
1110,2022-08,1
1110,2022-10,2
1110,2022-11,3
1110,2022-12,1
1110,2023-03,1
1110,2023-06,1
1110,2023-07,2
1110,2023-08,1
1110,2023-11,2
1110,2023-12,1
1110,2024-01,1
1110,2024-03,1
1110,2024-05,1
1110,2024-07,1
1110,2024-09,1
1201,2015-05,1
1201,2015-06,1
1201,2015-07,5
1201,2015-08,5
1201,2015-10,3
1201,2015-11,5
1201,2015-12,7
1201,2016-01,3
1201,2016-03,6
1201,2016-04,2
1201,2016-05,1
1201,2016-06,1
1201,2016-09,1
1201,2017-02,3
1201,2017-03,1
1201,2017-05,1
1201,2017-06,2
1201,2017-07,1
1201,2017-08,1
1201,2017-10,2
1201,2017-11,6
1201,2017-12,7
1201,2018-01,8
1201,2018-02,4
1201,2018-03,2
1201,2018-04,4
1201,2018-05,5
1201,2018-07,1
1201,2018-08,2
1201,2018-09,3
1201,2018-10,2
1201,2018-11,1
1201,2018-12,1
1201,2019-01,6
1201,2019-02,1
1201,2019-03,5
1201,2019-04,3
1201,2019-05,7
1201,2019-06,12
1201,2019-07,3
1201,2019-08,5
1201,2019-09,4
1201,2019-10,1
1201,2019-11,2
1201,2019-12,4
1201,2020-01,3
1201,2020-02,3
1201,2020-03,5
1201,2020-04,1
1201,2020-05,2
1201,2020-06,1
1201,2020-07,1
1201,2020-08,2
1201,2020-09,3
1201,2020-11,2
1201,2020-12,1
1201,2021-03,2
1201,2021-04,2
1201,2021-05,4
1201,2021-06,1
1201,2021-10,3
1201,2021-11,2
1201,2021-12,7
1201,2022-03,1
1201,2022-05,1
1201,2022-06,1
1201,2022-07,1
1201,2022-08,4
1201,2022-09,1
1201,2022-10,1
1201,2022-12,2
1201,2023-11,2
1201,2023-12,3
1201,2024-01,1
1201,2024-04,2
1201,2024-05,2
1201,2024-06,2
1201,2024-07,2
1201,2024-08,2
1201,2024-10,1
1201,2024-12,2
1203,2015-05,1
1203,2015-06,1
1203,2015-07,1
1203,2015-08,1
1203,2015-11,1
1203,2016-01,1
1203,2016-03,1
1203,2017-05,1
1203,2018-01,1
1203,2018-10,1
1203,2019-08,1
1203,2020-03,1
1203,2020-09,1
1203,2020-12,1
1203,2021-03,1
1203,2021-04,1
1203,2021-05,6
1203,2021-12,6
1203,2022-10,2
1203,2023-01,1
1203,2024-03,1
1203,2024-04,1
1203,2024-12,3
1210,2015-05,4
1210,2015-06,7
1210,2015-07,1
1210,2015-08,6
1210,2015-09,1
1210,2015-11,1
1210,2016-01,1
1210,2016-02,1
1210,2016-04,2
1210,2016-05,5
1210,2016-06,9
1210,2016-07,2
1210,2016-08,5
1210,2016-09,4
1210,2016-10,6
1210,2016-12,1
1210,2017-02,1
1210,2017-04,1
1210,2017-05,1
1210,2017-06,1
1210,2017-07,2
1210,2017-09,2
1210,2017-10,1
1210,2017-11,1
1210,2017-12,4
1210,2018-01,3
1210,2018-03,1
1210,2018-04,3
1210,2018-05,4
1210,2018-06,2
1210,2018-07,1
1210,2018-08,1
1210,2018-10,2
1210,2018-12,1
1210,2019-01,1
1210,2019-03,1
1210,2019-04,1
1210,2019-06,5
1210,2019-08,2
1210,2019-09,1
1210,2020-01,1
1210,2020-03,2
1210,2020-04,3
1210,2020-06,2
1210,2020-07,2
1210,2020-08,7
1210,2020-09,2
1210,2020-12,1
1210,2021-01,1
1210,2021-02,3
1210,2021-03,1
1210,2021-05,6
1210,2021-08,2
1210,2021-09,1
1210,2021-11,3
1210,2021-12,9
1210,2022-03,5
1210,2022-04,2
1210,2022-05,5
1210,2022-06,1
1210,2022-10,1
1210,2022-11,2
1210,2022-12,3
1210,2023-01,1
1210,2023-02,3
1210,2023-03,8
1210,2023-04,1
1210,2023-05,1
1210,2023-06,1
1210,2023-07,4
1210,2023-08,3
1210,2023-09,2
1210,2023-10,1
1210,2023-11,1
1210,2024-01,1
1210,2024-03,1
1210,2024-04,2
1210,2024-11,2
1210,2024-12,4
1213,2017-08,4
1213,2019-04,10
1213,2019-05,3
1213,2019-06,1
1213,2019-07,1
1213,2019-08,2
1213,2019-09,3
1213,2020-04,1
1213,2020-05,2
1213,2020-06,2
1213,2020-07,2
1213,2020-08,1
1213,2020-09,1
1213,2021-05,1
1213,2021-08,2
1213,2021-12,10
1213,2022-07,3
1213,2022-08,1
1213,2022-10,1
1213,2022-11,1
1213,2022-12,3
1213,2023-05,1
1213,2023-06,1
1213,2023-08,1
1213,2023-09,2
1213,2023-12,4
1213,2024-01,5
1213,2024-03,2
1213,2024-04,2
1213,2024-05,1
1213,2024-06,1
1213,2024-07,4
1213,2024-09,1
1213,2024-12,10
1213,2025-01,1
1215,2015-06,6
1215,2015-07,2
1215,2015-08,7
1215,2016-03,4
1215,2016-04,3
1215,2016-05,3
1215,2016-06,4
1215,2016-07,3
1215,2016-08,5
1215,2016-09,2
1215,2016-10,10
1215,2016-11,3
1215,2017-01,2
1215,2017-02,2
1215,2017-03,2
1215,2017-04,2
1215,2017-05,11
1215,2017-06,7
1215,2017-07,14
1215,2017-08,5
1215,2017-09,4
1215,2017-10,5
1215,2017-11,3
1215,2017-12,3
1215,2018-01,5
1215,2018-02,3
1215,2018-03,6
1215,2018-04,3
1215,2018-05,2
1215,2018-07,2
1215,2018-08,4
1215,2018-09,1
1215,2018-10,5
1215,2018-11,2
1215,2018-12,2
1215,2019-01,3
1215,2019-03,1
1215,2019-05,9
1215,2019-06,7
1215,2019-07,1
1215,2019-08,6
1215,2019-09,4
1215,2019-10,1
1215,2019-12,3
1215,2020-01,2
1215,2020-02,1
1215,2020-03,3
1215,2020-04,1
1215,2020-05,5
1215,2020-06,2
1215,2020-08,14
1215,2020-09,1
1215,2020-10,2
1215,2020-12,3
1215,2021-01,3
1215,2021-02,6
1215,2021-03,1
1215,2021-04,2
1215,2021-05,3
1215,2021-06,2
1215,2021-07,2
1215,2021-09,1
1215,2021-10,1
1215,2021-11,1
1215,2021-12,5
1215,2022-01,2
1215,2022-02,1
1215,2022-03,3
1215,2022-04,2
1215,2022-05,3
1215,2022-06,1
1215,2022-08,1
1215,2022-09,1
1215,2022-11,4
1215,2022-12,6
1215,2023-02,3
1215,2023-03,11
1215,2023-04,3
1215,2023-05,2
1215,2023-06,5
1215,2023-07,1
1215,2023-08,1
1215,2023-09,2
1215,2023-10,1
1215,2023-11,1
1215,2023-12,4
1215,2024-04,2
1215,2024-05,3
1215,2024-06,1
1215,2024-07,3
1215,2024-09,5
1215,2024-10,1
1215,2024-11,2
1215,2024-12,3
1215,2025-01,2
1216,2015-04,1
1216,2015-05,7
1216,2015-06,6
1216,2015-07,12
1216,2015-08,16
1216,2015-09,10
1216,2015-10,7
1216,2015-11,6
1216,2015-12,7
1216,2016-01,5
1216,2016-02,4
1216,2016-03,3
1216,2016-05,4
1216,2016-06,4
1216,2016-07,6
1216,2016-08,6
1216,2016-09,4
1216,2016-10,2
1216,2016-11,5
1216,2016-12,3
1216,2017-01,1
1216,2017-02,5
1216,2017-04,1
1216,2017-05,4
1216,2017-06,1
1216,2017-07,5
1216,2017-08,3
1216,2017-09,3
1216,2017-10,3
1216,2017-11,2
1216,2017-12,6
1216,2018-01,2
1216,2018-02,3
1216,2018-03,2
1216,2018-04,4
1216,2018-05,5
1216,2018-06,3
1216,2018-07,4
1216,2018-08,3
1216,2018-09,1
1216,2018-10,3
1216,2018-11,2
1216,2018-12,4
1216,2019-01,7
1216,2019-02,1
1216,2019-03,1
1216,2019-04,3
1216,2019-05,5
1216,2019-06,3
1216,2019-07,2
1216,2019-08,3
1216,2019-09,3
1216,2019-10,2
1216,2019-11,4
1216,2019-12,2
1216,2020-01,1
1216,2020-02,3
1216,2020-03,4
1216,2020-04,6
1216,2020-05,1
1216,2020-06,5
1216,2020-07,1
1216,2020-09,4
1216,2020-10,3
1216,2020-11,7
1216,2020-12,4
1216,2021-01,4
1216,2021-02,2
1216,2021-03,3
1216,2021-04,3
1216,2021-05,9
1216,2021-06,3
1216,2021-07,1
1216,2021-08,2
1216,2021-09,2
1216,2021-10,2
1216,2021-11,9
1216,2021-12,9
1216,2022-01,3
1216,2022-03,6
1216,2022-04,3
1216,2022-05,7
1216,2022-06,6
1216,2022-07,20
1216,2022-08,4
1216,2022-09,4
1216,2022-10,4
1216,2022-11,6
1216,2022-12,14
1216,2023-01,2
1216,2023-03,3
1216,2023-06,8
1216,2023-07,5
1216,2023-08,5
1216,2023-09,2
1216,2023-10,1
1216,2023-11,10
1216,2023-12,8
1216,2024-01,2
1216,2024-02,2
1216,2024-03,5
1216,2024-04,8
1216,2024-05,11
1216,2024-06,3
1216,2024-07,6
1216,2024-08,9
1216,2024-09,4
1216,2024-10,6
1216,2024-11,2
1216,2024-12,4
1216,2025-01,2
1217,2015-05,1
1217,2015-07,1
1217,2015-09,1
1217,2015-11,1
1217,2015-12,3
1217,2016-01,3
1217,2016-02,1
1217,2016-06,1
1217,2016-07,1
1217,2017-05,2
1217,2017-08,1
1217,2018-03,2
1217,2018-05,2
1217,2018-09,1
1217,2018-11,1
1217,2018-12,1
1217,2019-03,2
1217,2019-07,3
1217,2019-09,1
1217,2019-12,1
1217,2020-02,1
1217,2020-03,6
1217,2020-06,3
1217,2021-01,1
1217,2021-03,4
1217,2021-04,9
1217,2021-05,13
1217,2021-06,3
1217,2021-07,2
1217,2021-08,1
1217,2021-11,2
1217,2021-12,7
1217,2022-03,1
1217,2022-04,3
1217,2022-05,2
1217,2022-06,2
1217,2022-08,5
1217,2022-09,1
1217,2022-10,2
1217,2022-11,3
1217,2022-12,8
1217,2023-01,1
1217,2023-03,1
1217,2023-06,1
1217,2023-07,2
1217,2023-08,3
1217,2024-01,1
1217,2024-04,1
1217,2024-05,1
1217,2024-06,1
1217,2024-12,3
1218,2015-08,2
1218,2015-09,1
1218,2016-08,1
1218,2016-10,1
1218,2016-11,1
1218,2016-12,1
1218,2017-05,1
1218,2017-06,1
1218,2017-07,4
1218,2017-08,5
1218,2017-12,4
1218,2018-01,2
1218,2018-03,3
1218,2018-04,1
1218,2018-05,4
1218,2018-06,3
1218,2018-07,1
1218,2018-09,2
1218,2018-10,1
1218,2018-11,4
1218,2018-12,1
1218,2019-01,7
1218,2019-04,2
1218,2019-05,5
1218,2019-06,3
1218,2019-07,1
1218,2019-08,2
1218,2019-09,1
1218,2019-10,1
1218,2019-12,2
1218,2020-02,3
1218,2020-03,2
1218,2020-04,1
1218,2020-05,6
1218,2020-06,7
1218,2021-01,2
1218,2021-02,1
1218,2021-03,2
1218,2021-04,3
1218,2021-05,7
1218,2021-06,4
1218,2021-07,2
1218,2021-09,2
1218,2021-10,1
1218,2021-11,1
1218,2021-12,2
1218,2022-01,1
1218,2022-04,4
1218,2022-06,2
1218,2022-07,2
1218,2022-08,8
1218,2022-11,1
1218,2022-12,25
1218,2023-01,11
1218,2023-02,5
1218,2023-03,3
1218,2023-04,1
1218,2023-05,24
1218,2023-06,5
1218,2023-07,2
1218,2023-08,3
1218,2023-09,2
1218,2023-12,2
1218,2024-01,2
1218,2024-02,1
1218,2024-03,3
1218,2024-04,4
1218,2024-05,3
1218,2024-06,2
1218,2024-07,2
1218,2024-08,1
1218,2024-10,1
1218,2024-11,2
1218,2024-12,3
1218,2025-01,1
1219,2015-06,2
1219,2015-07,1
1219,2015-08,1
1219,2015-09,1
1219,2017-04,1
1219,2017-06,1
1219,2017-11,1
1219,2020-07,1
1219,2021-04,3
1219,2021-05,4
1219,2021-11,1
1219,2022-03,3
1219,2022-04,11
1219,2022-05,1
1219,2022-07,2
1219,2022-09,2
1219,2022-10,1
1219,2022-11,2
1219,2022-12,4
1219,2023-02,2
1219,2023-03,2
1219,2023-05,1
1219,2023-08,2
1219,2023-09,1
1219,2023-12,2
1219,2024-03,2
1219,2024-04,1
1219,2024-06,1
1219,2024-12,2
1220,2016-06,2
1220,2016-10,2
1220,2016-11,2
1220,2017-07,1
1220,2020-01,1
1220,2020-06,1
1220,2020-07,1
1220,2021-05,5
1220,2021-08,1
1220,2021-12,7
1220,2022-03,3
1220,2022-04,9
1220,2022-07,2
1220,2022-08,1
1220,2022-12,5
1220,2023-03,2
1220,2023-04,1
1220,2023-06,1
1220,2023-07,2
1220,2023-12,3
1220,2024-03,1
1220,2024-04,1
1220,2024-07,2
1220,2024-11,1
1220,2024-12,3
1301,2015-05,6
1301,2015-06,10
1301,2015-07,18
1301,2015-08,15
1301,2015-09,9
1301,2015-10,11
1301,2015-11,6
1301,2015-12,11
1301,2016-01,11
1301,2016-02,3
1301,2016-03,11
1301,2016-04,4
1301,2016-05,11
1301,2016-06,12
1301,2016-07,20
1301,2016-08,15
1301,2016-09,15
1301,2016-10,20
1301,2016-11,17
1301,2016-12,31
1301,2017-01,16
1301,2017-02,23
1301,2017-03,12
1301,2017-04,19
1301,2017-05,18
1301,2017-06,6
1301,2017-07,4
1301,2017-08,8
1301,2017-09,3
1301,2017-10,2
1301,2017-11,4
1301,2017-12,6
1301,2018-01,5
1301,2018-02,6
1301,2018-03,11
1301,2018-04,6
1301,2018-05,12
1301,2018-06,12
1301,2018-07,8
1301,2018-08,8
1301,2018-09,12
1301,2018-10,15
1301,2018-11,10
1301,2018-12,11
1301,2019-01,20
1301,2019-02,4
1301,2019-03,4
1301,2019-04,13
1301,2019-05,8
1301,2019-06,9
1301,2019-07,6
1301,2019-08,2
1301,2019-09,12
1301,2019-10,8
1301,2019-11,2
1301,2019-12,12
1301,2020-01,1
1301,2020-03,24
1301,2020-04,12
1301,2020-05,21
1301,2020-06,7
1301,2020-07,9
1301,2020-08,8
1301,2020-09,7
1301,2020-10,1
1301,2020-11,5
1301,2020-12,8
1301,2021-01,19
1301,2021-02,6
1301,2021-03,11
1301,2021-04,29
1301,2021-05,30
1301,2021-06,15
1301,2021-07,29
1301,2021-08,22
1301,2021-09,35
1301,2021-10,35
1301,2021-11,4
1301,2021-12,9
1301,2022-01,8
1301,2022-02,6
1301,2022-03,12
1301,2022-04,16
1301,2022-05,4
1301,2022-06,17
1301,2022-07,19
1301,2022-08,12
1301,2022-09,8
1301,2022-10,13
1301,2022-11,3
1301,2022-12,18
1301,2023-01,2
1301,2023-02,1
1301,2023-03,13
1301,2023-04,15
1301,2023-05,1
1301,2023-06,5
1301,2023-07,6
1301,2023-08,6
1301,2023-09,2
1301,2023-10,2
1301,2023-11,3
1301,2023-12,2
1301,2024-01,8
1301,2024-02,4
1301,2024-03,13
1301,2024-04,6
1301,2024-05,9
1301,2024-06,27
1301,2024-07,16
1301,2024-08,7
1301,2024-09,29
1301,2024-10,5
1301,2024-11,10
1301,2024-12,47
1301,2025-01,39
1303,2015-05,1
1303,2015-06,6
1303,2015-07,6
1303,2015-08,6
1303,2015-09,2
1303,2015-10,7
1303,2015-11,1
1303,2015-12,3
1303,2016-01,6
1303,2016-03,5
1303,2016-04,1
1303,2016-05,4
1303,2016-06,3
1303,2016-07,5
1303,2016-08,2
1303,2016-09,2
1303,2016-10,2
1303,2016-11,1
1303,2016-12,2
1303,2017-01,1
1303,2017-02,2
1303,2017-04,3
1303,2017-05,5
1303,2017-06,2
1303,2017-07,2
1303,2017-08,1
1303,2017-09,3
1303,2017-10,1
1303,2017-11,2
1303,2017-12,2
1303,2018-02,1
1303,2018-03,2
1303,2018-04,2
1303,2018-05,3
1303,2018-06,1
1303,2018-07,1
1303,2018-08,3
1303,2018-09,1
1303,2018-10,1
1303,2018-12,4
1303,2019-01,4
1303,2019-02,1
1303,2019-04,5
1303,2019-06,2
1303,2019-07,1
1303,2019-08,2
1303,2019-09,1
1303,2019-10,1
1303,2020-01,1
1303,2020-02,2
1303,2020-03,5
1303,2020-04,3
1303,2020-06,3
1303,2020-12,1
1303,2021-01,3
1303,2021-02,1
1303,2021-03,4
1303,2021-04,17
1303,2021-05,4
1303,2021-06,7
1303,2021-07,13
1303,2021-08,4
1303,2021-09,12
1303,2021-10,8
1303,2021-11,4
1303,2021-12,3
1303,2022-01,9
1303,2022-02,2
1303,2022-03,3
1303,2022-04,5
1303,2022-05,3
1303,2022-06,4
1303,2022-07,9
1303,2022-08,3
1303,2022-09,1
1303,2022-10,9
1303,2022-11,17
1303,2022-12,7
1303,2023-01,1
1303,2023-02,2
1303,2023-03,8
1303,2023-04,9
1303,2023-05,11
1303,2023-06,2
1303,2023-07,3
1303,2023-08,2
1303,2023-09,1
1303,2023-10,2
1303,2023-11,8
1303,2023-12,1
1303,2024-01,4
1303,2024-02,1
1303,2024-03,3
1303,2024-04,1
1303,2024-05,11
1303,2024-06,12
1303,2024-07,6
1303,2024-08,1
1303,2024-09,2
1303,2024-10,1
1303,2024-11,2
1303,2024-12,16
1303,2025-01,5
1304,2015-06,2
1304,2015-07,2
1304,2015-08,2
1304,2015-09,1
1304,2015-10,1
1304,2015-11,2
1304,2016-01,1
1304,2016-02,6
1304,2016-03,5
1304,2016-04,3
1304,2016-08,2
1304,2016-09,1
1304,2016-10,1
1304,2016-11,1
1304,2017-01,1
1304,2017-03,1
1304,2017-08,1
1304,2017-09,1
1304,2017-11,1
1304,2017-12,1
1304,2018-06,2
1304,2018-08,3
1304,2018-09,2
1304,2018-10,1
1304,2018-11,1
1304,2019-05,3
1304,2019-06,1
1304,2019-08,2
1304,2019-09,3
1304,2019-11,1
1304,2019-12,4
1304,2020-03,2
1304,2020-08,1
1304,2020-09,5
1304,2020-10,1
1304,2020-12,1
1304,2021-01,2
1304,2021-03,5
1304,2021-04,17
1304,2021-05,19
1304,2021-06,10
1304,2021-07,10
1304,2021-08,4
1304,2021-09,19
1304,2021-10,18
1304,2021-11,7
1304,2021-12,2
1304,2022-01,3
1304,2022-02,1
1304,2022-03,3
1304,2022-07,6
1304,2022-08,1
1304,2022-09,2
1304,2022-10,2
1304,2022-11,4
1304,2022-12,7
1304,2023-01,3
1304,2023-03,4
1304,2023-06,1
1304,2023-07,1
1304,2023-10,1
1304,2024-03,2
1304,2024-04,2
1304,2024-06,1
1304,2024-07,1
1304,2024-12,2
1304,2025-01,5
1305,2015-05,1
1305,2015-06,2
1305,2015-07,3
1305,2015-08,4
1305,2015-09,5
1305,2015-10,8
1305,2015-11,6
1305,2015-12,9
1305,2016-01,4
1305,2016-02,2
1305,2016-03,5
1305,2016-04,1
1305,2016-05,2
1305,2016-06,2
1305,2016-07,4
1305,2016-08,2
1305,2016-09,6
1305,2016-10,10
1305,2016-11,2
1305,2016-12,1
1305,2017-01,1
1305,2017-02,2
1305,2017-03,1
1305,2017-04,2
1305,2017-05,2
1305,2017-06,2
1305,2017-07,2
1305,2017-08,3
1305,2017-09,1
1305,2017-10,3
1305,2017-11,3
1305,2017-12,2
1305,2018-01,2
1305,2018-03,2
1305,2018-04,1
1305,2018-05,2
1305,2018-06,1
1305,2018-07,2
1305,2018-08,3
1305,2018-09,2
1305,2018-10,1
1305,2018-12,5
1305,2019-01,2
1305,2019-02,1
1305,2019-03,1
1305,2019-04,1
1305,2019-05,4
1305,2019-06,1
1305,2019-07,1
1305,2019-10,2
1305,2019-11,2
1305,2020-01,2
1305,2020-03,1
1305,2020-05,1
1305,2020-06,2
1305,2020-09,1
1305,2020-10,1
1305,2020-11,1
1305,2021-01,1
1305,2021-03,6
1305,2021-04,12
1305,2021-05,11
1305,2021-06,4
1305,2021-07,3
1305,2021-08,3
1305,2021-09,18
1305,2021-10,9
1305,2021-11,3
1305,2022-02,1
1305,2022-03,2
1305,2022-07,1
1305,2022-08,1
1305,2022-09,3
1305,2022-10,2
1305,2022-12,6
1305,2023-01,2
1305,2023-02,2
1305,2023-03,1
1305,2023-07,1
1305,2023-10,1
1305,2024-02,1
1305,2024-03,1
1305,2024-04,2
1305,2024-05,1
1305,2024-07,1
1305,2024-10,1
1305,2024-12,7
1305,2025-01,1
1307,2015-04,2
1307,2015-05,2
1307,2015-06,2
1307,2015-08,2
1307,2015-09,1
1307,2015-10,1
1307,2016-02,1
1307,2016-03,3
1307,2016-11,1
1307,2017-04,2
1307,2017-05,5
1307,2017-06,4
1307,2017-07,5
1307,2017-08,5
1307,2017-09,4
1307,2018-07,1
1307,2019-04,1
1307,2020-04,1
1307,2020-05,7
1307,2020-09,1
1307,2020-11,1
1307,2022-04,1
1307,2022-10,1
1307,2022-11,1
1307,2023-03,1
1307,2023-07,1
1307,2024-01,1
1307,2024-04,2
1307,2024-09,1
1307,2024-10,5
1307,2024-11,3
1307,2025-01,1
1308,2015-04,1
1308,2015-05,3
1308,2015-07,4
1308,2015-08,3
1308,2015-09,1
1308,2015-10,1
1308,2016-01,1
1308,2016-02,1
1308,2016-03,3
1308,2016-04,1
1308,2016-08,1
1308,2016-09,1
1308,2017-01,1
1308,2017-02,1
1308,2017-08,1
1308,2017-11,1
1308,2018-06,1
1308,2018-08,2
1308,2018-09,1
1308,2018-10,1
1308,2018-11,1
1308,2018-12,1
1308,2019-02,1
1308,2019-04,1
1308,2019-11,1
1308,2020-01,1
1308,2020-03,1
1308,2020-04,1
1308,2020-05,1
1308,2020-07,1
1308,2020-09,4
1308,2020-10,1
1308,2020-11,1
1308,2021-03,1
1308,2021-04,4
1308,2021-05,8
1308,2021-06,6
1308,2021-07,5
1308,2021-08,2
1308,2021-09,22
1308,2021-10,13
1308,2021-11,4
1308,2021-12,2
1308,2022-01,2
1308,2022-02,1
1308,2022-03,2
1308,2022-05,2
1308,2022-06,1
1308,2022-07,1
1308,2022-08,1
1308,2022-09,1
1308,2022-11,2
1308,2022-12,2
1308,2024-02,1
1308,2024-03,2
1308,2024-07,1
1308,2024-10,1
1308,2024-11,3
1309,2015-05,2
1309,2015-08,1
1309,2015-09,1
1309,2016-03,1
1309,2016-05,1
1309,2016-10,1
1309,2017-02,1
1309,2017-03,1
1309,2017-10,2
1309,2017-12,1
1309,2018-01,2
1309,2018-02,2
1309,2018-03,3
1309,2018-05,2
1309,2018-06,1
1309,2018-07,1
1309,2018-08,1
1309,2018-10,1
1309,2018-12,1
1309,2019-01,1
1309,2019-04,1
1309,2019-05,1
1309,2019-09,1
1309,2020-02,1
1309,2020-06,3
1309,2020-08,4
1309,2020-09,7
1309,2020-10,2
1309,2020-11,3
1309,2020-12,3
1309,2021-03,8
1309,2021-04,12
1309,2021-05,7
1309,2021-07,3
1309,2021-08,7
1309,2021-09,3
1309,2021-11,1
1309,2022-02,1
1309,2022-03,2
1309,2022-04,1
1309,2022-07,1
1309,2022-09,2
1309,2022-10,1
1309,2022-11,3
1309,2022-12,1
1309,2023-07,1
1309,2023-10,1
1309,2023-12,1
1309,2024-04,2
1309,2024-06,2
1309,2024-07,1
1309,2024-09,2
1309,2024-10,1
1309,2024-12,3
1310,2015-05,10
1310,2015-06,2
1310,2015-07,1
1310,2015-08,3
1310,2015-09,1
1310,2015-12,8
1310,2016-01,6
1310,2016-02,10
1310,2016-03,12
1310,2016-04,4
1310,2016-05,2
1310,2016-06,3
1310,2016-07,5
1310,2016-08,4
1310,2016-09,1
1310,2016-10,1
1310,2016-11,1
1310,2016-12,2
1310,2017-01,1
1310,2017-02,5
1310,2017-03,6
1310,2017-04,2
1310,2017-05,1
1310,2017-06,4
1310,2017-07,1
1310,2017-08,1
1310,2017-11,1
1310,2017-12,2
1310,2018-03,2
1310,2018-04,1
1310,2018-05,3
1310,2018-06,1
1310,2018-08,2
1310,2018-09,5
1310,2018-10,3
1310,2018-11,4
1310,2018-12,10
1310,2019-01,5
1310,2019-03,2
1310,2019-04,1
1310,2019-05,6
1310,2019-07,4
1310,2019-11,1
1310,2019-12,1
1310,2020-04,1
1310,2020-07,1
1310,2020-08,1
1310,2020-09,2
1310,2020-11,1
1310,2020-12,2
1310,2021-03,1
1310,2021-04,1
1310,2021-05,1
1310,2021-06,5
1310,2021-07,2
1310,2021-08,1
1310,2021-09,1
1310,2021-10,1
1310,2021-11,8
1310,2022-05,1
1310,2023-01,1
1310,2023-05,1
1310,2023-07,1
1310,2023-10,1
1310,2024-04,1
1310,2024-05,1
1310,2024-06,1
1310,2024-12,1
1310,2025-01,1
1312,2015-04,1
1312,2015-05,10
1312,2015-06,11
1312,2015-07,7
1312,2015-08,4
1312,2015-09,8
1312,2015-10,6
1312,2015-12,11
1312,2016-01,10
1312,2016-02,9
1312,2016-03,15
1312,2016-04,5
1312,2016-05,5
1312,2016-06,3
1312,2016-07,6
1312,2016-08,2
1312,2016-09,2
1312,2016-10,10
1312,2016-11,2
1312,2016-12,3
1312,2017-02,4
1312,2017-03,2
1312,2017-04,5
1312,2017-05,4
1312,2017-06,1
1312,2017-07,2
1312,2017-08,2
1312,2017-09,5
1312,2017-10,3
1312,2017-11,4
1312,2017-12,6
1312,2018-03,2
1312,2018-04,4
1312,2018-05,3
1312,2018-08,4
1312,2018-10,1
1312,2018-11,4
1312,2018-12,5
1312,2019-01,4
1312,2019-02,2
1312,2019-04,7
1312,2019-05,4
1312,2019-09,2
1312,2019-11,1
1312,2019-12,1
1312,2020-01,1
1312,2020-02,1
1312,2020-03,1
1312,2020-04,2
1312,2020-05,1
1312,2020-08,3
1312,2020-09,4
1312,2020-11,2
1312,2020-12,7
1312,2021-01,1
1312,2021-02,4
1312,2021-03,5
1312,2021-04,4
1312,2021-05,3
1312,2021-06,7
1312,2021-07,2
1312,2021-08,5
1312,2021-10,1
1312,2021-11,1
1312,2021-12,1
1312,2022-01,1
1312,2022-02,1
1312,2022-03,4
1312,2022-08,1
1312,2022-10,2
1312,2023-03,3
1312,2023-04,3
1312,2023-05,6
1312,2023-06,1
1312,2023-08,1
1312,2023-11,1
1312,2023-12,2
1312,2024-01,1
1312,2024-04,5
1312,2024-05,1
1312,2024-07,1
1312,2024-08,1
1312,2024-09,1
1312,2025-01,1
1313,2015-06,1
1313,2015-08,1
1313,2016-06,1
1313,2016-10,1
1313,2016-11,2
1313,2017-02,1
1313,2017-11,3
1313,2017-12,1
1313,2018-01,1
1313,2018-03,1
1313,2018-04,2
1313,2018-05,6
1313,2018-08,5
1313,2018-09,2
1313,2018-10,1
1313,2018-12,1
1313,2019-01,1
1313,2019-11,1
1313,2020-05,2
1313,2020-08,1
1313,2020-10,2
1313,2020-12,2
1313,2021-01,1
1313,2021-02,1
1313,2021-04,7
1313,2021-05,7
1313,2021-06,5
1313,2021-07,3
1313,2021-08,3
1313,2021-09,3
1313,2021-10,2
1313,2021-11,2
1313,2022-01,2
1313,2022-03,3
1313,2022-05,4
1313,2022-08,1
1313,2022-09,2
1313,2023-03,1
1313,2023-04,1
1313,2023-08,1
1313,2023-10,1
1313,2023-12,1
1313,2024-04,1
1313,2024-07,1
1313,2024-12,1
1319,2015-04,1
1319,2015-06,4
1319,2015-07,3
1319,2015-08,3
1319,2015-09,4
1319,2015-10,9
1319,2015-11,8
1319,2015-12,7
1319,2016-01,7
1319,2016-02,8
1319,2016-03,11
1319,2016-04,4
1319,2016-05,3
1319,2016-06,7
1319,2016-07,3
1319,2016-08,2
1319,2016-09,2
1319,2016-10,3
1319,2016-11,2
1319,2016-12,3
1319,2017-01,2
1319,2017-03,1
1319,2017-05,1
1319,2017-06,5
1319,2017-07,1
1319,2017-08,3
1319,2017-09,3
1319,2017-10,3
1319,2017-11,2
1319,2017-12,3
1319,2018-01,3
1319,2018-02,2
1319,2018-03,3
1319,2018-04,1
1319,2018-05,2
1319,2018-06,1
1319,2018-07,1
1319,2018-08,1
1319,2018-10,1
1319,2018-11,1
1319,2018-12,2
1319,2019-03,1
1319,2019-04,1
1319,2019-05,1
1319,2019-06,2
1319,2019-07,3
1319,2019-09,1
1319,2020-03,2
1319,2020-07,1
1319,2020-09,6
1319,2020-10,1
1319,2020-12,3
1319,2021-01,4
1319,2021-04,1
1319,2021-06,5
1319,2021-09,2
1319,2022-05,6
1319,2022-06,10
1319,2022-07,8
1319,2022-08,4
1319,2022-09,3
1319,2022-10,1
1319,2022-11,1
1319,2022-12,2
1319,2023-01,4
1319,2023-03,1
1319,2023-07,1
1319,2023-08,7
1319,2023-09,4
1319,2023-10,5
1319,2023-11,3
1319,2023-12,6
1319,2024-01,8
1319,2024-03,11
1319,2024-04,1
1319,2024-05,2
1319,2024-06,6
1319,2024-08,2
1319,2024-09,3
1319,2024-10,2
1319,2024-11,1
1319,2025-01,1
1338,2015-05,2
1338,2015-06,1
1338,2015-07,1
1338,2015-08,1
1338,2015-09,3
1338,2015-10,6
1338,2015-11,4
1338,2015-12,5
1338,2016-01,2
1338,2016-02,3
1338,2016-03,1
1338,2016-04,2
1338,2016-05,3
1338,2016-06,2
1338,2016-11,1
1338,2018-11,1
1338,2018-12,1
1338,2019-02,1
1338,2020-01,1
1338,2021-01,1
1338,2021-09,1
1338,2022-01,1
1338,2024-01,1
1338,2024-03,1
1339,2015-09,1
1339,2015-10,1
1339,2015-11,2
1339,2015-12,1
1339,2016-03,2
1339,2016-04,2
1339,2016-05,2
1339,2016-06,1
1339,2016-07,2
1339,2016-08,1
1339,2016-11,1
1339,2016-12,2
1339,2017-04,2
1339,2017-09,3
1339,2018-05,1
1339,2018-06,1
1339,2018-08,1
1339,2018-09,1
1339,2019-04,1
1339,2021-02,1
1339,2021-12,1
1339,2022-05,1
1339,2022-07,1
1339,2023-01,1
1339,2023-09,2
1339,2024-05,1
1402,2015-04,1
1402,2015-05,6
1402,2015-06,6
1402,2015-07,2
1402,2015-08,8
1402,2015-09,6
1402,2015-10,1
1402,2015-11,1
1402,2015-12,4
1402,2016-01,5
1402,2016-02,5
1402,2016-03,1
1402,2016-04,2
1402,2016-05,2
1402,2016-06,3
1402,2016-07,4
1402,2016-10,2
1402,2016-12,2
1402,2017-04,1
1402,2017-05,1
1402,2017-06,1
1402,2017-07,3
1402,2017-12,1
1402,2018-01,1
1402,2018-02,1
1402,2018-03,1
1402,2018-04,2
1402,2018-05,4
1402,2018-06,3
1402,2018-07,5
1402,2018-08,9
1402,2018-09,5
1402,2018-10,5
1402,2018-11,4
1402,2018-12,8
1402,2019-01,10
1402,2019-02,2
1402,2019-03,4
1402,2019-04,6
1402,2019-05,1
1402,2019-06,4
1402,2019-07,3
1402,2019-08,1
1402,2019-09,6
1402,2019-10,2
1402,2019-11,3
1402,2019-12,1
1402,2020-01,2
1402,2020-02,2
1402,2020-03,6
1402,2020-04,10
1402,2020-05,8
1402,2020-06,1
1402,2020-07,9
1402,2020-08,5
1402,2020-09,5
1402,2020-11,4
1402,2020-12,2
1402,2021-01,3
1402,2021-03,4
1402,2021-04,6
1402,2021-05,10
1402,2021-07,1
1402,2021-08,4
1402,2021-09,1
1402,2021-10,2
1402,2021-11,2
1402,2021-12,4
1402,2022-01,3
1402,2022-02,7
1402,2022-03,8
1402,2022-04,3
1402,2022-05,9
1402,2022-06,14
1402,2022-07,16
1402,2022-08,20
1402,2022-09,14
1402,2022-10,15
1402,2022-11,4
1402,2022-12,7
1402,2023-01,1
1402,2023-02,4
1402,2023-03,3
1402,2023-05,2
1402,2023-06,3
1402,2023-08,4
1402,2023-09,5
1402,2023-10,9
1402,2023-11,16
1402,2023-12,11
1402,2024-01,2
1402,2024-02,1
1402,2024-03,2
1402,2024-04,3
1402,2024-05,9
1402,2024-06,11
1402,2024-07,4
1402,2024-08,4
1402,2024-09,2
1402,2024-10,5
1402,2024-11,8
1402,2024-12,7
1409,2015-04,1
1409,2015-05,3
1409,2015-08,1
1409,2016-03,1
1409,2017-10,2
1409,2017-12,1
1409,2018-06,3
1409,2018-07,3
1409,2018-08,2
1409,2018-10,1
1409,2018-11,1
1409,2018-12,3
1409,2019-01,1
1409,2019-03,1
1409,2019-04,2
1409,2019-05,1
1409,2019-10,1
1409,2019-11,1
1409,2020-01,1
1409,2020-02,2
1409,2020-04,1
1409,2020-05,3
1409,2020-07,1
1409,2020-12,2
1409,2021-03,5
1409,2021-04,13
1409,2021-05,8
1409,2021-06,1
1409,2021-07,3
1409,2021-08,4
1409,2021-09,1
1409,2021-10,2
1409,2021-11,1
1409,2021-12,2
1409,2022-01,1
1409,2022-02,1
1409,2022-03,3
1409,2022-05,2
1409,2022-08,1
1409,2022-12,2
1409,2023-03,1
1409,2023-05,3
1409,2023-06,4
1409,2024-03,2
1409,2024-04,2
1409,2024-05,1
1409,2024-07,2
1409,2024-08,1
1409,2024-10,1
1409,2025-01,1
1410,2015-05,2
1410,2016-07,1
1410,2017-02,1
1410,2018-08,1
1410,2018-12,1
1410,2019-01,1
1410,2019-04,1
1410,2019-07,1
1410,2019-10,1
1410,2019-12,1
1410,2020-07,1
1410,2021-01,1
1410,2021-02,1
1410,2021-10,1
1410,2022-08,1
1410,2023-05,1
1410,2023-07,1
1410,2024-07,1
1410,2024-11,1
1413,2015-06,2
1413,2015-12,1
1413,2020-08,2
1413,2020-09,1
1413,2020-11,1
1413,2021-01,1
1413,2021-02,1
1413,2021-03,2
1413,2021-04,1
1413,2021-05,1
1413,2021-07,1
1413,2021-10,1
1413,2021-11,1
1413,2021-12,1
1413,2022-01,3
1413,2022-03,4
1413,2022-04,2
1413,2022-05,2
1413,2022-06,1
1413,2022-07,2
1413,2022-08,7
1413,2022-09,3
1413,2022-11,2
1413,2022-12,2
1413,2023-01,1
1413,2023-02,2
1413,2023-03,1
1413,2023-04,1
1413,2023-05,1
1413,2023-07,2
1413,2024-04,2
1413,2024-06,1
1413,2024-10,1
1413,2024-11,1
1413,2025-01,1
1414,2015-05,1
1414,2015-08,2
1414,2016-07,1
1414,2017-04,1
1414,2017-11,2
1414,2018-04,1
1414,2019-05,1
1414,2021-04,1
1414,2021-06,1
1414,2021-11,2
1414,2021-12,1
1414,2022-04,1
1414,2022-11,1
1414,2023-02,1
1417,2015-05,1
1417,2015-06,1
1417,2015-07,1
1417,2015-08,1
1417,2015-12,2
1417,2016-03,1
1417,2016-05,1
1417,2017-05,1
1417,2018-05,1
1417,2018-09,1
1417,2019-03,2
1417,2019-10,1
1417,2020-04,2
1417,2020-09,4
1417,2020-11,1
1417,2021-01,1
1417,2021-03,2
1417,2021-04,2
1417,2021-05,2
1417,2021-06,2
1417,2021-07,1
1417,2022-01,1
1417,2022-02,1
1417,2022-05,1
1417,2022-11,1
1417,2022-12,1
1417,2023-01,1
1417,2023-02,1
1417,2023-04,1
1417,2023-07,1
1417,2024-03,1
1418,2015-08,1
1418,2020-02,1
1418,2020-03,2
1418,2022-05,1
1418,2022-12,1
1418,2023-01,1
1418,2024-03,1
1419,2015-09,1
1419,2016-08,1
1419,2017-04,1
1419,2017-10,2
1419,2018-03,2
1419,2019-03,1
1419,2021-04,1
1419,2021-06,1
1419,2021-11,1
1419,2022-12,1
1423,2016-05,1
1423,2022-03,1
1423,2022-10,1
1423,2022-12,1
1423,2023-01,1
1423,2023-04,1
1423,2023-05,1
1423,2024-04,1
1423,2024-06,1
1432,2015-05,1
1432,2015-07,1
1432,2015-11,1
1432,2016-05,2
1432,2016-08,1
1432,2017-07,1
1432,2017-12,1
1432,2019-07,1
1432,2020-06,1
1432,2020-08,1
1432,2020-09,4
1432,2020-10,2
1432,2021-04,2
1432,2022-03,9
1432,2022-04,2
1432,2022-06,1
1432,2022-07,2
1432,2022-12,1
1432,2023-01,1
1432,2023-02,3
1432,2023-03,3
1432,2023-04,1
1432,2023-05,1
1432,2023-06,2
1432,2023-08,1
1432,2023-10,1
1432,2023-11,2
1432,2023-12,2
1432,2024-01,2
1432,2024-02,1
1432,2024-03,3
1432,2024-05,1
1432,2024-07,2
1432,2024-08,1
1432,2024-11,2
1432,2025-01,1
1434,2015-05,3
1434,2015-06,2
1434,2015-07,5
1434,2015-08,1
1434,2015-09,1
1434,2015-11,3
1434,2016-01,2
1434,2016-03,1
1434,2016-04,1
1434,2016-06,1
1434,2016-07,1
1434,2016-11,1
1434,2017-04,2
1434,2017-05,2
1434,2017-06,2
1434,2017-07,1
1434,2017-10,2
1434,2017-12,1
1434,2018-01,1
1434,2018-02,2
1434,2018-03,1
1434,2018-05,1
1434,2018-06,1
1434,2018-07,1
1434,2018-10,2
1434,2018-12,4
1434,2019-03,3
1434,2019-07,1
1434,2019-08,6
1434,2019-11,1
1434,2020-01,1
1434,2020-02,2
1434,2020-04,1
1434,2020-05,3
1434,2020-06,1
1434,2020-07,1
1434,2020-08,1
1434,2020-09,4
1434,2020-11,7
1434,2020-12,3
1434,2021-01,3
1434,2021-02,1
1434,2021-04,4
1434,2021-05,2
1434,2021-06,5
1434,2021-07,4
1434,2021-10,1
1434,2021-11,1
1434,2021-12,5
1434,2022-02,1
1434,2022-03,2
1434,2022-04,3
1434,2022-05,1
1434,2022-06,1
1434,2022-07,2
1434,2022-08,1
1434,2022-09,2
1434,2022-10,1
1434,2023-03,2
1434,2023-05,1
1434,2023-08,2
1434,2023-09,1
1434,2024-06,2
1434,2024-07,3
1434,2024-08,2
1434,2024-09,3
1434,2024-10,2
1434,2024-11,3
1434,2024-12,6
1471,2015-06,1
1471,2017-12,1
1471,2021-04,1
1471,2021-05,2
1471,2021-10,2
1471,2021-12,1
1471,2022-01,1
1471,2022-06,3
1471,2022-07,3
1471,2023-01,1
1471,2023-05,1
1471,2023-06,1
1471,2023-07,1
1471,2023-08,1
1471,2023-09,2
1471,2024-04,1
1503,2015-05,6
1503,2015-06,2
1503,2015-07,2
1503,2015-08,4
1503,2015-09,1
1503,2015-12,1
1503,2016-05,1
1503,2016-06,1
1503,2016-07,2
1503,2017-12,1
1503,2018-02,1
1503,2018-09,4
1503,2018-11,1
1503,2019-01,1
1503,2019-04,1
1503,2019-05,1
1503,2019-07,1
1503,2019-08,1
1503,2019-10,1
1503,2019-11,2
1503,2019-12,3
1503,2020-01,1
1503,2020-02,1
1503,2020-04,1
1503,2020-06,1
1503,2020-09,2
1503,2020-10,1
1503,2020-11,1
1503,2021-01,1
1503,2021-04,1
1503,2021-05,1
1503,2021-07,1
1503,2021-10,1
1503,2022-03,1
1503,2022-05,1
1503,2022-07,1
1503,2022-09,1
1503,2023-03,8
1503,2023-04,13
1503,2023-05,15
1503,2023-06,11
1503,2023-07,9
1503,2023-08,6
1503,2023-12,4
1503,2024-01,7
1503,2024-02,15
1503,2024-03,36
1503,2024-04,23
1503,2024-05,7
1503,2024-06,16
1503,2024-07,11
1503,2024-08,6
1503,2024-09,4
1503,2024-10,3
1503,2024-11,1
1503,2025-01,1
1504,2015-05,6
1504,2015-06,3
1504,2015-07,6
1504,2015-08,3
1504,2015-09,2
1504,2015-10,8
1504,2015-11,2
1504,2015-12,3
1504,2016-01,1
1504,2016-02,2
1504,2016-03,2
1504,2016-04,1
1504,2016-05,2
1504,2016-06,3
1504,2016-07,2
1504,2016-09,1
1504,2016-10,1
1504,2016-11,1
1504,2016-12,1
1504,2017-01,1
1504,2017-03,1
1504,2017-07,1
1504,2017-09,1
1504,2017-12,2
1504,2018-01,1
1504,2018-02,1
1504,2018-03,5
1504,2018-05,2
1504,2018-06,2
1504,2018-10,2
1504,2018-11,6
1504,2018-12,6
1504,2019-01,7
1504,2019-02,2
1504,2019-03,3
1504,2019-04,5
1504,2019-05,4
1504,2019-06,1
1504,2019-07,1
1504,2019-08,2
1504,2019-09,1
1504,2019-10,3
1504,2019-11,3
1504,2019-12,3
1504,2020-01,4
1504,2020-03,3
1504,2020-04,2
1504,2020-05,3
1504,2020-07,3
1504,2020-08,2
1504,2020-10,1
1504,2020-11,6
1504,2020-12,5
1504,2021-01,1
1504,2021-03,9
1504,2021-04,6
1504,2021-06,4
1504,2021-07,12
1504,2021-08,1
1504,2021-09,4
1504,2021-10,3
1504,2021-11,3
1504,2021-12,2
1504,2022-03,4
1504,2022-04,1
1504,2022-05,3
1504,2022-09,1
1504,2023-01,1
1504,2023-03,15
1504,2023-04,12
1504,2023-05,10
1504,2023-06,7
1504,2023-07,8
1504,2023-09,4
1504,2023-10,5
1504,2023-11,3
1504,2023-12,5
1504,2024-01,4
1504,2024-02,1
1504,2024-03,13
1504,2024-04,11
1504,2024-05,9
1504,2024-06,7
1504,2024-07,2
1504,2024-08,2
1504,2024-09,1
1504,2024-11,3
1504,2024-12,10
1506,2017-07,3
1506,2019-08,1
1506,2021-03,1
1506,2021-07,1
1506,2021-12,4
1506,2022-04,8
1506,2022-05,1
1506,2022-07,1
1506,2022-08,1
1506,2022-09,1
1506,2022-11,1
1506,2023-02,2
1506,2024-02,1
1506,2024-03,2
1506,2024-04,1
1506,2024-05,1
1506,2024-06,1
1506,2024-07,1
1506,2024-08,2
1506,2024-09,1
1506,2024-11,2
1512,2015-05,1
1512,2015-06,1
1512,2016-12,1
1512,2017-08,1
1512,2017-10,1
1512,2017-11,1
1512,2018-03,1
1512,2018-06,1
1512,2018-07,1
1512,2018-08,1
1512,2018-12,1
1512,2019-05,2
1512,2019-11,2
1512,2021-06,1
1512,2022-01,4
1512,2022-05,3
1512,2022-08,1
1512,2022-12,1
1512,2023-09,1
1512,2024-01,1
1512,2024-03,2
1512,2024-08,1
1512,2024-09,1
1513,2015-05,2
1513,2015-06,5
1513,2015-08,4
1513,2015-09,1
1513,2015-10,1
1513,2016-03,1
1513,2016-07,1
1513,2016-09,1
1513,2016-10,1
1513,2016-12,1
1513,2017-01,1
1513,2017-03,1
1513,2017-06,1
1513,2017-09,2
1513,2017-10,1
1513,2017-11,1
1513,2018-08,1
1513,2018-09,1
1513,2018-10,2
1513,2018-12,1
1513,2019-01,2
1513,2019-03,1
1513,2019-04,2
1513,2019-05,4
1513,2019-11,1
1513,2020-01,1
1513,2020-02,2
1513,2020-03,1
1513,2020-05,1
1513,2020-06,1
1513,2020-08,1
1513,2020-09,9
1513,2020-10,7
1513,2020-11,11
1513,2020-12,4
1513,2021-01,6
1513,2021-02,3
1513,2021-03,1
1513,2021-04,6
1513,2021-05,7
1513,2021-07,2
1513,2021-08,2
1513,2021-09,3
1513,2021-10,6
1513,2021-11,3
1513,2021-12,1
1513,2022-03,8
1513,2022-04,5
1513,2022-05,4
1513,2022-06,5
1513,2022-07,12
1513,2022-08,19
1513,2022-09,11
1513,2022-10,2
1513,2022-11,15
1513,2022-12,26
1513,2023-01,17
1513,2023-02,16
1513,2023-03,29
1513,2023-04,20
1513,2023-05,16
1513,2023-06,17
1513,2023-07,31
1513,2023-08,12
1513,2023-09,3
1513,2023-10,2
1513,2023-11,8
1513,2023-12,7
1513,2024-01,3
1513,2024-02,28
1513,2024-03,66
1513,2024-04,47
1513,2024-05,10
1513,2024-06,12
1513,2024-07,20
1513,2024-08,19
1513,2024-09,4
1513,2024-11,2
1513,2024-12,2
1514,2015-04,2
1514,2015-07,1
1514,2016-01,1
1514,2018-04,1
1514,2018-06,1
1514,2019-01,1
1514,2019-03,1
1514,2019-04,1
1514,2019-07,1
1514,2020-06,2
1514,2020-08,3
1514,2020-10,1
1514,2021-03,2
1514,2021-10,1
1514,2021-12,1
1514,2022-03,2
1514,2022-04,1
1514,2022-05,1
1514,2022-07,3
1514,2022-11,2
1514,2022-12,1
1514,2023-01,3
1514,2023-02,1
1514,2023-03,1
1514,2023-04,4
1514,2023-05,1
1514,2023-06,3
1514,2023-07,2
1514,2023-08,1
1514,2023-11,1
1514,2023-12,7
1514,2024-01,3
1514,2024-02,9
1514,2024-03,22
1514,2024-04,24
1514,2024-05,8
1514,2024-06,18
1514,2024-07,5
1514,2024-08,8
1514,2024-11,1
1515,2015-10,1
1515,2016-03,1
1515,2016-06,1
1515,2016-07,2
1515,2016-08,1
1515,2016-09,2
1515,2016-11,1
1515,2017-07,1
1515,2017-11,2
1515,2018-01,1
1515,2018-02,3
1515,2018-03,2
1515,2018-07,2
1515,2018-10,2
1515,2018-11,1
1515,2018-12,8
1515,2019-01,4
1515,2019-02,3
1515,2019-03,1
1515,2019-05,3
1515,2019-06,5
1515,2019-07,3
1515,2019-08,2
1515,2019-09,2
1515,2019-11,1
1515,2020-03,2
1515,2020-04,5
1515,2020-05,3
1515,2020-06,2
1515,2020-09,2
1515,2020-11,1
1515,2020-12,2
1515,2021-02,1
1515,2021-03,2
1515,2021-04,1
1515,2021-05,6
1515,2021-06,1
1515,2021-08,2
1515,2021-10,1
1515,2021-12,1
1515,2022-01,3
1515,2022-02,3
1515,2022-03,1
1515,2022-07,3
1515,2022-11,1
1515,2022-12,1
1515,2023-06,1
1515,2023-09,2
1515,2023-11,4
1515,2023-12,1
1515,2024-04,1
1515,2024-05,1
1515,2024-06,1
1515,2024-08,1
1515,2024-10,1
1515,2024-11,1
1517,2015-05,1
1517,2015-06,1
1517,2016-03,1
1517,2017-07,1
1517,2020-03,1
1517,2020-09,2
1517,2021-03,2
1517,2021-04,4
1517,2021-08,2
1517,2021-10,1
1517,2021-11,1
1517,2022-01,1
1517,2022-03,1
1517,2022-07,1
1517,2022-08,1
1517,2022-10,1
1517,2022-11,1
1517,2022-12,2
1517,2024-08,1
1519,2015-05,1
1519,2015-07,1
1519,2016-03,1
1519,2016-05,1
1519,2016-10,1
1519,2016-11,1
1519,2017-03,1
1519,2017-04,1
1519,2017-05,2
1519,2017-09,2
1519,2018-03,5
1519,2018-04,7
1519,2018-06,3
1519,2018-07,4
1519,2018-09,3
1519,2018-10,1
1519,2018-11,1
1519,2019-01,1
1519,2019-04,1
1519,2019-06,1
1519,2019-07,2
1519,2019-09,3
1519,2019-10,5
1519,2019-11,6
1519,2019-12,3
1519,2020-01,1
1519,2020-02,2
1519,2020-06,1
1519,2020-07,2
1519,2020-08,2
1519,2020-09,3
1519,2020-10,2
1519,2020-11,4
1519,2020-12,2
1519,2021-01,1
1519,2021-04,4
1519,2021-05,1
1519,2021-06,1
1519,2021-08,2
1519,2021-11,1
1519,2022-01,2
1519,2022-02,2
1519,2022-03,3
1519,2022-05,2
1519,2022-07,1
1519,2022-08,1
1519,2022-09,2
1519,2022-10,2
1519,2022-11,1
1519,2022-12,2
1519,2023-01,8
1519,2023-02,4
1519,2023-03,6
1519,2023-04,11
1519,2023-05,21
1519,2023-06,12
1519,2023-07,10
1519,2023-08,17
1519,2023-09,8
1519,2023-10,11
1519,2023-11,11
1519,2023-12,27
1519,2024-01,21
1519,2024-02,16
1519,2024-03,19
1519,2024-04,33
1519,2024-05,27
1519,2024-06,19
1519,2024-07,15
1519,2024-08,9
1519,2024-09,12
1519,2024-10,8
1519,2024-11,6
1519,2024-12,2
1519,2025-01,2
1521,2015-05,3
1521,2015-06,2
1521,2015-07,2
1521,2015-08,2
1521,2015-09,1
1521,2015-10,2
1521,2016-02,1
1521,2016-05,1
1521,2016-07,4
1521,2016-08,2
1521,2017-02,2
1521,2017-05,2
1521,2017-06,4
1521,2017-07,5
1521,2017-08,4
1521,2017-09,4
1521,2017-10,4
1521,2017-11,3
1521,2018-03,2
1521,2018-04,2
1521,2018-05,3
1521,2018-08,1
1521,2018-10,1
1521,2019-01,1
1521,2019-07,1
1521,2019-10,1
1521,2020-09,1
1521,2021-02,1
1521,2021-10,1
1521,2022-03,1
1521,2022-05,4
1521,2022-06,2
1521,2022-07,1
1521,2022-10,1
1521,2022-12,1
1521,2023-01,1
1521,2023-09,1
1521,2023-12,1
1521,2024-03,2
1521,2024-05,1
1521,2024-07,1
1521,2024-10,1
1521,2024-11,1
1522,2015-06,1
1522,2015-07,1
1522,2015-10,1
1522,2015-11,2
1522,2016-01,1
1522,2016-04,1
1522,2016-08,2
1522,2016-09,1
1522,2016-11,2
1522,2017-05,1
1522,2017-10,1
1522,2018-03,1
1522,2018-11,1
1522,2019-01,2
1522,2019-04,3
1522,2019-05,2
1522,2019-07,3
1522,2019-08,1
1522,2019-09,1
1522,2019-10,1
1522,2019-12,1
1522,2020-01,1
1522,2020-03,2
1522,2020-05,1
1522,2021-01,2
1522,2021-04,1
1522,2021-05,1
1522,2021-07,2
1522,2021-08,2
1522,2021-09,3
1522,2022-05,4
1522,2022-06,5
1522,2022-07,2
1522,2022-08,2
1522,2022-09,1
1522,2022-11,4
1522,2022-12,3
1522,2023-01,2
1522,2023-03,1
1522,2023-05,1
1522,2023-09,6
1522,2023-12,2
1522,2024-01,1
1522,2024-02,3
1522,2024-03,2
1522,2024-05,5
1522,2024-06,1
1522,2024-07,1
1522,2024-08,3
1522,2024-09,2
1522,2024-11,1
1524,2015-05,1
1524,2015-08,2
1524,2016-01,1
1524,2016-04,2
1524,2016-05,1
1524,2016-07,1
1524,2016-09,2
1524,2016-11,1
1524,2017-03,1
1524,2017-09,1
1524,2017-12,1
1524,2019-10,1
1524,2021-01,1
1524,2021-05,1
1524,2021-07,1
1524,2021-12,1
1524,2022-05,11
1524,2022-06,9
1524,2022-07,5
1524,2022-08,22
1524,2022-09,1
1524,2022-11,3
1524,2022-12,1
1524,2023-01,1
1524,2023-05,1
1524,2023-08,1
1524,2023-09,2
1524,2023-10,2
1524,2023-11,2
1524,2023-12,5
1524,2024-02,2
1524,2024-03,1
1524,2024-04,1
1524,2024-05,4
1524,2024-07,1
1524,2024-11,1
1524,2025-01,1
1525,2015-05,3
1525,2015-06,3
1525,2015-08,2
1525,2015-10,1
1525,2016-01,1
1525,2016-02,2
1525,2016-03,2
1525,2016-04,2
1525,2016-08,2
1525,2017-05,1
1525,2018-04,1
1525,2018-10,1
1525,2019-05,1
1525,2020-07,1
1525,2020-08,2
1525,2020-09,2
1525,2021-01,1
1525,2021-05,3
1525,2021-06,1
1525,2021-07,1
1525,2021-08,1
1525,2021-09,1
1525,2022-07,1
1525,2022-09,1
1525,2023-01,1
1525,2023-02,1
1525,2023-05,2
1525,2023-06,2
1525,2023-08,1
1526,2015-11,1
1526,2017-04,1
1526,2017-07,2
1526,2017-11,3
1526,2018-01,3
1526,2018-11,2
1526,2018-12,2
1526,2019-03,1
1526,2019-05,3
1526,2020-08,1
1526,2020-09,3
1526,2020-12,4
1526,2021-04,2
1526,2021-05,1
1526,2021-11,2
1526,2021-12,1
1526,2022-01,3
1526,2022-07,1
1526,2022-12,2
1526,2023-01,1
1526,2023-04,1
1526,2024-12,1
1527,2015-05,2
1527,2015-06,4
1527,2015-08,5
1527,2015-09,6
1527,2015-10,7
1527,2015-11,4
1527,2015-12,2
1527,2016-02,3
1527,2016-03,3
1527,2016-04,2
1527,2016-05,4
1527,2016-06,6
1527,2016-07,5
1527,2016-08,3
1527,2016-10,2
1527,2016-11,2
1527,2016-12,5
1527,2017-01,2
1527,2017-02,2
1527,2017-03,1
1527,2017-04,1
1527,2017-05,1
1527,2017-06,1
1527,2017-08,1
1527,2017-09,1
1527,2017-10,1
1527,2017-12,1
1527,2018-01,1
1527,2018-05,3
1527,2018-07,2
1527,2018-08,1
1527,2018-09,1
1527,2018-10,1
1527,2019-01,1
1527,2019-03,1
1527,2019-05,2
1527,2019-10,2
1527,2021-05,1
1527,2021-06,1
1527,2021-07,1
1527,2021-09,2
1527,2021-12,1
1527,2022-05,1
1527,2022-07,1
1527,2022-12,1
1527,2023-03,1
1527,2023-07,1
1527,2023-12,1
1527,2024-05,1
1527,2024-06,1
1527,2024-08,2
1527,2025-01,1
1533,2015-05,1
1533,2015-07,1
1533,2015-08,2
1533,2015-09,1
1533,2015-11,2
1533,2016-03,4
1533,2016-05,2
1533,2016-11,1
1533,2017-09,1
1533,2017-10,1
1533,2018-03,1
1533,2018-05,1
1533,2018-08,1
1533,2019-03,1
1533,2019-04,1
1533,2019-07,1
1533,2019-12,1
1533,2020-09,1
1533,2021-01,3
1533,2021-02,7
1533,2021-03,1
1533,2021-04,1
1533,2021-05,1
1533,2021-06,2
1533,2021-07,1
1533,2021-09,1
1533,2021-10,15
1533,2021-11,3
1533,2022-01,3
1533,2022-04,6
1533,2022-10,2
1533,2023-02,1
1533,2023-03,1
1533,2023-04,1
1533,2023-08,2
1533,2023-12,1
1536,2015-04,2
1536,2015-05,13
1536,2015-06,10
1536,2015-07,16
1536,2015-08,13
1536,2015-09,12
1536,2015-10,15
1536,2015-11,12
1536,2015-12,9
1536,2016-01,6
1536,2016-02,3
1536,2016-03,13
1536,2016-04,13
1536,2016-05,17
1536,2016-06,12
1536,2016-07,8
1536,2016-08,10
1536,2016-09,1
1536,2016-10,5
1536,2016-11,4
1536,2016-12,5
1536,2017-01,5
1536,2017-02,1
1536,2017-03,3
1536,2017-04,5
1536,2017-05,6
1536,2017-06,5
1536,2017-07,3
1536,2017-08,6
1536,2017-09,2
1536,2017-10,4
1536,2017-11,5
1536,2017-12,6
1536,2018-01,3
1536,2018-02,6
1536,2018-03,7
1536,2018-04,12
1536,2018-05,4
1536,2018-06,11
1536,2018-07,7
1536,2018-08,7
1536,2018-09,7
1536,2018-10,10
1536,2018-11,6
1536,2018-12,8
1536,2019-01,8
1536,2019-02,1
1536,2019-03,7
1536,2019-04,3
1536,2019-05,7
1536,2019-06,8
1536,2019-07,5
1536,2019-08,4
1536,2019-09,4
1536,2019-10,3
1536,2019-11,6
1536,2019-12,1
1536,2020-01,2
1536,2020-02,5
1536,2020-03,18
1536,2020-04,9
1536,2020-05,12
1536,2020-06,3
1536,2020-07,12
1536,2020-08,6
1536,2020-09,2
1536,2020-10,3
1536,2020-11,4
1536,2020-12,11
1536,2021-01,11
1536,2021-02,5
1536,2021-03,10
1536,2021-04,5
1536,2021-05,12
1536,2021-06,10
1536,2021-07,8
1536,2021-08,6
1536,2021-09,5
1536,2021-10,11
1536,2021-11,5
1536,2021-12,4
1536,2022-01,6
1536,2022-02,2
1536,2022-03,6
1536,2022-04,10
1536,2022-05,9
1536,2022-06,2
1536,2022-07,8
1536,2022-08,4
1536,2022-09,10
1536,2022-10,9
1536,2022-11,3
1536,2022-12,2
1536,2023-01,2
1536,2023-02,2
1536,2023-03,3
1536,2023-04,7
1536,2023-05,4
1536,2023-06,3
1536,2023-07,3
1536,2023-08,4
1536,2023-09,3
1536,2023-10,2
1536,2023-11,3
1536,2023-12,5
1536,2024-02,1
1536,2024-03,2
1536,2024-04,7
1536,2024-05,2
1536,2024-06,4
1536,2024-07,11
1536,2024-08,4
1536,2024-09,10
1536,2024-10,5
1536,2024-11,4
1536,2024-12,9
1536,2025-01,2
1582,2015-06,2
1582,2015-07,2
1582,2015-10,1
1582,2015-11,1
1582,2016-03,1
1582,2016-04,2
1582,2016-05,3
1582,2016-06,1
1582,2016-07,2
1582,2016-08,1
1582,2016-11,3
1582,2016-12,2
1582,2017-01,2
1582,2017-03,2
1582,2017-04,2
1582,2017-08,1
1582,2017-10,1
1582,2018-03,2
1582,2018-05,1
1582,2019-03,2
1582,2019-04,1
1582,2019-06,1
1582,2019-08,1
1582,2019-11,2
1582,2020-05,1
1582,2020-10,1
1582,2021-03,1
1582,2021-08,1
1582,2021-11,1
1582,2022-07,1
1582,2023-03,1
1582,2023-07,1
1582,2023-11,4
1582,2024-01,1
1582,2024-03,1
1582,2024-04,1
1582,2024-05,3
1582,2024-06,1
1582,2024-07,1
1582,2024-08,1
1582,2024-09,3
1598,2016-11,1
1598,2017-05,1
1598,2017-06,1
1598,2017-09,1
1598,2017-10,4
1598,2017-11,4
1598,2017-12,1
1598,2018-03,3
1598,2019-05,2
1598,2019-11,1
1598,2020-05,2
1598,2020-06,2
1598,2020-08,2
1598,2020-09,8
1598,2020-11,3
1598,2020-12,3
1598,2021-01,2
1598,2021-03,1
1598,2021-06,3
1598,2021-07,3
1598,2021-08,3
1598,2021-12,2
1598,2022-01,3
1598,2022-03,1
1598,2022-04,1
1598,2023-04,1
1598,2023-05,1
1598,2023-06,2
1598,2023-08,2
1598,2023-11,1
1598,2024-01,1
1598,2024-05,1
1603,2015-05,1
1603,2015-07,1
1603,2016-03,3
1603,2016-09,1
1603,2016-10,2
1603,2016-11,3
1603,2017-01,2
1603,2017-09,1
1603,2017-11,1
1603,2017-12,1
1603,2018-04,1
1603,2018-07,2
1603,2018-09,1
1603,2018-11,1
1603,2018-12,1
1603,2019-01,2
1603,2019-03,2
1603,2019-04,4
1603,2019-05,3
1603,2019-06,3
1603,2019-07,2
1603,2019-08,1
1603,2019-10,1
1603,2019-11,1
1603,2020-06,1
1603,2020-07,1
1603,2021-01,1
1603,2021-03,1
1603,2021-04,1
1603,2021-05,1
1603,2021-07,1
1603,2021-08,3
1603,2021-09,2
1603,2022-04,2
1603,2022-05,1
1603,2022-07,1
1603,2023-02,1
1603,2023-03,8
1603,2023-04,2
1603,2023-05,1
1603,2023-06,1
1603,2023-08,3
1603,2023-10,1
1603,2023-11,2
1603,2023-12,1
1603,2024-01,2
1603,2024-03,7
1603,2024-04,7
1603,2024-05,1
1603,2024-07,1
1603,2024-08,3
1603,2024-09,1
1603,2024-12,1
1603,2025-01,3
1604,2015-05,1
1604,2015-12,1
1604,2016-08,1
1604,2016-11,1
1604,2017-01,3
1604,2017-02,1
1604,2017-09,1
1604,2018-04,1
1604,2018-06,1
1604,2019-01,1
1604,2019-03,2
1604,2019-05,4
1604,2019-06,2
1604,2019-09,2
1604,2020-04,1
1604,2020-07,5
1604,2020-09,1
1604,2020-12,1
1604,2021-03,2
1604,2021-05,1
1604,2021-07,1
1604,2021-09,7
1604,2021-12,1
1604,2022-04,1
1604,2023-07,1
1604,2024-05,1
1604,2024-09,1
1605,2015-04,1
1605,2015-05,3
1605,2015-06,8
1605,2015-07,5
1605,2015-08,2
1605,2015-09,2
1605,2015-10,7
1605,2015-11,1
1605,2015-12,5
1605,2016-01,1
1605,2016-02,3
1605,2016-03,5
1605,2016-05,3
1605,2016-06,1
1605,2016-07,5
1605,2016-08,1
1605,2016-09,1
1605,2016-10,2
1605,2016-11,4
1605,2016-12,1
1605,2017-02,4
1605,2017-04,1
1605,2017-06,1
1605,2017-07,3
1605,2017-08,6
1605,2017-09,3
1605,2017-10,3
1605,2017-11,1
1605,2017-12,3
1605,2018-02,1
1605,2018-03,1
1605,2018-04,6
1605,2018-05,5
1605,2018-06,5
1605,2018-07,5
1605,2018-08,3
1605,2018-10,4
1605,2018-11,4
1605,2018-12,6
1605,2019-01,3
1605,2019-02,2
1605,2019-03,7
1605,2019-04,1
1605,2019-05,5
1605,2019-06,6
1605,2019-07,1
1605,2019-08,3
1605,2019-09,3
1605,2019-11,1
1605,2019-12,2
1605,2020-02,2
1605,2020-03,4
1605,2020-04,1
1605,2020-05,3
1605,2020-06,1
1605,2020-10,3
1605,2020-11,4
1605,2020-12,3
1605,2021-02,1
1605,2021-03,3
1605,2021-04,4
1605,2021-05,12
1605,2021-06,3
1605,2021-07,14
1605,2021-08,5
1605,2021-09,5
1605,2021-10,4
1605,2021-11,2
1605,2022-01,1
1605,2022-02,3
1605,2022-03,6
1605,2022-04,35
1605,2022-05,29
1605,2022-06,16
1605,2022-07,10
1605,2022-08,13
1605,2022-09,12
1605,2022-10,6
1605,2022-11,15
1605,2022-12,19
1605,2023-01,9
1605,2023-02,12
1605,2023-03,13
1605,2023-04,12
1605,2023-05,3
1605,2023-06,3
1605,2023-07,3
1605,2023-08,10
1605,2023-09,2
1605,2023-10,1
1605,2023-11,3
1605,2023-12,11
1605,2024-02,1
1605,2024-04,4
1605,2024-05,6
1605,2024-06,3
1605,2024-07,1
1605,2024-08,1
1605,2024-09,1
1605,2024-10,1
1605,2024-12,7
1608,2015-07,1
1608,2015-10,4
1608,2015-11,4
1608,2016-04,1
1608,2016-05,1
1608,2017-01,1
1608,2018-02,1
1608,2018-04,1
1608,2019-05,1
1608,2019-11,1
1608,2021-04,6
1608,2021-05,5
1608,2021-06,4
1608,2021-07,3
1608,2021-10,2
1608,2022-03,2
1608,2022-04,2
1608,2022-05,2
1608,2022-12,1
1608,2023-03,2
1608,2023-05,2
1608,2023-08,6
1608,2024-03,5
1608,2024-04,15
1608,2024-05,4
1608,2024-06,1
1608,2024-08,2
1609,2016-03,1
1609,2016-07,1
1609,2016-08,4
1609,2016-11,1
1609,2017-02,1
1609,2017-08,2
1609,2017-11,2
1609,2018-02,1
1609,2018-03,2
1609,2018-04,2
1609,2018-05,1
1609,2019-01,1
1609,2020-07,1
1609,2020-08,2
1609,2020-09,1
1609,2020-10,1
1609,2021-01,1
1609,2021-04,2
1609,2021-05,5
1609,2021-06,3
1609,2021-07,2
1609,2021-09,1
1609,2021-11,2
1609,2022-03,2
1609,2022-04,4
1609,2022-05,1
1609,2022-08,1
1609,2023-02,1
1609,2023-03,3
1609,2023-04,5
1609,2023-05,11
1609,2023-06,7
1609,2023-07,6
1609,2023-08,10
1609,2023-09,2
1609,2023-11,2
1609,2023-12,1
1609,2024-01,3
1609,2024-03,13
1609,2024-04,32
1609,2024-05,4
1609,2024-06,5
1609,2024-07,3
1609,2024-08,7
1609,2024-10,1
1611,2015-10,1
1611,2015-11,1
1611,2016-07,1
1611,2016-10,4
1611,2017-03,1
1611,2017-10,1
1611,2017-12,1
1611,2018-04,1
1611,2018-08,1
1611,2020-08,1
1611,2021-04,1
1611,2021-08,1
1611,2021-09,1
1611,2021-11,13
1611,2021-12,9
1611,2022-01,1
1611,2022-03,1
1611,2022-07,1
1611,2022-09,1
1611,2024-06,1
1612,2015-12,1
1612,2016-06,1
1612,2016-11,2
1612,2017-03,1
1612,2018-04,2
1612,2018-07,2
1612,2018-08,1
1612,2018-10,1
1612,2019-01,1
1612,2019-04,1
1612,2019-05,1
1612,2019-07,1
1612,2020-01,2
1612,2020-05,1
1612,2020-08,1
1612,2020-12,1
1612,2021-03,2
1612,2021-04,1
1612,2021-05,1
1612,2021-11,1
1612,2022-03,2
1612,2022-05,2
1612,2022-08,2
1612,2022-09,1
1612,2023-08,5
1612,2023-09,1
1612,2023-11,1
1612,2024-01,2
1612,2024-03,3
1612,2024-04,8
1612,2024-05,1
1612,2024-08,1
1614,2016-01,1
1614,2016-02,1
1614,2016-06,1
1614,2018-03,1
1614,2018-06,1
1614,2019-01,1
1614,2019-05,5
1614,2019-06,1
1614,2020-04,1
1614,2020-06,1
1614,2020-07,3
1614,2020-10,1
1614,2021-03,1
1614,2021-11,1
1614,2022-02,1
1614,2024-05,1
1615,2015-06,1
1615,2016-05,1
1615,2018-04,4
1615,2019-06,1
1615,2021-05,1
1615,2022-01,2
1615,2022-03,1
1615,2022-05,1
1615,2022-07,1
1615,2022-12,1
1615,2023-08,3
1615,2024-04,1
1615,2024-05,2
1615,2024-06,2
1615,2024-10,1
1615,2024-11,1
1616,2015-05,1
1616,2015-08,1
1616,2016-04,1
1616,2018-05,1
1616,2018-06,2
1616,2019-05,1
1616,2020-09,2
1616,2021-01,1
1616,2021-05,1
1616,2021-06,1
1616,2021-07,1
1616,2021-11,1
1616,2021-12,3
1616,2022-04,1
1616,2023-05,1
1616,2023-07,2
1616,2023-08,7
1616,2023-09,1
1616,2023-12,1
1616,2024-03,2
1616,2024-04,1
1616,2024-05,2
1616,2024-06,1
1616,2024-08,2
1616,2024-10,1
1616,2024-11,1
1707,2015-05,6
1707,2015-06,8
1707,2015-07,7
1707,2015-08,7
1707,2015-09,6
1707,2015-10,1
1707,2015-11,5
1707,2015-12,9
1707,2016-01,2
1707,2016-03,5
1707,2016-04,4
1707,2016-05,5
1707,2016-06,4
1707,2016-07,1
1707,2016-08,5
1707,2016-09,1
1707,2016-10,1
1707,2016-11,1
1707,2016-12,17
1707,2017-01,23
1707,2017-02,6
1707,2017-03,3
1707,2017-04,9
1707,2017-05,6
1707,2017-06,4
1707,2017-08,5
1707,2017-09,6
1707,2017-10,3
1707,2017-12,6
1707,2018-01,2
1707,2018-02,3
1707,2018-03,13
1707,2018-04,2
1707,2018-05,1
1707,2018-06,2
1707,2018-07,2
1707,2018-09,3
1707,2019-05,1
1707,2019-07,1
1707,2020-01,1
1707,2020-02,2
1707,2020-03,3
1707,2020-04,1
1707,2020-05,1
1707,2020-06,2
1707,2020-07,1
1707,2020-08,2
1707,2020-11,1
1707,2020-12,1
1707,2021-03,1
1707,2021-04,1
1707,2021-05,1
1707,2021-06,2
1707,2021-08,1
1707,2021-11,2
1707,2021-12,1
1707,2022-01,1
1707,2022-02,1
1707,2022-08,3
1707,2022-12,2
1707,2023-04,1
1707,2023-05,1
1707,2023-08,1
1707,2023-09,3
1707,2023-10,2
1707,2023-12,1
1707,2024-01,1
1707,2024-02,1
1707,2024-07,1
1707,2024-08,1
1707,2024-09,1
1707,2024-10,1
1707,2024-11,1
1708,2015-05,7
1708,2015-08,1
1708,2015-09,2
1708,2015-11,2
1708,2015-12,2
1708,2016-03,1
1708,2016-04,1
1708,2016-08,2
1708,2016-11,1
1708,2017-02,1
1708,2017-03,1
1708,2017-04,2
1708,2017-07,1
1708,2017-08,2
1708,2017-09,2
1708,2017-12,2
1708,2018-01,2
1708,2018-03,1
1708,2018-10,2
1708,2019-10,1
1708,2020-04,2
1708,2020-07,1
1708,2021-02,1
1708,2021-05,1
1708,2021-06,5
1708,2021-07,1
1708,2021-08,1
1708,2021-09,2
1708,2021-10,3
1708,2021-12,1
1708,2022-02,1
1708,2022-03,27
1708,2022-04,35
1708,2022-05,7
1708,2022-06,1
1708,2022-07,2
1708,2022-08,2
1708,2022-09,2
1708,2022-11,5
1708,2023-01,2
1708,2023-03,2
1708,2023-05,2
1708,2023-07,2
1708,2023-08,4
1708,2024-03,2
1708,2024-04,1
1708,2024-08,2
1708,2024-10,1
1708,2024-11,1
1709,2016-06,1
1709,2016-07,1
1709,2017-02,1
1709,2017-03,1
1709,2017-04,1
1709,2017-10,1
1709,2017-12,1
1709,2019-03,1
1709,2019-07,1
1709,2020-02,1
1709,2020-03,5
1709,2020-05,2
1709,2021-04,1
1709,2021-05,2
1709,2021-09,1
1709,2021-11,1
1709,2022-01,2
1709,2022-02,3
1709,2022-04,1
1709,2022-05,1
1709,2023-03,1
1709,2023-05,1
1709,2023-08,2
1709,2023-11,2
1709,2024-04,1
1709,2024-06,3
1709,2024-08,1
1709,2024-09,1
1710,2015-05,2
1710,2015-06,1
1710,2015-07,3
1710,2015-08,7
1710,2015-09,4
1710,2015-11,1
1710,2016-01,1
1710,2016-02,1
1710,2016-03,6
1710,2016-04,2
1710,2016-05,2
1710,2016-06,2
1710,2016-07,1
1710,2016-12,1
1710,2017-01,2
1710,2017-02,1
1710,2017-03,11
1710,2017-04,7
1710,2017-05,2
1710,2017-06,3
1710,2017-07,6
1710,2017-08,3
1710,2017-09,6
1710,2017-11,9
1710,2017-12,10
1710,2018-01,3
1710,2018-02,2
1710,2018-03,6
1710,2018-04,2
1710,2018-05,5
1710,2018-06,1
1710,2018-07,3
1710,2018-08,2
1710,2018-09,6
1710,2018-10,3
1710,2018-11,2
1710,2018-12,2
1710,2019-03,3
1710,2019-04,2
1710,2019-05,1
1710,2019-06,2
1710,2019-07,1
1710,2019-09,1
1710,2020-04,1
1710,2020-05,1
1710,2020-06,1
1710,2020-07,2
1710,2020-08,1
1710,2020-12,6
1710,2021-01,3
1710,2021-02,3
1710,2021-03,1
1710,2021-04,2
1710,2021-05,3
1710,2021-07,5
1710,2021-08,2
1710,2021-09,1
1710,2021-10,11
1710,2021-11,5
1710,2021-12,2
1710,2022-03,1
1710,2022-05,2
1710,2022-08,1
1710,2022-09,1
1710,2023-03,1
1710,2023-08,1
1710,2024-02,1
1710,2024-03,1
1710,2024-04,1
1710,2024-06,1
1710,2024-10,1
1711,2015-05,1
1711,2015-06,1
1711,2015-08,3
1711,2016-03,1
1711,2016-04,1
1711,2016-07,2
1711,2017-03,1
1711,2017-09,1
1711,2019-02,1
1711,2019-03,1
1711,2019-04,3
1711,2019-07,1
1711,2019-09,1
1711,2019-10,2
1711,2019-11,1
1711,2020-05,1
1711,2020-07,1
1711,2020-11,2
1711,2021-04,1
1711,2021-05,1
1711,2021-09,26
1711,2021-10,16
1711,2021-11,10
1711,2021-12,5
1711,2022-01,1
1711,2022-03,4
1711,2022-04,1
1711,2022-08,1
1711,2023-01,1
1711,2023-04,3
1711,2024-01,5
1711,2024-02,2
1711,2024-05,1
1711,2024-06,1
1711,2024-07,1
1711,2024-08,10
1711,2024-09,3
1712,2015-05,5
1712,2015-07,2
1712,2015-08,4
1712,2015-09,1
1712,2016-03,1
1712,2016-08,1
1712,2016-09,1
1712,2017-02,4
1712,2017-05,1
1712,2017-07,1
1712,2017-10,2
1712,2017-12,4
1712,2018-01,2
1712,2018-02,1
1712,2018-03,1
1712,2018-06,1
1712,2018-08,1
1712,2018-10,3
1712,2019-03,1
1712,2019-05,3
1712,2019-06,2
1712,2019-07,2
1712,2019-11,1
1712,2020-02,1
1712,2020-03,3
1712,2020-04,2
1712,2020-07,4
1712,2020-08,1
1712,2020-09,1
1712,2020-10,1
1712,2021-03,1
1712,2021-04,1
1712,2021-05,1
1712,2021-06,4
1712,2021-07,4
1712,2021-08,1
1712,2021-09,2
1712,2021-10,1
1712,2021-12,1
1712,2022-01,5
1712,2022-02,3
1712,2022-03,5
1712,2022-04,4
1712,2022-05,5
1712,2022-08,4
1712,2022-09,1
1712,2022-10,1
1712,2022-11,3
1712,2022-12,1
1712,2023-02,4
1712,2023-03,2
1712,2023-06,1
1712,2023-07,1
1712,2023-08,1
1712,2023-11,1
1712,2024-02,2
1712,2024-03,1
1712,2024-04,2
1712,2024-07,1
1712,2024-11,2
1713,2015-07,1
1713,2015-10,1
1713,2016-02,1
1713,2016-08,1
1713,2017-03,2
1713,2017-07,1
1713,2017-10,1
1713,2018-01,1
1713,2018-03,1
1713,2018-12,1
1713,2019-06,1
1713,2019-07,1
1713,2019-08,2
1713,2019-10,2
1713,2020-01,1
1713,2020-03,1
1713,2020-12,3
1713,2021-03,1
1713,2021-04,1
1713,2021-05,2
1713,2021-06,1
1713,2021-09,1
1713,2021-10,1
1713,2022-08,1
1713,2022-12,2
1713,2023-04,1
1713,2023-05,2
1713,2023-09,1
1713,2023-12,1
1713,2024-04,1
1713,2024-05,1
1713,2024-06,2
1713,2024-08,1
1713,2025-01,1
1714,2015-05,1
1714,2015-08,1
1714,2015-10,1
1714,2015-12,1
1714,2016-01,1
1714,2016-03,1
1714,2017-05,1
1714,2017-11,3
1714,2018-05,1
1714,2018-11,2
1714,2019-05,1
1714,2019-06,1
1714,2020-02,1
1714,2020-03,3
1714,2020-04,1
1714,2020-07,1
1714,2020-09,4
1714,2021-01,1
1714,2021-04,1
1714,2021-05,3
1714,2021-06,3
1714,2021-07,1
1714,2021-11,2
1714,2021-12,2
1714,2022-01,2
1714,2022-03,1
1714,2022-08,1
1714,2022-09,2
1714,2024-03,1
1714,2024-05,1
1717,2015-04,1
1717,2015-05,2
1717,2016-02,1
1717,2016-03,1
1717,2016-04,1
1717,2016-07,2
1717,2017-02,2
1717,2017-03,1
1717,2018-03,1
1717,2018-06,2
1717,2018-07,1
1717,2018-12,1
1717,2019-02,1
1717,2019-05,2
1717,2019-10,1
1717,2019-11,1
1717,2019-12,2
1717,2020-03,1
1717,2020-04,2
1717,2020-05,3
1717,2020-06,2
1717,2020-07,2
1717,2020-08,4
1717,2020-09,1
1717,2021-02,2
1717,2021-04,2
1717,2021-05,6
1717,2021-06,1
1717,2021-08,2
1717,2021-09,1
1717,2021-10,1
1717,2021-12,1
1717,2022-01,1
1717,2022-03,3
1717,2022-04,4
1717,2022-05,1
1717,2022-06,1
1717,2022-07,2
1717,2022-08,3
1717,2022-09,2
1717,2022-12,2
1717,2023-05,1
1717,2023-09,3
1717,2024-01,5
1717,2024-09,1
1718,2015-05,7
1718,2015-06,6
1718,2015-08,1
1718,2015-09,2
1718,2015-10,4
1718,2015-11,1
1718,2015-12,1
1718,2016-01,1
1718,2016-03,2
1718,2016-04,2
1718,2016-06,1
1718,2016-11,1
1718,2017-02,1
1718,2017-03,1
1718,2017-04,3
1718,2017-06,1
1718,2017-07,1
1718,2017-09,1
1718,2017-11,3
1718,2017-12,3
1718,2018-01,2
1718,2018-03,1
1718,2018-04,5
1718,2018-06,2
1718,2018-08,7
1718,2018-09,2
1718,2018-10,1
1718,2018-12,3
1718,2019-01,8
1718,2019-02,1
1718,2019-03,1
1718,2019-04,3
1718,2019-06,3
1718,2019-11,1
1718,2020-01,1
1718,2020-02,1
1718,2020-03,4
1718,2020-04,2
1718,2020-08,1
1718,2020-10,1
1718,2020-11,2
1718,2020-12,1
1718,2021-01,2
1718,2021-02,1
1718,2021-04,4
1718,2021-05,2
1718,2021-06,1
1718,2021-10,3
1718,2022-10,3
1718,2023-08,2
1718,2023-12,1
1718,2024-02,2
1718,2024-04,1
1718,2024-06,2
1718,2024-09,1
1720,2015-07,1
1720,2015-08,1
1720,2015-11,2
1720,2015-12,3
1720,2016-01,1
1720,2016-03,3
1720,2016-04,1
1720,2017-03,1
1720,2017-04,1
1720,2017-06,1
1720,2018-02,1
1720,2018-04,2
1720,2019-05,1
1720,2020-01,1
1720,2020-03,2
1720,2020-04,4
1720,2020-05,4
1720,2020-06,1
1720,2020-07,2
1720,2020-08,1
1720,2021-03,2
1720,2021-05,1
1720,2021-08,1
1720,2021-11,3
1720,2021-12,4
1720,2022-01,1
1720,2022-02,2
1720,2022-03,3
1720,2022-04,4
1720,2022-05,2
1720,2022-06,3
1720,2022-07,1
1720,2022-08,3
1720,2022-09,1
1720,2022-10,2
1720,2022-11,1
1720,2022-12,9
1720,2023-01,3
1720,2023-02,3
1720,2023-04,1
1720,2023-08,1
1720,2023-09,1
1720,2023-11,1
1720,2024-01,1
1720,2024-02,1
1720,2024-03,1
1720,2024-04,1
1720,2024-06,1
1720,2024-08,4
1720,2024-12,2
1721,2015-10,1
1721,2016-02,1
1721,2016-11,1
1721,2017-07,1
1721,2019-04,1
1721,2021-05,1
1721,2021-09,5
1721,2021-10,26
1721,2021-11,31
1721,2021-12,18
1721,2022-01,2
1721,2022-03,3
1721,2022-05,1
1721,2022-12,1
1721,2023-08,1
1721,2023-10,2
1721,2024-08,3
1721,2024-09,9
1721,2024-10,6
1731,2015-06,1
1731,2015-07,3
1731,2015-09,1
1731,2016-01,1
1731,2016-02,1
1731,2016-05,1
1731,2017-09,1
1731,2017-11,1
1731,2019-05,2
1731,2020-01,3
1731,2020-03,1
1731,2020-05,1
1731,2020-07,4
1731,2020-08,4
1731,2020-10,1
1731,2020-11,1
1731,2021-01,6
1731,2021-02,6
1731,2021-03,1
1731,2021-04,3
1731,2021-05,4
1731,2021-06,2
1731,2021-09,2
1731,2021-10,1
1731,2021-11,2
1731,2022-01,1
1731,2022-02,2
1731,2022-04,6
1731,2022-05,1
1731,2022-07,2
1731,2022-08,2
1731,2022-10,1
1731,2022-12,1
1731,2023-01,1
1731,2023-02,1
1731,2023-04,1
1731,2023-05,2
1731,2023-06,1
1731,2024-02,1
1731,2025-01,1
1733,2015-09,1
1733,2016-03,3
1733,2016-05,1
1733,2016-06,1
1733,2016-07,2
1733,2017-03,1
1733,2017-04,1
1733,2018-01,1
1733,2018-02,1
1733,2018-03,3
1733,2018-05,1
1733,2019-03,1
1733,2019-05,1
1733,2021-03,1
1733,2021-05,1
1733,2023-02,1
1733,2024-01,1
1733,2024-03,1
1733,2024-04,2
1733,2024-10,1
1733,2024-12,1
1734,2015-05,3
1734,2015-08,1
1734,2015-12,2
1734,2016-01,1
1734,2016-02,1
1734,2016-03,2
1734,2016-04,1
1734,2016-06,1
1734,2016-10,1
1734,2017-10,1
1734,2018-02,1
1734,2019-05,1
1734,2020-01,1
1734,2020-06,6
1734,2020-07,51
1734,2020-08,9
1734,2020-09,3
1734,2020-10,1
1734,2021-01,5
1734,2021-02,1
1734,2021-03,1
1734,2021-04,3
1734,2021-05,4
1734,2021-06,1
1734,2021-08,11
1734,2021-09,2
1734,2021-10,15
1734,2021-11,2
1734,2022-04,5
1734,2022-08,2
1734,2022-12,2
1734,2023-01,1
1734,2023-04,2
1734,2024-03,1
1734,2024-10,1
1734,2024-12,1
1736,2015-05,1
1736,2015-07,1
1736,2015-08,1
1736,2016-09,1
1736,2016-10,2
1736,2016-12,1
1736,2017-05,1
1736,2017-09,1
1736,2018-09,1
1736,2019-03,1
1736,2019-05,9
1736,2019-06,1
1736,2019-07,1
1736,2019-09,1
1736,2019-10,1
1736,2020-03,2
1736,2020-04,2
1736,2020-05,2
1736,2020-06,1
1736,2020-09,1
1736,2020-10,1
1736,2020-11,2
1736,2020-12,2
1736,2021-01,1
1736,2021-06,2
1736,2021-10,1
1736,2022-09,4
1736,2022-10,5
1736,2022-11,2
1736,2022-12,1
1736,2023-09,1
1736,2023-11,1
1736,2024-04,1
1736,2024-05,1
1736,2024-06,1
1736,2024-10,1
1736,2024-11,1
1752,2015-05,5
1752,2015-06,3
1752,2015-07,4
1752,2015-08,1
1752,2015-09,4
1752,2015-10,5
1752,2015-11,6
1752,2015-12,9
1752,2016-01,2
1752,2016-02,3
1752,2016-03,2
1752,2016-05,1
1752,2016-06,3
1752,2016-07,8
1752,2016-11,1
1752,2016-12,1
1752,2017-03,4
1752,2017-04,1
1752,2017-09,1
1752,2017-12,4
1752,2018-02,1
1752,2018-03,2
1752,2018-04,1
1752,2019-03,1
1752,2019-10,2
1752,2019-11,1
1752,2020-02,1
1752,2020-06,2
1752,2020-09,1
1752,2021-04,1
1752,2021-05,1
1752,2021-06,1
1752,2021-09,1
1752,2022-06,1
1752,2022-09,1
1752,2022-11,1
1752,2022-12,12
1752,2023-01,3
1752,2023-04,2
1752,2023-05,2
1752,2023-07,1
1752,2023-09,2
1752,2023-11,2
1752,2024-01,1
1752,2024-12,1
1760,2015-11,1
1760,2016-02,1
1760,2017-01,1
1760,2017-03,1
1760,2017-12,1
1760,2018-03,6
1760,2018-04,1
1760,2018-05,2
1760,2018-06,2
1760,2018-07,2
1760,2018-08,2
1760,2018-10,1
1760,2019-02,2
1760,2019-03,2
1760,2019-07,1
1760,2020-04,10
1760,2020-05,49
1760,2020-06,16
1760,2020-07,7
1760,2020-08,7
1760,2020-09,7
1760,2020-10,2
1760,2020-11,1
1760,2020-12,3
1760,2021-01,1
1760,2021-02,1
1760,2021-04,1
1760,2021-05,24
1760,2021-06,4
1760,2021-07,2
1760,2021-08,1
1760,2021-09,8
1760,2021-10,1
1760,2021-11,1
1760,2021-12,1
1760,2022-01,3
1760,2022-02,6
1760,2022-03,2
1760,2022-04,30
1760,2022-05,12
1760,2022-07,8
1760,2022-08,8
1760,2022-09,9
1760,2022-10,17
1760,2022-11,13
1760,2022-12,20
1760,2023-01,2
1760,2023-02,3
1760,2023-03,6
1760,2023-04,7
1760,2023-05,2
1760,2023-07,1
1760,2023-10,1
1760,2023-11,3
1760,2024-12,1
1762,2015-05,1
1762,2016-01,1
1762,2016-03,2
1762,2016-04,1
1762,2018-04,1
1762,2018-05,1
1762,2018-08,1
1762,2019-05,2
1762,2019-11,1
1762,2019-12,1
1762,2020-01,2
1762,2020-02,2
1762,2020-03,4
1762,2020-04,3
1762,2020-05,18
1762,2020-06,3
1762,2020-07,2
1762,2020-09,2
1762,2020-12,1
1762,2021-03,1
1762,2021-05,1
1762,2021-08,2
1762,2021-09,4
1762,2021-10,2
1762,2022-03,2
1762,2022-04,5
1762,2022-05,1
1762,2022-06,1
1762,2022-12,3
1762,2023-01,1
1762,2023-03,1
1762,2023-04,3
1762,2023-12,1
1762,2024-07,1
1783,2015-05,1
1783,2016-03,2
1783,2016-05,1
1783,2018-03,1
1783,2018-04,6
1783,2018-09,1
1783,2019-07,4
1783,2020-06,3
1783,2021-03,4
1783,2021-04,1
1783,2021-07,2
1783,2021-08,8
1783,2021-10,1
1783,2021-11,4
1783,2022-04,1
1783,2022-07,4
1783,2022-08,1
1783,2022-10,1
1783,2022-12,3
1783,2023-01,3
1783,2023-02,1
1783,2023-03,2
1783,2023-04,1
1783,2024-06,1
1786,2015-09,1
1786,2015-11,1
1786,2016-03,1
1786,2017-01,1
1786,2017-03,1
1786,2018-01,1
1786,2018-03,14
1786,2018-04,5
1786,2018-06,6
1786,2018-08,3
1786,2018-10,4
1786,2018-11,1
1786,2019-01,1
1786,2019-02,2
1786,2019-11,1
1786,2020-06,1
1786,2022-08,2
1786,2023-02,1
1786,2023-10,1
1786,2024-04,1
1786,2024-06,2
1786,2024-10,2
1786,2024-11,1
1786,2024-12,1
1802,2015-05,1
1802,2015-06,1
1802,2015-08,2
1802,2015-11,4
1802,2016-01,1
1802,2016-03,2
1802,2016-06,1
1802,2016-08,3
1802,2016-09,4
1802,2016-10,1
1802,2016-12,1
1802,2017-02,2
1802,2017-03,1
1802,2017-04,1
1802,2017-05,3
1802,2017-06,1
1802,2017-10,1
1802,2017-11,1
1802,2017-12,2
1802,2018-01,1
1802,2018-03,1
1802,2018-04,1
1802,2018-05,1
1802,2018-07,1
1802,2018-10,1
1802,2019-01,1
1802,2019-03,1
1802,2019-04,1
1802,2019-10,1
1802,2019-12,2
1802,2020-03,1
1802,2020-05,1
1802,2020-06,1
1802,2020-07,1
1802,2020-08,2
1802,2020-09,1
1802,2020-10,1
1802,2020-11,1
1802,2021-01,6
1802,2021-02,2
1802,2021-03,2
1802,2021-04,14
1802,2021-05,29
1802,2021-06,12
1802,2021-07,23
1802,2021-08,10
1802,2021-09,2
1802,2021-10,2
1802,2021-11,1
1802,2022-01,2
1802,2022-03,3
1802,2022-04,2
1802,2022-08,4
1802,2022-10,4
1802,2022-11,7
1802,2022-12,8
1802,2023-01,2
1802,2023-03,1
1802,2023-04,1
1802,2023-06,9
1802,2023-08,11
1802,2023-09,4
1802,2023-11,1
1802,2024-01,2
1802,2024-05,2
1802,2024-06,4
1802,2024-07,1
1802,2024-09,1
1802,2024-10,2
1802,2024-11,1
1806,2017-02,1
1806,2017-09,1
1806,2019-05,2
1806,2019-08,1
1806,2020-05,1
1806,2021-04,1
1806,2021-07,1
1806,2021-08,1
1806,2021-12,1
1806,2022-03,3
1806,2022-04,1
1806,2024-03,1
1806,2024-04,3
1806,2024-10,2
1806,2024-11,1
1809,2015-08,1
1809,2019-04,1
1809,2019-05,2
1809,2019-06,4
1809,2019-10,1
1809,2020-07,1
1809,2021-05,3
1809,2021-09,1
1809,2021-11,1
1809,2022-09,1
1809,2024-02,6
1809,2024-03,3
1809,2024-04,1
1809,2024-05,2
1809,2024-11,1
1810,2015-05,3
1810,2015-06,3
1810,2015-08,3
1810,2015-09,2
1810,2015-11,2
1810,2015-12,1
1810,2016-02,2
1810,2016-03,1
1810,2016-05,1
1810,2016-06,1
1810,2016-10,1
1810,2016-11,1
1810,2016-12,3
1810,2017-01,2
1810,2017-02,1
1810,2017-03,3
1810,2017-04,2
1810,2017-05,1
1810,2017-06,1
1810,2017-08,2
1810,2017-09,1
1810,2017-10,2
1810,2017-12,1
1810,2018-04,1
1810,2018-06,2
1810,2018-07,1
1810,2018-08,2
1810,2018-09,1
1810,2018-10,5
1810,2018-11,1
1810,2018-12,4
1810,2019-01,2
1810,2019-02,3
1810,2019-03,3
1810,2019-04,5
1810,2019-05,1
1810,2019-06,3
1810,2019-08,1
1810,2019-09,2
1810,2019-11,4
1810,2020-01,1
1810,2020-02,3
1810,2020-05,2
1810,2020-07,3
1810,2020-08,4
1810,2020-09,4
1810,2020-10,1
1810,2020-11,1
1810,2020-12,7
1810,2021-01,3
1810,2021-02,2
1810,2021-03,3
1810,2021-04,2
1810,2021-05,5
1810,2021-07,4
1810,2021-09,2
1810,2021-10,4
1810,2021-11,5
1810,2021-12,3
1810,2022-01,2
1810,2022-02,3
1810,2022-03,1
1810,2022-04,3
1810,2022-05,1
1810,2022-06,1
1810,2022-08,4
1810,2022-09,3
1810,2022-10,4
1810,2022-11,6
1810,2022-12,2
1810,2023-01,3
1810,2023-02,7
1810,2023-04,11
1810,2023-05,2
1810,2023-06,2
1810,2023-07,2
1810,2023-08,4
1810,2023-09,4
1810,2023-10,1
1810,2023-11,4
1810,2023-12,2
1810,2024-01,5
1810,2024-03,3
1810,2024-04,4
1810,2024-05,5
1810,2024-06,2
1810,2024-07,4
1810,2024-09,3
1810,2024-10,2
1810,2024-11,5
1810,2024-12,1
1810,2025-01,3
1817,2015-05,1
1817,2015-08,1
1817,2015-11,1
1817,2015-12,2
1817,2016-01,1
1817,2016-02,2
1817,2016-10,1
1817,2017-03,1
1817,2017-04,1
1817,2017-09,1
1817,2018-04,1
1817,2018-07,1
1817,2020-02,1
1817,2020-03,2
1817,2020-04,2
1817,2020-06,1
1817,2020-07,1
1817,2020-08,1
1817,2021-01,2
1817,2021-06,3
1817,2022-06,1
1817,2022-09,1
1817,2023-02,1
1817,2023-03,1
1817,2024-05,2
1903,2015-06,3
1903,2015-08,1
1903,2015-09,3
1903,2015-10,2
1903,2015-11,3
1903,2016-05,1
1903,2016-11,1
1903,2017-01,1
1903,2017-08,1
1903,2018-01,2
1903,2018-02,1
1903,2019-04,1
1903,2019-05,1
1903,2019-12,1
1903,2020-02,1
1903,2020-04,1
1903,2020-05,1
1903,2020-06,1
1903,2020-07,2
1903,2020-08,1
1903,2020-09,1
1903,2021-01,2
1903,2021-03,1
1903,2021-04,1
1903,2021-05,1
1903,2021-06,8
1903,2021-07,2
1903,2021-08,3
1903,2021-09,1
1903,2021-10,1
1903,2021-11,1
1903,2021-12,1
1903,2022-01,2
1903,2022-11,1
1903,2023-04,1
1903,2023-05,1
1903,2023-06,2
1903,2023-07,2
1903,2024-06,1
1903,2024-11,1
1904,2015-04,1
1904,2015-05,1
1904,2015-08,3
1904,2016-12,1
1904,2017-01,8
1904,2017-03,6
1904,2017-04,4
1904,2017-05,1
1904,2017-06,1
1904,2017-08,2
1904,2017-09,3
1904,2017-11,2
1904,2018-02,1
1904,2018-03,1
1904,2018-05,2
1904,2018-08,3
1904,2018-09,6
1904,2018-10,3
1904,2019-03,1
1904,2019-04,1
1904,2019-05,3
1904,2019-06,1
1904,2019-07,2
1904,2019-10,1
1904,2019-11,1
1904,2019-12,3
1904,2020-01,3
1904,2020-02,9
1904,2020-03,7
1904,2020-04,1
1904,2020-05,4
1904,2020-06,3
1904,2020-07,3
1904,2020-08,9
1904,2020-09,6
1904,2020-10,4
1904,2020-11,3
1904,2020-12,4
1904,2021-03,8
1904,2021-04,6
1904,2021-05,7
1904,2021-06,11
1904,2021-07,8
1904,2021-08,2
1904,2021-09,8
1904,2021-10,3
1904,2021-11,3
1904,2021-12,10
1904,2022-02,2
1904,2022-03,5
1904,2022-04,1
1904,2022-05,3
1904,2022-06,3
1904,2022-07,1
1904,2022-08,2
1904,2022-09,1
1904,2022-10,1
1904,2022-11,2
1904,2023-01,3
1904,2023-02,6
1904,2023-04,7
1904,2023-05,2
1904,2023-06,1
1904,2023-07,1
1904,2023-08,2
1904,2023-09,2
1904,2023-11,3
1904,2023-12,1
1904,2024-01,1
1904,2024-02,1
1904,2024-03,1
1904,2024-04,2
1904,2024-05,1
1904,2024-06,2
1904,2024-07,1
1904,2024-08,3
1904,2025-01,1
1905,2015-05,1
1905,2015-06,4
1905,2015-07,1
1905,2015-08,1
1905,2015-09,1
1905,2015-10,1
1905,2015-11,1
1905,2016-08,1
1905,2017-01,2
1905,2017-02,1
1905,2017-03,2
1905,2017-09,1
1905,2018-01,1
1905,2018-02,1
1905,2018-03,2
1905,2018-06,1
1905,2018-08,1
1905,2018-09,1
1905,2018-10,1
1905,2019-06,1
1905,2019-07,4
1905,2020-02,6
1905,2020-03,1
1905,2020-06,1
1905,2020-07,2
1905,2020-08,1
1905,2020-09,1
1905,2020-11,1
1905,2020-12,1
1905,2021-03,2
1905,2021-04,5
1905,2021-05,5
1905,2021-06,6
1905,2021-07,6
1905,2021-09,4
1905,2021-10,1
1905,2021-12,4
1905,2022-03,1
1905,2022-04,2
1905,2022-05,1
1905,2022-11,1
1905,2022-12,1
1905,2023-04,16
1905,2023-05,2
1905,2023-06,4
1905,2023-07,5
1905,2023-08,1
1905,2023-10,2
1905,2023-11,2
1905,2024-06,1
1906,2015-05,2
1906,2016-01,1
1906,2016-03,1
1906,2016-08,1
1906,2016-10,1
1906,2016-11,2
1906,2017-01,16
1906,2017-02,1
1906,2017-03,1
1906,2017-07,1
1906,2017-09,3
1906,2017-10,2
1906,2017-11,3
1906,2017-12,5
1906,2018-01,1
1906,2018-08,1
1906,2018-10,1
1906,2019-12,1
1906,2020-01,1
1906,2020-02,3
1906,2020-03,1
1906,2020-04,1
1906,2020-08,1
1906,2021-03,2
1906,2021-05,1
1906,2021-06,2
1906,2021-07,2
1906,2021-09,1
1906,2021-11,1
1906,2023-04,3
1906,2023-06,1
1906,2024-05,1
1906,2024-10,1
1907,2015-05,2
1907,2015-06,1
1907,2015-07,1
1907,2015-08,1
1907,2015-10,1
1907,2015-11,1
1907,2016-08,1
1907,2016-09,1
1907,2016-12,1
1907,2017-01,3
1907,2017-02,1
1907,2017-03,2
1907,2017-04,6
1907,2017-06,7
1907,2017-07,3
1907,2017-08,4
1907,2017-10,3
1907,2017-12,3
1907,2018-02,6
1907,2018-03,3
1907,2018-05,2
1907,2018-06,1
1907,2018-08,1
1907,2018-11,1
1907,2018-12,1
1907,2019-02,1
1907,2019-03,2
1907,2019-04,1
1907,2019-05,2
1907,2019-06,4
1907,2019-07,2
1907,2019-09,1
1907,2019-10,2
1907,2019-11,1
1907,2019-12,1
1907,2020-01,2
1907,2020-02,8
1907,2020-03,5
1907,2020-04,1
1907,2020-05,2
1907,2020-06,5
1907,2020-08,6
1907,2020-09,3
1907,2020-10,2
1907,2020-11,7
1907,2020-12,9
1907,2021-01,2
1907,2021-02,1
1907,2021-03,7
1907,2021-04,26
1907,2021-05,28
1907,2021-06,26
1907,2021-07,13
1907,2021-08,6
1907,2021-09,7
1907,2021-10,3
1907,2021-11,5
1907,2021-12,2
1907,2022-01,2
1907,2022-02,2
1907,2022-03,3
1907,2022-05,8
1907,2022-06,3
1907,2022-07,2
1907,2022-08,1
1907,2022-10,2
1907,2022-11,6
1907,2022-12,2
1907,2023-01,1
1907,2023-03,5
1907,2023-04,10
1907,2023-05,1
1907,2023-06,17
1907,2023-07,3
1907,2023-08,1
1907,2023-10,2
1907,2023-11,4
1907,2023-12,6
1907,2024-03,1
1907,2024-04,2
1907,2024-06,2
1907,2024-07,1
1907,2024-08,2
1907,2024-09,1
1907,2024-11,2
1907,2024-12,1
1909,2015-08,1
1909,2015-10,1
1909,2016-01,5
1909,2016-02,7
1909,2016-03,2
1909,2016-05,1
1909,2016-06,2
1909,2016-07,3
1909,2016-08,2
1909,2016-09,4
1909,2016-10,3
1909,2016-11,4
1909,2017-01,17
1909,2017-02,13
1909,2017-03,14
1909,2017-04,5
1909,2017-05,2
1909,2017-06,4
1909,2017-07,3
1909,2017-08,5
1909,2017-09,5
1909,2017-10,6
1909,2017-11,11
1909,2017-12,16
1909,2018-01,11
1909,2018-02,2
1909,2018-03,9
1909,2018-04,1
1909,2018-05,1
1909,2018-06,3
1909,2018-07,3
1909,2018-08,3
1909,2018-09,1
1909,2018-11,1
1909,2018-12,2
1909,2019-02,1
1909,2019-03,8
1909,2019-04,1
1909,2019-05,2
1909,2019-06,2
1909,2019-08,3
1909,2019-12,2
1909,2020-01,5
1909,2020-02,11
1909,2020-03,1
1909,2020-04,1
1909,2020-05,2
1909,2020-06,3
1909,2020-07,1
1909,2020-08,4
1909,2020-09,2
1909,2020-10,1
1909,2020-12,6
1909,2021-01,2
1909,2021-03,3
1909,2021-04,9
1909,2021-05,5
1909,2021-06,6
1909,2021-07,20
1909,2021-08,17
1909,2021-09,5
1909,2021-10,2
1909,2021-11,6
1909,2021-12,2
1909,2022-02,2
1909,2022-03,3
1909,2022-04,2
1909,2022-05,2
1909,2022-06,1
1909,2022-08,1
1909,2022-11,3
1909,2023-01,5
1909,2023-02,2
1909,2023-04,7
1909,2023-05,5
1909,2023-06,2
1909,2023-09,1
1909,2024-01,1
1909,2024-03,2
1909,2024-04,2
2002,2015-04,2
2002,2015-05,14
2002,2015-06,8
2002,2015-07,17
2002,2015-08,35
2002,2015-09,24
2002,2015-10,14
2002,2015-11,25
2002,2015-12,35
2002,2016-01,20
2002,2016-02,13
2002,2016-03,34
2002,2016-04,13
2002,2016-05,25
2002,2016-06,19
2002,2016-07,17
2002,2016-08,31
2002,2016-09,17
2002,2016-10,15
2002,2016-11,17
2002,2016-12,7
2002,2017-01,9
2002,2017-02,6
2002,2017-03,9
2002,2017-04,30
2002,2017-05,24
2002,2017-06,10
2002,2017-07,5
2002,2017-08,6
2002,2017-09,2
2002,2017-10,9
2002,2017-11,5
2002,2017-12,5
2002,2018-01,8
2002,2018-02,14
2002,2018-03,8
2002,2018-04,15
2002,2018-05,25
2002,2018-06,42
2002,2018-07,19
2002,2018-08,8
2002,2018-09,27
2002,2018-10,14
2002,2018-11,7
2002,2018-12,21
2002,2019-01,25
2002,2019-02,10
2002,2019-03,14
2002,2019-04,10
2002,2019-05,27
2002,2019-06,13
2002,2019-07,7
2002,2019-08,15
2002,2019-09,26
2002,2019-10,16
2002,2019-11,13
2002,2019-12,17
2002,2020-01,7
2002,2020-02,13
2002,2020-03,54
2002,2020-04,20
2002,2020-05,17
2002,2020-06,15
2002,2020-07,14
2002,2020-08,13
2002,2020-09,19
2002,2020-10,23
2002,2020-11,16
2002,2020-12,24
2002,2021-01,16
2002,2021-02,10
2002,2021-03,22
2002,2021-04,143
2002,2021-05,163
2002,2021-06,92
2002,2021-07,129
2002,2021-08,80
2002,2021-09,86
2002,2021-10,36
2002,2021-11,19
2002,2021-12,54
2002,2022-01,24
2002,2022-02,35
2002,2022-03,72
2002,2022-04,38
2002,2022-05,18
2002,2022-06,17
2002,2022-07,37
2002,2022-08,28
2002,2022-09,25
2002,2022-10,22
2002,2022-11,26
2002,2022-12,58
2002,2023-01,11
2002,2023-02,6
2002,2023-03,27
2002,2023-04,8
2002,2023-05,20
2002,2023-06,11
2002,2023-07,15
2002,2023-08,13
2002,2023-09,14
2002,2023-10,10
2002,2023-11,24
2002,2023-12,12
2002,2024-01,5
2002,2024-02,9
2002,2024-03,13
2002,2024-04,19
2002,2024-05,7
2002,2024-06,14
2002,2024-07,14
2002,2024-08,8
2002,2024-09,15
2002,2024-10,8
2002,2024-11,8
2002,2024-12,14
2002,2025-01,32
2006,2016-08,1
2006,2016-11,1
2006,2017-03,1
2006,2017-06,1
2006,2017-07,1
2006,2017-08,2
2006,2017-09,2
2006,2018-01,1
2006,2018-02,2
2006,2018-03,2
2006,2018-05,2
2006,2018-06,1
2006,2018-07,1
2006,2018-08,1
2006,2019-05,1
2006,2019-06,1
2006,2019-08,1
2006,2019-09,1
2006,2019-10,1
2006,2020-03,1
2006,2020-09,6
2006,2020-12,5
2006,2021-01,2
2006,2021-02,1
2006,2021-03,4
2006,2021-04,23
2006,2021-05,17
2006,2021-06,7
2006,2021-07,11
2006,2021-08,6
2006,2021-09,10
2006,2021-11,2
2006,2021-12,10
2006,2022-01,7
2006,2022-02,6
2006,2022-03,10
2006,2022-04,4
2006,2022-05,4
2006,2022-06,8
2006,2022-07,1
2006,2022-08,1
2006,2022-09,1
2006,2022-10,2
2006,2022-12,2
2006,2023-03,1
2006,2023-06,3
2006,2023-09,1
2006,2023-10,1
2006,2024-02,1
2006,2024-03,2
2006,2024-04,4
2006,2024-06,3
2006,2024-07,1
2006,2024-08,1
2006,2024-09,1
2006,2025-01,4
2007,2016-06,1
2007,2017-02,2
2007,2017-03,1
2007,2017-06,1
2007,2018-02,1
2007,2018-07,1
2007,2018-11,1
2007,2019-02,1
2007,2019-05,1
2007,2020-03,1
2007,2020-09,2
2007,2020-11,2
2007,2021-01,1
2007,2021-02,2
2007,2021-04,3
2007,2021-05,4
2007,2021-06,2
2007,2021-07,17
2007,2021-08,13
2007,2021-09,8
2007,2021-10,1
2007,2021-12,1
2007,2022-01,3
2007,2022-03,1
2007,2022-05,1
2007,2022-07,2
2007,2022-08,2
2007,2022-12,2
2007,2024-03,1
2007,2024-04,3
2007,2024-09,1
2007,2024-10,1
2007,2025-01,2
2008,2015-05,1
2008,2015-11,1
2008,2016-03,2
2008,2016-10,1
2008,2016-11,1
2008,2017-02,1
2008,2017-12,2
2008,2018-04,1
2008,2020-03,1
2008,2020-07,1
2008,2020-11,1
2008,2021-04,1
2008,2021-05,1
2008,2021-06,3
2008,2021-07,5
2008,2021-08,3
2008,2021-09,1
2008,2021-10,1
2008,2022-02,1
2008,2022-09,2
2008,2022-10,1
2008,2022-12,2
2008,2023-03,1
2008,2023-06,1
2008,2023-09,1
2008,2023-12,1
2008,2024-05,3
2008,2024-08,1
2008,2024-09,1
2009,2015-08,2
2009,2015-10,1
2009,2016-03,1
2009,2016-09,1
2009,2017-02,3
2009,2017-05,1
2009,2017-06,1
2009,2017-12,1
2009,2018-01,1
2009,2018-02,1
2009,2018-09,1
2009,2019-05,1
2009,2019-06,1
2009,2020-12,17
2009,2021-01,4
2009,2021-02,7
2009,2021-03,3
2009,2021-04,26
2009,2021-05,34
2009,2021-06,13
2009,2021-07,7
2009,2021-08,10
2009,2021-09,4
2009,2021-10,5
2009,2022-01,3
2009,2022-03,3
2009,2022-04,1
2009,2022-05,4
2009,2022-07,2
2009,2022-10,4
2009,2022-11,7
2009,2022-12,2
2009,2023-07,1
2009,2023-08,24
2009,2023-09,1
2009,2024-04,17
2009,2024-05,10
2009,2024-06,1
2009,2024-08,1
2009,2024-10,1
2009,2024-11,1
2010,2015-06,1
2010,2016-03,3
2010,2016-04,10
2010,2016-05,2
2010,2016-07,1
2010,2019-01,1
2010,2020-09,1
2010,2020-11,1
2010,2021-01,1
2010,2021-05,1
2010,2021-06,2
2010,2021-07,3
2010,2021-09,2
2010,2021-12,1
2010,2022-02,1
2010,2022-04,1
2010,2022-05,1
2010,2022-07,1
2010,2023-08,1
2010,2024-10,1
2010,2024-11,1
2012,2016-06,1
2012,2018-03,1
2012,2018-04,1
2012,2018-09,1
2012,2019-03,1
2012,2019-05,2
2012,2019-09,1
2012,2019-11,1
2012,2020-04,1
2012,2020-06,1
2012,2021-01,1
2012,2021-06,3
2012,2021-07,5
2012,2021-08,1
2012,2021-09,1
2012,2022-02,1
2012,2022-03,1
2012,2022-04,1
2012,2023-04,1
2012,2023-05,1
2012,2024-05,1
2012,2024-10,1
2012,2025-01,1
2013,2015-04,2
2013,2015-05,3
2013,2015-06,1
2013,2015-07,1
2013,2015-08,1
2013,2016-02,1
2013,2016-06,1
2013,2016-08,1
2013,2017-02,2
2013,2017-05,2
2013,2017-10,1
2013,2017-12,2
2013,2018-01,2
2013,2018-02,2
2013,2018-03,2
2013,2018-04,8
2013,2018-05,2
2013,2018-06,2
2013,2018-08,2
2013,2018-09,8
2013,2018-10,3
2013,2018-11,3
2013,2018-12,3
2013,2019-01,1
2013,2019-03,1
2013,2019-07,1
2013,2019-08,1
2013,2019-09,1
2013,2019-10,1
2013,2019-11,2
2013,2019-12,2
2013,2020-01,2
2013,2020-02,1
2013,2020-03,2
2013,2020-04,2
2013,2020-06,1
2013,2020-07,1
2013,2020-08,2
2013,2020-09,1
2013,2020-10,1
2013,2020-11,1
2013,2021-03,7
2013,2021-04,4
2013,2021-05,2
2013,2021-06,1
2013,2021-07,4
2013,2021-08,30
2013,2021-09,13
2013,2021-10,2
2013,2021-11,3
2013,2021-12,4
2013,2022-03,3
2013,2022-04,2
2013,2022-05,2
2013,2022-06,1
2013,2022-07,1
2013,2022-08,1
2013,2022-09,1
2013,2022-12,1
2013,2023-02,1
2013,2023-05,1
2013,2023-12,1
2013,2024-01,2
2013,2024-04,4
2013,2024-08,2
2013,2024-09,1
2013,2024-12,1
2013,2025-01,1
2014,2015-04,1
2014,2015-05,1
2014,2015-06,1
2014,2015-08,5
2014,2015-10,3
2014,2015-11,3
2014,2015-12,2
2014,2016-02,2
2014,2016-03,4
2014,2016-04,2
2014,2016-05,4
2014,2016-07,1
2014,2016-08,4
2014,2016-10,2
2014,2016-11,4
2014,2017-01,3
2014,2017-02,5
2014,2017-03,1
2014,2017-04,2
2014,2017-05,4
2014,2017-06,4
2014,2017-07,3
2014,2017-08,3
2014,2017-09,3
2014,2017-11,1
2014,2017-12,1
2014,2018-01,1
2014,2018-02,6
2014,2018-03,5
2014,2018-04,5
2014,2018-05,4
2014,2018-06,8
2014,2018-07,6
2014,2018-08,6
2014,2018-09,5
2014,2018-10,5
2014,2018-11,5
2014,2018-12,6
2014,2019-01,11
2014,2019-02,2
2014,2019-03,4
2014,2019-04,1
2014,2019-05,4
2014,2019-06,1
2014,2019-07,2
2014,2019-08,3
2014,2019-09,4
2014,2019-10,1
2014,2019-11,4
2014,2019-12,5
2014,2020-03,11
2014,2020-04,3
2014,2020-06,2
2014,2020-07,1
2014,2020-09,3
2014,2020-10,1
2014,2020-11,2
2014,2020-12,3
2014,2021-01,7
2014,2021-02,2
2014,2021-03,12
2014,2021-04,35
2014,2021-05,90
2014,2021-06,51
2014,2021-07,49
2014,2021-08,12
2014,2021-09,9
2014,2021-10,7
2014,2021-11,5
2014,2021-12,28
2014,2022-01,5
2014,2022-02,10
2014,2022-03,32
2014,2022-04,5
2014,2022-05,5
2014,2022-06,4
2014,2022-07,14
2014,2022-08,10
2014,2022-09,4
2014,2022-10,5
2014,2022-11,5
2014,2022-12,20
2014,2023-01,6
2014,2023-02,7
2014,2023-03,5
2014,2023-04,1
2014,2023-05,2
2014,2023-06,4
2014,2023-07,4
2014,2023-08,4
2014,2023-11,3
2014,2023-12,5
2014,2024-01,2
2014,2024-02,1
2014,2024-04,5
2014,2024-05,2
2014,2024-06,1
2014,2024-07,1
2014,2024-08,1
2014,2024-09,5
2014,2024-10,4
2014,2024-11,1
2014,2025-01,1
2015,2015-04,1
2015,2015-05,2
2015,2015-06,1
2015,2015-08,1
2015,2015-11,2
2015,2016-02,1
2015,2016-03,1
2015,2016-05,5
2015,2016-06,2
2015,2016-08,2
2015,2016-09,2
2015,2016-11,1
2015,2017-03,2
2015,2017-04,1
2015,2017-05,1
2015,2017-07,1
2015,2017-09,2
2015,2018-02,3
2015,2018-04,1
2015,2018-12,1
2015,2019-02,1
2015,2019-05,1
2015,2019-06,2
2015,2019-07,2
2015,2019-09,5
2015,2019-10,1
2015,2019-11,1
2015,2020-04,2
2015,2020-05,1
2015,2020-09,1
2015,2020-12,3
2015,2021-01,4
2015,2021-02,1
2015,2021-03,2
2015,2021-04,10
2015,2021-05,7
2015,2021-06,3
2015,2021-07,6
2015,2021-08,1
2015,2021-09,2
2015,2021-12,3
2015,2022-02,2
2015,2022-03,3
2015,2022-04,2
2015,2022-05,2
2015,2022-06,4
2015,2022-08,1
2015,2022-09,1
2015,2022-11,1
2015,2023-03,4
2015,2023-05,2
2015,2023-06,2
2015,2023-09,2
2015,2024-06,1
2015,2024-07,2
2015,2024-09,1
2015,2024-11,1
2059,2015-04,1
2059,2015-05,3
2059,2015-07,2
2059,2015-08,7
2059,2015-09,3
2059,2015-11,1
2059,2016-02,3
2059,2016-03,2
2059,2016-04,2
2059,2016-05,2
2059,2016-06,1
2059,2016-07,1
2059,2016-08,1
2059,2016-11,2
2059,2016-12,1
2059,2017-04,4
2059,2017-05,5
2059,2017-06,4
2059,2017-07,2
2059,2018-02,1
2059,2018-04,1
2059,2018-05,3
2059,2019-04,1
2059,2019-07,1
2059,2019-09,3
2059,2021-04,1
2059,2021-06,2
2059,2021-11,1
2059,2021-12,1
2059,2022-03,1
2059,2022-04,1
2059,2022-05,1
2059,2022-06,3
2059,2022-08,1
2059,2022-09,1
2059,2022-10,3
2059,2022-11,2
2059,2023-01,1
2059,2023-03,1
2059,2023-04,1
2059,2023-05,1
2059,2023-06,3
2059,2023-07,7
2059,2023-08,14
2059,2023-09,1
2059,2023-10,3
2059,2023-11,4
2059,2023-12,4
2059,2024-01,5
2059,2024-02,9
2059,2024-03,2
2059,2024-04,2
2059,2024-05,7
2059,2024-06,2
2059,2024-07,4
2059,2024-08,19
2059,2024-10,4
2059,2024-11,7
2059,2024-12,4
2059,2025-01,1
2062,2015-05,2
2062,2015-06,2
2062,2015-07,4
2062,2015-08,2
2062,2015-09,4
2062,2015-10,3
2062,2015-12,1
2062,2016-03,2
2062,2016-04,3
2062,2016-05,3
2062,2016-07,3
2062,2016-08,1
2062,2016-11,1
2062,2017-04,2
2062,2017-07,1
2062,2017-11,1
2062,2017-12,1
2062,2018-04,1
2062,2018-12,1
2062,2019-01,1
2062,2021-03,3
2062,2021-04,6
2062,2021-05,1
2062,2021-07,1
2062,2021-08,1
2062,2022-02,2
2062,2022-12,1
2062,2023-02,3
2062,2023-03,1
2062,2023-05,1
2062,2023-11,1
2062,2023-12,1
2062,2024-01,1
2062,2024-03,1
2062,2024-07,1
2062,2024-08,4
2062,2024-10,1
2062,2024-12,1
2072,2016-02,1
2072,2017-10,1
2072,2018-03,1
2072,2018-04,1
2072,2018-06,1
2072,2018-09,1
2072,2019-09,1
2072,2020-08,1
2072,2020-11,1
2072,2021-02,1
2072,2021-05,1
2072,2021-12,1
2072,2022-01,1
2072,2022-08,1
2072,2022-12,1
2072,2023-07,2
2072,2023-12,1
2072,2024-02,2
2072,2024-03,1
2072,2024-06,3
2072,2024-07,1
2072,2024-08,1
2072,2024-10,1
2072,2024-12,2
2101,2015-08,2
2101,2015-09,1
2101,2016-07,1
2101,2017-01,1
2101,2017-02,1
2101,2017-12,3
2101,2018-12,2
2101,2019-09,1
2101,2019-10,3
2101,2019-11,1
2101,2019-12,2
2101,2020-04,1
2101,2020-06,1
2101,2021-04,1
2101,2021-05,2
2101,2021-06,2
2101,2021-07,1
2101,2021-08,2
2101,2021-12,1
2101,2022-01,1
2101,2022-03,1
2101,2022-04,1
2101,2022-07,1
2101,2022-11,1
2101,2022-12,1
2101,2023-04,1
2101,2024-02,1
2101,2024-04,3
2101,2024-05,1
2101,2024-06,1
2101,2024-07,1
2101,2024-10,1
2101,2024-11,1
2102,2015-06,4
2102,2015-07,1
2102,2015-11,2
2102,2015-12,1
2102,2016-01,1
2102,2016-02,4
2102,2016-03,8
2102,2016-04,3
2102,2016-05,3
2102,2016-06,3
2102,2016-07,1
2102,2016-11,1
2102,2017-01,16
2102,2017-02,8
2102,2017-04,2
2102,2017-07,1
2102,2018-05,1
2102,2018-12,2
2102,2019-06,1
2102,2019-11,1
2102,2019-12,1
2102,2020-03,1
2102,2020-04,1
2102,2020-06,1
2102,2020-08,1
2102,2021-01,1
2102,2021-03,2
2102,2021-05,1
2102,2021-06,3
2102,2021-07,1
2102,2021-08,2
2102,2021-09,2
2102,2021-11,2
2102,2022-04,4
2102,2022-05,1
2102,2022-06,2
2102,2022-10,3
2102,2023-03,2
2102,2023-04,1
2102,2024-06,2
2102,2025-01,1
2103,2015-05,1
2103,2015-06,1
2103,2015-07,2
2103,2015-08,1
2103,2015-09,2
2103,2015-10,1
2103,2015-11,2
2103,2015-12,8
2103,2016-01,3
2103,2016-03,11
2103,2016-04,3
2103,2016-05,3
2103,2016-06,3
2103,2016-08,1
2103,2016-09,1
2103,2016-10,5
2103,2016-11,1
2103,2017-01,1
2103,2017-02,1
2103,2017-03,3
2103,2017-05,1
2103,2017-06,1
2103,2017-08,1
2103,2017-09,1
2103,2017-10,1
2103,2017-11,1
2103,2018-01,2
2103,2018-02,1
2103,2018-03,2
2103,2018-06,2
2103,2018-07,1
2103,2018-09,1
2103,2019-05,2
2103,2019-08,2
2103,2019-09,2
2103,2020-03,2
2103,2020-04,2
2103,2020-09,1
2103,2020-10,3
2103,2020-12,1
2103,2021-03,3
2103,2021-04,2
2103,2021-05,9
2103,2021-06,1
2103,2021-07,3
2103,2021-08,1
2103,2021-10,2
2103,2021-12,6
2103,2022-03,2
2103,2022-04,2
2103,2022-05,1
2103,2022-06,3
2103,2022-09,2
2103,2023-02,1
2103,2024-04,1
2103,2024-07,1
2104,2015-05,2
2104,2015-06,2
2104,2015-07,3
2104,2015-08,2
2104,2015-09,1
2104,2015-11,1
2104,2016-03,1
2104,2017-03,1
2104,2017-06,1
2104,2017-07,1
2104,2017-08,1
2104,2017-09,4
2104,2017-10,1
2104,2017-11,2
2104,2017-12,5
2104,2018-01,1
2104,2018-03,3
2104,2018-04,1
2104,2018-07,1
2104,2018-09,2
2104,2018-10,2
2104,2018-11,1
2104,2018-12,2
2104,2019-01,5
2104,2019-03,7
2104,2019-04,3
2104,2019-06,4
2104,2019-07,1
2104,2019-08,1
2104,2019-09,1
2104,2019-11,1
2104,2020-02,6
2104,2020-03,3
2104,2020-06,2
2104,2020-07,1
2104,2020-08,1
2104,2020-09,1
2104,2020-10,1
2104,2021-03,6
2104,2021-04,3
2104,2021-05,1
2104,2021-07,3
2104,2021-08,2
2104,2021-10,2
2104,2021-11,6
2104,2021-12,2
2104,2022-01,1
2104,2022-03,2
2104,2022-04,2
2104,2022-05,1
2104,2022-06,2
2104,2022-09,2
2104,2022-11,1
2104,2022-12,3
2104,2023-03,1
2105,2015-05,2
2105,2015-06,4
2105,2015-07,3
2105,2015-08,6
2105,2015-09,1
2105,2015-10,2
2105,2015-11,1
2105,2015-12,3
2105,2016-01,2
2105,2016-02,3
2105,2016-03,12
2105,2016-04,5
2105,2016-05,8
2105,2016-06,11
2105,2016-07,10
2105,2016-08,5
2105,2016-09,3
2105,2016-10,3
2105,2016-11,3
2105,2016-12,3
2105,2017-01,3
2105,2017-02,1
2105,2017-03,1
2105,2017-04,2
2105,2017-05,2
2105,2017-07,3
2105,2017-11,2
2105,2017-12,1
2105,2018-01,5
2105,2018-02,5
2105,2018-03,7
2105,2018-04,2
2105,2018-05,3
2105,2018-06,1
2105,2018-07,2
2105,2018-08,5
2105,2018-09,3
2105,2018-11,7
2105,2018-12,1
2105,2019-01,2
2105,2019-02,2
2105,2019-03,4
2105,2019-04,10
2105,2019-05,3
2105,2019-06,3
2105,2019-07,5
2105,2019-08,4
2105,2019-09,8
2105,2019-10,8
2105,2019-11,6
2105,2019-12,4
2105,2020-01,4
2105,2020-02,1
2105,2020-03,3
2105,2020-04,4
2105,2020-05,2
2105,2020-06,5
2105,2020-07,5
2105,2020-08,4
2105,2020-09,2
2105,2020-10,1
2105,2020-12,2
2105,2021-01,2
2105,2021-03,2
2105,2021-04,6
2105,2021-05,2
2105,2021-06,4
2105,2021-07,3
2105,2021-08,1
2105,2021-09,3
2105,2021-11,1
2105,2021-12,1
2105,2022-01,1
2105,2022-03,1
2105,2022-04,1
2105,2022-06,2
2105,2022-07,3
2105,2022-08,1
2105,2022-09,12
2105,2022-10,2
2105,2022-12,2
2105,2023-03,1
2105,2023-06,3
2105,2023-07,2
2105,2023-08,1
2105,2023-09,2
2105,2023-11,3
2105,2023-12,13
2105,2024-01,1
2105,2024-03,2
2105,2024-05,14
2105,2024-06,8
2105,2024-07,2
2105,2024-08,1
2105,2024-09,1
2105,2024-11,2
2106,2015-04,1
2106,2015-05,1
2106,2015-06,2
2106,2015-07,3
2106,2015-08,5
2106,2015-09,6
2106,2015-10,1
2106,2015-12,1
2106,2016-01,1
2106,2016-02,1
2106,2016-03,2
2106,2016-04,1
2106,2016-05,4
2106,2016-06,1
2106,2016-08,1
2106,2017-03,2
2106,2017-04,1
2106,2017-11,1
2106,2018-01,1
2106,2018-02,1
2106,2018-03,3
2106,2018-04,1
2106,2018-05,2
2106,2018-07,6
2106,2018-12,1
2106,2019-02,1
2106,2019-03,1
2106,2019-04,1
2106,2019-05,1
2106,2019-06,2
2106,2019-09,2
2106,2019-10,1
2106,2019-11,2
2106,2020-01,1
2106,2020-03,2
2106,2020-05,2
2106,2020-07,3
2106,2021-01,3
2106,2021-03,1
2106,2021-04,2
2106,2021-05,1
2106,2021-06,1
2106,2021-07,1
2106,2021-08,1
2106,2021-09,1
2106,2021-10,1
2106,2022-01,1
2106,2022-03,2
2106,2022-05,1
2106,2022-06,2
2106,2022-07,6
2106,2022-08,1
2106,2022-09,2
2106,2022-10,1
2106,2022-12,1
2106,2023-04,3
2106,2023-06,2
2106,2023-09,1
2106,2023-11,1
2106,2024-03,2
2106,2024-05,1
2106,2024-08,1
2107,2015-04,1
2107,2015-06,2
2107,2015-08,1
2107,2015-09,1
2107,2015-11,3
2107,2015-12,1
2107,2016-03,1
2107,2016-07,1
2107,2016-11,1
2107,2017-03,1
2107,2018-11,2
2107,2019-02,1
2107,2019-04,2
2107,2019-05,1
2107,2019-06,1
2107,2019-10,1
2107,2020-06,1
2107,2020-07,1
2107,2020-08,1
2107,2020-12,3
2107,2021-09,1
2107,2023-10,1
2107,2024-05,1
2107,2024-06,1
2107,2024-12,1
2108,2015-05,12
2108,2015-06,8
2108,2015-08,2
2108,2015-09,2
2108,2015-10,4
2108,2015-12,5
2108,2016-03,4
2108,2016-05,1
2108,2017-03,2
2108,2017-11,1
2108,2017-12,1
2108,2018-06,1
2108,2018-07,1
2108,2018-08,5
2108,2018-09,1
2108,2018-10,2
2108,2018-11,3
2108,2018-12,1
2108,2019-03,1
2108,2019-04,1
2108,2019-05,1
2108,2020-01,1
2108,2020-02,1
2108,2020-03,3
2108,2020-04,1
2108,2020-05,3
2108,2020-06,1
2108,2020-07,6
2108,2020-08,2
2108,2020-09,5
2108,2020-10,6
2108,2020-11,1
2108,2020-12,3
2108,2021-01,4
2108,2021-02,3
2108,2021-03,6
2108,2021-04,13
2108,2021-05,24
2108,2021-06,32
2108,2021-07,4
2108,2021-08,6
2108,2021-09,1
2108,2021-10,4
2108,2021-12,5
2108,2022-01,2
2108,2022-02,3
2108,2022-03,7
2108,2022-04,4
2108,2022-05,2
2108,2022-06,2
2108,2022-07,3
2108,2022-08,5
2108,2022-09,3
2108,2022-10,2
2108,2023-01,3
2108,2023-02,1
2108,2023-03,2
2108,2023-08,1
2108,2023-10,1
2108,2023-12,1
2108,2024-02,1
2108,2024-07,3
2108,2024-08,1
2108,2024-11,1
2108,2024-12,1
2109,2015-05,1
2109,2015-06,1
2109,2015-08,1
2109,2015-11,1
2109,2016-01,1
2109,2016-03,1
2109,2016-06,1
2109,2016-11,1
2109,2017-01,1
2109,2017-12,2
2109,2018-03,1
2109,2019-03,1
2109,2019-06,1
2109,2019-08,1
2109,2020-12,2
2109,2021-04,1
2109,2021-05,1
2109,2022-09,1
2109,2023-09,2
2109,2024-04,1
2114,2015-05,2
2114,2015-06,1
2114,2015-07,1
2114,2016-08,2
2114,2017-03,1
2114,2017-04,1
2114,2017-10,1
2114,2017-11,1
2114,2019-03,1
2114,2019-04,1
2114,2019-07,1
2114,2020-12,1
2114,2021-01,1
2114,2021-06,3
2114,2021-07,2
2114,2021-10,1
2114,2022-07,1
2114,2022-09,1
2114,2022-12,2
2114,2023-03,1
2114,2024-12,1
2208,2015-06,2
2208,2015-08,3
2208,2015-09,1
2208,2015-10,1
2208,2015-11,1
2208,2016-01,2
2208,2016-02,1
2208,2016-03,5
2208,2016-04,2
2208,2016-05,1
2208,2016-06,1
2208,2016-07,1
2208,2016-08,3
2208,2016-11,1
2208,2017-01,1
2208,2017-03,2
2208,2017-04,6
2208,2017-05,2
2208,2017-07,1
2208,2017-08,6
2208,2017-09,1
2208,2017-11,4
2208,2017-12,3
2208,2018-01,3
2208,2018-02,1
2208,2018-03,4
2208,2018-04,7
2208,2018-05,5
2208,2018-06,1
2208,2018-07,7
2208,2018-08,5
2208,2018-09,5
2208,2018-10,3
2208,2018-11,3
2208,2018-12,7
2208,2019-01,4
2208,2019-02,7
2208,2019-03,1
2208,2019-05,4
2208,2019-06,2
2208,2019-07,8
2208,2019-08,1
2208,2019-09,1
2208,2019-10,2
2208,2019-11,2
2208,2019-12,1
2208,2020-01,2
2208,2020-02,3
2208,2020-03,3
2208,2020-04,1
2208,2020-05,1
2208,2020-06,2
2208,2020-07,2
2208,2020-08,3
2208,2020-10,1
2208,2020-11,1
2208,2020-12,6
2208,2021-01,1
2208,2021-02,2
2208,2021-03,5
2208,2021-04,5
2208,2021-05,2
2208,2021-06,14
2208,2021-07,2
2208,2021-08,3
2208,2021-10,4
2208,2021-11,2
2208,2021-12,1
2208,2022-02,1
2208,2022-03,4
2208,2022-04,1
2208,2022-06,1
2208,2022-07,4
2208,2022-08,2
2208,2022-09,1
2208,2022-10,3
2208,2022-11,4
2208,2022-12,2
2208,2023-01,1
2208,2023-02,1
2208,2023-04,9
2208,2023-05,2
2208,2023-08,1
2208,2023-09,2
2208,2023-12,1
2208,2024-01,3
2208,2024-02,1
2208,2024-03,2
2208,2024-04,4
2208,2024-05,2
2208,2024-06,1
2208,2024-08,4
2208,2024-09,2
2208,2024-12,2
2208,2025-01,2
2302,2015-07,1
2302,2017-05,1
2302,2017-09,1
2302,2019-02,2
2302,2020-04,1
2302,2020-09,1
2302,2020-11,1
2302,2021-03,1
2302,2021-04,3
2302,2021-06,1
2302,2022-05,4
2302,2022-07,3
2302,2023-04,1
2302,2024-05,1
2302,2024-06,2
2303,2015-04,3
2303,2015-05,20
2303,2015-06,27
2303,2015-07,19
2303,2015-08,24
2303,2015-09,6
2303,2015-10,17
2303,2015-11,9
2303,2015-12,23
2303,2016-01,10
2303,2016-02,10
2303,2016-03,19
2303,2016-04,11
2303,2016-05,10
2303,2016-06,11
2303,2016-07,19
2303,2016-08,9
2303,2016-09,10
2303,2016-10,7
2303,2016-11,13
2303,2016-12,3
2303,2017-01,3
2303,2017-02,11
2303,2017-03,12
2303,2017-04,7
2303,2017-05,4
2303,2017-06,9
2303,2017-07,14
2303,2017-08,6
2303,2017-09,10
2303,2017-10,23
2303,2017-11,10
2303,2017-12,2
2303,2018-01,12
2303,2018-02,10
2303,2018-03,12
2303,2018-04,10
2303,2018-05,19
2303,2018-06,13
2303,2018-07,24
2303,2018-08,21
2303,2018-09,13
2303,2018-10,32
2303,2018-11,65
2303,2018-12,33
2303,2019-01,39
2303,2019-02,9
2303,2019-03,11
2303,2019-04,12
2303,2019-05,16
2303,2019-06,9
2303,2019-07,7
2303,2019-08,9
2303,2019-09,12
2303,2019-10,10
2303,2019-11,6
2303,2019-12,10
2303,2020-01,11
2303,2020-02,10
2303,2020-03,21
2303,2020-04,24
2303,2020-05,9
2303,2020-06,8
2303,2020-07,49
2303,2020-08,39
2303,2020-09,48
2303,2020-10,52
2303,2020-11,44
2303,2020-12,101
2303,2021-01,136
2303,2021-02,56
2303,2021-03,114
2303,2021-04,108
2303,2021-05,127
2303,2021-06,106
2303,2021-07,101
2303,2021-08,163
2303,2021-09,152
2303,2021-10,97
2303,2021-11,72
2303,2021-12,94
2303,2022-01,71
2303,2022-02,62
2303,2022-03,66
2303,2022-04,75
2303,2022-05,55
2303,2022-06,65
2303,2022-07,78
2303,2022-08,43
2303,2022-09,52
2303,2022-10,71
2303,2022-11,50
2303,2022-12,26
2303,2023-01,55
2303,2023-02,38
2303,2023-03,50
2303,2023-04,22
2303,2023-05,20
2303,2023-06,33
2303,2023-07,24
2303,2023-08,18
2303,2023-09,39
2303,2023-10,52
2303,2023-11,39
2303,2023-12,44
2303,2024-01,51
2303,2024-02,17
2303,2024-03,50
2303,2024-04,33
2303,2024-05,54
2303,2024-06,44
2303,2024-07,45
2303,2024-08,35
2303,2024-09,24
2303,2024-10,21
2303,2024-11,40
2303,2024-12,35
2303,2025-01,35
2308,2015-04,1
2308,2015-05,6
2308,2015-06,17
2308,2015-07,8
2308,2015-08,7
2308,2015-09,10
2308,2015-10,9
2308,2015-11,2
2308,2015-12,12
2308,2016-01,7
2308,2016-02,6
2308,2016-03,7
2308,2016-04,4
2308,2016-05,5
2308,2016-06,7
2308,2016-07,12
2308,2016-08,7
2308,2016-09,6
2308,2016-10,4
2308,2016-11,13
2308,2016-12,3
2308,2017-01,2
2308,2017-02,1
2308,2017-03,1
2308,2017-04,6
2308,2017-05,5
2308,2017-06,3
2308,2017-07,2
2308,2017-08,2
2308,2017-09,5
2308,2017-10,7
2308,2017-11,15
2308,2017-12,9
2308,2018-01,7
2308,2018-02,7
2308,2018-03,7
2308,2018-04,18
2308,2018-05,22
2308,2018-06,8
2308,2018-07,15
2308,2018-08,14
2308,2018-09,12
2308,2018-10,21
2308,2018-11,12
2308,2018-12,17
2308,2019-01,23
2308,2019-02,8
2308,2019-03,13
2308,2019-04,8
2308,2019-05,20
2308,2019-06,6
2308,2019-07,4
2308,2019-08,10
2308,2019-09,2
2308,2019-10,4
2308,2019-11,4
2308,2019-12,3
2308,2020-01,9
2308,2020-02,5
2308,2020-03,10
2308,2020-04,5
2308,2020-05,2
2308,2020-06,5
2308,2020-07,9
2308,2020-08,3
2308,2020-09,9
2308,2020-10,4
2308,2020-11,12
2308,2020-12,14
2308,2021-01,50
2308,2021-02,15
2308,2021-03,23
2308,2021-04,31
2308,2021-05,31
2308,2021-06,30
2308,2021-07,26
2308,2021-08,16
2308,2021-09,16
2308,2021-10,24
2308,2021-11,18
2308,2021-12,13
2308,2022-01,19
2308,2022-02,9
2308,2022-03,24
2308,2022-04,10
2308,2022-05,5
2308,2022-06,13
2308,2022-07,20
2308,2022-08,19
2308,2022-09,15
2308,2022-10,22
2308,2022-11,24
2308,2022-12,13
2308,2023-01,14
2308,2023-02,10
2308,2023-03,12
2308,2023-04,16
2308,2023-05,11
2308,2023-06,28
2308,2023-07,22
2308,2023-08,20
2308,2023-09,5
2308,2023-10,7
2308,2023-11,2
2308,2023-12,9
2308,2024-01,7
2308,2024-02,5
2308,2024-03,27
2308,2024-04,12
2308,2024-05,15
2308,2024-06,24
2308,2024-07,34
2308,2024-08,29
2308,2024-09,9
2308,2024-10,16
2308,2024-11,10
2308,2024-12,23
2308,2025-01,25
2312,2015-05,4
2312,2015-06,3
2312,2015-07,2
2312,2015-09,3
2312,2015-10,8
2312,2015-12,2
2312,2016-03,5
2312,2016-04,2
2312,2016-05,1
2312,2016-06,4
2312,2016-07,1
2312,2016-08,1
2312,2016-09,2
2312,2016-10,1
2312,2016-11,1
2312,2016-12,1
2312,2017-02,2
2312,2017-06,1
2312,2017-09,1
2312,2017-10,1
2312,2018-01,1
2312,2018-03,1
2312,2018-04,1
2312,2018-05,2
2312,2018-06,2
2312,2018-09,1
2312,2018-12,1
2312,2019-01,4
2312,2019-03,1
2312,2019-04,1
2312,2019-05,2
2312,2020-01,6
2312,2020-02,1
2312,2020-04,3
2312,2020-05,1
2312,2020-08,2
2312,2020-09,44
2312,2020-10,18
2312,2020-11,5
2312,2020-12,4
2312,2021-01,6
2312,2021-02,1
2312,2021-03,2
2312,2021-04,9
2312,2021-05,7
2312,2021-06,1
2312,2021-07,4
2312,2021-08,2
2312,2021-10,4
2312,2021-11,4
2312,2021-12,10
2312,2022-01,2
2312,2022-03,9
2312,2022-04,3
2312,2022-05,7
2312,2022-06,2
2312,2022-08,1
2312,2022-09,1
2312,2022-12,1
2312,2023-01,4
2312,2023-03,2
2312,2023-04,2
2312,2023-07,5
2312,2023-08,1
2312,2023-09,4
2312,2023-10,3
2312,2023-12,2
2312,2024-01,1
2312,2024-02,2
2312,2024-05,2
2312,2024-06,6
2312,2024-07,18
2312,2024-08,3
2312,2024-09,1
2312,2024-10,8
2312,2024-11,27
2312,2024-12,21
2312,2025-01,15
2313,2015-04,1
2313,2015-05,4
2313,2015-06,12
2313,2015-07,20
2313,2015-08,23
2313,2015-09,19
2313,2015-10,17
2313,2015-11,10
2313,2015-12,17
2313,2016-01,5
2313,2016-02,5
2313,2016-03,12
2313,2016-04,9
2313,2016-05,5
2313,2016-06,8
2313,2016-07,12
2313,2016-09,3
2313,2016-10,6
2313,2016-11,3
2313,2017-01,2
2313,2017-02,8
2313,2017-03,7
2313,2017-04,7
2313,2017-05,6
2313,2017-06,7
2313,2017-07,9
2313,2017-08,11
2313,2017-09,9
2313,2017-10,9
2313,2017-11,13
2313,2017-12,10
2313,2018-01,9
2313,2018-02,4
2313,2018-03,11
2313,2018-04,11
2313,2018-05,12
2313,2018-06,19
2313,2018-07,9
2313,2018-08,9
2313,2018-09,7
2313,2018-10,5
2313,2018-11,6
2313,2018-12,7
2313,2019-01,4
2313,2019-02,5
2313,2019-03,4
2313,2019-04,18
2313,2019-05,2
2313,2019-06,3
2313,2019-07,11
2313,2019-08,10
2313,2019-09,18
2313,2019-10,13
2313,2019-11,10
2313,2019-12,4
2313,2020-01,5
2313,2020-02,5
2313,2020-03,6
2313,2020-04,12
2313,2020-05,10
2313,2020-06,6
2313,2020-07,4
2313,2020-08,5
2313,2020-09,7
2313,2020-10,3
2313,2020-11,7
2313,2020-12,4
2313,2021-01,8
2313,2021-02,2
2313,2021-03,6
2313,2021-04,2
2313,2021-05,6
2313,2021-06,10
2313,2021-07,17
2313,2021-08,5
2313,2021-09,2
2313,2021-10,5
2313,2021-11,3
2313,2021-12,3
2313,2022-01,4
2313,2022-02,12
2313,2022-03,15
2313,2022-04,17
2313,2022-05,14
2313,2022-06,10
2313,2022-07,9
2313,2022-08,17
2313,2022-09,7
2313,2022-10,7
2313,2022-11,3
2313,2022-12,2
2313,2023-01,2
2313,2023-02,1
2313,2023-03,3
2313,2023-04,1
2313,2023-05,4
2313,2023-06,4
2313,2023-07,7
2313,2023-08,4
2313,2023-09,31
2313,2023-10,10
2313,2023-11,35
2313,2023-12,20
2313,2024-01,12
2313,2024-02,8
2313,2024-03,9
2313,2024-04,3
2313,2024-05,5
2313,2024-06,6
2313,2024-07,14
2313,2024-08,8
2313,2024-09,12
2313,2024-10,4
2313,2024-11,2
2313,2024-12,11
2316,2015-05,5
2316,2015-06,5
2316,2015-07,2
2316,2015-08,5
2316,2015-09,4
2316,2015-10,3
2316,2015-11,2
2316,2015-12,5
2316,2016-02,1
2316,2016-03,5
2316,2016-05,1
2316,2016-06,5
2316,2016-07,4
2316,2016-08,1
2316,2017-01,3
2316,2017-02,2
2316,2017-03,1
2316,2017-04,1
2316,2017-06,1
2316,2017-07,2
2316,2017-10,2
2316,2017-12,3
2316,2018-08,1
2316,2019-01,1
2316,2019-02,2
2316,2019-03,6
2316,2019-04,6
2316,2019-05,3
2316,2019-06,2
2316,2019-07,6
2316,2019-08,5
2316,2019-09,7
2316,2019-10,13
2316,2019-11,15
2316,2019-12,11
2316,2020-01,10
2316,2020-02,23
2316,2020-03,10
2316,2020-04,4
2316,2020-05,7
2316,2020-06,12
2316,2020-07,9
2316,2020-08,4
2316,2020-09,2
2316,2020-10,4
2316,2020-11,1
2316,2021-01,4
2316,2021-02,1
2316,2021-03,2
2316,2021-04,2
2316,2021-05,2
2316,2021-06,1
2316,2021-07,5
2316,2021-08,1
2316,2021-10,1
2316,2021-11,3
2316,2021-12,6
2316,2022-02,1
2316,2022-03,2
2316,2022-04,5
2316,2022-08,2
2316,2022-11,1
2316,2023-04,1
2316,2023-05,1
2316,2023-07,2
2316,2023-08,4
2316,2023-10,3
2316,2023-11,2
2316,2023-12,1
2316,2024-01,5
2316,2024-02,1
2316,2024-03,6
2316,2024-04,4
2316,2024-05,4
2316,2024-06,10
2316,2024-07,3
2316,2024-08,5
2316,2024-09,3
2316,2024-10,13
2316,2024-11,5
2316,2024-12,2
2316,2025-01,3
2317,2015-04,7
2317,2015-05,39
2317,2015-06,64
2317,2015-07,44
2317,2015-08,68
2317,2015-09,44
2317,2015-10,54
2317,2015-11,38
2317,2015-12,38
2317,2016-01,32
2317,2016-02,34
2317,2016-03,44
2317,2016-04,30
2317,2016-05,42
2317,2016-06,24
2317,2016-07,40
2317,2016-08,27
2317,2016-09,47
2317,2016-10,25
2317,2016-11,35
2317,2016-12,28
2317,2017-01,28
2317,2017-02,48
2317,2017-03,38
2317,2017-04,49
2317,2017-05,44
2317,2017-06,63
2317,2017-07,51
2317,2017-08,33
2317,2017-09,47
2317,2017-10,41
2317,2017-11,53
2317,2017-12,59
2317,2018-01,74
2317,2018-02,41
2317,2018-03,72
2317,2018-04,77
2317,2018-05,78
2317,2018-06,65
2317,2018-07,61
2317,2018-08,48
2317,2018-09,69
2317,2018-10,61
2317,2018-11,73
2317,2018-12,73
2317,2019-01,50
2317,2019-02,32
2317,2019-03,53
2317,2019-04,121
2317,2019-05,78
2317,2019-06,48
2317,2019-07,28
2317,2019-08,30
2317,2019-09,39
2317,2019-10,34
2317,2019-11,81
2317,2019-12,34
2317,2020-01,36
2317,2020-02,47
2317,2020-03,108
2317,2020-04,37
2317,2020-05,69
2317,2020-06,46
2317,2020-07,65
2317,2020-08,45
2317,2020-09,32
2317,2020-10,21
2317,2020-11,27
2317,2020-12,56
2317,2021-01,145
2317,2021-02,59
2317,2021-03,113
2317,2021-04,53
2317,2021-05,111
2317,2021-06,60
2317,2021-07,77
2317,2021-08,54
2317,2021-09,29
2317,2021-10,57
2317,2021-11,26
2317,2021-12,29
2317,2022-01,39
2317,2022-02,32
2317,2022-03,46
2317,2022-04,24
2317,2022-05,58
2317,2022-06,48
2317,2022-07,56
2317,2022-08,46
2317,2022-09,30
2317,2022-10,41
2317,2022-11,33
2317,2022-12,37
2317,2023-01,34
2317,2023-02,24
2317,2023-03,37
2317,2023-04,29
2317,2023-05,53
2317,2023-06,48
2317,2023-07,43
2317,2023-08,41
2317,2023-09,23
2317,2023-10,55
2317,2023-11,40
2317,2023-12,25
2317,2024-01,19
2317,2024-02,18
2317,2024-03,125
2317,2024-04,93
2317,2024-05,121
2317,2024-06,138
2317,2024-07,119
2317,2024-08,123
2317,2024-09,69
2317,2024-10,71
2317,2024-11,68
2317,2024-12,67
2317,2025-01,58
2323,2015-04,1
2323,2015-06,2
2323,2015-08,5
2323,2015-09,3
2323,2015-10,2
2323,2015-11,3
2323,2015-12,1
2323,2016-01,1
2323,2016-02,1
2323,2016-06,1
2323,2017-01,1
2323,2017-02,2
2323,2017-04,2
2323,2017-06,1
2323,2017-08,1
2323,2017-09,2
2323,2017-10,1
2323,2017-12,1
2323,2018-01,4
2323,2018-02,1
2323,2018-04,10
2323,2018-05,25
2323,2018-06,28
2323,2018-07,26
2323,2018-08,16
2323,2018-09,7
2323,2018-10,16
2323,2018-11,8
2323,2018-12,6
2323,2019-01,12
2323,2019-02,8
2323,2019-03,11
2323,2019-04,6
2323,2019-05,6
2323,2019-06,4
2323,2019-07,2
2323,2019-08,3
2323,2019-09,9
2323,2019-10,3
2323,2019-11,2
2323,2020-01,1
2323,2020-02,4
2323,2020-03,6
2323,2020-04,6
2323,2020-05,11
2323,2020-06,7
2323,2020-07,13
2323,2020-08,12
2323,2020-09,7
2323,2020-10,5
2323,2020-11,3
2323,2020-12,4
2323,2021-01,15
2323,2021-02,1
2323,2021-03,8
2323,2021-04,9
2323,2021-05,9
2323,2021-06,14
2323,2021-07,14
2323,2021-08,11
2323,2021-09,7
2323,2021-10,15
2323,2021-11,10
2323,2021-12,7
2323,2022-01,16
2323,2022-02,7
2323,2022-03,18
2323,2022-04,11
2323,2022-05,7
2323,2022-06,14
2323,2022-07,10
2323,2022-08,13
2323,2022-09,9
2323,2022-10,7
2323,2022-11,7
2323,2022-12,4
2323,2023-01,3
2323,2023-02,4
2323,2023-03,8
2323,2023-04,9
2323,2023-05,6
2323,2023-06,8
2323,2023-07,8
2323,2023-08,2
2323,2023-09,1
2323,2023-10,5
2323,2023-11,6
2323,2023-12,9
2323,2024-01,5
2323,2024-02,8
2323,2024-03,11
2323,2024-04,9
2323,2024-05,19
2323,2024-06,12
2323,2024-07,12
2323,2024-08,16
2323,2024-09,11
2323,2024-10,11
2323,2024-11,11
2323,2024-12,20
2323,2025-01,9
2327,2015-05,3
2327,2015-06,6
2327,2015-08,3
2327,2015-09,6
2327,2015-10,2
2327,2016-01,1
2327,2016-03,3
2327,2016-04,2
2327,2016-06,2
2327,2016-08,1
2327,2016-09,1
2327,2016-10,1
2327,2016-11,1
2327,2017-01,6
2327,2017-03,3
2327,2017-04,7
2327,2017-05,3
2327,2017-06,2
2327,2017-07,4
2327,2017-08,4
2327,2017-09,1
2327,2017-10,3
2327,2017-11,12
2327,2017-12,8
2327,2018-01,11
2327,2018-02,11
2327,2018-03,29
2327,2018-04,45
2327,2018-05,107
2327,2018-06,84
2327,2018-07,132
2327,2018-08,123
2327,2018-09,94
2327,2018-10,121
2327,2018-11,81
2327,2018-12,48
2327,2019-01,31
2327,2019-02,31
2327,2019-03,28
2327,2019-04,18
2327,2019-05,24
2327,2019-06,6
2327,2019-07,10
2327,2019-08,16
2327,2019-09,5
2327,2019-10,14
2327,2019-11,17
2327,2019-12,22
2327,2020-01,28
2327,2020-02,27
2327,2020-03,32
2327,2020-04,26
2327,2020-05,35
2327,2020-06,29
2327,2020-07,31
2327,2020-08,8
2327,2020-09,9
2327,2020-10,9
2327,2020-11,12
2327,2020-12,26
2327,2021-01,39
2327,2021-02,15
2327,2021-03,22
2327,2021-04,27
2327,2021-05,55
2327,2021-06,86
2327,2021-07,107
2327,2021-08,45
2327,2021-09,23
2327,2021-10,49
2327,2021-11,18
2327,2021-12,17
2327,2022-01,25
2327,2022-02,11
2327,2022-03,33
2327,2022-04,22
2327,2022-05,14
2327,2022-06,8
2327,2022-07,10
2327,2022-08,5
2327,2022-09,13
2327,2022-10,9
2327,2022-11,14
2327,2022-12,9
2327,2023-01,11
2327,2023-02,6
2327,2023-03,9
2327,2023-04,7
2327,2023-05,9
2327,2023-06,7
2327,2023-07,5
2327,2023-08,4
2327,2023-09,8
2327,2023-10,6
2327,2023-11,6
2327,2023-12,8
2327,2024-01,1
2327,2024-02,6
2327,2024-03,4
2327,2024-04,7
2327,2024-05,11
2327,2024-06,7
2327,2024-07,7
2327,2024-08,12
2327,2024-09,5
2327,2024-10,5
2327,2024-11,2
2327,2024-12,2
2328,2015-05,1
2328,2015-06,2
2328,2015-08,1
2328,2015-12,1
2328,2016-03,1
2328,2016-05,1
2328,2016-09,6
2328,2016-10,4
2328,2016-11,1
2328,2017-02,3
2328,2017-03,10
2328,2017-04,4
2328,2017-06,1
2328,2017-07,1
2328,2017-08,1
2328,2017-09,3
2328,2017-11,3
2328,2018-03,1
2328,2018-07,1
2328,2018-11,2
2328,2018-12,2
2328,2019-01,1
2328,2019-03,2
2328,2019-04,3
2328,2019-05,1
2328,2019-07,1
2328,2019-09,2
2328,2019-11,1
2328,2020-01,1
2328,2020-05,1
2328,2020-06,1
2328,2020-11,1
2328,2020-12,2
2328,2021-01,12
2328,2021-02,3
2328,2021-03,13
2328,2021-04,1
2328,2021-05,2
2328,2021-07,6
2328,2021-10,2
2328,2022-05,2
2328,2022-06,1
2328,2022-11,1
2328,2022-12,1
2328,2023-03,1
2328,2023-06,1
2328,2023-07,3
2328,2024-03,1
2328,2024-05,2
2328,2024-06,1
2328,2024-10,1
2328,2024-11,2
2328,2024-12,4
2328,2025-01,1
2329,2015-04,1
2329,2015-05,8
2329,2015-06,1
2329,2015-07,3
2329,2015-08,2
2329,2015-09,1
2329,2015-10,1
2329,2015-12,1
2329,2016-03,1
2329,2016-04,1
2329,2016-05,1
2329,2016-06,1
2329,2016-08,8
2329,2016-09,1
2329,2017-01,2
2329,2017-02,1
2329,2017-07,1
2329,2017-09,1
2329,2017-11,3
2329,2018-07,1
2329,2018-08,1
2329,2018-09,1
2329,2018-10,4
2329,2019-03,2
2329,2019-04,1
2329,2019-05,1
2329,2019-07,7
2329,2019-08,8
2329,2019-09,4
2329,2019-10,1
2329,2019-11,2
2329,2020-01,2
2329,2020-03,2
2329,2020-07,1
2329,2020-10,1
2329,2020-11,1
2329,2020-12,3
2329,2021-01,3
2329,2021-02,1
2329,2021-03,1
2329,2021-04,2
2329,2021-06,3
2329,2021-07,4
2329,2021-08,8
2329,2021-09,2
2329,2021-10,1
2329,2021-11,1
2329,2022-04,2
2329,2022-05,2
2329,2022-07,1
2329,2023-06,1
2329,2023-07,14
2329,2023-08,6
2329,2023-09,1
2329,2023-10,3
2329,2023-11,17
2329,2023-12,8
2329,2024-01,12
2329,2024-02,27
2329,2024-03,7
2329,2024-04,12
2329,2024-05,3
2329,2024-06,4
2329,2024-07,6
2329,2024-08,3
2329,2024-09,1
2329,2024-10,1
2329,2024-11,1
2330,2015-04,16
2330,2015-05,53
2330,2015-06,122
2330,2015-07,122
2330,2015-08,137
2330,2015-09,67
2330,2015-10,100
2330,2015-11,57
2330,2015-12,60
2330,2016-01,49
2330,2016-02,74
2330,2016-03,51
2330,2016-04,40
2330,2016-05,40
2330,2016-06,55
2330,2016-07,70
2330,2016-08,52
2330,2016-09,57
2330,2016-10,56
2330,2016-11,70
2330,2016-12,49
2330,2017-01,50
2330,2017-02,57
2330,2017-03,66
2330,2017-04,63
2330,2017-05,73
2330,2017-06,86
2330,2017-07,55
2330,2017-08,50
2330,2017-09,56
2330,2017-10,96
2330,2017-11,82
2330,2017-12,111
2330,2018-01,113
2330,2018-02,100
2330,2018-03,83
2330,2018-04,154
2330,2018-05,102
2330,2018-06,101
2330,2018-07,130
2330,2018-08,162
2330,2018-09,161
2330,2018-10,179
2330,2018-11,131
2330,2018-12,123
2330,2019-01,157
2330,2019-02,69
2330,2019-03,85
2330,2019-04,122
2330,2019-05,193
2330,2019-06,142
2330,2019-07,114
2330,2019-08,108
2330,2019-09,101
2330,2019-10,215
2330,2019-11,210
2330,2019-12,246
2330,2020-01,129
2330,2020-02,180
2330,2020-03,588
2330,2020-04,221
2330,2020-05,251
2330,2020-06,183
2330,2020-07,663
2330,2020-08,291
2330,2020-09,253
2330,2020-10,207
2330,2020-11,318
2330,2020-12,305
2330,2021-01,1223
2330,2021-02,514
2330,2021-03,633
2330,2021-04,565
2330,2021-05,613
2330,2021-06,384
2330,2021-07,614
2330,2021-08,473
2330,2021-09,373
2330,2021-10,358
2330,2021-11,261
2330,2021-12,308
2330,2022-01,482
2330,2022-02,246
2330,2022-03,391
2330,2022-04,395
2330,2022-05,283
2330,2022-06,295
2330,2022-07,500
2330,2022-08,291
2330,2022-09,306
2330,2022-10,495
2330,2022-11,367
2330,2022-12,283
2330,2023-01,198
2330,2023-02,188
2330,2023-03,163
2330,2023-04,204
2330,2023-05,195
2330,2023-06,201
2330,2023-07,200
2330,2023-08,176
2330,2023-09,173
2330,2023-10,206
2330,2023-11,152
2330,2023-12,142
2330,2024-01,260
2330,2024-02,268
2330,2024-03,407
2330,2024-04,436
2330,2024-05,311
2330,2024-06,507
2330,2024-07,705
2330,2024-08,527
2330,2024-09,337
2330,2024-10,412
2330,2024-11,341
2330,2024-12,300
2330,2025-01,314
2337,2015-04,2
2337,2015-05,4
2337,2015-06,2
2337,2015-07,4
2337,2015-08,1
2337,2015-09,1
2337,2015-10,4
2337,2015-11,1
2337,2015-12,1
2337,2016-01,3
2337,2016-03,3
2337,2016-04,2
2337,2016-05,1
2337,2016-06,4
2337,2016-07,3
2337,2016-08,2
2337,2016-09,3
2337,2016-10,3
2337,2016-11,1
2337,2016-12,1
2337,2017-01,8
2337,2017-02,9
2337,2017-03,17
2337,2017-04,7
2337,2017-05,10
2337,2017-06,19
2337,2017-07,11
2337,2017-08,7
2337,2017-09,26
2337,2017-10,38
2337,2017-11,33
2337,2017-12,18
2337,2018-01,10
2337,2018-02,13
2337,2018-03,14
2337,2018-04,17
2337,2018-05,12
2337,2018-06,9
2337,2018-07,4
2337,2018-08,17
2337,2018-09,11
2337,2018-10,49
2337,2018-11,29
2337,2018-12,35
2337,2019-01,20
2337,2019-02,18
2337,2019-03,16
2337,2019-04,21
2337,2019-05,13
2337,2019-06,6
2337,2019-07,23
2337,2019-08,14
2337,2019-09,17
2337,2019-10,18
2337,2019-11,9
2337,2019-12,12
2337,2020-01,18
2337,2020-02,14
2337,2020-03,31
2337,2020-04,19
2337,2020-05,22
2337,2020-06,35
2337,2020-07,36
2337,2020-08,19
2337,2020-09,18
2337,2020-10,10
2337,2020-11,10
2337,2020-12,32
2337,2021-01,18
2337,2021-02,10
2337,2021-03,15
2337,2021-04,15
2337,2021-05,13
2337,2021-06,21
2337,2021-07,17
2337,2021-08,35
2337,2021-09,15
2337,2021-10,9
2337,2021-11,14
2337,2021-12,3
2337,2022-01,13
2337,2022-02,29
2337,2022-03,7
2337,2022-04,9
2337,2022-05,4
2337,2022-06,4
2337,2022-07,3
2337,2022-08,5
2337,2022-09,2
2337,2022-10,4
2337,2022-11,6
2337,2022-12,13
2337,2023-01,2
2337,2023-02,4
2337,2023-03,1
2337,2023-04,3
2337,2023-06,11
2337,2023-07,4
2337,2023-08,12
2337,2023-09,8
2337,2023-10,7
2337,2023-11,2
2337,2023-12,3
2337,2024-01,5
2337,2024-02,2
2337,2024-03,1
2337,2024-04,1
2337,2024-06,2
2337,2024-07,8
2337,2024-08,2
2337,2024-09,2
2337,2024-10,1
2337,2024-11,2
2337,2024-12,7
2337,2025-01,2
2338,2015-05,1
2338,2015-06,1
2338,2015-07,1
2338,2015-09,1
2338,2016-06,1
2338,2017-01,1
2338,2017-02,1
2338,2017-03,1
2338,2017-04,1
2338,2017-06,1
2338,2017-07,2
2338,2017-08,1
2338,2017-09,1
2338,2017-10,2
2338,2017-11,1
2338,2018-03,1
2338,2018-04,2
2338,2018-05,5
2338,2018-06,10
2338,2018-07,1
2338,2018-08,1
2338,2018-09,2
2338,2018-10,3
2338,2019-01,2
2338,2019-03,6
2338,2019-04,3
2338,2019-07,3
2338,2019-08,2
2338,2019-09,1
2338,2019-10,2
2338,2019-12,1
2338,2020-01,1
2338,2020-03,10
2338,2020-04,1
2338,2020-05,8
2338,2020-06,5
2338,2020-07,2
2338,2020-08,5
2338,2020-09,1
2338,2020-10,2
2338,2020-11,2
2338,2020-12,2
2338,2021-01,6
2338,2021-02,10
2338,2021-03,5
2338,2021-04,6
2338,2021-05,8
2338,2021-06,2
2338,2021-07,13
2338,2021-08,14
2338,2021-09,4
2338,2021-10,1
2338,2021-11,10
2338,2021-12,9
2338,2022-01,9
2338,2022-02,2
2338,2022-03,6
2338,2022-04,4
2338,2022-05,14
2338,2022-06,8
2338,2022-07,5
2338,2022-11,10
2338,2022-12,4
2338,2023-01,4
2338,2023-02,2
2338,2023-03,4
2338,2023-04,1
2338,2023-06,1
2338,2023-09,1
2338,2023-10,4
2338,2023-11,5
2338,2023-12,3
2338,2024-01,6
2338,2024-02,1
2338,2024-03,2
2338,2024-05,1
2338,2024-06,4
2338,2024-07,2
2338,2024-08,2
2338,2024-09,1
2338,2024-10,1
2338,2025-01,1
2340,2015-06,1
2340,2015-09,1
2340,2015-10,1
2340,2015-12,1
2340,2016-07,2
2340,2017-02,3
2340,2017-04,1
2340,2017-05,1
2340,2017-06,1
2340,2017-07,1
2340,2017-09,1
2340,2017-10,4
2340,2017-11,2
2340,2017-12,2
2340,2018-05,2
2340,2018-06,7
2340,2018-07,2
2340,2018-09,1
2340,2018-10,3
2340,2018-12,1
2340,2019-03,5
2340,2019-04,2
2340,2019-08,1
2340,2020-06,1
2340,2020-07,1
2340,2020-08,1
2340,2020-09,1
2340,2020-11,4
2340,2021-01,3
2340,2021-02,5
2340,2021-03,6
2340,2021-04,1
2340,2021-05,2
2340,2021-06,1
2340,2021-07,2
2340,2021-08,1
2340,2021-09,6
2340,2021-10,8
2340,2021-11,21
2340,2021-12,15
2340,2022-01,1
2340,2022-02,2
2340,2022-03,2
2340,2022-04,3
2340,2022-05,5
2340,2022-06,3
2340,2022-07,4
2340,2022-09,1
2340,2023-03,2
2340,2023-04,1
2340,2023-06,1
2340,2023-07,2
2340,2024-03,1
2340,2024-04,1
2340,2024-07,2
2340,2024-12,6
2342,2015-05,2
2342,2015-06,2
2342,2015-07,1
2342,2015-08,1
2342,2016-01,1
2342,2017-04,1
2342,2017-10,3
2342,2018-02,1
2342,2018-04,1
2342,2018-05,3
2342,2018-06,1
2342,2018-08,1
2342,2018-10,1
2342,2018-11,2
2342,2018-12,3
2342,2019-01,2
2342,2019-06,2
2342,2020-02,2
2342,2020-03,6
2342,2020-04,3
2342,2020-05,2
2342,2020-06,1
2342,2020-07,3
2342,2020-12,4
2342,2021-01,2
2342,2021-02,1
2342,2021-07,13
2342,2021-08,4
2342,2021-11,2
2342,2021-12,6
2342,2022-04,1
2342,2022-05,1
2342,2022-07,2
2342,2022-08,1
2342,2023-04,2
2342,2023-05,1
2342,2023-06,1
2342,2023-09,1
2342,2024-03,1
2342,2024-05,1
2342,2024-07,1
2342,2024-10,1
2344,2015-05,1
2344,2015-06,5
2344,2015-07,4
2344,2015-08,10
2344,2015-09,9
2344,2015-10,12
2344,2015-11,3
2344,2015-12,9
2344,2016-01,5
2344,2016-02,5
2344,2016-03,9
2344,2016-04,3
2344,2016-05,1
2344,2016-06,3
2344,2016-07,10
2344,2016-08,4
2344,2016-09,5
2344,2016-10,1
2344,2016-11,2
2344,2016-12,3
2344,2017-01,4
2344,2017-02,11
2344,2017-03,27
2344,2017-04,38
2344,2017-05,10
2344,2017-06,25
2344,2017-07,7
2344,2017-08,12
2344,2017-09,27
2344,2017-10,21
2344,2017-11,31
2344,2017-12,15
2344,2018-01,6
2344,2018-02,11
2344,2018-03,12
2344,2018-04,7
2344,2018-05,12
2344,2018-06,12
2344,2018-07,10
2344,2018-08,15
2344,2018-09,18
2344,2018-10,16
2344,2018-11,16
2344,2018-12,17
2344,2019-01,22
2344,2019-02,8
2344,2019-03,8
2344,2019-04,15
2344,2019-05,6
2344,2019-06,2
2344,2019-07,12
2344,2019-08,9
2344,2019-09,9
2344,2019-10,5
2344,2019-11,9
2344,2019-12,9
2344,2020-01,7
2344,2020-02,5
2344,2020-03,5
2344,2020-04,5
2344,2020-05,4
2344,2020-06,5
2344,2020-07,5
2344,2020-08,5
2344,2020-09,10
2344,2020-10,6
2344,2020-11,9
2344,2020-12,39
2344,2021-01,16
2344,2021-02,15
2344,2021-03,17
2344,2021-04,73
2344,2021-05,50
2344,2021-06,21
2344,2021-07,37
2344,2021-08,45
2344,2021-09,21
2344,2021-10,19
2344,2021-11,37
2344,2021-12,19
2344,2022-01,16
2344,2022-02,33
2344,2022-03,18
2344,2022-04,13
2344,2022-05,7
2344,2022-06,1
2344,2022-07,7
2344,2022-08,9
2344,2022-09,4
2344,2022-10,5
2344,2022-11,19
2344,2022-12,10
2344,2023-01,9
2344,2023-02,4
2344,2023-03,23
2344,2023-04,11
2344,2023-05,8
2344,2023-06,13
2344,2023-07,7
2344,2023-08,10
2344,2023-09,10
2344,2023-10,11
2344,2023-11,11
2344,2023-12,11
2344,2024-01,1
2344,2024-02,2
2344,2024-03,2
2344,2024-04,1
2344,2024-05,3
2344,2024-06,7
2344,2024-07,6
2344,2024-08,9
2344,2024-09,1
2344,2024-10,3
2344,2024-11,6
2344,2024-12,7
2344,2025-01,1
2347,2015-05,1
2347,2015-06,6
2347,2015-07,1
2347,2015-08,4
2347,2015-10,1
2347,2015-11,3
2347,2015-12,4
2347,2016-01,4
2347,2016-02,3
2347,2016-03,2
2347,2016-04,1
2347,2016-05,1
2347,2016-06,2
2347,2016-07,6
2347,2016-08,2
2347,2016-09,1
2347,2016-10,1
2347,2016-12,1
2347,2017-02,2
2347,2017-03,5
2347,2017-04,3
2347,2017-05,1
2347,2017-07,3
2347,2017-08,1
2347,2017-09,8
2347,2017-10,5
2347,2017-11,2
2347,2017-12,6
2347,2018-03,2
2347,2018-04,7
2347,2018-05,6
2347,2018-06,2
2347,2018-07,1
2347,2018-08,3
2347,2018-10,1
2347,2018-11,1
2347,2018-12,3
2347,2019-01,1
2347,2019-03,3
2347,2019-05,1
2347,2019-07,1
2347,2019-09,2
2347,2019-10,3
2347,2019-11,1
2347,2019-12,2
2347,2020-02,1
2347,2020-03,1
2347,2020-05,1
2347,2020-07,1
2347,2020-08,1
2347,2020-10,1
2347,2020-11,3
2347,2020-12,1
2347,2021-03,2
2347,2021-05,1
2347,2021-06,7
2347,2021-07,4
2347,2021-08,2
2347,2021-09,1
2347,2021-10,3
2347,2021-11,6
2347,2021-12,19
2347,2022-01,6
2347,2022-02,13
2347,2022-03,10
2347,2022-04,7
2347,2022-05,8
2347,2022-06,7
2347,2022-07,7
2347,2022-08,8
2347,2022-09,3
2347,2022-10,4
2347,2022-11,6
2347,2022-12,4
2347,2023-01,1
2347,2023-02,8
2347,2023-03,3
2347,2023-04,1
2347,2023-05,1
2347,2023-06,2
2347,2023-07,3
2347,2023-08,4
2347,2023-09,6
2347,2023-10,6
2347,2023-11,4
2347,2023-12,1
2347,2024-01,6
2347,2024-02,2
2347,2024-03,3
2347,2024-04,3
2347,2024-05,13
2347,2024-06,11
2347,2024-07,5
2347,2024-08,3
2347,2024-09,2
2347,2024-11,5
2347,2024-12,3
2349,2015-05,1
2349,2015-06,3
2349,2015-08,1
2349,2015-09,1
2349,2016-01,3
2349,2016-04,1
2349,2016-05,3
2349,2016-07,3
2349,2016-08,3
2349,2016-09,1
2349,2016-10,1
2349,2017-02,4
2349,2017-03,1
2349,2017-08,3
2349,2018-01,3
2349,2018-02,1
2349,2018-04,2
2349,2018-05,33
2349,2018-06,70
2349,2018-07,11
2349,2018-08,19
2349,2018-09,9
2349,2018-10,6
2349,2018-11,5
2349,2018-12,9
2349,2019-02,2
2349,2019-03,3
2349,2019-04,2
2349,2019-05,3
2349,2019-06,1
2349,2019-09,1
2349,2020-03,2
2349,2020-05,3
2349,2020-07,1
2349,2020-10,5
2349,2020-11,2
2349,2020-12,1
2349,2021-01,5
2349,2021-04,1
2349,2021-05,2
2349,2021-06,1
2349,2021-08,8
2349,2021-11,1
2349,2021-12,4
2349,2022-03,1
2349,2022-04,1
2349,2023-04,1
2349,2023-05,1
2349,2023-07,1
2349,2023-11,1
2349,2023-12,1
2349,2024-05,1
2349,2024-06,1
2349,2024-07,10
2349,2024-08,7
2349,2024-09,3
2349,2024-10,1
2349,2024-11,6
2351,2015-07,2
2351,2015-08,2
2351,2015-10,2
2351,2015-11,1
2351,2016-03,3
2351,2016-05,1
2351,2016-07,2
2351,2016-08,3
2351,2016-09,2
2351,2016-10,1
2351,2016-11,1
2351,2016-12,2
2351,2017-02,2
2351,2017-05,1
2351,2017-06,1
2351,2017-07,1
2351,2017-10,3
2351,2017-11,3
2351,2018-01,3
2351,2018-02,1
2351,2018-03,4
2351,2018-05,1
2351,2018-06,1
2351,2018-08,1
2351,2018-09,1
2351,2018-12,1
2351,2019-02,1
2351,2019-11,1
2351,2019-12,2
2351,2020-10,1
2351,2020-11,2
2351,2020-12,5
2351,2021-01,3
2351,2021-02,2
2351,2021-04,6
2351,2021-05,9
2351,2021-06,19
2351,2021-07,11
2351,2021-08,8
2351,2021-09,1
2351,2021-10,14
2351,2021-11,8
2351,2022-01,3
2351,2022-03,9
2351,2022-04,2
2351,2022-05,1
2351,2022-06,4
2351,2022-07,7
2351,2022-08,4
2351,2022-09,4
2351,2022-10,3
2351,2022-11,2
2351,2023-02,4
2351,2023-03,2
2351,2023-04,2
2351,2023-06,1
2351,2023-07,1
2351,2023-08,1
2351,2023-10,1
2351,2023-12,1
2351,2024-03,3
2351,2024-05,2
2351,2024-08,1
2351,2024-09,3
2351,2024-10,1
2351,2024-11,1
2351,2024-12,1
2354,2015-04,1
2354,2015-05,8
2354,2015-06,24
2354,2015-07,16
2354,2015-08,10
2354,2015-09,7
2354,2015-10,15
2354,2015-11,8
2354,2015-12,14
2354,2016-01,5
2354,2016-02,2
2354,2016-03,9
2354,2016-04,1
2354,2016-05,6
2354,2016-06,5
2354,2016-07,3
2354,2016-08,8
2354,2016-09,7
2354,2016-10,5
2354,2016-11,3
2354,2016-12,1
2354,2017-02,10
2354,2017-03,3
2354,2017-04,1
2354,2017-05,4
2354,2017-06,10
2354,2017-07,3
2354,2017-09,6
2354,2017-10,1
2354,2017-11,5
2354,2017-12,2
2354,2018-01,1
2354,2018-02,1
2354,2018-03,3
2354,2018-04,5
2354,2018-05,3
2354,2018-06,2
2354,2018-07,1
2354,2018-08,2
2354,2018-09,2
2354,2018-10,1
2354,2018-11,1
2354,2018-12,5
2354,2019-01,2
2354,2019-02,2
2354,2019-04,1
2354,2019-06,4
2354,2019-07,1
2354,2019-08,1
2354,2019-09,6
2354,2019-10,4
2354,2019-11,3
2354,2019-12,2
2354,2020-07,3
2354,2020-09,3
2354,2020-11,1
2354,2020-12,1
2354,2021-01,13
2354,2021-02,5
2354,2021-03,6
2354,2021-04,3
2354,2021-05,7
2354,2021-06,1
2354,2021-07,3
2354,2021-08,3
2354,2021-09,5
2354,2021-10,6
2354,2021-11,3
2354,2021-12,2
2354,2022-01,1
2354,2022-02,1
2354,2022-03,2
2354,2022-04,1
2354,2022-05,14
2354,2022-06,3
2354,2022-07,1
2354,2022-10,1
2354,2022-12,1
2354,2023-02,1
2354,2023-03,2
2354,2023-05,2
2354,2023-06,1
2354,2023-07,2
2354,2023-08,1
2354,2023-09,3
2354,2023-11,1
2354,2023-12,1
2354,2024-01,1
2354,2024-03,9
2354,2024-04,4
2354,2024-05,11
2354,2024-06,5
2354,2024-08,3
2354,2024-10,11
2354,2024-11,36
2354,2024-12,11
2354,2025-01,10
2355,2015-05,1
2355,2015-06,2
2355,2015-07,1
2355,2015-08,6
2355,2015-09,1
2355,2015-10,1
2355,2015-12,3
2355,2016-01,2
2355,2016-02,8
2355,2016-03,5
2355,2016-04,4
2355,2016-05,9
2355,2016-06,7
2355,2016-07,5
2355,2016-08,6
2355,2016-09,5
2355,2016-10,5
2355,2016-11,2
2355,2017-01,1
2355,2017-02,2
2355,2017-03,3
2355,2017-04,3
2355,2017-05,2
2355,2017-06,2
2355,2017-07,3
2355,2017-08,3
2355,2017-09,3
2355,2017-10,4
2355,2017-12,3
2355,2018-01,3
2355,2018-02,1
2355,2018-04,15
2355,2018-05,7
2355,2018-06,1
2355,2018-07,1
2355,2018-08,1
2355,2018-09,1
2355,2018-11,1
2355,2019-02,7
2355,2019-03,1
2355,2019-11,1
2355,2020-09,1
2355,2020-10,2
2355,2020-12,3
2355,2021-01,4
2355,2021-04,1
2355,2021-05,7
2355,2021-07,1
2355,2021-11,6
2355,2021-12,2
2355,2022-01,2
2355,2022-02,1
2355,2022-07,1
2355,2023-03,2
2355,2023-04,1
2355,2023-05,1
2355,2023-08,1
2355,2023-10,2
2355,2023-11,3
2355,2023-12,7
2355,2024-04,1
2355,2024-06,1
2355,2024-09,1
2355,2024-11,2
2359,2015-08,1
2359,2016-05,1
2359,2016-10,1
2359,2017-03,1
2359,2017-04,2
2359,2018-03,1
2359,2018-06,1
2359,2018-08,1
2359,2019-09,1
2359,2019-11,1
2359,2020-03,1
2359,2020-06,1
2359,2020-07,1
2359,2021-05,2
2359,2021-11,1
2359,2021-12,2
2359,2022-01,9
2359,2022-02,2
2359,2022-03,6
2359,2022-04,1
2359,2022-05,3
2359,2022-06,2
2359,2022-07,1
2359,2022-08,2
2359,2022-09,2
2359,2022-12,3
2359,2023-03,3
2359,2023-11,1
2359,2023-12,2
2359,2024-01,2
2359,2024-03,11
2359,2024-04,19
2359,2024-05,41
2359,2024-06,30
2359,2024-07,17
2359,2024-08,31
2359,2024-10,3
2359,2024-11,4
2359,2024-12,15
2359,2025-01,11
2360,2015-04,1
2360,2015-06,2
2360,2015-10,1
2360,2015-12,2
2360,2016-02,2
2360,2016-03,3
2360,2016-04,1
2360,2016-06,1
2360,2016-08,2
2360,2016-09,2
2360,2016-10,2
2360,2017-01,1
2360,2017-02,2
2360,2017-03,4
2360,2017-04,5
2360,2017-06,1
2360,2017-09,3
2360,2017-10,2
2360,2017-11,7
2360,2017-12,2
2360,2018-01,4
2360,2018-02,4
2360,2018-03,10
2360,2018-04,5
2360,2018-05,1
2360,2018-06,1
2360,2018-07,5
2360,2018-08,3
2360,2018-10,2
2360,2018-11,2
2360,2018-12,3
2360,2019-02,1
2360,2019-04,3
2360,2019-05,1
2360,2019-06,1
2360,2019-08,1
2360,2019-09,1
2360,2019-11,4
2360,2020-02,2
2360,2020-04,2
2360,2020-06,1
2360,2020-07,2
2360,2020-08,1
2360,2020-09,2
2360,2020-10,2
2360,2020-11,2
2360,2020-12,1
2360,2021-01,5
2360,2021-02,1
2360,2021-04,2
2360,2021-05,1
2360,2021-06,1
2360,2021-07,1
2360,2021-08,1
2360,2021-09,1
2360,2021-10,1
2360,2022-01,7
2360,2022-02,2
2360,2022-06,1
2360,2022-07,2
2360,2022-09,8
2360,2022-10,2
2360,2022-11,1
2360,2023-03,2
2360,2023-04,4
2360,2023-05,1
2360,2023-06,5
2360,2023-07,6
2360,2023-08,3
2360,2023-10,1
2360,2024-01,7
2360,2024-02,1
2360,2024-04,1
2360,2024-05,1
2360,2024-06,2
2360,2024-07,2
2360,2024-08,2
2360,2024-09,6
2360,2024-10,7
2360,2024-11,3
2360,2024-12,1
2360,2025-01,5
2367,2015-04,1
2367,2015-05,7
2367,2015-06,7
2367,2015-07,6
2367,2015-08,4
2367,2015-11,1
2367,2015-12,2
2367,2016-05,2
2367,2016-06,2
2367,2016-07,1
2367,2016-08,1
2367,2016-11,1
2367,2017-02,2
2367,2017-04,5
2367,2017-05,1
2367,2017-06,1
2367,2017-07,2
2367,2017-08,1
2367,2017-10,1
2367,2017-11,3
2367,2017-12,23
2367,2018-01,10
2367,2018-02,3
2367,2018-03,8
2367,2018-04,11
2367,2018-05,4
2367,2018-06,7
2367,2018-07,9
2367,2018-08,4
2367,2018-10,2
2367,2018-12,4
2367,2019-02,4
2367,2019-03,9
2367,2019-04,13
2367,2019-05,2
2367,2019-06,2
2367,2019-07,9
2367,2019-08,12
2367,2019-09,13
2367,2019-10,12
2367,2019-11,4
2367,2019-12,2
2367,2020-01,1
2367,2020-02,2
2367,2020-03,3
2367,2020-04,4
2367,2020-05,6
2367,2020-06,3
2367,2020-08,3
2367,2020-09,3
2367,2020-11,2
2367,2021-01,6
2367,2021-02,1
2367,2021-03,2
2367,2021-04,2
2367,2021-11,8
2367,2022-04,1
2367,2022-06,1
2367,2022-07,2
2367,2022-08,3
2367,2022-09,11
2367,2022-12,1
2367,2023-08,1
2367,2023-09,3
2367,2023-12,3
2367,2024-03,24
2367,2024-04,9
2367,2024-05,35
2367,2024-06,1
2367,2024-07,10
2367,2024-08,8
2367,2024-09,3
2367,2024-10,1
2367,2024-11,2
2373,2015-05,1
2373,2015-06,1
2373,2015-07,2
2373,2016-02,1
2373,2016-07,1
2373,2016-08,1
2373,2017-02,1
2373,2017-03,6
2373,2017-05,1
2373,2017-09,3
2373,2017-10,2
2373,2017-11,5
2373,2018-03,2
2373,2018-09,2
2373,2018-12,1
2373,2019-05,1
2373,2020-08,1
2373,2020-09,1
2373,2020-10,1
2373,2021-06,1
2373,2021-10,1
2373,2022-03,1
2373,2022-04,1
2373,2022-07,1
2373,2022-12,1
2373,2023-02,3
2373,2023-05,2
2373,2024-05,1
2374,2015-04,1
2374,2015-05,4
2374,2015-06,1
2374,2015-08,2
2374,2015-10,5
2374,2015-11,1
2374,2016-05,3
2374,2017-04,1
2374,2017-08,1
2374,2017-12,1
2374,2018-03,1
2374,2018-05,1
2374,2018-07,1
2374,2019-02,1
2374,2020-05,1
2374,2020-06,1
2374,2020-09,2
2374,2021-02,1
2374,2021-05,1
2374,2021-10,2
2374,2021-11,4
2374,2021-12,9
2374,2022-01,1
2374,2022-02,1
2374,2022-04,1
2374,2022-07,1
2374,2023-10,1
2374,2024-04,9
2374,2024-05,17
2374,2024-06,2
2374,2024-07,2
2374,2024-08,1
2374,2024-10,1
2374,2024-11,1
2374,2024-12,31
2374,2025-01,3
2390,2015-05,1
2390,2015-07,1
2390,2015-10,1
2390,2016-02,1
2390,2016-10,1
2390,2018-02,1
2390,2018-09,1
2390,2019-01,1
2390,2019-05,2
2390,2020-07,2
2390,2021-02,1
2390,2021-05,4
2390,2021-06,4
2390,2021-08,1
2390,2021-09,1
2390,2021-10,1
2390,2021-12,2
2390,2022-01,1
2390,2022-04,2
2390,2023-08,2
2390,2024-04,2
2393,2015-05,4
2393,2015-06,2
2393,2015-07,1
2393,2015-08,1
2393,2015-09,2
2393,2015-11,1
2393,2015-12,2
2393,2016-01,1
2393,2016-03,3
2393,2016-07,1
2393,2016-08,1
2393,2016-09,2
2393,2016-10,2
2393,2016-12,1
2393,2017-02,2
2393,2017-03,1
2393,2017-05,1
2393,2017-06,4
2393,2017-07,5
2393,2017-08,4
2393,2017-09,5
2393,2017-10,1
2393,2017-11,6
2393,2017-12,4
2393,2018-01,2
2393,2018-02,1
2393,2018-03,2
2393,2018-06,1
2393,2018-08,1
2393,2018-10,2
2393,2018-12,1
2393,2019-01,1
2393,2019-04,1
2393,2019-08,1
2393,2019-11,2
2393,2019-12,2
2393,2020-01,1
2393,2020-02,1
2393,2020-03,1
2393,2020-04,1
2393,2020-06,2
2393,2020-07,2
2393,2020-08,1
2393,2020-09,1
2393,2020-10,1
2393,2020-11,3
2393,2020-12,2
2393,2021-01,5
2393,2021-02,1
2393,2021-03,1
2393,2021-07,1
2393,2021-08,3
2393,2021-09,1
2393,2021-11,4
2393,2021-12,1
2393,2022-03,3
2393,2022-04,1
2393,2022-05,1
2393,2022-08,2
2393,2022-11,2
2393,2023-03,2
2393,2023-06,2
2393,2023-08,1
2393,2023-09,1
2393,2023-11,1
2393,2024-04,1
2393,2024-06,2
2393,2024-07,2
2393,2024-12,2
2404,2015-05,1
2404,2015-08,1
2404,2015-12,2
2404,2016-03,3
2404,2016-04,5
2404,2016-05,2
2404,2016-06,2
2404,2016-07,2
2404,2016-08,2
2404,2017-04,4
2404,2017-05,5
2404,2017-06,4
2404,2017-07,6
2404,2017-10,2
2404,2017-12,5
2404,2018-01,6
2404,2018-02,2
2404,2018-03,6
2404,2018-04,3
2404,2018-05,2
2404,2018-08,1
2404,2018-11,1
2404,2018-12,1
2404,2019-01,1
2404,2019-02,1
2404,2019-03,3
2404,2019-04,4
2404,2019-05,3
2404,2019-07,3
2404,2019-09,6
2404,2019-10,2
2404,2019-11,2
2404,2019-12,4
2404,2020-02,1
2404,2020-03,3
2404,2020-05,1
2404,2020-06,2
2404,2020-07,7
2404,2020-08,4
2404,2020-09,2
2404,2020-10,3
2404,2020-11,1
2404,2020-12,1
2404,2021-01,2
2404,2021-03,2
2404,2021-04,4
2404,2021-05,4
2404,2021-06,7
2404,2021-07,2
2404,2021-08,7
2404,2021-11,1
2404,2021-12,5
2404,2022-01,3
2404,2022-03,3
2404,2022-04,3
2404,2022-05,1
2404,2022-06,1
2404,2022-07,2
2404,2022-11,1
2404,2022-12,4
2404,2023-01,1
2404,2023-02,1
2404,2023-03,8
2404,2023-04,2
2404,2023-05,2
2404,2023-06,4
2404,2023-07,3
2404,2023-08,3
2404,2023-09,5
2404,2023-10,3
2404,2023-12,2
2404,2024-01,5
2404,2024-02,2
2404,2024-03,35
2404,2024-04,7
2404,2024-05,9
2404,2024-06,10
2404,2024-07,5
2404,2024-08,2
2404,2024-11,2
2404,2024-12,6
2404,2025-01,2
2406,2015-05,4
2406,2015-06,4
2406,2015-07,2
2406,2015-08,4
2406,2015-09,2
2406,2015-10,1
2406,2015-11,7
2406,2015-12,17
2406,2016-01,10
2406,2016-02,6
2406,2016-03,6
2406,2016-04,1
2406,2016-05,1
2406,2016-06,2
2406,2016-08,1
2406,2016-11,1
2406,2017-01,2
2406,2017-02,2
2406,2017-04,3
2406,2017-05,1
2406,2017-06,1
2406,2017-07,6
2406,2017-08,3
2406,2017-09,3
2406,2017-10,2
2406,2017-11,1
2406,2018-01,1
2406,2018-02,1
2406,2018-03,3
2406,2018-04,2
2406,2018-05,1
2406,2018-08,1
2406,2018-10,1
2406,2018-11,3
2406,2018-12,1
2406,2019-02,1
2406,2019-05,1
2406,2019-07,2
2406,2019-11,1
2406,2020-03,1
2406,2020-07,2
2406,2020-09,10
2406,2020-10,5
2406,2020-11,3
2406,2020-12,3
2406,2021-01,3
2406,2021-02,1
2406,2021-04,1
2406,2021-05,1
2406,2021-06,1
2406,2021-07,5
2406,2021-08,1
2406,2021-10,6
2406,2021-12,10
2406,2022-01,3
2406,2022-02,1
2406,2022-03,3
2406,2022-05,4
2406,2022-07,1
2406,2023-04,2
2406,2023-05,1
2406,2023-07,1
2406,2024-01,1
2406,2024-02,1
2406,2024-04,5
2406,2024-05,1
2406,2024-06,4
2406,2024-07,3
2406,2024-11,1
2409,2015-04,6
2409,2015-05,24
2409,2015-06,30
2409,2015-07,29
2409,2015-08,21
2409,2015-09,18
2409,2015-10,23
2409,2015-11,9
2409,2015-12,20
2409,2016-01,16
2409,2016-02,8
2409,2016-03,23
2409,2016-04,8
2409,2016-05,11
2409,2016-06,15
2409,2016-07,24
2409,2016-08,8
2409,2016-09,10
2409,2016-10,13
2409,2016-11,13
2409,2016-12,16
2409,2017-01,16
2409,2017-02,27
2409,2017-03,39
2409,2017-04,39
2409,2017-05,27
2409,2017-06,21
2409,2017-07,11
2409,2017-08,9
2409,2017-09,13
2409,2017-10,16
2409,2017-11,19
2409,2017-12,11
2409,2018-01,24
2409,2018-02,16
2409,2018-03,35
2409,2018-04,36
2409,2018-05,13
2409,2018-06,12
2409,2018-07,25
2409,2018-08,22
2409,2018-09,10
2409,2018-10,16
2409,2018-11,9
2409,2018-12,17
2409,2019-01,20
2409,2019-02,21
2409,2019-03,29
2409,2019-04,12
2409,2019-05,16
2409,2019-06,8
2409,2019-07,10
2409,2019-08,26
2409,2019-09,20
2409,2019-10,19
2409,2019-11,11
2409,2019-12,8
2409,2020-01,16
2409,2020-02,27
2409,2020-03,35
2409,2020-04,22
2409,2020-05,23
2409,2020-06,12
2409,2020-07,17
2409,2020-08,5
2409,2020-09,19
2409,2020-10,11
2409,2020-11,16
2409,2020-12,26
2409,2021-01,35
2409,2021-02,63
2409,2021-03,48
2409,2021-04,120
2409,2021-05,195
2409,2021-06,169
2409,2021-07,113
2409,2021-08,108
2409,2021-09,81
2409,2021-10,53
2409,2021-11,48
2409,2021-12,47
2409,2022-01,44
2409,2022-02,34
2409,2022-03,76
2409,2022-04,50
2409,2022-05,27
2409,2022-06,40
2409,2022-07,40
2409,2022-08,51
2409,2022-09,42
2409,2022-10,37
2409,2022-11,12
2409,2022-12,19
2409,2023-01,9
2409,2023-02,46
2409,2023-03,21
2409,2023-04,23
2409,2023-05,13
2409,2023-06,16
2409,2023-07,32
2409,2023-08,9
2409,2023-09,14
2409,2023-10,20
2409,2023-11,9
2409,2023-12,21
2409,2024-01,25
2409,2024-02,12
2409,2024-03,12
2409,2024-04,16
2409,2024-05,14
2409,2024-06,24
2409,2024-07,18
2409,2024-08,18
2409,2024-09,8
2409,2024-10,8
2409,2024-11,12
2409,2024-12,11
2409,2025-01,11
2414,2015-12,1
2414,2016-05,1
2414,2016-06,1
2414,2016-07,2
2414,2016-08,1
2414,2017-01,1
2414,2017-02,1
2414,2017-04,2
2414,2017-12,4
2414,2018-03,1
2414,2018-12,1
2414,2019-11,1
2414,2020-02,2
2414,2020-04,1
2414,2021-01,1
2414,2021-03,1
2414,2021-04,1
2414,2021-05,1
2414,2021-06,1
2414,2021-07,1
2414,2021-09,1
2414,2021-10,1
2414,2022-02,1
2414,2022-03,4
2414,2022-07,1
2414,2023-02,3
2414,2023-08,1
2414,2024-06,1
2423,2015-11,1
2423,2018-05,1
2423,2019-04,1
2423,2021-03,1
2423,2021-07,1
2423,2021-11,2
2423,2024-01,1
2423,2024-04,2
2426,2015-05,2
2426,2015-06,5
2426,2015-07,1
2426,2015-08,1
2426,2017-04,1
2426,2017-11,2
2426,2017-12,2
2426,2018-06,15
2426,2018-07,6
2426,2018-08,1
2426,2019-01,2
2426,2019-04,1
2426,2020-07,1
2426,2020-08,1
2426,2021-02,1
2426,2021-03,1
2426,2021-04,3
2426,2021-05,1
2426,2021-06,1
2426,2021-07,1
2426,2021-08,1
2426,2021-12,2
2426,2022-01,1
2426,2022-04,1
2426,2022-06,1
2426,2023-04,1
2426,2023-07,1
2426,2023-11,1
2426,2024-07,1
2426,2024-08,2
2426,2024-10,2
2426,2024-11,1
2426,2024-12,1
2427,2015-06,1
2427,2016-07,2
2427,2017-09,2
2427,2018-03,1
2427,2018-07,1
2427,2018-11,1
2427,2018-12,1
2427,2019-04,1
2427,2021-03,1
2427,2021-05,1
2427,2021-12,1
2427,2022-01,1
2427,2022-05,1
2427,2022-07,1
2427,2022-12,1
2427,2023-02,1
2427,2023-03,3
2427,2023-04,1
2427,2023-05,6
2427,2023-06,4
2427,2023-07,2
2427,2023-09,2
2427,2023-10,1
2427,2023-11,1
2427,2023-12,1
2427,2024-01,1
2427,2024-03,1
2427,2024-06,1
2427,2024-11,1
2429,2015-09,1
2429,2016-04,1
2429,2017-12,3
2429,2018-01,1
2429,2020-01,1
2429,2020-08,1
2429,2020-11,1
2429,2021-11,2
2429,2021-12,2
2429,2023-10,1
2429,2024-01,1
2429,2024-07,4
2429,2024-08,2
2429,2024-09,1
2429,2024-11,1
2429,2024-12,1
2429,2025-01,2
2430,2015-10,1
2430,2015-11,1
2430,2016-05,3
2430,2017-05,1
2430,2017-08,5
2430,2017-09,2
2430,2017-10,1
2430,2018-03,1
2430,2018-04,1
2430,2018-06,1
2430,2018-12,1
2430,2019-04,1
2430,2019-05,1
2430,2019-11,1
2430,2019-12,1
2430,2020-02,1
2430,2020-06,2
2430,2020-10,2
2430,2021-05,1
2430,2021-06,1
2430,2021-08,2
2430,2021-10,1
2430,2021-11,1
2430,2022-01,1
2430,2022-02,1
2430,2022-03,1
2430,2023-02,2
2430,2024-07,1
2430,2024-08,1
2430,2024-09,2
2433,2015-05,2
2433,2017-06,1
2433,2018-03,1
2433,2019-03,1
2433,2019-07,1
2433,2019-12,1
2433,2020-02,1
2433,2020-03,1
2433,2021-06,1
2433,2021-12,1
2433,2022-07,3
2433,2024-07,1
2433,2024-11,1
2438,2015-06,1
2438,2015-07,1
2438,2015-09,1
2438,2015-12,2
2438,2017-06,1
2438,2018-03,1
2438,2021-03,1
2438,2021-07,1
2438,2021-10,1
2438,2021-11,11
2438,2021-12,1
2438,2022-05,1
2438,2022-11,1
2438,2024-05,2
2438,2024-06,3
2438,2024-07,4
2438,2024-09,3
2438,2024-10,2
2438,2024-12,1
2453,2015-06,1
2453,2015-11,1
2453,2017-02,1
2453,2017-04,1
2453,2018-02,3
2453,2018-07,1
2453,2018-08,1
2453,2019-06,1
2453,2019-07,1
2453,2019-12,1
2453,2020-05,1
2453,2020-08,1
2453,2020-11,1
2453,2020-12,1
2453,2021-03,1
2453,2021-05,1
2453,2021-09,1
2453,2022-03,1
2453,2022-04,1
2453,2022-06,1
2453,2022-10,1
2453,2023-02,7
2453,2023-03,4
2453,2023-04,4
2453,2023-05,5
2453,2023-06,2
2453,2023-07,1
2453,2023-09,1
2453,2024-01,1
2453,2024-03,3
2453,2024-04,1
2453,2024-05,2
2453,2024-07,2
2453,2024-08,2
2453,2024-09,1
2453,2024-10,1
2453,2024-12,3
2466,2015-12,1
2466,2016-03,1
2466,2017-04,1
2466,2018-04,1
2466,2020-06,1
2466,2020-09,1
2466,2022-07,1
2466,2023-07,1
2466,2023-08,1
2466,2024-06,1
2466,2024-12,7
2466,2025-01,3
2468,2018-06,1
2468,2018-10,1
2468,2020-05,1
2468,2021-03,1
2468,2022-08,4
2468,2022-09,1
2468,2023-01,2
2468,2023-02,1
2468,2023-06,3
2468,2023-08,1
2468,2024-07,1
2468,2024-12,1
2471,2015-05,1
2471,2015-06,1
2471,2015-10,1
2471,2015-12,1
2471,2017-04,1
2471,2019-07,1
2471,2020-05,2
2471,2021-03,1
2471,2021-08,1
2471,2021-12,1
2471,2022-03,1
2471,2023-01,1
2471,2023-02,2
2471,2023-05,2
2471,2024-03,3
2471,2024-04,1
2471,2024-12,4
2480,2015-05,1
2480,2015-06,1
2480,2015-08,1
2480,2015-10,1
2480,2016-07,1
2480,2016-11,1
2480,2017-06,1
2480,2017-08,1
2480,2017-09,3
2480,2017-10,1
2480,2018-04,4
2480,2019-02,1
2480,2019-03,3
2480,2019-04,5
2480,2020-02,5
2480,2020-03,5
2480,2020-05,1
2480,2020-10,1
2480,2021-01,3
2480,2021-03,1
2480,2021-07,1
2480,2021-08,1
2480,2021-09,2
2480,2021-10,1
2480,2021-12,2
2480,2022-01,3
2480,2022-02,2
2480,2022-03,5
2480,2022-04,3
2480,2022-05,1
2480,2022-06,3
2480,2022-07,2
2480,2022-08,1
2480,2022-09,1
2480,2022-10,5
2480,2022-12,2
2480,2023-01,2
2480,2023-02,5
2480,2023-03,1
2480,2023-04,1
2480,2023-07,1
2480,2023-11,1
2480,2023-12,2
2480,2024-03,1
2480,2024-06,4
2480,2024-08,1
2480,2024-10,1
2601,2015-08,1
2601,2015-10,2
2601,2015-11,1
2601,2016-03,2
2601,2016-05,1
2601,2016-07,1
2601,2016-08,1
2601,2017-03,4
2601,2017-12,2
2601,2018-04,6
2601,2018-05,3
2601,2018-06,3
2601,2018-10,3
2601,2018-12,2
2601,2019-01,1
2601,2019-03,2
2601,2019-04,1
2601,2019-06,1
2601,2019-09,1
2601,2020-01,1
2601,2020-03,2
2601,2020-04,1
2601,2020-10,1
2601,2021-03,1
2601,2021-04,3
2601,2021-05,2
2601,2021-06,24
2601,2021-07,12
2601,2021-08,4
2601,2021-09,3
2601,2021-10,2
2601,2021-11,1
2601,2021-12,1
2601,2022-01,1
2601,2022-02,1
2601,2022-08,1
2601,2022-12,1
2601,2023-08,1
2601,2024-02,1
2601,2024-04,1
2601,2024-10,1
2603,2015-05,8
2603,2015-06,12
2603,2015-07,5
2603,2015-08,13
2603,2015-09,7
2603,2015-10,12
2603,2015-11,10
2603,2015-12,7
2603,2016-01,10
2603,2016-02,7
2603,2016-03,12
2603,2016-04,3
2603,2016-05,1
2603,2016-06,5
2603,2016-07,3
2603,2016-08,3
2603,2016-09,7
2603,2016-10,2
2603,2016-11,1
2603,2016-12,1
2603,2017-01,2
2603,2017-02,2
2603,2017-03,7
2603,2017-04,2
2603,2017-05,3
2603,2017-06,10
2603,2017-07,2
2603,2017-08,6
2603,2017-09,14
2603,2017-10,5
2603,2017-11,4
2603,2017-12,1
2603,2018-01,10
2603,2018-02,2
2603,2018-03,6
2603,2018-04,3
2603,2018-05,3
2603,2018-06,3
2603,2018-07,2
2603,2018-08,1
2603,2018-09,1
2603,2018-10,3
2603,2018-11,5
2603,2018-12,7
2603,2019-01,6
2603,2019-04,5
2603,2019-05,3
2603,2019-06,3
2603,2019-07,4
2603,2019-08,3
2603,2019-09,3
2603,2019-10,4
2603,2019-11,1
2603,2020-01,1
2603,2020-02,1
2603,2020-03,5
2603,2020-04,4
2603,2020-05,1
2603,2020-06,1
2603,2020-07,3
2603,2020-08,8
2603,2020-09,5
2603,2020-10,4
2603,2020-11,14
2603,2020-12,96
2603,2021-01,154
2603,2021-02,27
2603,2021-03,48
2603,2021-04,130
2603,2021-05,176
2603,2021-06,198
2603,2021-07,255
2603,2021-08,141
2603,2021-09,87
2603,2021-10,99
2603,2021-11,82
2603,2021-12,60
2603,2022-01,62
2603,2022-02,52
2603,2022-03,148
2603,2022-04,48
2603,2022-05,61
2603,2022-06,61
2603,2022-07,46
2603,2022-08,52
2603,2022-09,54
2603,2022-10,35
2603,2022-11,35
2603,2022-12,55
2603,2023-01,17
2603,2023-02,14
2603,2023-03,34
2603,2023-04,27
2603,2023-05,31
2603,2023-06,34
2603,2023-07,39
2603,2023-08,23
2603,2023-09,21
2603,2023-10,17
2603,2023-11,13
2603,2023-12,55
2603,2024-01,48
2603,2024-02,24
2603,2024-03,65
2603,2024-04,49
2603,2024-05,88
2603,2024-06,39
2603,2024-07,19
2603,2024-08,34
2603,2024-09,48
2603,2024-10,27
2603,2024-11,45
2603,2024-12,33
2603,2025-01,19
2605,2015-05,4
2605,2015-06,2
2605,2015-07,4
2605,2015-08,3
2605,2015-09,2
2605,2015-10,1
2605,2015-11,5
2605,2015-12,5
2605,2016-01,3
2605,2016-02,1
2605,2016-03,3
2605,2016-04,2
2605,2016-05,2
2605,2016-06,1
2605,2016-07,1
2605,2016-08,3
2605,2016-11,3
2605,2017-03,5
2605,2017-06,1
2605,2017-07,2
2605,2017-08,5
2605,2017-09,3
2605,2017-11,4
2605,2017-12,3
2605,2018-01,3
2605,2018-03,3
2605,2018-04,7
2605,2018-05,2
2605,2018-06,2
2605,2018-07,3
2605,2018-08,5
2605,2018-09,6
2605,2018-10,4
2605,2018-11,1
2605,2018-12,4
2605,2019-01,3
2605,2019-02,5
2605,2019-03,3
2605,2019-04,4
2605,2019-05,1
2605,2019-06,1
2605,2019-07,2
2605,2019-08,2
2605,2019-09,3
2605,2019-10,3
2605,2019-11,8
2605,2019-12,4
2605,2020-01,1
2605,2020-02,2
2605,2020-03,6
2605,2020-04,2
2605,2020-05,4
2605,2020-06,6
2605,2020-07,3
2605,2020-09,1
2605,2020-10,4
2605,2020-11,3
2605,2020-12,3
2605,2021-01,8
2605,2021-02,1
2605,2021-03,10
2605,2021-04,10
2605,2021-05,14
2605,2021-06,33
2605,2021-07,27
2605,2021-08,26
2605,2021-09,11
2605,2021-10,16
2605,2021-11,9
2605,2021-12,1
2605,2022-01,5
2605,2022-02,2
2605,2022-03,6
2605,2022-04,9
2605,2022-05,2
2605,2022-06,7
2605,2022-07,8
2605,2022-08,5
2605,2022-09,3
2605,2022-10,7
2605,2022-11,1
2605,2022-12,4
2605,2023-01,2
2605,2023-02,3
2605,2023-03,3
2605,2023-04,6
2605,2023-05,2
2605,2023-06,4
2605,2023-07,2
2605,2023-08,3
2605,2023-09,4
2605,2023-10,5
2605,2023-11,1
2605,2023-12,14
2605,2024-01,2
2605,2024-02,5
2605,2024-03,4
2605,2024-04,11
2605,2024-05,14
2605,2024-06,2
2605,2024-08,1
2605,2024-09,6
2605,2024-10,3
2605,2024-11,1
2605,2024-12,3
2605,2025-01,4
2606,2015-05,2
2606,2015-07,2
2606,2015-08,1
2606,2015-09,2
2606,2015-10,2
2606,2015-11,6
2606,2015-12,2
2606,2016-01,1
2606,2016-02,4
2606,2016-03,5
2606,2016-04,2
2606,2016-05,3
2606,2016-06,2
2606,2016-07,1
2606,2016-08,4
2606,2016-09,3
2606,2016-11,3
2606,2016-12,1
2606,2017-02,1
2606,2017-03,4
2606,2017-05,2
2606,2017-08,9
2606,2017-09,2
2606,2017-11,1
2606,2017-12,2
2606,2018-01,2
2606,2018-04,1
2606,2018-05,2
2606,2018-06,1
2606,2018-07,1
2606,2018-08,3
2606,2018-09,1
2606,2018-10,6
2606,2018-11,3
2606,2018-12,1
2606,2019-03,3
2606,2019-05,1
2606,2019-06,1
2606,2019-07,4
2606,2019-08,1
2606,2019-10,2
2606,2020-02,1
2606,2020-05,2
2606,2020-06,2
2606,2020-07,4
2606,2020-08,5
2606,2020-09,2
2606,2020-10,1
2606,2020-11,2
2606,2020-12,3
2606,2021-01,10
2606,2021-03,8
2606,2021-04,36
2606,2021-05,21
2606,2021-06,48
2606,2021-07,36
2606,2021-08,15
2606,2021-09,10
2606,2021-10,22
2606,2021-11,10
2606,2021-12,14
2606,2022-01,4
2606,2022-02,4
2606,2022-03,9
2606,2022-04,14
2606,2022-05,4
2606,2022-06,10
2606,2022-07,10
2606,2022-08,4
2606,2022-09,3
2606,2022-10,5
2606,2022-11,8
2606,2022-12,12
2606,2023-01,3
2606,2023-02,3
2606,2023-03,8
2606,2023-04,1
2606,2023-05,3
2606,2023-06,3
2606,2023-07,3
2606,2023-08,5
2606,2023-09,1
2606,2023-10,1
2606,2023-11,5
2606,2023-12,15
2606,2024-01,3
2606,2024-02,5
2606,2024-03,4
2606,2024-04,1
2606,2024-05,6
2606,2024-06,2
2606,2024-07,2
2606,2024-08,1
2606,2024-09,4
2606,2024-10,1
2606,2024-11,2
2606,2024-12,13
2606,2025-01,5
2607,2015-07,1
2607,2015-08,1
2607,2015-09,1
2607,2016-02,1
2607,2017-01,1
2607,2019-05,2
2607,2019-10,3
2607,2019-12,1
2607,2020-12,3
2607,2021-01,2
2607,2021-04,3
2607,2021-05,6
2607,2021-06,23
2607,2021-07,15
2607,2021-08,6
2607,2021-09,4
2607,2021-11,1
2607,2022-01,3
2607,2022-02,9
2607,2022-03,14
2607,2022-04,6
2607,2022-05,4
2607,2022-06,7
2607,2022-08,2
2607,2022-09,9
2607,2023-04,2
2607,2023-06,3
2607,2023-10,1
2607,2023-11,1
2607,2023-12,4
2607,2024-01,7
2607,2024-05,4
2607,2024-06,3
2607,2024-09,1
2607,2024-12,1
2608,2015-07,1
2608,2015-09,2
2608,2015-11,1
2608,2015-12,1
2608,2016-04,2
2608,2016-05,2
2608,2016-06,1
2608,2016-07,4
2608,2016-08,1
2608,2016-09,1
2608,2016-10,1
2608,2016-11,2
2608,2017-05,1
2608,2017-08,1
2608,2017-09,2
2608,2017-10,1
2608,2017-12,1
2608,2018-01,1
2608,2018-02,1
2608,2019-02,1
2608,2019-04,1
2608,2019-05,3
2608,2019-06,1
2608,2019-07,1
2608,2020-02,3
2608,2020-03,1
2608,2020-09,1
2608,2020-12,1
2608,2021-02,1
2608,2021-05,12
2608,2021-06,7
2608,2021-07,8
2608,2021-09,11
2608,2021-10,1
2608,2021-11,1
2608,2022-01,5
2608,2022-07,1
2608,2022-09,1
2608,2023-01,1
2608,2023-08,2
2608,2023-10,1
2608,2023-11,4
2608,2024-03,2
2608,2024-04,1
2608,2024-05,1
2608,2024-07,1
2608,2024-08,1
2608,2024-12,1
2609,2015-04,1
2609,2015-05,20
2609,2015-06,20
2609,2015-07,11
2609,2015-08,12
2609,2015-09,4
2609,2015-10,8
2609,2015-11,9
2609,2015-12,9
2609,2016-01,5
2609,2016-02,1
2609,2016-03,17
2609,2016-04,2
2609,2016-05,2
2609,2016-06,3
2609,2016-07,3
2609,2016-08,1
2609,2016-09,8
2609,2016-11,4
2609,2016-12,16
2609,2017-01,3
2609,2017-02,10
2609,2017-03,15
2609,2017-04,4
2609,2017-05,6
2609,2017-06,3
2609,2017-07,4
2609,2017-08,2
2609,2017-09,5
2609,2017-10,4
2609,2017-11,6
2609,2017-12,1
2609,2018-01,8
2609,2018-03,1
2609,2018-04,1
2609,2018-05,3
2609,2018-06,6
2609,2018-07,4
2609,2018-08,5
2609,2018-09,1
2609,2018-10,2
2609,2018-12,4
2609,2019-01,1
2609,2019-03,1
2609,2019-04,2
2609,2019-05,1
2609,2019-07,1
2609,2019-09,1
2609,2019-11,3
2609,2019-12,1
2609,2020-01,1
2609,2020-08,2
2609,2020-09,4
2609,2020-10,2
2609,2020-11,15
2609,2020-12,103
2609,2021-01,224
2609,2021-02,41
2609,2021-03,110
2609,2021-04,169
2609,2021-05,595
2609,2021-06,473
2609,2021-07,938
2609,2021-08,304
2609,2021-09,136
2609,2021-10,170
2609,2021-11,94
2609,2021-12,109
2609,2022-01,107
2609,2022-02,58
2609,2022-03,145
2609,2022-04,51
2609,2022-05,77
2609,2022-06,109
2609,2022-07,54
2609,2022-08,49
2609,2022-09,86
2609,2022-10,36
2609,2022-11,20
2609,2022-12,70
2609,2023-01,28
2609,2023-02,16
2609,2023-03,46
2609,2023-04,16
2609,2023-05,32
2609,2023-06,23
2609,2023-07,51
2609,2023-08,18
2609,2023-09,27
2609,2023-10,7
2609,2023-11,3
2609,2023-12,50
2609,2024-01,53
2609,2024-02,16
2609,2024-03,16
2609,2024-04,25
2609,2024-05,97
2609,2024-06,58
2609,2024-07,25
2609,2024-08,33
2609,2024-09,33
2609,2024-10,23
2609,2024-11,45
2609,2024-12,59
2609,2025-01,19
2610,2015-04,2
2610,2015-05,29
2610,2015-06,23
2610,2015-07,11
2610,2015-08,19
2610,2015-09,24
2610,2015-10,19
2610,2015-11,11
2610,2015-12,10
2610,2016-01,21
2610,2016-02,4
2610,2016-03,10
2610,2016-04,3
2610,2016-05,4
2610,2016-06,13
2610,2016-07,16
2610,2016-08,6
2610,2016-09,7
2610,2016-10,3
2610,2016-11,12
2610,2016-12,3
2610,2017-01,3
2610,2017-02,5
2610,2017-03,5
2610,2017-04,7
2610,2017-05,3
2610,2017-06,4
2610,2017-08,7
2610,2017-09,8
2610,2017-10,6
2610,2017-11,6
2610,2017-12,3
2610,2018-01,5
2610,2018-02,2
2610,2018-03,6
2610,2018-04,1
2610,2018-05,6
2610,2018-06,5
2610,2018-07,5
2610,2018-08,9
2610,2018-09,5
2610,2018-10,5
2610,2018-11,9
2610,2018-12,9
2610,2019-01,15
2610,2019-02,23
2610,2019-03,7
2610,2019-04,1
2610,2019-05,7
2610,2019-06,11
2610,2019-07,9
2610,2019-08,7
2610,2019-09,3
2610,2019-10,3
2610,2019-11,1
2610,2019-12,1
2610,2020-01,5
2610,2020-02,10
2610,2020-03,35
2610,2020-04,12
2610,2020-05,9
2610,2020-06,6
2610,2020-07,7
2610,2020-08,15
2610,2020-09,15
2610,2020-10,6
2610,2020-11,7
2610,2020-12,21
2610,2021-01,24
2610,2021-02,33
2610,2021-03,41
2610,2021-04,116
2610,2021-05,108
2610,2021-06,62
2610,2021-07,16
2610,2021-08,50
2610,2021-09,10
2610,2021-10,11
2610,2021-11,140
2610,2021-12,66
2610,2022-01,37
2610,2022-02,80
2610,2022-03,51
2610,2022-04,62
2610,2022-05,39
2610,2022-06,13
2610,2022-07,17
2610,2022-08,25
2610,2022-09,33
2610,2022-10,50
2610,2022-11,13
2610,2022-12,23
2610,2023-01,8
2610,2023-02,31
2610,2023-03,14
2610,2023-04,3
2610,2023-05,37
2610,2023-06,51
2610,2023-07,43
2610,2023-08,28
2610,2023-09,8
2610,2023-10,5
2610,2023-11,9
2610,2023-12,6
2610,2024-01,20
2610,2024-02,4
2610,2024-03,11
2610,2024-04,12
2610,2024-05,33
2610,2024-06,11
2610,2024-07,8
2610,2024-08,11
2610,2024-09,2
2610,2024-10,5
2610,2024-11,16
2610,2024-12,18
2610,2025-01,14
2611,2016-08,1
2611,2019-12,2
2611,2020-12,2
2611,2021-01,3
2611,2021-04,1
2611,2021-05,2
2611,2021-06,21
2611,2021-07,9
2611,2021-08,3
2611,2021-09,4
2611,2021-10,1
2611,2021-12,1
2611,2022-01,2
2611,2022-02,3
2611,2022-03,5
2611,2022-04,6
2611,2022-05,2
2611,2022-06,1
2611,2022-07,1
2611,2022-08,3
2611,2022-09,1
2611,2022-12,1
2611,2023-12,1
2611,2024-01,1
2611,2024-03,3
2611,2024-04,3
2611,2024-05,3
2611,2024-06,2
2611,2024-07,1
2611,2024-09,1
2616,2016-04,1
2616,2016-05,1
2616,2016-06,2
2616,2016-07,3
2616,2016-08,1
2616,2016-10,1
2616,2016-11,1
2616,2016-12,1
2616,2017-01,1
2616,2017-03,1
2616,2017-04,3
2616,2017-05,7
2616,2017-08,1
2616,2017-09,2
2616,2017-11,1
2616,2018-01,2
2616,2018-04,1
2616,2018-05,4
2616,2018-08,4
2616,2018-10,1
2616,2019-04,1
2616,2020-01,1
2616,2020-03,1
2616,2020-05,1
2616,2020-06,2
2616,2020-08,3
2616,2020-09,1
2616,2020-10,2
2616,2020-12,1
2616,2021-03,1
2616,2021-04,1
2616,2021-05,1
2616,2021-07,2
2616,2021-08,1
2616,2021-11,1
2616,2022-03,3
2616,2022-07,1
2616,2022-10,1
2616,2023-02,3
2616,2023-03,2
2616,2023-05,1
2616,2023-08,1
2616,2023-09,1
2616,2023-11,3
2616,2024-01,1
2616,2024-03,1
2616,2024-04,1
2616,2024-05,1
2616,2024-06,1
2616,2024-08,1
2616,2024-11,1
2616,2024-12,3
2616,2025-01,1
2701,2015-07,1
2701,2016-07,1
2701,2017-05,1
2701,2018-10,2
2701,2019-12,1
2701,2020-03,1
2701,2021-02,1
2701,2021-04,1
2701,2021-10,1
2701,2022-04,1
2701,2024-03,1
2701,2024-05,1
2702,2015-07,1
2702,2016-03,1
2702,2018-02,1
2702,2018-07,1
2702,2018-08,1
2702,2018-11,4
2702,2018-12,1
2702,2019-02,2
2702,2019-03,2
2702,2019-04,2
2702,2019-07,1
2702,2019-12,1
2702,2020-01,2
2702,2020-03,1
2702,2020-05,3
2702,2020-07,2
2702,2021-01,2
2702,2021-02,2
2702,2021-04,1
2702,2021-05,1
2702,2021-06,1
2702,2021-07,5
2702,2022-04,1
2702,2023-12,1
2702,2024-04,2
2702,2024-08,3
2704,2017-03,1
2704,2017-12,2
2704,2018-03,1
2704,2018-09,1
2704,2018-11,1
2704,2019-02,1
2704,2019-11,2
2704,2019-12,2
2704,2020-01,3
2704,2020-09,1
2704,2021-02,1
2704,2021-05,1
2704,2021-07,1
2704,2022-03,2
2704,2022-04,2
2704,2022-05,1
2704,2022-06,1
2704,2022-07,1
2704,2023-01,2
2704,2023-04,1
2704,2023-08,1
2704,2023-09,1
2704,2023-12,1
2704,2024-04,2
2704,2024-05,2
2705,2015-05,4
2705,2015-08,2
2705,2015-10,1
2705,2016-06,1
2705,2017-02,1
2705,2017-05,1
2705,2017-06,1
2705,2018-03,2
2705,2018-04,2
2705,2018-11,1
2705,2019-11,1
2705,2019-12,1
2705,2020-03,1
2705,2020-05,8
2705,2020-06,4
2705,2020-07,1
2705,2021-05,1
2705,2021-07,3
2705,2022-06,4
2705,2023-03,5
2705,2023-04,2
2705,2023-06,1
2705,2023-11,1
2705,2024-04,3
2705,2024-05,1
2705,2024-09,2
2706,2015-08,1
2706,2016-04,2
2706,2016-07,1
2706,2016-11,1
2706,2017-02,1
2706,2017-05,1
2706,2017-06,1
2706,2017-08,5
2706,2017-09,1
2706,2017-10,1
2706,2018-03,1
2706,2019-07,2
2706,2019-12,1
2706,2020-06,1
2706,2020-07,1
2706,2020-09,1
2706,2021-02,1
2706,2021-05,2
2706,2023-06,1
2706,2024-04,2
2707,2015-05,2
2707,2015-06,1
2707,2015-07,2
2707,2015-08,4
2707,2015-09,1
2707,2015-11,1
2707,2016-07,2
2707,2016-08,1
2707,2016-09,1
2707,2017-01,1
2707,2017-03,3
2707,2017-06,1
2707,2017-07,2
2707,2017-08,4
2707,2017-09,1
2707,2017-10,1
2707,2018-01,2
2707,2018-03,1
2707,2019-05,1
2707,2019-08,2
2707,2019-12,1
2707,2020-01,1
2707,2020-03,1
2707,2020-05,1
2707,2020-08,1
2707,2020-11,1
2707,2020-12,1
2707,2021-02,1
2707,2021-03,2
2707,2021-05,1
2707,2021-06,1
2707,2021-07,1
2707,2022-02,1
2707,2022-03,1
2707,2022-04,1
2707,2022-06,2
2707,2022-07,1
2707,2022-09,5
2707,2022-11,2
2707,2022-12,5
2707,2023-01,2
2707,2023-02,6
2707,2023-03,7
2707,2023-04,2
2707,2023-06,5
2707,2023-07,1
2707,2023-08,2
2707,2023-11,3
2707,2024-04,3
2707,2024-05,2
2707,2024-06,2
2707,2024-11,2
2707,2024-12,1
2707,2025-01,3
2712,2015-05,1
2712,2015-06,1
2712,2015-07,1
2712,2016-04,1
2712,2017-10,1
2712,2018-03,1
2712,2018-11,1
2712,2018-12,1
2712,2019-09,1
2712,2019-12,1
2712,2020-05,3
2712,2020-06,1
2712,2020-09,1
2712,2021-02,1
2712,2021-11,1
2712,2022-09,1
2712,2023-04,1
2722,2015-06,1
2722,2015-07,1
2722,2016-06,1
2722,2019-12,1
2722,2020-01,1
2722,2020-05,4
2722,2020-06,1
2722,2020-09,1
2722,2021-06,1
2722,2021-07,3
2722,2021-09,1
2722,2022-03,1
2722,2022-06,1
2722,2022-10,1
2722,2023-03,1
2722,2023-04,2
2722,2023-06,4
2722,2023-08,1
2722,2023-11,1
2722,2024-01,3
2722,2024-03,1
2722,2024-04,2
2722,2024-05,1
2722,2024-06,1
2722,2024-07,2
2722,2024-08,3
2722,2024-09,1
2722,2024-11,2
2722,2025-01,3
2723,2015-05,3
2723,2015-08,1
2723,2015-09,2
2723,2015-10,1
2723,2015-11,4
2723,2015-12,1
2723,2016-01,1
2723,2016-02,1
2723,2016-03,1
2723,2016-04,3
2723,2016-05,3
2723,2016-06,1
2723,2016-07,2
2723,2016-08,1
2723,2016-11,3
2723,2017-02,2
2723,2017-04,1
2723,2017-05,1
2723,2017-08,2
2723,2017-11,1
2723,2017-12,3
2723,2018-03,1
2723,2018-04,1
2723,2018-05,1
2723,2018-08,2
2723,2018-09,1
2723,2019-02,1
2723,2019-04,1
2723,2019-06,1
2723,2019-07,1
2723,2019-11,3
2723,2019-12,1
2723,2020-04,1
2723,2020-06,1
2723,2020-07,1
2723,2020-08,2
2723,2020-09,1
2723,2020-11,1
2723,2021-02,1
2723,2021-03,1
2723,2021-05,2
2723,2021-06,1
2723,2021-08,3
2723,2021-09,3
2723,2021-11,1
2723,2021-12,1
2723,2022-01,1
2723,2022-03,1
2723,2022-06,1
2723,2022-08,1
2723,2022-10,1
2723,2022-11,1
2723,2022-12,7
2723,2023-02,2
2723,2023-03,6
2723,2023-04,2
2723,2023-05,1
2723,2023-06,1
2723,2023-08,1
2723,2023-11,1
2723,2023-12,2
2723,2024-03,1
2723,2024-05,1
2723,2024-08,1
2723,2024-11,1
2727,2015-05,2
2727,2015-07,4
2727,2015-08,1
2727,2015-11,3
2727,2015-12,2
2727,2016-03,3
2727,2016-08,1
2727,2016-09,2
2727,2017-05,1
2727,2017-06,5
2727,2017-12,1
2727,2018-01,2
2727,2018-03,1
2727,2018-05,1
2727,2018-07,2
2727,2018-09,3
2727,2018-10,1
2727,2018-12,2
2727,2019-02,2
2727,2019-03,1
2727,2019-05,1
2727,2019-12,1
2727,2020-03,2
2727,2020-04,1
2727,2020-06,1
2727,2020-07,1
2727,2020-08,2
2727,2020-09,1
2727,2020-10,1
2727,2020-11,2
2727,2020-12,2
2727,2021-01,2
2727,2021-02,4
2727,2021-03,3
2727,2021-04,7
2727,2021-05,3
2727,2021-06,7
2727,2021-07,3
2727,2021-08,1
2727,2021-10,2
2727,2021-11,1
2727,2021-12,4
2727,2022-01,2
2727,2022-02,4
2727,2022-05,1
2727,2022-08,1
2727,2022-09,3
2727,2022-10,1
2727,2022-12,4
2727,2023-01,1
2727,2023-02,8
2727,2023-03,6
2727,2023-04,8
2727,2023-05,2
2727,2023-06,3
2727,2023-08,1
2727,2023-11,1
2727,2023-12,1
2727,2024-02,2
2727,2024-03,2
2727,2024-04,4
2727,2024-05,1
2727,2024-06,1
2727,2024-10,1
2727,2024-11,2
2762,2023-08,1
2762,2024-01,4
2762,2024-03,2
2762,2024-04,1
2762,2024-07,1
2762,2024-08,4
2762,2024-10,1
2801,2015-04,1
2801,2015-05,9
2801,2015-06,4
2801,2015-07,6
2801,2015-08,9
2801,2015-09,4
2801,2015-10,7
2801,2015-11,4
2801,2015-12,4
2801,2016-01,6
2801,2016-03,5
2801,2016-04,7
2801,2016-05,6
2801,2016-06,4
2801,2016-07,10
2801,2016-08,4
2801,2016-09,5
2801,2016-10,2
2801,2016-11,2
2801,2016-12,2
2801,2017-01,3
2801,2017-02,2
2801,2017-03,2
2801,2017-04,7
2801,2017-05,11
2801,2017-06,9
2801,2017-07,6
2801,2017-08,5
2801,2017-09,1
2801,2017-10,5
2801,2017-11,3
2801,2017-12,3
2801,2018-01,3
2801,2018-02,2
2801,2018-03,1
2801,2018-04,3
2801,2018-05,6
2801,2018-06,3
2801,2018-08,4
2801,2018-09,1
2801,2018-10,2
2801,2018-11,5
2801,2018-12,6
2801,2019-01,6
2801,2019-02,5
2801,2019-03,11
2801,2019-04,10
2801,2019-05,4
2801,2019-06,9
2801,2019-07,2
2801,2019-08,3
2801,2019-09,1
2801,2019-10,5
2801,2019-11,9
2801,2020-01,4
2801,2020-02,3
2801,2020-03,10
2801,2020-04,12
2801,2020-05,9
2801,2020-06,12
2801,2020-07,7
2801,2020-08,9
2801,2020-09,7
2801,2020-10,1
2801,2020-11,5
2801,2020-12,3
2801,2021-01,11
2801,2021-02,2
2801,2021-03,4
2801,2021-04,5
2801,2021-05,4
2801,2021-06,8
2801,2021-07,6
2801,2021-08,4
2801,2021-09,2
2801,2021-10,3
2801,2021-11,3
2801,2021-12,2
2801,2022-01,5
2801,2022-03,3
2801,2022-04,8
2801,2022-05,9
2801,2022-06,5
2801,2022-07,2
2801,2022-08,13
2801,2022-10,2
2801,2022-11,9
2801,2022-12,5
2801,2023-01,2
2801,2023-02,3
2801,2023-03,8
2801,2023-04,7
2801,2023-05,6
2801,2023-06,15
2801,2023-07,10
2801,2023-08,6
2801,2023-09,2
2801,2023-10,5
2801,2023-11,7
2801,2023-12,7
2801,2024-01,2
2801,2024-02,1
2801,2024-03,7
2801,2024-04,2
2801,2024-05,1
2801,2024-06,4
2801,2024-07,7
2801,2024-08,5
2801,2024-09,4
2801,2024-10,2
2801,2024-11,1
2801,2024-12,5
2801,2025-01,4
2812,2015-05,1
2812,2015-07,1
2812,2015-08,1
2812,2015-09,1
2812,2015-10,3
2812,2015-12,2
2812,2016-01,4
2812,2016-02,2
2812,2016-03,1
2812,2016-04,1
2812,2016-07,1
2812,2017-02,2
2812,2017-03,2
2812,2017-04,3
2812,2017-05,2
2812,2017-06,2
2812,2017-08,2
2812,2017-09,4
2812,2017-11,3
2812,2017-12,8
2812,2018-01,2
2812,2018-02,3
2812,2018-03,5
2812,2018-04,1
2812,2018-05,2
2812,2018-06,4
2812,2018-07,6
2812,2018-08,6
2812,2018-09,3
2812,2018-10,2
2812,2018-12,5
2812,2019-01,1
2812,2019-02,9
2812,2019-03,12
2812,2019-04,11
2812,2019-05,6
2812,2019-06,6
2812,2019-07,9
2812,2019-08,6
2812,2019-09,2
2812,2019-10,2
2812,2019-11,6
2812,2019-12,6
2812,2020-01,6
2812,2020-02,14
2812,2020-03,19
2812,2020-04,2
2812,2020-05,3
2812,2020-06,5
2812,2020-07,5
2812,2020-08,1
2812,2020-09,2
2812,2020-10,3
2812,2020-11,1
2812,2020-12,6
2812,2021-01,2
2812,2021-02,2
2812,2021-03,4
2812,2021-04,1
2812,2021-05,2
2812,2021-06,1
2812,2021-07,2
2812,2021-08,12
2812,2021-09,7
2812,2021-10,5
2812,2021-11,3
2812,2021-12,2
2812,2022-01,13
2812,2022-02,6
2812,2022-03,7
2812,2022-04,7
2812,2022-05,11
2812,2022-06,7
2812,2022-07,4
2812,2022-08,8
2812,2022-09,8
2812,2022-10,9
2812,2022-11,5
2812,2022-12,13
2812,2023-01,9
2812,2023-02,9
2812,2023-03,13
2812,2023-04,2
2812,2023-05,5
2812,2023-06,3
2812,2023-07,8
2812,2023-08,7
2812,2023-09,5
2812,2023-10,7
2812,2023-11,6
2812,2023-12,10
2812,2024-01,9
2812,2024-02,30
2812,2024-03,8
2812,2024-04,5
2812,2024-05,3
2812,2024-06,14
2812,2024-07,5
2812,2024-08,4
2812,2024-09,2
2812,2024-10,4
2812,2024-11,6
2812,2024-12,5
2812,2025-01,4
2816,2016-01,1
2816,2016-02,1
2816,2017-11,2
2816,2018-05,1
2816,2018-09,1
2816,2018-10,1
2816,2018-11,1
2816,2019-04,2
2816,2019-06,1
2816,2019-07,2
2816,2019-11,1
2816,2020-02,1
2816,2020-09,1
2816,2021-01,2
2816,2021-03,2
2816,2021-06,1
2816,2021-07,1
2816,2022-04,1
2816,2022-06,1
2816,2022-08,2
2816,2023-04,1
2816,2023-08,1
2816,2023-09,3
2816,2023-10,1
2816,2023-12,1
2816,2024-01,1
2816,2024-03,2
2816,2024-07,1
2820,2015-07,1
2820,2015-08,2
2820,2015-09,2
2820,2015-10,1
2820,2015-11,1
2820,2016-01,1
2820,2016-02,2
2820,2016-04,2
2820,2016-05,2
2820,2016-06,1
2820,2016-07,3
2820,2016-08,1
2820,2016-09,4
2820,2016-10,2
2820,2016-11,9
2820,2016-12,4
2820,2017-01,2
2820,2017-02,3
2820,2017-03,4
2820,2017-04,5
2820,2017-05,2
2820,2017-06,1
2820,2017-07,1
2820,2017-08,2
2820,2017-10,4
2820,2017-11,2
2820,2017-12,8
2820,2018-01,1
2820,2018-02,4
2820,2018-03,3
2820,2018-04,2
2820,2018-05,3
2820,2018-06,1
2820,2018-07,3
2820,2018-09,1
2820,2019-02,2
2820,2019-03,1
2820,2019-04,2
2820,2019-05,2
2820,2019-06,1
2820,2019-07,4
2820,2019-08,1
2820,2019-10,1
2820,2019-11,7
2820,2019-12,2
2820,2020-02,1
2820,2020-03,6
2820,2020-05,1
2820,2020-08,1
2820,2020-09,3
2820,2020-10,2
2820,2020-11,1
2820,2020-12,3
2820,2021-01,1
2820,2021-03,1
2820,2021-04,3
2820,2021-05,2
2820,2021-06,2
2820,2021-08,3
2820,2021-09,1
2820,2021-10,1
2820,2021-11,10
2820,2021-12,1
2820,2022-02,1
2820,2022-03,4
2820,2022-04,5
2820,2022-10,1
2820,2023-02,5
2820,2023-03,1
2820,2023-04,1
2820,2023-08,2
2820,2023-10,1
2820,2023-12,1
2820,2024-02,2
2820,2024-03,2
2820,2024-04,2
2820,2024-05,1
2820,2024-06,1
2820,2024-07,2
2820,2024-08,2
2820,2024-10,1
2820,2024-11,1
2832,2015-05,1
2832,2015-07,1
2832,2015-11,1
2832,2016-01,1
2832,2016-03,2
2832,2016-07,1
2832,2017-04,2
2832,2017-08,2
2832,2018-07,3
2832,2018-08,1
2832,2018-10,1
2832,2018-12,2
2832,2019-03,1
2832,2019-07,3
2832,2019-08,1
2832,2019-11,1
2832,2019-12,2
2832,2020-09,1
2832,2020-11,1
2832,2021-01,14
2832,2021-02,1
2832,2021-03,2
2832,2021-04,1
2832,2021-05,4
2832,2021-06,1
2832,2021-07,5
2832,2021-08,2
2832,2021-09,1
2832,2022-01,1
2832,2022-04,4
2832,2022-05,7
2832,2022-08,1
2832,2022-09,1
2832,2022-12,2
2832,2023-01,1
2832,2023-04,2
2832,2023-06,2
2832,2023-08,1
2832,2023-12,1
2832,2024-01,1
2832,2024-04,1
2832,2024-06,1
2832,2024-07,1
2832,2024-08,1
2832,2024-10,1
2834,2015-04,1
2834,2015-05,5
2834,2015-06,2
2834,2015-07,1
2834,2015-08,3
2834,2015-09,2
2834,2015-10,1
2834,2015-11,2
2834,2015-12,2
2834,2016-01,2
2834,2016-02,1
2834,2016-03,4
2834,2016-04,2
2834,2016-05,2
2834,2016-06,1
2834,2016-07,3
2834,2016-08,2
2834,2016-09,1
2834,2016-10,1
2834,2017-02,2
2834,2017-03,1
2834,2017-04,4
2834,2017-06,4
2834,2017-10,6
2834,2017-12,4
2834,2018-01,1
2834,2018-02,2
2834,2018-03,2
2834,2018-04,2
2834,2018-05,5
2834,2018-06,6
2834,2018-07,11
2834,2018-08,28
2834,2018-09,23
2834,2018-10,11
2834,2018-11,6
2834,2018-12,13
2834,2019-01,21
2834,2019-02,14
2834,2019-03,22
2834,2019-04,14
2834,2019-05,13
2834,2019-06,12
2834,2019-07,7
2834,2019-08,11
2834,2019-09,7
2834,2019-10,14
2834,2019-11,8
2834,2019-12,4
2834,2020-01,7
2834,2020-02,13
2834,2020-03,15
2834,2020-04,10
2834,2020-05,5
2834,2020-06,4
2834,2020-07,2
2834,2020-08,5
2834,2020-09,4
2834,2020-11,2
2834,2020-12,1
2834,2021-01,3
2834,2021-02,2
2834,2021-03,4
2834,2021-04,5
2834,2021-05,8
2834,2021-06,2
2834,2021-07,9
2834,2021-08,26
2834,2021-09,14
2834,2021-10,6
2834,2021-11,7
2834,2021-12,1
2834,2022-01,6
2834,2022-02,10
2834,2022-03,13
2834,2022-04,17
2834,2022-05,24
2834,2022-06,9
2834,2022-07,8
2834,2022-08,10
2834,2022-09,14
2834,2022-10,13
2834,2022-11,32
2834,2022-12,23
2834,2023-01,13
2834,2023-02,11
2834,2023-03,19
2834,2023-04,4
2834,2023-05,7
2834,2023-06,3
2834,2023-07,6
2834,2023-08,6
2834,2023-09,1
2834,2023-10,1
2834,2023-11,2
2834,2023-12,4
2834,2024-01,2
2834,2024-02,3
2834,2024-03,16
2834,2024-04,8
2834,2024-05,3
2834,2024-06,3
2834,2024-07,5
2834,2024-08,3
2834,2024-09,7
2834,2024-10,1
2834,2024-11,2
2834,2024-12,2
2834,2025-01,2
2836,2016-01,5
2836,2016-03,1
2836,2016-06,1
2836,2016-10,1
2836,2016-12,1
2836,2017-03,1
2836,2017-06,1
2836,2017-08,1
2836,2017-09,1
2836,2017-10,2
2836,2017-11,5
2836,2017-12,2
2836,2018-02,1
2836,2018-03,3
2836,2018-08,2
2836,2018-09,1
2836,2018-11,5
2836,2018-12,1
2836,2019-01,1
2836,2019-04,6
2836,2019-05,2
2836,2019-06,1
2836,2019-07,4
2836,2019-08,1
2836,2019-10,1
2836,2019-11,1
2836,2019-12,3
2836,2020-02,1
2836,2020-04,1
2836,2020-06,1
2836,2020-08,3
2836,2020-09,2
2836,2020-10,1
2836,2020-12,3
2836,2021-01,4
2836,2021-02,1
2836,2021-03,2
2836,2021-04,1
2836,2021-05,1
2836,2021-09,2
2836,2021-10,1
2836,2021-12,1
2836,2022-01,5
2836,2022-02,1
2836,2022-03,1
2836,2022-04,1
2836,2022-06,5
2836,2022-07,4
2836,2022-08,2
2836,2022-09,3
2836,2022-10,2
2836,2022-11,7
2836,2022-12,3
2836,2023-01,2
2836,2023-02,3
2836,2023-03,9
2836,2023-04,2
2836,2023-05,2
2836,2023-06,2
2836,2023-08,1
2836,2023-09,2
2836,2023-10,1
2836,2023-11,2
2836,2023-12,3
2836,2024-01,3
2836,2024-02,2
2836,2024-03,3
2836,2024-04,2
2836,2024-05,3
2836,2024-06,6
2836,2024-07,3
2836,2024-08,1
2836,2024-09,1
2836,2024-10,2
2836,2024-11,1
2836,2024-12,1
2836,2025-01,1
2838,2015-06,1
2838,2015-09,2
2838,2015-10,1
2838,2015-11,1
2838,2016-01,4
2838,2016-07,1
2838,2016-09,1
2838,2016-10,1
2838,2016-11,1
2838,2016-12,1
2838,2017-01,1
2838,2017-02,2
2838,2017-03,3
2838,2017-04,2
2838,2017-09,1
2838,2017-10,2
2838,2017-11,2
2838,2018-02,2
2838,2018-03,4
2838,2018-06,1
2838,2018-08,1
2838,2018-09,4
2838,2018-10,1
2838,2018-11,2
2838,2018-12,2
2838,2019-01,1
2838,2019-02,1
2838,2019-03,7
2838,2019-04,4
2838,2019-05,13
2838,2019-06,5
2838,2019-07,3
2838,2019-08,3
2838,2019-09,3
2838,2019-11,1
2838,2019-12,3
2838,2020-01,1
2838,2020-03,7
2838,2020-04,1
2838,2020-05,2
2838,2020-06,2
2838,2020-07,8
2838,2020-08,3
2838,2020-09,2
2838,2020-10,1
2838,2020-11,1
2838,2020-12,3
2838,2021-01,3
2838,2021-02,1
2838,2021-03,6
2838,2021-04,2
2838,2021-05,5
2838,2021-06,1
2838,2021-07,6
2838,2021-08,3
2838,2021-09,2
2838,2021-10,5
2838,2021-11,3
2838,2021-12,2
2838,2022-01,6
2838,2022-02,1
2838,2022-03,3
2838,2022-04,2
2838,2022-05,2
2838,2022-06,6
2838,2022-07,4
2838,2022-08,3
2838,2022-09,10
2838,2022-10,3
2838,2022-11,10
2838,2022-12,3
2838,2023-01,2
2838,2023-02,4
2838,2023-03,10
2838,2023-04,5
2838,2023-05,2
2838,2023-06,3
2838,2023-07,2
2838,2023-08,2
2838,2023-09,2
2838,2023-10,2
2838,2023-11,2
2838,2023-12,3
2838,2024-01,4
2838,2024-02,1
2838,2024-03,5
2838,2024-04,1
2838,2024-05,2
2838,2024-06,1
2838,2024-07,3
2838,2024-08,3
2838,2024-09,3
2838,2024-10,2
2838,2024-11,2
2838,2024-12,3
2838,2025-01,4
2845,2015-07,3
2845,2015-09,2
2845,2016-01,1
2845,2016-10,1
2845,2016-11,1
2845,2017-03,2
2845,2017-04,2
2845,2017-06,1
2845,2017-08,3
2845,2017-11,1
2845,2017-12,1
2845,2018-02,1
2845,2018-03,1
2845,2019-02,1
2845,2019-03,2
2845,2019-04,1
2845,2019-06,2
2845,2019-07,1
2845,2019-11,2
2845,2019-12,1
2845,2020-07,1
2845,2020-08,2
2845,2020-09,1
2845,2020-10,1
2845,2021-01,1
2845,2021-03,1
2845,2021-04,1
2845,2021-09,3
2845,2021-11,3
2845,2021-12,2
2845,2022-03,1
2845,2022-04,2
2845,2022-06,2
2845,2022-07,1
2845,2022-08,6
2845,2022-09,1
2845,2022-10,5
2845,2022-11,4
2845,2022-12,2
2845,2023-01,4
2845,2023-02,2
2845,2023-03,3
2845,2023-04,1
2845,2023-05,2
2845,2023-06,6
2845,2023-07,2
2845,2023-08,2
2845,2023-09,1
2845,2023-10,3
2845,2023-11,6
2845,2023-12,5
2845,2024-01,1
2845,2024-02,1
2845,2024-03,7
2845,2024-04,2
2845,2024-05,2
2845,2024-06,5
2845,2024-07,3
2845,2024-08,9
2845,2024-09,4
2845,2024-10,2
2845,2024-11,3
2845,2024-12,2
2845,2025-01,2
2849,2015-04,2
2849,2015-08,2
2849,2015-10,2
2849,2015-11,1
2849,2015-12,2
2849,2016-01,6
2849,2016-03,4
2849,2017-03,1
2849,2017-06,1
2849,2017-07,1
2849,2017-11,2
2849,2017-12,1
2849,2018-02,1
2849,2018-03,1
2849,2018-05,1
2849,2018-06,2
2849,2018-07,3
2849,2018-10,1
2849,2018-11,1
2849,2018-12,2
2849,2019-02,1
2849,2019-05,1
2849,2019-07,3
2849,2019-09,3
2849,2019-12,2
2849,2020-05,2
2849,2020-06,1
2849,2020-07,1
2849,2020-08,4
2849,2020-09,1
2849,2020-10,1
2849,2020-11,1
2849,2021-01,2
2849,2021-02,1
2849,2021-04,1
2849,2021-05,1
2849,2021-06,1
2849,2021-07,1
2849,2021-08,1
2849,2021-10,6
2849,2021-11,1
2849,2021-12,4
2849,2022-01,4
2849,2022-05,2
2849,2022-06,3
2849,2022-07,4
2849,2022-08,1
2849,2022-11,2
2849,2022-12,1
2849,2023-01,1
2849,2023-02,3
2849,2023-03,4
2849,2023-04,1
2849,2023-05,2
2849,2023-08,1
2849,2023-10,1
2849,2023-12,2
2849,2024-04,1
2849,2024-05,2
2849,2024-06,1
2849,2024-07,3
2849,2024-08,1
2849,2024-09,7
2849,2024-10,4
2849,2024-11,1
2849,2025-01,1
2901,2015-04,1
2901,2016-02,2
2901,2016-03,1
2901,2016-06,3
2901,2016-08,1
2901,2017-02,3
2901,2017-12,1
2901,2018-10,1
2901,2018-12,1
2901,2019-01,1
2901,2019-05,2
2901,2019-06,2
2901,2019-08,1
2901,2019-11,1
2901,2020-03,7
2901,2020-04,2
2901,2020-05,2
2901,2020-07,2
2901,2020-10,1
2901,2020-12,1
2901,2021-01,4
2901,2021-02,1
2901,2021-04,3
2901,2021-05,2
2901,2021-07,4
2901,2021-08,3
2901,2021-09,1
2901,2021-11,3
2901,2021-12,1
2901,2022-05,4
2901,2022-06,1
2901,2022-08,1
2901,2022-09,1
2901,2022-11,1
2901,2023-03,2
2901,2023-09,4
2901,2024-01,1
2901,2024-02,2
2901,2024-03,4
2901,2024-05,3
2901,2024-06,2
2901,2024-07,1
2901,2024-08,1
2901,2024-11,1
2903,2015-05,5
2903,2015-06,9
2903,2015-07,6
2903,2015-08,4
2903,2015-09,7
2903,2015-10,7
2903,2015-11,3
2903,2015-12,2
2903,2016-01,4
2903,2016-03,1
2903,2016-04,3
2903,2016-05,4
2903,2016-06,1
2903,2016-07,4
2903,2016-10,2
2903,2016-11,1
2903,2016-12,2
2903,2017-03,1
2903,2017-04,2
2903,2017-05,1
2903,2017-06,1
2903,2017-10,2
2903,2017-12,1
2903,2018-01,3
2903,2018-02,2
2903,2018-03,1
2903,2018-04,4
2903,2018-05,11
2903,2018-06,3
2903,2018-07,2
2903,2019-01,1
2903,2019-06,1
2903,2019-07,4
2903,2019-10,2
2903,2019-11,1
2903,2019-12,2
2903,2020-01,1
2903,2020-02,1
2903,2020-05,3
2903,2020-06,2
2903,2020-07,2
2903,2020-08,1
2903,2020-12,2
2903,2021-01,1
2903,2021-02,2
2903,2021-06,1
2903,2021-08,1
2903,2021-09,1
2903,2022-03,1
2903,2022-05,2
2903,2022-12,7
2903,2023-02,1
2903,2023-03,5
2903,2023-05,3
2903,2023-06,1
2903,2023-08,3
2903,2023-09,1
2903,2023-10,1
2903,2023-11,6
2903,2023-12,4
2903,2024-01,1
2903,2024-02,1
2903,2024-03,5
2903,2024-04,1
2903,2024-05,3
2903,2024-06,1
2903,2024-07,2
2903,2024-08,1
2903,2024-09,2
2903,2024-11,1
2903,2024-12,1
2903,2025-01,2
2905,2015-07,1
2905,2015-11,1
2905,2016-03,1
2905,2016-07,1
2905,2016-08,1
2905,2017-08,2
2905,2017-09,3
2905,2018-01,1
2905,2018-03,1
2905,2019-03,1
2905,2019-04,1
2905,2019-11,1
2905,2020-01,2
2905,2020-03,1
2905,2020-08,1
2905,2020-12,1
2905,2021-03,1
2905,2021-04,2
2905,2022-04,1
2905,2022-06,1
2905,2023-05,1
2905,2023-08,2
2905,2023-09,1
2905,2023-11,2
2905,2023-12,2
2905,2024-03,2
2905,2024-04,1
2905,2024-05,1
2905,2024-08,2
2905,2024-11,1
2906,2015-07,1
2906,2015-08,2
2906,2015-09,1
2906,2016-05,1
2906,2017-02,1
2906,2018-06,2
2906,2019-01,2
2906,2019-10,1
2906,2021-05,2
2906,2022-02,2
2906,2022-03,10
2906,2022-04,6
2906,2022-07,2
2906,2023-02,2
2906,2024-04,1
2906,2024-11,3
2908,2015-06,1
2908,2015-07,2
2908,2015-10,1
2908,2016-03,2
2908,2016-06,1
2908,2016-07,1
2908,2016-10,1
2908,2018-11,1
2908,2019-01,1
2908,2019-03,1
2908,2019-05,1
2908,2019-07,1
2908,2019-09,1
2908,2020-03,1
2908,2020-05,1
2908,2020-06,3
2908,2021-03,1
2908,2021-09,1
2908,2022-03,1
2908,2022-07,1
2908,2022-11,2
2908,2023-02,1
2908,2023-03,1
2908,2023-07,1
2908,2024-08,1
2910,2015-09,2
2910,2015-10,1
2910,2015-11,1
2910,2018-04,1
2910,2019-07,1
2910,2019-11,1
2910,2021-04,1
2911,2015-08,1
2911,2015-10,1
2911,2015-11,1
2911,2016-03,1
2911,2016-05,1
2911,2016-08,2
2911,2017-02,1
2911,2017-03,1
2911,2017-07,2
2911,2018-04,1
2911,2018-05,4
2911,2019-05,2
2911,2020-09,1
2911,2021-01,1
2911,2021-04,1
2911,2021-06,1
2911,2021-11,2
2911,2023-04,1
2912,2015-05,3
2912,2015-07,4
2912,2015-08,6
2912,2015-09,1
2912,2015-10,1
2912,2015-11,3
2912,2015-12,2
2912,2016-01,2
2912,2016-02,3
2912,2016-03,3
2912,2016-05,3
2912,2016-12,2
2912,2017-02,1
2912,2017-03,1
2912,2017-04,1
2912,2017-05,1
2912,2017-06,1
2912,2017-07,5
2912,2017-08,1
2912,2017-11,7
2912,2017-12,1
2912,2018-02,2
2912,2018-04,3
2912,2018-05,1
2912,2018-07,4
2912,2018-08,4
2912,2018-09,2
2912,2018-10,1
2912,2018-11,1
2912,2018-12,1
2912,2019-01,2
2912,2019-02,1
2912,2019-03,3
2912,2019-04,1
2912,2019-05,3
2912,2019-07,2
2912,2019-10,1
2912,2019-11,1
2912,2019-12,1
2912,2020-02,1
2912,2020-03,3
2912,2020-04,4
2912,2020-07,2
2912,2020-08,1
2912,2020-09,1
2912,2020-11,3
2912,2020-12,2
2912,2021-05,2
2912,2021-06,1
2912,2021-07,4
2912,2021-08,5
2912,2021-10,6
2912,2021-11,4
2912,2021-12,1
2912,2022-01,2
2912,2022-02,2
2912,2022-03,3
2912,2022-04,1
2912,2022-05,2
2912,2022-07,19
2912,2022-08,4
2912,2022-09,3
2912,2022-12,4
2912,2023-01,2
2912,2023-02,1
2912,2023-03,1
2912,2023-05,2
2912,2023-10,1
2912,2023-12,1
2912,2024-04,3
2912,2024-05,1
2912,2024-06,1
2912,2024-07,1
2912,2024-08,5
2912,2024-09,1
2912,2024-11,1
2912,2025-01,2
2913,2015-05,1
2913,2015-06,1
2913,2015-09,1
2913,2015-10,1
2913,2016-03,1
2913,2016-06,3
2913,2016-07,1
2913,2017-01,1
2913,2017-02,1
2913,2017-04,1
2913,2017-05,1
2913,2017-06,1
2913,2018-10,1
2913,2019-02,1
2913,2019-03,1
2913,2019-05,1
2913,2019-06,1
2913,2020-03,1
2913,2020-06,1
2913,2021-02,1
2913,2021-04,1
2913,2021-06,1
2913,2022-03,1
2913,2022-04,1
2913,2022-06,2
2913,2022-07,1
2913,2022-08,1
2913,2023-05,2
2913,2023-06,1
2913,2023-08,6
2913,2024-01,2
2913,2025-01,1
2915,2015-04,1
2915,2015-05,1
2915,2015-06,3
2915,2015-07,1
2915,2015-08,2
2915,2015-09,2
2915,2015-10,1
2915,2015-11,1
2915,2015-12,2
2915,2016-01,3
2915,2016-02,1
2915,2016-03,2
2915,2016-04,6
2915,2016-07,2
2915,2016-08,1
2915,2016-10,4
2915,2016-11,1
2915,2016-12,2
2915,2017-01,1
2915,2017-02,3
2915,2017-03,10
2915,2017-04,10
2915,2017-06,4
2915,2017-07,2
2915,2017-08,3
2915,2017-09,2
2915,2017-11,3
2915,2017-12,2
2915,2018-01,1
2915,2018-03,6
2915,2018-05,1
2915,2018-06,2
2915,2018-07,2
2915,2018-08,2
2915,2019-02,1
2915,2019-06,1
2915,2019-11,2
2915,2020-03,1
2915,2020-05,1
2915,2020-06,1
2915,2020-07,1
2915,2020-08,1
2915,2020-12,1
2915,2021-04,1
2915,2021-05,1
2915,2021-06,3
2915,2021-07,2
2915,2021-08,2
2915,2021-09,3
2915,2021-10,4
2915,2021-11,1
2915,2021-12,2
2915,2022-01,1
2915,2022-03,1
2915,2022-05,4
2915,2022-07,33
2915,2022-08,8
2915,2022-09,5
2915,2022-10,4
2915,2022-11,5
2915,2022-12,3
2915,2023-03,3
2915,2023-04,1
2915,2023-05,1
2915,2023-07,2
2915,2023-08,1
2915,2023-11,1
2915,2023-12,1
2915,2024-03,1
2915,2024-05,2
2915,2024-06,3
2915,2024-08,1
2915,2024-10,1
2915,2024-11,3
2915,2024-12,3
3010,2016-03,1
3010,2017-05,2
3010,2017-09,3
3010,2018-05,1
3010,2019-04,2
3010,2019-07,1
3010,2020-03,2
3010,2020-10,1
3010,2020-12,1
3010,2021-04,1
3010,2021-07,1
3010,2021-09,1
3010,2021-12,4
3010,2022-02,3
3010,2022-03,1
3010,2022-07,1
3010,2022-09,1
3010,2023-03,2
3010,2023-04,2
3010,2023-06,2
3010,2023-09,1
3010,2023-11,2
3010,2023-12,1
3010,2024-01,6
3010,2024-02,1
3010,2024-03,2
3010,2024-04,4
3010,2024-05,5
3010,2024-06,3
3010,2024-07,6
3010,2024-08,1
3010,2024-09,2
3010,2024-10,1
3010,2024-11,2
3010,2024-12,4
3010,2025-01,2
3028,2015-06,1
3028,2015-08,5
3028,2015-09,1
3028,2016-03,1
3028,2017-02,1
3028,2017-03,1
3028,2017-10,2
3028,2018-03,1
3028,2018-04,1
3028,2018-12,1
3028,2019-03,2
3028,2019-04,1
3028,2020-03,1
3028,2020-06,1
3028,2021-03,1
3028,2021-04,1
3028,2021-05,2
3028,2021-06,2
3028,2021-12,1
3028,2022-01,1
3028,2022-02,1
3028,2022-03,6
3028,2022-04,2
3028,2022-07,1
3028,2022-08,1
3028,2022-10,1
3028,2022-11,1
3028,2023-02,3
3028,2023-03,2
3028,2023-05,1
3028,2023-06,1
3028,2024-01,1
3028,2024-03,1
3028,2024-05,1
3028,2024-06,2
3028,2024-12,1
3029,2015-04,2
3029,2015-05,1
3029,2015-06,5
3029,2015-07,3
3029,2015-10,1
3029,2016-01,1
3029,2016-02,1
3029,2016-03,2
3029,2016-05,1
3029,2016-11,1
3029,2017-04,1
3029,2017-05,1
3029,2018-02,1
3029,2018-03,1
3029,2018-05,3
3029,2018-06,1
3029,2018-07,1
3029,2018-08,2
3029,2018-10,1
3029,2019-03,1
3029,2019-06,1
3029,2019-07,1
3029,2019-08,4
3029,2019-09,1
3029,2019-11,2
3029,2020-01,2
3029,2020-02,3
3029,2020-04,1
3029,2020-05,2
3029,2020-06,4
3029,2020-11,1
3029,2021-03,1
3029,2021-04,3
3029,2021-07,1
3029,2021-09,1
3029,2021-11,1
3029,2021-12,6
3029,2022-01,2
3029,2022-02,1
3029,2022-04,2
3029,2022-06,2
3029,2022-07,3
3029,2022-08,1
3029,2022-09,1
3029,2022-10,4
3029,2022-12,1
3029,2023-01,1
3029,2023-02,3
3029,2023-03,1
3029,2023-04,3
3029,2023-05,2
3029,2023-10,1
3029,2024-01,1
3029,2024-02,1
3029,2024-03,1
3029,2024-05,1
3029,2024-06,1
3029,2024-07,3
3029,2024-08,1
3029,2024-10,2
3029,2024-11,1
3029,2024-12,22
3033,2015-08,2
3033,2015-12,1
3033,2016-07,1
3033,2016-08,1
3033,2016-11,2
3033,2017-02,2
3033,2017-03,1
3033,2017-04,1
3033,2017-07,1
3033,2018-01,1
3033,2018-02,1
3033,2018-04,1
3033,2018-08,1
3033,2019-03,1
3033,2019-04,2
3033,2020-01,1
3033,2020-03,1
3033,2020-06,2
3033,2020-07,2
3033,2020-11,1
3033,2021-02,2
3033,2021-03,1
3033,2021-04,1
3033,2021-05,2
3033,2021-08,4
3033,2021-09,5
3033,2021-11,2
3033,2021-12,4
3033,2022-03,6
3033,2022-04,2
3033,2022-05,1
3033,2022-06,1
3033,2022-07,5
3033,2022-08,1
3033,2022-10,1
3033,2023-02,1
3033,2023-03,3
3033,2023-04,1
3033,2023-06,8
3033,2023-07,1
3033,2023-08,2
3033,2024-01,2
3033,2024-02,1
3033,2024-03,1
3033,2024-04,2
3033,2024-05,2
3033,2024-07,2
3033,2024-10,1
3033,2024-12,1
3036,2015-05,4
3036,2015-06,3
3036,2015-07,2
3036,2015-08,2
3036,2015-09,1
3036,2015-10,1
3036,2015-11,2
3036,2016-01,1
3036,2016-02,1
3036,2016-05,2
3036,2016-06,1
3036,2016-07,2
3036,2016-08,3
3036,2016-09,1
3036,2016-10,2
3036,2016-12,2
3036,2017-01,1
3036,2017-02,3
3036,2017-04,3
3036,2017-05,2
3036,2017-08,4
3036,2017-10,1
3036,2017-11,3
3036,2017-12,2
3036,2018-01,2
3036,2018-02,2
3036,2018-03,3
3036,2018-04,1
3036,2018-05,3
3036,2018-07,3
3036,2018-09,2
3036,2018-11,1
3036,2018-12,7
3036,2019-01,1
3036,2019-02,1
3036,2019-04,1
3036,2019-05,1
3036,2019-10,5
3036,2019-11,13
3036,2019-12,20
3036,2020-01,9
3036,2020-02,10
3036,2020-03,4
3036,2020-04,2
3036,2020-05,1
3036,2020-07,2
3036,2020-09,1
3036,2021-03,3
3036,2021-04,4
3036,2021-05,1
3036,2021-06,2
3036,2021-07,4
3036,2021-08,2
3036,2021-09,1
3036,2021-10,1
3036,2021-12,3
3036,2022-01,5
3036,2022-02,3
3036,2022-03,5
3036,2022-04,12
3036,2022-05,6
3036,2022-06,17
3036,2022-08,2
3036,2022-09,1
3036,2022-10,3
3036,2022-11,1
3036,2023-03,1
3036,2023-04,2
3036,2023-05,2
3036,2023-06,1
3036,2023-07,1
3036,2023-08,1
3036,2023-09,25
3036,2023-10,9
3036,2023-11,14
3036,2023-12,5
3036,2024-01,33
3036,2024-02,12
3036,2024-03,9
3036,2024-04,7
3036,2024-05,7
3036,2024-06,6
3036,2024-07,4
3036,2024-08,6
3036,2024-10,1
3036,2024-11,3
3036,2025-01,1
3048,2015-05,1
3048,2015-06,2
3048,2015-07,2
3048,2015-08,2
3048,2016-05,1
3048,2016-08,1
3048,2016-12,1
3048,2017-03,1
3048,2017-05,2
3048,2017-12,1
3048,2018-02,1
3048,2018-05,1
3048,2019-09,3
3048,2019-10,6
3048,2019-11,10
3048,2020-11,1
3048,2020-12,1
3048,2021-03,8
3048,2021-04,1
3048,2021-05,1
3048,2021-08,1
3048,2021-09,2
3048,2021-11,1
3048,2022-01,1
3048,2022-02,1
3048,2022-03,1
3048,2022-04,2
3048,2022-06,1
3048,2022-07,1
3048,2022-08,1
3048,2023-03,1
3048,2023-04,1
3048,2023-08,1
3048,2024-04,1
3048,2024-05,1
3048,2024-06,12
3048,2024-07,7
3048,2024-08,2
3048,2024-11,1
3054,2015-08,1
3054,2015-11,1
3054,2016-04,2
3054,2016-06,1
3054,2016-07,1
3054,2017-03,1
3054,2018-09,2
3054,2021-08,11
3054,2021-09,2
3054,2021-10,4
3054,2022-04,1
3054,2022-05,1
3054,2022-08,1
3055,2015-05,1
3055,2015-06,2
3055,2015-09,1
3055,2015-10,1
3055,2015-12,2
3055,2016-09,1
3055,2016-11,2
3055,2017-03,1
3055,2018-01,2
3055,2018-03,2
3055,2018-05,2
3055,2018-08,1
3055,2019-07,1
3055,2019-12,1
3055,2020-01,2
3055,2020-05,4
3055,2020-08,2
3055,2020-09,1
3055,2021-04,1
3055,2021-07,1
3055,2022-01,4
3055,2023-01,1
3055,2023-06,1
3055,2023-07,1
3055,2024-02,2
3055,2024-03,7
3055,2024-05,4
3055,2024-06,2
3055,2024-08,4
3055,2024-09,1
3055,2024-10,10
3055,2025-01,2
3130,2015-04,1
3130,2015-08,1
3130,2017-02,1
3130,2017-03,2
3130,2017-04,2
3130,2017-05,2
3130,2017-08,1
3130,2017-11,1
3130,2020-10,1
3130,2021-04,1
3130,2021-05,2
3130,2022-11,1
3130,2024-08,1
3130,2024-10,1
3130,2025-01,1
3557,2015-05,2
3557,2017-01,3
3557,2017-02,2
3557,2017-09,2
3557,2017-10,1
3557,2017-11,6
3557,2017-12,2
3557,2020-06,4
3557,2020-08,2
3557,2020-11,1
3557,2021-03,2
3557,2021-04,1
3557,2021-08,1
3557,2021-10,2
3557,2021-11,2
3557,2021-12,6
3557,2022-01,1
3557,2022-02,3
3557,2022-03,3
3557,2022-04,3
3557,2022-05,3
3557,2022-06,2
3557,2022-07,6
3557,2022-08,5
3557,2022-09,3
3557,2022-11,1
3557,2022-12,1
3557,2023-01,1
3557,2023-03,1
3557,2023-06,1
3557,2023-07,2
3557,2023-09,1
3557,2023-10,1
3557,2024-01,1
3557,2024-03,1
3557,2024-04,2
3557,2024-05,1
3557,2024-07,5
3557,2024-09,1
3557,2024-11,1
3708,2016-10,2
3708,2016-11,4
3708,2017-04,1
3708,2017-05,1
3708,2017-07,1
3708,2017-08,1
3708,2018-01,1
3708,2018-03,1
3708,2018-04,7
3708,2018-05,2
3708,2018-06,3
3708,2018-08,1
3708,2018-09,2
3708,2018-10,2
3708,2018-11,5
3708,2018-12,2
3708,2019-01,2
3708,2019-02,3
3708,2019-03,3
3708,2019-04,1
3708,2019-06,7
3708,2019-07,3
3708,2019-08,2
3708,2019-09,2
3708,2019-10,2
3708,2019-12,2
3708,2020-01,2
3708,2020-05,2
3708,2020-06,2
3708,2020-07,4
3708,2020-08,6
3708,2020-09,4
3708,2020-10,3
3708,2020-11,4
3708,2020-12,1
3708,2021-04,1
3708,2021-06,3
3708,2021-07,4
3708,2021-09,2
3708,2021-10,12
3708,2021-11,2
3708,2021-12,6
3708,2022-03,2
3708,2022-04,9
3708,2022-05,7
3708,2022-06,5
3708,2022-07,3
3708,2022-08,1
3708,2022-09,5
3708,2022-10,2
3708,2022-11,3
3708,2022-12,2
3708,2023-01,10
3708,2023-03,1
3708,2023-04,2
3708,2023-06,1
3708,2023-07,1
3708,2023-12,1
3708,2024-01,1
3708,2024-03,5
3708,2024-04,6
3708,2024-05,2
3708,2024-06,3
3708,2024-07,1
3708,2024-08,1
4536,2015-05,1
4536,2015-07,1
4536,2016-03,2
4536,2016-11,1
4536,2017-02,1
4536,2017-12,1
4536,2018-05,1
4536,2018-07,1
4536,2019-02,1
4536,2019-06,1
4536,2019-09,1
4536,2020-11,2
4536,2022-07,2
4536,2022-08,3
4536,2022-10,2
4536,2022-12,1
4536,2023-02,1
4536,2023-03,1
4536,2023-05,2
4536,2023-06,1
4536,2024-03,2
4536,2024-04,1
4994,2015-05,2
4994,2015-06,1
4994,2015-07,1
4994,2015-08,2
4994,2015-10,3
4994,2015-11,1
4994,2016-03,1
4994,2016-05,1
4994,2016-11,1
4994,2017-03,1
4994,2017-09,1
4994,2019-05,1
4994,2019-07,1
4994,2019-09,2
4994,2019-10,1
4994,2020-11,1
4994,2020-12,2
4994,2021-03,1
4994,2021-12,2
4994,2022-03,1
4994,2022-04,2
4994,2023-06,3
4994,2023-07,1
4994,2024-03,4
4994,2024-05,1
4994,2024-09,1
4994,2024-10,1
5203,2015-04,1
5203,2015-06,1
5203,2015-07,1
5203,2015-10,1
5203,2016-02,2
5203,2016-03,1
5203,2016-04,1
5203,2016-09,1
5203,2016-10,2
5203,2016-11,2
5203,2017-05,1
5203,2017-07,1
5203,2018-01,1
5203,2018-07,1
5203,2018-12,1
5203,2019-01,2
5203,2019-07,2
5203,2019-09,1
5203,2019-10,2
5203,2020-02,2
5203,2020-04,1
5203,2020-10,1
5203,2021-07,2
5203,2021-10,1
5203,2021-11,1
5203,2022-02,2
5203,2022-03,3
5203,2022-04,1
5203,2022-05,2
5203,2022-08,1
5203,2023-02,2
5203,2023-03,1
5203,2023-04,1
5203,2023-05,2
5203,2024-02,1
5203,2024-03,1
5203,2024-04,1
5203,2024-05,2
5203,2024-06,1
5203,2024-07,1
5292,2023-11,1
5292,2024-03,2
5292,2024-04,1
5292,2024-09,1
5292,2024-10,1
5306,2015-05,2
5306,2015-07,1
5306,2015-08,4
5306,2015-09,1
5306,2016-03,1
5306,2016-05,1
5306,2016-07,1
5306,2016-08,2
5306,2016-09,1
5306,2016-11,1
5306,2017-03,3
5306,2017-04,2
5306,2017-06,2
5306,2017-07,1
5306,2017-11,1
5306,2017-12,1
5306,2018-08,2
5306,2019-05,2
5306,2019-12,1
5306,2020-04,1
5306,2020-06,3
5306,2020-07,1
5306,2020-08,3
5306,2020-12,1
5306,2021-04,2
5306,2021-08,2
5306,2021-12,1
5306,2022-04,1
5306,2022-07,1
5306,2022-12,3
5306,2023-03,1
5306,2023-06,2
5306,2023-09,2
5306,2023-10,1
5306,2023-11,1
5306,2024-01,1
5306,2024-08,2
6112,2015-04,1
6112,2015-05,2
6112,2015-11,3
6112,2016-05,1
6112,2016-07,1
6112,2018-08,3
6112,2019-03,1
6112,2019-04,1
6112,2019-06,2
6112,2019-12,3
6112,2020-04,1
6112,2020-05,1
6112,2020-12,1
6112,2023-02,5
6112,2023-03,1
6112,2023-04,5
6112,2023-05,12
6112,2023-06,3
6112,2023-07,4
6112,2023-08,2
6112,2023-10,2
6112,2023-11,2
6112,2023-12,3
6112,2024-05,1
6112,2024-06,1
6112,2024-07,3
6112,2024-08,3
6112,2024-11,1
6112,2024-12,3
6112,2025-01,3
6165,2015-09,1
6165,2016-05,1
6165,2017-05,2
6165,2017-07,3
6165,2017-08,1
6165,2018-02,1
6165,2018-03,1
6165,2018-09,1
6165,2018-12,1
6165,2019-08,1
6165,2020-09,2
6165,2020-10,1
6165,2021-04,1
6165,2021-08,1
6165,2021-09,1
6165,2021-10,7
6165,2022-03,1
6165,2023-08,1
6165,2024-03,1
6165,2024-04,1
6165,2024-10,1
6183,2015-08,1
6183,2016-02,1
6183,2016-03,1
6183,2016-05,1
6183,2016-06,2
6183,2016-07,2
6183,2017-10,1
6183,2018-12,1
6183,2019-01,1
6183,2020-05,1
6183,2020-07,1
6183,2020-09,1
6183,2021-06,3
6183,2022-04,1
6183,2024-04,1
6505,2015-04,1
6505,2015-05,1
6505,2015-06,6
6505,2015-07,8
6505,2015-08,7
6505,2015-09,4
6505,2015-10,4
6505,2015-11,3
6505,2015-12,6
6505,2016-01,6
6505,2016-02,4
6505,2016-03,6
6505,2016-04,2
6505,2016-05,7
6505,2016-06,3
6505,2016-07,10
6505,2016-08,6
6505,2016-10,2
6505,2016-11,10
6505,2016-12,3
6505,2017-01,2
6505,2017-02,6
6505,2017-03,3
6505,2017-04,4
6505,2017-05,9
6505,2017-06,2
6505,2017-07,3
6505,2017-08,1
6505,2017-11,3
6505,2017-12,3
6505,2018-01,4
6505,2018-02,3
6505,2018-03,17
6505,2018-04,1
6505,2018-05,7
6505,2018-06,5
6505,2018-07,6
6505,2018-08,6
6505,2018-09,9
6505,2018-10,12
6505,2018-11,3
6505,2018-12,4
6505,2019-01,7
6505,2019-02,1
6505,2019-04,6
6505,2019-05,6
6505,2019-06,4
6505,2019-07,6
6505,2019-08,3
6505,2019-09,4
6505,2019-10,1
6505,2019-11,1
6505,2019-12,5
6505,2020-01,4
6505,2020-02,3
6505,2020-03,15
6505,2020-04,3
6505,2020-05,8
6505,2020-06,7
6505,2020-07,2
6505,2020-09,1
6505,2020-10,3
6505,2020-11,3
6505,2020-12,2
6505,2021-01,4
6505,2021-02,2
6505,2021-03,4
6505,2021-04,9
6505,2021-05,14
6505,2021-06,17
6505,2021-07,22
6505,2021-08,8
6505,2021-09,15
6505,2021-10,14
6505,2021-11,10
6505,2021-12,2
6505,2022-01,3
6505,2022-02,7
6505,2022-03,11
6505,2022-04,2
6505,2022-05,3
6505,2022-06,6
6505,2022-07,9
6505,2022-08,3
6505,2022-09,4
6505,2022-10,4
6505,2022-11,4
6505,2022-12,3
6505,2023-01,1
6505,2023-02,2
6505,2023-03,2
6505,2023-04,1
6505,2023-05,2
6505,2023-07,3
6505,2023-08,2
6505,2023-09,3
6505,2023-10,2
6505,2023-11,1
6505,2023-12,1
6505,2024-01,6
6505,2024-02,3
6505,2024-03,4
6505,2024-04,5
6505,2024-05,2
6505,2024-06,10
6505,2024-07,8
6505,2024-08,4
6505,2024-09,6
6505,2024-10,3
6505,2024-11,2
6505,2024-12,19
6505,2025-01,9
6581,2016-09,1
6581,2016-10,1
6581,2017-07,1
6581,2018-01,1
6581,2018-02,1
6581,2018-06,1
6581,2018-10,1
6581,2019-01,1
6581,2021-01,1
6581,2021-10,1
6581,2022-01,1
6581,2022-04,6
6581,2022-05,1
6581,2024-07,1
6581,2024-10,1
6614,2020-06,1
6614,2020-12,1
6614,2023-05,1
6614,2023-07,1
6614,2024-02,2
6641,2021-03,1
6641,2021-06,1
6641,2021-08,1
6641,2021-09,1
6641,2021-11,1
6641,2023-12,1
6670,2018-12,1
6670,2019-01,3
6670,2019-04,1
6670,2019-05,2
6670,2019-09,1
6670,2019-11,1
6670,2020-01,1
6670,2020-02,1
6670,2020-03,1
6670,2020-05,1
6670,2020-07,1
6670,2020-08,1
6670,2020-09,1
6670,2020-10,2
6670,2021-02,2
6670,2021-03,2
6670,2021-04,1
6670,2021-07,1
6670,2021-10,1
6670,2021-11,3
6670,2022-02,1
6670,2022-07,1
6670,2022-09,1
6670,2022-10,1
6670,2022-11,1
6670,2023-01,1
6670,2023-02,1
6670,2023-03,1
6670,2023-05,1
6670,2023-06,2
6670,2023-07,1
6670,2023-09,3
6670,2023-11,1
6670,2023-12,2
6670,2024-03,1
6670,2024-06,1
6670,2024-11,1
6670,2024-12,1
6670,2025-01,1
6671,2018-12,1
6671,2019-11,1
6671,2020-01,1
6671,2020-12,1
6671,2021-07,1
6671,2021-08,1
6671,2022-04,1
6671,2022-08,1
6671,2023-11,4
6671,2023-12,1
6671,2024-01,1
6671,2024-02,1
6671,2024-03,2
6671,2024-04,2
6671,2024-05,1
6689,2015-10,1
6689,2019-09,1
6689,2019-10,1
6689,2021-04,1
6689,2021-05,1
6689,2021-08,1
6689,2021-09,2
6689,2022-09,2
6689,2022-10,1
6689,2023-05,5
6689,2023-06,1
6689,2024-01,1
6689,2024-03,1
6689,2024-06,1
6689,2024-07,2
6689,2024-12,2
6689,2025-01,2
6754,2021-08,2
6754,2022-10,2
6754,2022-12,1
6754,2023-03,2
6754,2023-11,2
6768,2016-09,1
6768,2017-12,1
6768,2018-05,1
6768,2018-08,1
6768,2018-11,2
6768,2019-02,1
6768,2019-08,1
6768,2019-09,1
6768,2020-10,1
6768,2020-11,1
6768,2020-12,1
6768,2021-04,4
6768,2021-05,1
6768,2021-08,1
6768,2021-10,2
6768,2021-11,4
6768,2022-02,1
6768,2022-05,1
6768,2022-06,1
6768,2022-07,1
6768,2022-09,3
6768,2022-10,1
6768,2022-11,1
6768,2023-03,1
6768,2023-05,1
6768,2023-09,1
6768,2023-10,2
6768,2024-02,1
6768,2024-03,1
6768,2024-09,2
6768,2024-11,4
6768,2025-01,1
6790,2015-06,1
6790,2018-04,1
6790,2020-10,1
6790,2020-11,2
6790,2021-03,1
6790,2021-04,1
6790,2021-05,1
6790,2021-06,1
6790,2021-09,2
6790,2021-10,1
6790,2021-12,1
6790,2022-02,1
6790,2022-07,1
6790,2023-02,1
6790,2023-03,1
6790,2023-04,1
6790,2023-05,2
6790,2023-06,2
6790,2023-08,2
6790,2023-09,2
6790,2023-10,1
6790,2023-11,4
6790,2023-12,1
6790,2024-02,2
6790,2024-03,1
6790,2024-04,2
6790,2024-05,1
6790,2024-11,1
6807,2015-06,1
6807,2017-09,1
6807,2019-08,1
6807,2022-04,1
6807,2022-05,1
6807,2022-06,1
6807,2022-08,1
6807,2024-03,1
6807,2024-05,1
6807,2024-08,1
6807,2024-10,2
6869,2019-01,1
6869,2019-10,1
6869,2020-10,1
6869,2022-01,7
6869,2022-02,1
6869,2022-03,1
6869,2022-04,2
6869,2022-06,2
6869,2022-07,2
6869,2022-08,1
6869,2022-09,1
6869,2022-10,1
6869,2022-11,10
6869,2022-12,2
6869,2023-02,1
6869,2023-03,3
6869,2023-04,1
6869,2023-06,1
6869,2023-07,2
6869,2023-08,13
6869,2023-09,1
6869,2023-10,1
6869,2023-11,1
6869,2024-01,9
6869,2024-02,3
6869,2024-03,13
6869,2024-04,15
6869,2024-05,15
6869,2024-06,36
6869,2024-07,48
6869,2024-08,21
6869,2024-09,24
6869,2024-10,13
6869,2024-11,12
6869,2024-12,7
6869,2025-01,5
6873,2022-03,1
6873,2022-04,1
6873,2022-12,1
6873,2023-03,2
6873,2023-06,1
6873,2023-07,2
6873,2024-03,1
6873,2024-04,2
6873,2024-05,3
6873,2024-06,6
6873,2024-07,7
6873,2024-08,5
6873,2024-09,10
6873,2024-10,6
6873,2024-11,1
6873,2024-12,6
6890,2016-12,1
6890,2017-06,2
6890,2021-06,1
6890,2021-08,1
6890,2021-12,1
6890,2022-01,1
6890,2022-08,1
6890,2024-02,1
6890,2024-05,1
6890,2024-06,6
6890,2024-07,2
6890,2024-08,2
6890,2024-09,3
6890,2024-10,5
6890,2024-11,3
6890,2024-12,1
6890,2025-01,1
6902,2016-12,1
6902,2018-03,1
6902,2018-04,1
6902,2022-12,1
6902,2023-06,1
6902,2023-07,3
6902,2023-11,1
6902,2024-01,1
6902,2024-03,2
6902,2024-04,1
6902,2024-05,2
6902,2024-07,1
6902,2024-10,1
6902,2024-12,2
6906,2019-01,1
6906,2023-12,1
6906,2024-01,1
6906,2024-04,1
6906,2024-06,2
6906,2024-11,1
6923,2023-03,1
6923,2023-06,1
6923,2024-04,1
6923,2024-09,2
6944,2020-02,1
6944,2021-04,1
6944,2024-03,2
6944,2024-04,1
6944,2024-06,1
6944,2024-07,1
6944,2024-08,1
6965,2016-05,1
6965,2018-03,1
6965,2024-08,1
7721,2015-08,1
7721,2022-09,1
7721,2023-12,1
7721,2024-01,1
7721,2024-11,1
7722,2024-01,5
7722,2024-03,2
7722,2024-04,3
7722,2024-07,2
7722,2024-08,2
7722,2024-11,5
7722,2024-12,2
7722,2025-01,1
7765,2020-08,1
7765,2022-02,1
7765,2023-05,1
7765,2023-07,1
7765,2024-02,2
7765,2024-06,1
8454,2015-05,3
8454,2015-07,3
8454,2015-08,1
8454,2015-10,2
8454,2015-12,2
8454,2016-05,2
8454,2016-10,1
8454,2016-11,1
8454,2017-02,2
8454,2017-04,2
8454,2017-05,3
8454,2017-08,4
8454,2017-09,2
8454,2018-01,1
8454,2018-02,1
8454,2018-03,4
8454,2018-04,4
8454,2018-11,1
8454,2019-04,1
8454,2019-05,1
8454,2019-11,2
8454,2020-02,3
8454,2020-04,4
8454,2020-05,3
8454,2020-09,2
8454,2020-12,1
8454,2021-01,2
8454,2021-05,11
8454,2021-06,8
8454,2021-07,6
8454,2021-08,6
8454,2021-09,17
8454,2021-10,6
8454,2021-11,4
8454,2021-12,5
8454,2022-01,4
8454,2022-02,5
8454,2022-03,5
8454,2022-04,2
8454,2022-05,3
8454,2022-06,6
8454,2022-07,9
8454,2022-09,3
8454,2022-12,4
8454,2023-01,4
8454,2023-02,2
8454,2023-03,7
8454,2023-05,1
8454,2023-06,1
8454,2023-07,2
8454,2023-08,1
8454,2023-09,1
8454,2023-12,1
8454,2024-01,2
8454,2024-02,2
8454,2024-03,3
8454,2024-04,4
8454,2024-05,3
8454,2024-06,3
8454,2024-07,1
8454,2024-08,1
8454,2024-09,2
8454,2024-11,2
8454,2024-12,1
8464,2015-10,2
8464,2015-11,1
8464,2015-12,2
8464,2016-01,1
8464,2016-02,1
8464,2016-03,4
8464,2016-04,1
8464,2016-05,2
8464,2016-06,1
8464,2016-07,1
8464,2016-08,2
8464,2016-09,3
8464,2016-11,2
8464,2016-12,1
8464,2017-01,2
8464,2017-02,2
8464,2017-03,1
8464,2017-04,1
8464,2017-05,1
8464,2017-06,1
8464,2017-07,1
8464,2017-08,2
8464,2017-09,2
8464,2017-10,1
8464,2017-12,1
8464,2018-02,1
8464,2018-04,1
8464,2018-05,1
8464,2018-07,1
8464,2018-08,1
8464,2018-11,1
8464,2019-04,1
8464,2019-09,1
8464,2019-11,1
8464,2020-04,1
8464,2020-05,1
8464,2020-06,1
8464,2020-08,2
8464,2021-01,1
8464,2021-04,2
8464,2021-05,1
8464,2021-11,1
8464,2022-01,2
8464,2022-03,2
8464,2022-04,2
8464,2022-06,1
8464,2022-08,1
8464,2022-10,1
8464,2022-11,1
8464,2023-06,1
8464,2024-01,1
8464,2024-03,1
8464,2024-09,1
8464,2024-10,1
8482,2016-11,1
8482,2020-02,1
8482,2021-02,1
8482,2021-04,1
8482,2021-06,1
8482,2024-12,1
8926,2015-04,1
8926,2015-05,1
8926,2015-06,2
8926,2015-07,5
8926,2015-08,3
8926,2015-09,3
8926,2016-03,1
8926,2016-04,1
8926,2016-06,1
8926,2016-08,1
8926,2017-01,2
8926,2017-02,2
8926,2017-03,5
8926,2017-04,3
8926,2017-06,1
8926,2017-08,2
8926,2017-10,1
8926,2017-12,1
8926,2018-01,1
8926,2018-03,2
8926,2018-04,3
8926,2018-05,4
8926,2018-06,1
8926,2018-07,1
8926,2018-08,3
8926,2018-09,1
8926,2018-10,5
8926,2018-12,5
8926,2019-01,2
8926,2019-03,3
8926,2019-07,1
8926,2019-08,1
8926,2019-09,6
8926,2019-10,2
8926,2019-11,2
8926,2020-01,1
8926,2020-02,4
8926,2020-04,1
8926,2020-07,2
8926,2020-08,1
8926,2020-10,1
8926,2020-11,2
8926,2021-01,4
8926,2021-02,1
8926,2021-03,1
8926,2021-04,1
8926,2021-05,1
8926,2021-08,2
8926,2021-09,1
8926,2021-10,2
8926,2021-11,1
8926,2021-12,3
8926,2022-01,1
8926,2022-03,4
8926,2022-06,2
8926,2022-08,2
8926,2022-09,1
8926,2022-11,2
8926,2023-01,1
8926,2023-02,4
8926,2023-03,1
8926,2023-04,7
8926,2023-05,4
8926,2023-06,4
8926,2023-07,1
8926,2023-08,1
8926,2023-11,2
8926,2024-03,1
8926,2024-04,1
8926,2024-07,3
8926,2024-08,1
9908,2015-05,2
9908,2015-06,4
9908,2015-07,1
9908,2015-11,1
9908,2015-12,1
9908,2016-01,1
9908,2016-02,1
9908,2016-03,2
9908,2016-05,1
9908,2016-10,1
9908,2016-11,1
9908,2016-12,2
9908,2017-01,1
9908,2017-02,1
9908,2017-03,3
9908,2017-05,1
9908,2017-07,1
9908,2017-08,1
9908,2017-10,3
9908,2017-11,2
9908,2017-12,2
9908,2018-01,4
9908,2018-02,1
9908,2018-03,3
9908,2018-04,2
9908,2018-05,1
9908,2018-07,6
9908,2018-08,4
9908,2018-10,1
9908,2018-11,7
9908,2018-12,2
9908,2019-01,2
9908,2019-02,1
9908,2019-04,1
9908,2019-05,1
9908,2019-09,1
9908,2019-10,1
9908,2019-11,1
9908,2019-12,1
9908,2020-01,1
9908,2020-03,2
9908,2020-05,4
9908,2020-08,2
9908,2020-09,3
9908,2020-11,1
9908,2020-12,1
9908,2021-01,2
9908,2021-02,1
9908,2021-03,3
9908,2021-04,2
9908,2021-05,5
9908,2021-08,2
9908,2021-09,1
9908,2021-10,1
9908,2021-12,3
9908,2022-01,1
9908,2022-03,1
9908,2022-04,1
9908,2022-05,2
9908,2022-06,3
9908,2022-07,2
9908,2022-08,2
9908,2022-09,2
9908,2022-10,2
9908,2022-12,1
9908,2023-01,1
9908,2023-02,1
9908,2023-03,1
9908,2023-08,3
9908,2023-09,2
9908,2023-10,1
9908,2023-11,1
9908,2024-02,1
9908,2024-04,3
9908,2024-05,5
9908,2024-06,3
9908,2024-07,3
9908,2024-08,5
9908,2024-09,2
9908,2024-10,5
9908,2024-12,1
9911,2015-04,1
9911,2015-08,3
9911,2015-09,3
9911,2016-03,1
9911,2016-04,2
9911,2016-05,3
9911,2016-06,2
9911,2016-07,2
9911,2016-08,4
9911,2016-10,2
9911,2016-11,1
9911,2017-03,1
9911,2017-05,2
9911,2017-08,1
9911,2018-03,1
9911,2018-04,2
9911,2018-05,3
9911,2018-08,1
9911,2019-03,1
9911,2019-04,1
9911,2019-10,1
9911,2020-03,1
9911,2021-05,1
9911,2021-06,1
9911,2022-05,1
9911,2022-06,1
9911,2022-09,2
9911,2024-03,1
9911,2024-05,2
9911,2024-06,1
9918,2015-07,1
9918,2015-08,1
9918,2015-09,2
9918,2015-10,1
9918,2015-11,1
9918,2016-07,1
9918,2018-12,1
9918,2019-09,1
9918,2021-05,1
9918,2021-09,1
9918,2022-10,1
9918,2023-03,3
9918,2023-04,2
9918,2023-05,1
9918,2024-04,1
9924,2015-05,3
9924,2015-06,1
9924,2015-07,1
9924,2015-08,8
9924,2015-09,11
9924,2015-10,3
9924,2015-11,3
9924,2015-12,3
9924,2016-01,3
9924,2016-02,1
9924,2016-03,2
9924,2016-04,1
9924,2016-05,1
9924,2016-06,5
9924,2016-07,10
9924,2016-08,3
9924,2016-09,1
9924,2017-02,1
9924,2017-10,2
9924,2017-11,1
9924,2017-12,1
9924,2018-01,1
9924,2018-11,1
9924,2019-08,3
9924,2020-03,1
9924,2021-04,1
9924,2021-06,1
9924,2021-10,1
9924,2022-06,1
9924,2023-06,1
9924,2023-08,2
9924,2023-11,1
9924,2024-03,1
9924,2024-05,1
9924,2024-11,2
9926,2015-07,1
9926,2015-08,1
9926,2015-10,2
9926,2015-11,2
9926,2016-02,1
9926,2016-05,1
9926,2016-07,1
9926,2018-06,1
9926,2018-12,1
9926,2019-02,1
9926,2020-03,1
9926,2021-05,1
9926,2021-09,1
9926,2023-10,1
9926,2024-03,1
9926,2024-10,1
9931,2015-07,1
9931,2015-09,1
9931,2015-10,2
9931,2017-10,1
9931,2018-12,1
9931,2019-09,1
9931,2020-12,1
9931,2021-05,1
9931,2021-09,1
9934,2016-07,1
9934,2016-11,2
9934,2017-05,2
9934,2017-12,1
9934,2018-03,1
9934,2019-01,1
9934,2019-04,1
9934,2019-05,2
9934,2020-01,2
9934,2020-06,3
9934,2020-11,1
9934,2021-03,3
9934,2021-04,3
9934,2021-09,1
9934,2022-07,3
9934,2022-09,1
9934,2023-03,2
9934,2023-08,2
9934,2023-09,1
9934,2023-10,1
9934,2023-11,1
9934,2024-01,2
9934,2024-03,3
9934,2024-04,1
9934,2024-08,1
9934,2024-12,1
9937,2015-08,1
9937,2015-11,1
9937,2016-05,1
9937,2017-05,1
9937,2019-09,1
9937,2020-07,1
9937,2021-12,1
9937,2022-06,1
9937,2022-07,1
9937,2024-04,1
