stratum,ticker,name_short,article_id,timestamp,category,match_mode,sparsity_tier,is_bulk_listing,n_tickers_in_article,title,n_hits,code_present,name_present,body_len,evidence,verdict,note
tier:dense,2337,旺宏,M.1500398676.A.099,2017-07-19 01:24:36,新聞,code,dense,False,1,[新聞] 旺宏通過AEC-Q100 Grade 2／3車規認證 已刪文,1,True,True,1232,"[代號] …認證 已刪文
1.原文連結:
http://www.chinatimes.com/realtimenews/20170718003832-260410
※過長無法點擊者必須縮網址
2.原文內容:

全球非揮發性記憶體(NVM)領導廠商旺宏(【2337】)今日宣布,發表通過AEC-Q100 Grade 2/3
級品質考核認證的NAND型快閃記憶體產品。旺宏表示,鑑於高品質與準期交貨是汽車電子
的必要條件,此系列產品將在旺宏自有的12吋晶圓廠生產製造。

旺宏在NVM記憶體的設計及製造能力與…",,
tier:dense,2330,台積電,M.1591600048.A.CA0,2020-06-08 15:07:28,其他,name,dense,False,1,Re: [其他] 媽媽問我台積電240時為何不買呢？,6,False,True,709,"[簡稱(name)] …Re: [其他] 媽媽問我【台積電】240時為何不買呢?
※ 引述《t200830217 (Scott)》之銘言:
: 還記得不到兩個月前我媽在台積電跌到240的時候買了幾張,還邊買邊說好便宜喔
: 不說是買台積電我還以為是在菜市場買菜頭送蔥哩
: 那時我笑她亂買,好心的分析…
[簡稱(name)] …Re: [其他] 媽媽問我台積電240時為何不買呢?
※ 引述《t200830217 (Scott)》之銘言:
: 還記得不到兩個月前我媽在【台積電】跌到240的時候買了幾張,還邊買邊說好便宜喔
: 不說是買台積電我還以為是在菜市場買菜頭送蔥哩
: 那時我笑她亂買,好心的分析析美股、原油跟世界局勢給她聽,聽完她只笑笑的回答我
說
: 台積電真的下市台灣也就完蛋了,所以別怕買進就對了
:…
[簡稱(name)] …Re: [其他] 媽媽問我台積電240時為何不買呢?
※ 引述《t200830217 (Scott)》之銘言:
: 還記得不到兩個月前我媽在台積電跌到240的時候買了幾張,還邊買邊說好便宜喔
: 不說是買【台積電】我還以為是在菜市場買菜頭送蔥哩
: 那時我笑她亂買,好心的分析析美股、原油跟世界局勢給她聽,聽完她只笑笑的回答我
說
: 台積電真的下市台灣也就完蛋了,所以別怕買進就對了
: 那時候想說算了是自己媽媽不忍心笑她是婦人之見
: 結果最近台積電…",,
tier:dense,2610,華航,M.1665027267.A.D1B,2022-10-06 11:34:27,新聞,name_with_context,dense,False,1,[新聞] 王國材：華航正研究台灣直航捷克布拉格,1,False,True,867,"[簡稱(name_with_context)] …」直航進行意見交換,
交通部和華航對於開闢更多歐洲航線樂觀其成,將加快研議及相關評估作業。
心得/評論:
※必需填寫滿30字,無意義者板規處分
捷克超好玩的 又漂亮

還可以在布拉格的廣場無人的走廊一個人跳著舞旋轉

如果開放直飛

應該是【華航】利多吧  手刀訂一張

--
※ 發信站: 批踢踢實業坊(ptt.cc), 來自: 42.77.171.206 (臺灣)
※ 文章網址:
https://www.ptt.cc/bbs/Stock/M.1665027267.A.D1B.htm…",,
tier:dense,2409,友達,M.1584931815.A.3B3,2020-03-23 10:50:15,標的,name_with_context,dense,False,1,[標的]  友達歷史高點&新低價,9,False,True,748,"[簡稱(name_with_context)] …[標的]  友達歷史高點&新低價
1. 標的: 友達(面板死貓之一)

2. 分類: 見證留念(建議空手看戲)

3. 分析/正文:

有些事放大時間段可以看得更清楚,很多人都不記得半年前的事,今天2020/03/23適逢【友達】
又創新低,發文留念紀錄,這隻股票不知道有多少冤魂死在上面

2001/03/13 達基 聯友合併, 成立友達

2002/05/24 ADR上市

2004/04/19 友達最高價 79.5 (漲停)

2012/07/23 跌破票面價…
[簡稱(name_with_context)] …念(建議空手看戲)

3. 分析/正文:

有些事放大時間段可以看得更清楚,很多人都不記得半年前的事,今天2020/03/23適逢友達
又創新低,發文留念紀錄,這隻股票不知道有多少冤魂死在上面

2001/03/13 達基 聯友合併, 成立【友達】

2002/05/24 ADR上市

2004/04/19 友達最高價 79.5 (漲停)

2012/07/23 跌破票面價

2012/08/07 友達低價 8.19

2015/12/14 友達低價 8.03

2019/08/15…
[簡稱(name_with_context)] …得更清楚,很多人都不記得半年前的事,今天2020/03/23適逢友達
又創新低,發文留念紀錄,這隻股票不知道有多少冤魂死在上面

2001/03/13 達基 聯友合併, 成立友達

2002/05/24 ADR上市

2004/04/19 【友達】最高價 79.5 (漲停)

2012/07/23 跌破票面價

2012/08/07 友達低價 8.19

2015/12/14 友達低價 8.03

2019/08/15 友達低價 6.92

2019/09/10 友達宣佈ADR下市…",,
tier:dense,2330,台積電,M.1622693747.A.0BC,2021-06-03 12:15:47,新聞,name,dense,False,1,[新聞] 台積電線上技術論壇登場 法人評價「買進」,3,False,True,219,"[簡稱(name)] …[新聞] 【台積電】線上技術論壇登場 法人評價「買進」
原文標題:

台積電線上技術論壇登場 法人評價「買進」

原文連結:
https://udn.com/news/story/7240/5505149
發布時間:

2021-06-03 09:08

原文…
[簡稱(name)] …[新聞] 台積電線上技術論壇登場 法人評價「買進」
原文標題:

【台積電】線上技術論壇登場 法人評價「買進」

原文連結:
https://udn.com/news/story/7240/5505149
發布時間:

2021-06-03 09:08

原文內容:

台積電線上技術論壇登場 法人評價「買進」

2…
[簡稱(name)] …壇登場 法人評價「買進」
原文標題:

台積電線上技術論壇登場 法人評價「買進」

原文連結:
https://udn.com/news/story/7240/5505149
發布時間:

2021-06-03 09:08

原文內容:

【台積電】線上技術論壇登場 法人評價「買進」

2021-06-03 09:08 經濟日報 / 記者周克威/台北即時報導
https://uc.udn.com.tw/photo/2021/06/03/2/12405065.jpg…",,
tier:dense,2330,台積電,M.1487179949.A.BC2,2017-02-16 01:32:29,標的,name,dense,False,1,Re: [標的] 台指期   積少成=>多 已刪文,5,False,True,1368,"[簡稱(name)] …利空我才會離場
: 甚至也有轉倉持續作多打算
: 反正多頭行情不變
: 我一向對我的文章負責
: 也不會因為一天看錯而刪文
: 做這等無恥事情
: 另外我還要解釋一下
: 那個 積少成多  成語
: 只是剛好我打文章時候(凌晨三點多)
: 【台積電】ADR重摔
: 看好隔日台股開盤 勢必開低
: 是一個絕佳進場點
: 而特別引用的成語
: 並不是說台積電ADR跌 大盤會漲的意思
: 引用這成語比較像是噱頭 吸引目光而已
: 沒有任何意義
: 但是我要在這邊說
: 積少成多 可能只是噱頭…
[簡稱(name)] …為一天看錯而刪文
: 做這等無恥事情
: 另外我還要解釋一下
: 那個 積少成多  成語
: 只是剛好我打文章時候(凌晨三點多)
: 台積電ADR重摔
: 看好隔日台股開盤 勢必開低
: 是一個絕佳進場點
: 而特別引用的成語
: 並不是說【台積電】ADR跌 大盤會漲的意思
: 引用這成語比較像是噱頭 吸引目光而已
: 沒有任何意義
: 但是我要在這邊說
: 積少成多 可能只是噱頭
: 但是 假如
: 積多肯定會成更多多多多多多多
: 好了  就這樣 下禮拜再見
最近讓一月中進場做多的…
[簡稱(name)] …是噱頭
: 但是 假如
: 積多肯定會成更多多多多多多多
: 好了  就這樣 下禮拜再見
最近讓一月中進場做多的我感覺我不孤單了
開始版上一個一個多軍都站出來喊了
一月的時候我還以為多軍只有我
感謝多軍的夥伴 讓這陣子備感溫暖

之前說過 【台積電】法說會說第一季營收可能不好
只是季節性調節 沒什麼
台積電合理價位在195~200左右
如今我要說我可能錯了
台積電的合理價位應該是在200以上到205

依然轉倉持續作多
感謝你們讓我知道  原來我不寂寞
另外在過萬點以前
都不需要擔心…",,
tier:dense,1101,台泥,M.1439388039.A.4B5,2015-08-12 22:00:39,其他,code,dense,False,15,[其他] 8/12 台灣集中市場外資買賣超前30名 已刪文,1,True,True,2210,"[代號] …76876  23.38 
2313 華通     -3871  318106  26.69 
5880 合庫金    -3854  1711956  16.23 
2454 聯發科    -3614  961382  61.17 
【1101】 台泥     -3165  993441  26.90 
2610 華航     -3063  1014075  18.53 
1301 台塑     -3010  2150417  33.78 
2449 京元電    -2323  4…",,
tier:dense,2330,台積電,M.1444399540.A.66D,2015-10-09 22:05:40,新聞,name,dense,False,1,Re: [新聞] 新iPhone熱賣 鴻海、和碩超high 已刪文,2,False,True,733,"[簡稱(name)] …現在的股價是反應在iphone7上
: 今年6s銷售力道和生命週期應該會比6短
: 但是這個股價已經反應在11x -> 8x上了
: 現在要看的是IPhone7和Apple Watch2的市場
: 預估在明年會落在100~120之間
最近【台積】跟三星CUP影響電池續航力的問題被發現以後

觀察國外各大部落格跟網站 買到裝有三星CPU的6S使用者幾乎都認定是瑕疵品

其中很大一部分都想退回去換成TSMC 只是目前蘋果看起來不給換

不過如果火再繼續燒下去 不知道對蘋果三星還有台積會…
[簡稱(name)] …近台積跟三星CUP影響電池續航力的問題被發現以後

觀察國外各大部落格跟網站 買到裝有三星CPU的6S使用者幾乎都認定是瑕疵品

其中很大一部分都想退回去換成TSMC 只是目前蘋果看起來不給換

不過如果火再繼續燒下去 不知道對蘋果三星還有【台積】會有什麼影響...


--
※ 發信站: 批踢踢實業坊(ptt.cc), 來自: 36.233.95.218
※ 文章網址:
https://www.ptt.cc/bbs/Stock/M.1444399540.A.66D.html…",,
tier:dense,2330,台積電,M.1624363269.A.C40,2021-06-22 20:01:09,標的,name,dense,False,1,[標的] 00891中信關鍵半導體 奇蹟自來多,3,False,True,357,"[簡稱(name)] …[標的] 00891中信關鍵半導體 奇蹟自來多
1. 標的:
00891中信關鍵半導體ETF
2. 分類:多

3. 分析/正文:

人多的地方不要去

我大散戶就該人棄我取 相信一張不賣 奇蹟自來

【台積電】和聯發科兩檔資優生 一張買不起 零股怕買貴

可以選擇新上市的00891

兩檔的比重差不多 暫時不會有其他ETF台積電獨大的情形

趁低檔布局 高檔賣出

00891的1 是1張不賣的1

4. 進退場機制:
(非長期投資者,必須有停損機…
[簡稱(name)] …導體ETF
2. 分類:多

3. 分析/正文:

人多的地方不要去

我大散戶就該人棄我取 相信一張不賣 奇蹟自來

台積電和聯發科兩檔資優生 一張買不起 零股怕買貴

可以選擇新上市的00891

兩檔的比重差不多 暫時不會有其他ETF【台積電】獨大的情形

趁低檔布局 高檔賣出

00891的1 是1張不賣的1

4. 進退場機制:
(非長期投資者,必須有停損機制。請益免填)
進場:每個月發薪水隔天all in

停損:存款買得起1張聯發科或台積電



--
※ 發信站: 批踢…
[簡稱(name)] …比重差不多 暫時不會有其他ETF台積電獨大的情形

趁低檔布局 高檔賣出

00891的1 是1張不賣的1

4. 進退場機制:
(非長期投資者,必須有停損機制。請益免填)
進場:每個月發薪水隔天all in

停損:存款買得起1張聯發科或【台積電】



--
※ 發信站: 批踢踢實業坊(ptt.cc), 來自: 114.45.54.212 (臺灣)
※ 文章網址:
https://www.ptt.cc/bbs/Stock/M.1624363269.A.C40.html…",,
tier:dense,2330,台積電,M.1661993225.A.2D4,2022-09-01 08:47:05,新聞,name,dense,False,1,[新聞] 晶圓一哥攻3D IC 結盟兩夥伴,8,False,True,1708,"[簡稱(name)] …:
         2022-09-01 01:23 經濟日報/ 記者李孟珊
※請以原文網頁/報紙之發布時間為準
記者署名:
         2022-09-01 01:23 經濟日報/ 記者李孟珊
※原文無記載者得留空
原文內容:

【台積電】強攻3D IC,
力晶集團旗下力積電與愛普
成為台積電最強夥伴,三家公司已共同完
成全球第一個DRAM與邏輯晶片的「真3D堆疊異質整合技術」,是業界最強的異質整合高頻
寬記憶體(VHM),現已量產中,攜手搶攻高速運算、AI、網通等龐大商機。…
[簡稱(name)] …經濟日報/ 記者李孟珊
※請以原文網頁/報紙之發布時間為準
記者署名:
         2022-09-01 01:23 經濟日報/ 記者李孟珊
※原文無記載者得留空
原文內容:

台積電強攻3D IC,
力晶集團旗下力積電與愛普
成為【台積電】最強夥伴,三家公司已共同完
成全球第一個DRAM與邏輯晶片的「真3D堆疊異質整合技術」,是業界最強的異質整合高頻
寬記憶體(VHM),現已量產中,攜手搶攻高速運算、AI、網通等龐大商機。

台積電總裁魏哲家本周二(30日)在台積電2022年…
[簡稱(name)] …3D IC,
力晶集團旗下力積電與愛普
成為台積電最強夥伴,三家公司已共同完
成全球第一個DRAM與邏輯晶片的「真3D堆疊異質整合技術」,是業界最強的異質整合高頻
寬記憶體(VHM),現已量產中,攜手搶攻高速運算、AI、網通等龐大商機。

【台積電】總裁魏哲家本周二(30日)在台積電2022年技術論壇台灣場次高喊,半導體業正面
臨三個大改變,第一個就是過往透過電晶體密度提升與微縮已不足以滿足效能升級需求,
需要透過3D IC技術突破來因應,並以堆疊方式強化效能,達到更高運算能力提升,凸…",,
tier:dense,2409,友達,M.1620454385.A.37D,2021-05-08 14:13:05,新聞,name_with_context,dense,False,2,[新聞] 謝金河：台股就算殺下來 兩大類股仍有財 報挺,4,False,True,2251,"[簡稱(name_with_context)] ….
92%;敦泰從30.05元漲到147.5元,乖離率也超過300%,這次熱門的三檔貨櫃航運股,陽
明漲到92.4元的一剎那,乖離率創下408.8%的空前紀錄,長榮乖離率242%,萬海也有186%
。

而面板股在外資示警下連殺了三天停板,【友達】的乖離率是163%,群創是169%,這些短線漲
太猛、乖離太大的個股一定會面臨修正,股價從高檔下來,要看基本面能不能頂得住,從
先前生技股「天國一輝」都出現飆漲、乖離太大的拉回,一旦基本面不足,股價下殺力道
都很猛烈,至少都是腰斬等級,
這…
[簡稱(name_with_context)] …1億,首季
的兩個月有154.2億元淨利,如果這樣推算,整季淨利應在225億元附近,EPS可能在七元
上下,這是非常耀眼的成績單,長榮也不會差太遠,在業績支撐下,股價回檔有基本面頂
住,跌幅不會太大,但修正技術面乖離要一點時間。

面板股的【友達】、群創、彩晶是快速以三支跌停來化解短線過熱的壓力。友達率先公布首季
淨利118.34億,EPS 1.25元,對照去年首季虧損49.91億元,
今年是大躍升的一年
;群創
尚未公布首季獲利,大致不會差太遠,彩晶公布首季淨利30.36億,EPS…
[簡稱(name_with_context)] …,整季淨利應在225億元附近,EPS可能在七元
上下,這是非常耀眼的成績單,長榮也不會差太遠,在業績支撐下,股價回檔有基本面頂
住,跌幅不會太大,但修正技術面乖離要一點時間。

面板股的友達、群創、彩晶是快速以三支跌停來化解短線過熱的壓力。【友達】率先公布首季
淨利118.34億,EPS 1.25元,對照去年首季虧損49.91億元,
今年是大躍升的一年
;群創
尚未公布首季獲利,大致不會差太遠,彩晶公布首季淨利30.36億,EPS 一元。

台灣的面板產業慘淡很久,這回中國把國家補貼…",,
tier:dense,2327,國巨*,M.1590554798.A.BD0,2020-05-27 12:46:38,新聞,name_with_context,dense,False,4,Re: [新聞] 油國基金出脫...台積被賣超70萬張 國巨、鴻海排第二第三,3,False,True,2014,"[簡稱(name_with_context)] …Re: [新聞] 油國基金出脫...台積被賣超70萬張 【國巨】、鴻海排第二第三
錯!非常錯誤的觀念,
先不討論油國賣台積的原因,
但是沒有華為的單對台積的業務影響不大,
台積後面有一堆客戶排隊等著補上華為的量,

如果台積被美國限制不能接華為的單,
三星也是一樣會有同樣的限制不能接華為的單,
畢竟台積…
[簡稱(name_with_context)] …點還是在創新科技民生應用通訊應用
: 如果少了這麼一大塊市場
: 三星又補上.....
: 自己想像就知道這個後果有多嚴重
: 我想應該很多人在半導體產業
: 應該沒有人會下半年樂觀的起來吧!
: : 油國基金出脫...台積被賣超70萬張 【國巨】、鴻海排第二第三
: : 2020-05-26 00:43 經濟日報 / 記者周克威/台北報導
: : 全球主權基金近期連連賣台股,台積電、鴻海等權值股殺聲四起,外資在5月賣超突破
: : 1,400億元,今年來累計賣超已達6,589億元,…
[簡稱(name_with_context)] …數突破70萬張,沙烏地阿
: : 拉伯、卡達等油元國主權基金是市場認為主要賣壓來源。
: : 根據統計,外資昨日續賣台積電8,520張,今年累計賣超已達70.7萬張,賣超金額2,142億
: : 元,寫下單一個股賣超金額新高紀錄;排名第二的【國巨】,賣超328.3億元、賣超8.5萬張;
: : 第三則是鴻海307.5億元、賣超43.3萬張;其它賣超金額逾百億元的還有台塑、中信金、
: : 兆豐金、玉山金、統一、台灣大、台化、元大金等個股。
: : 第2季以來,外資進出與美股脫鉤,5月…",,
tier:dense,2330,台積電,M.1707989041.A.EF0,2024-02-15 17:24:01,新聞,name,dense,False,4,[新聞] 2024想賺大錢？謝金河點名這6大地雷別踩,2,False,True,1034,"[簡稱(name)] …[新聞] 2024想賺大錢?謝金河點名這6大地雷別踩
連結:
https://reurl.cc/qraGz0
內文:
2024想賺大錢? 謝金河點名這6大地雷別踩

[財經中心/台北報導]台股與【台積電】今天股價創歷史新高,不過財信傳媒董事長謝金河在
《先探投資週刊》撰文提醒,2024年台股有六大地雷產業──水泥、鋼鐵、石化、紡織、
機械、金屬,仍深陷與中國的價格殺戮戰中,建議恐怕要先避開。

S&P500 升破5000點刷歷史新高,台股在…
[簡稱(name)] …陷與中國的價格殺戮戰中,建議恐怕要先避開。

S&P500 升破5000點刷歷史新高,台股在農曆年後的第一個交易日收盤大漲548.5點,上漲
點數為歷史第6高,收盤價1萬8644.57點及盤中1萬8725.47點雙雙創下歷史新高。護國神
山【台積電】盤中站上709元也是創下歷史新高。

但以今天台股大漲收紅來看,水泥指數、紡織、紡織、塑膠指數等也依然收黑。謝金河指
出,從產業的角度來看,台股的傳統產業連結中國,正處在量產殺戮狀態,這包括水泥、
鋼鐵、石化、紡織,一直到機械、金屬,這一系…",,
tier:dense,2330,台積電,M.1736231672.A.DF7,2025-01-07 14:34:32,新聞,name,dense,False,1,[新聞] 12檔台股ETF受益人創高 00919奪2024年度 人氣王 已刪文,1,False,True,1184,"[簡稱(name)] …束後,降息及企業重啟資本
支出帶動,12月為傳統歐美節慶銷售帶動股市,整體美國景氣仍具韌性且中國需求已見回
升,AI動能將於新平台推出後再次加速,有利於台股後市發展。
https://reurl.cc/O56v87
心得/評論:

ETF有【台積】的就有優勢,再來就是各家選股邏輯還是有差,
像919就明顯比936好,可以看出在盤整期,誰還能夠保持穩定,誰卻是慢慢盤跌就看的出來
919的選股還是不錯的

--
※ 發信站: 批踢踢實業坊(ptt.cc), 來自: 110.28.65.1…",,
tier:dense,2330,台積電,M.1620109136.A.A9E,2021-05-04 14:18:56,新聞,name,dense,False,1,[新聞] 【台積電前進鳳凰城】台積電美國5奈米廠 完成首批250名招募,18,False,True,1710,"[簡稱(name)] …[新聞] 【【台積電】前進鳳凰城】台積電美國5奈米廠 完成首批250名招募
原文標題:
【台積電前進鳳凰城】台積電美國5奈米廠完成首批250名招募
(請勿刪減原文標題)
原文連結:
https://bit.ly/3bhYGEn
(請善用縮網址工具)
發布時間:…
[簡稱(name)] …[新聞] 【台積電前進鳳凰城】【台積電】美國5奈米廠 完成首批250名招募
原文標題:
【台積電前進鳳凰城】台積電美國5奈米廠完成首批250名招募
(請勿刪減原文標題)
原文連結:
https://bit.ly/3bhYGEn
(請善用縮網址工具)
發布時間:
2021年5月4日…
[簡稱(name)] …[新聞] 【台積電前進鳳凰城】台積電美國5奈米廠 完成首批250名招募
原文標題:
【【台積電】前進鳳凰城】台積電美國5奈米廠完成首批250名招募
(請勿刪減原文標題)
原文連結:
https://bit.ly/3bhYGEn
(請善用縮網址工具)
發布時間:
2021年5月4日
(請以原文網頁/報紙之發布時間為準)
原文內容:
台積…",,
tier:dense,2327,國巨*,M.1609984818.A.02C,2021-01-07 10:00:18,新聞,code,dense,False,3,[新聞] 被動元件人踩人翻版？PTT股板瘋航運 泡沫,4,True,True,1139,"[代號] …鎖死跌10%,最後股價最高的萬海今天也重跌7.8%,台股在萬五創新高之際,貨櫃三雄卻出現敗象,原因可能就像2018年的被動元件!

當初的被動元件,也是從銅板股開始飆翻天,缺貨、漲價、供需無解等題材把股價拱上天,每個股民恨不得手上沒有國巨(【2327】)和華新科(2492),到2018年7月,國巨飆上1310元新天價,華新科也攀上491.5元的歷史高。但當時被動元件的高EPS,卻讓很多人套在最高點,眼睜睜的看著股價自由落體,本益比低到不行, 2018年國巨EPS達80.3元,但當年12月…
[簡稱(name_with_context)] …卻跌停鎖死跌10%,最後股價最高的萬海今天也重跌7.8%,台股在萬五創新高之際,貨櫃三雄卻出現敗象,原因可能就像2018年的被動元件!

當初的被動元件,也是從銅板股開始飆翻天,缺貨、漲價、供需無解等題材把股價拱上天,每個股民恨不得手上沒有【國巨】(2327)和華新科(2492),到2018年7月,國巨飆上1310元新天價,華新科也攀上491.5元的歷史高。但當時被動元件的高EPS,卻讓很多人套在最高點,眼睜睜的看著股價自由落體,本益比低到不行, 2018年國巨EPS達80.3元,但…
[簡稱(name_with_context)] …,台股在萬五創新高之際,貨櫃三雄卻出現敗象,原因可能就像2018年的被動元件!

當初的被動元件,也是從銅板股開始飆翻天,缺貨、漲價、供需無解等題材把股價拱上天,每個股民恨不得手上沒有國巨(2327)和華新科(2492),到2018年7月,【國巨】飆上1310元新天價,華新科也攀上491.5元的歷史高。但當時被動元件的高EPS,卻讓很多人套在最高點,眼睜睜的看著股價自由落體,本益比低到不行, 2018年國巨EPS達80.3元,但當年12月的股價僅319元,本益比跌到不到4倍,進場還以…",,
tier:dense,2308,台達電,M.1732863838.A.9C5,2024-11-29 15:03:58,新聞,name,dense,False,4,[新聞]摩通送暖 2理由升評台股 點名15檔尖兵,1,False,True,1333,"[簡稱(name)] …AI上檔空間、靈活應
對關稅,若陸股彈升對台股也有利,現階段來看,在利率相對高(higher for longer)
或是國際資金抽離新興市場與亞股環境中,台股抵禦能力亦較突出。

摩根大通看多台股15檔尖兵有:台積電、鴻海、富邦金、廣達、【台達電】、日月光投控、聯
電、統一、華碩、長榮、緯穎、凱基金、奇鋐、信驊、台光電;其中,僅聯電投資評等為
「中立」,其餘皆為「優於大盤」。

有趣的是,摩根大通觀察到,經驗顯示,亞股中連續繳出優異表現的市場好光景平均可延
續約七年,目前台股、印度股…",,
tier:dense,2303,聯電,M.1591678581.A.884,2020-06-09 12:56:21,標的,name_with_context,dense,False,1,Re: [標的] (多)聯電,2,False,True,30,"[簡稱(name_with_context)] …Re: [標的] (多)【聯電】
聯電出場
https://imgur.com/YbPMHQ0…
[簡稱(name_with_context)] …Re: [標的] (多)聯電
【聯電】出場
https://imgur.com/YbPMHQ0…",,
tier:dense,2330,台積電,M.1611248505.A.15C,2021-01-22 01:01:45,標的,code,dense,False,1,[標的] 台積電 處置多 已刪文,3,True,True,227,"[代號] …[標的] 台積電 處置多 已刪文
標的: 【2330】 台積電
分類:多
分析/正文:
散戶瘋狂買進
新聞接連不斷,肯德基爺爺也說要有信心
外資狂賣也只是嚇散戶而已
這種穩健股通常買了就放很久領股息
拜登上任之後台美關係更友好

進退場機制:
處置前一天停利
停損不可能

--
※ 發信站:…
[簡稱(name)] …[標的] 【台積電】 處置多 已刪文
標的: 2330 台積電
分類:多
分析/正文:
散戶瘋狂買進
新聞接連不斷,肯德基爺爺也說要有信心
外資狂賣也只是嚇散戶而已
這種穩健股通常買了就放很久領股息
拜登上任之後台美關係更友好

進退場機制:
處置前一天停利…
[簡稱(name)] …[標的] 台積電 處置多 已刪文
標的: 2330 【台積電】
分類:多
分析/正文:
散戶瘋狂買進
新聞接連不斷,肯德基爺爺也說要有信心
外資狂賣也只是嚇散戶而已
這種穩健股通常買了就放很久領股息
拜登上任之後台美關係更友好

進退場機制:
處置前一天停利
停損不可能

--
※ 發信站: 批踢踢實…",,
tier:dense,2330,台積電,M.1611013351.A.D41,2021-01-19 07:42:31,心得,name,dense,False,2,Re: [心得] 除了台積電.台灣那一家企業不能倒？,2,False,True,121,"[簡稱(name)] …Re: [心得] 除了【台積電】.台灣那一家企業不能倒?
鴻海大概也大到不能倒了,雖然他很多工作機會在海外,但稅還是繳給台灣。

光2020/12,鴻海營收就7000多億。
我有看錯嗎?真猛

台積電營收每個月大概1000多億。

鴻海
https://i.imgur.c…
[簡稱(name)] …Re: [心得] 除了台積電.台灣那一家企業不能倒?
鴻海大概也大到不能倒了,雖然他很多工作機會在海外,但稅還是繳給台灣。

光2020/12,鴻海營收就7000多億。
我有看錯嗎?真猛

【台積電】營收每個月大概1000多億。

鴻海
https://i.imgur.com/DHeUfEx.jpg…",,
tier:dense,2317,鴻海,M.1526096806.A.3A2,2018-05-12 11:46:46,新聞,name_with_context,dense,False,1,[新聞] 鴻海擬現金減資2成 一魚多吃創多贏 已刪文,22,False,True,1222,"[簡稱(name_with_context)] …[新聞] 鴻海擬現金減資2成 一魚多吃創多贏 已刪文
鴻海擬現金減資2成 一魚多吃創多贏
中央社記者鍾榮峰台北11日電
https://money.udn.com/money/story/5641/3137655
【鴻海】擬現金減資二成,整體觀察,有助鴻海未來每股稅後盈餘(EPS)表現,短線股價或
可正面回應,未來鴻海財務調度彈性增加,鴻海集團也可將朝向控股角色邁進。

鴻海今天晚間舉行重大訊息說明會,董事會決議通過辦理現金減資新台幣約346.57億元,
消…
[簡稱(name_with_context)] …鴻海擬現金減資2成 一魚多吃創多贏 已刪文
鴻海擬現金減資2成 一魚多吃創多贏
中央社記者鍾榮峰台北11日電
https://money.udn.com/money/story/5641/3137655
鴻海擬現金減資二成,整體觀察,有助【鴻海】未來每股稅後盈餘(EPS)表現,短線股價或
可正面回應,未來鴻海財務調度彈性增加,鴻海集團也可將朝向控股角色邁進。

鴻海今天晚間舉行重大訊息說明會,董事會決議通過辦理現金減資新台幣約346.57億元,
消除股份34.65億股,減資比例約2…
[簡稱(name_with_context)] …一魚多吃創多贏
中央社記者鍾榮峰台北11日電
https://money.udn.com/money/story/5641/3137655
鴻海擬現金減資二成,整體觀察,有助鴻海未來每股稅後盈餘(EPS)表現,短線股價或
可正面回應,未來【鴻海】財務調度彈性增加,鴻海集團也可將朝向控股角色邁進。

鴻海今天晚間舉行重大訊息說明會,董事會決議通過辦理現金減資新台幣約346.57億元,
消除股份34.65億股,減資比例約20%,減資後股本約1386.29億元,每股退還股東現金2元
。這…",,
tier:dense,2317,鴻海,M.1695358676.A.18A,2023-09-22 12:57:56,新聞,name_with_context,dense,False,4,[新聞] 公股勇護盤 9月已砸321億,1,False,True,964,"[簡稱(name_with_context)] …元。


據統計,八大公股行庫自下半年以來開始加碼台股,7月累計買超85.5億元、8月買超金額更
擴大至462.08億元,9月以來也買超規模也突破300億元,
與外資呈現「你丟我撿」的操作策
略。
此外,八大公股行庫21日鎖定台積電、技嘉、【鴻海】、欣興、中信金、國泰金、中鋼、合庫金
、台泥、玉晶光等權值股,回補台積電21.18億元最多,其他名列前十大個股也都投入億元
以上銀彈,
抵禦外資調節壓力,展現護盤企圖。
群益投顧研究部副總裁曾炎裕指出,FOMC會議後,Fed主席鮑爾暗示年底…",,
tier:dense,2330,台積電,M.1626063994.A.DEB,2021-07-12 12:26:34,新聞,name,dense,False,2,[新聞] 航運步入台積後塵?長榮翻黑 籌碼技術雙 空,3,False,True,1212,"[簡稱(name)] …[新聞] 航運步入【台積】後塵?長榮翻黑 籌碼技術雙 空
原文標題:航運步入台積後塵?長榮翻黑 籌碼技術雙空
(請勿刪減原文標題)
原文連結:
https://ctee.com.tw/news/stocks/487351.html
(請善用縮網址工具)
發布時間:2…
[簡稱(name)] …[新聞] 航運步入台積後塵?長榮翻黑 籌碼技術雙 空
原文標題:航運步入【台積】後塵?長榮翻黑 籌碼技術雙空
(請勿刪減原文標題)
原文連結:
https://ctee.com.tw/news/stocks/487351.html
(請善用縮網址工具)
發布時間:2021/7/12
(請以原文網頁/報紙之發布時間為準)…
[簡稱(name)] …雙空,引發今(12)日股價開高後下殺,尤其長榮(2603)由大漲
翻黑,航運類股指數也從早盤大漲6%多,到11點過後回落盤下。

航運股股東人數近來一路飆高,顯示籌碼已漸從法人、市場主力大戶手中流到散戶手中,
投資專家提醒,航運股已複製之前【台積電】股買在679元歷史新高,當時投資人數衝上百萬
人,隨之股價出現大跌的模式,不建議追高,否則很可能剛好撿到主力出貨。

據統計,貨櫃三雄股東人數創高再創高,一周比一周高,到上周五止,長榮股東數衝上40
萬人以上,達416,941人,周增42,…",,
tier:dense,2303,聯電,M.1666781528.A.A1D,2022-10-26 18:52:08,情報,name_with_context,dense,False,7,[情報] 1026八大公股銀行買賣超排行,1,False,True,2876,"[簡稱(name_with_context)] ….imgur.com/dwol5UM.png[/img]
以下資訊依張數排列
買超                          賣超
排名    股票             張數 排名    股票             張數
1
【聯電】             6883
1
新光金           -3193
2
元大滬深300正2   4518
2
群創             -2680
3
元大台灣50反1    3510
3
元大金           -21…",,
tier:dense,1301,台塑,M.1536134072.A.15B,2018-09-05 15:54:32,新聞,code,dense,False,5,[新聞] 台積電喊衝、金融傳產不動 台股萬一踱步 交差 已刪文,2,True,True,1154,"[代號] …產股走弱而削弱上攻力道,法人預期,台股短線上仍處於上有壓、下有撐的區間震盪格
局。

在台灣50指數方面,台積電今日股價曾來到264.5元、鴻海(2317)、大立光(3008)及
聯發科(2454)盤中多數時間走揚;台泥(1101)、台塑(【1301】)、台化(1326)、華新
科(2492),以及金融股的元大金(2885)、兆豐金(2886)、中信金(2891)、富邦金
(2881)跌幅約1%。

法人表示,今日大盤走勢呈現有氣無力的狀況,因為前天跌百點,昨天上漲力道不強,且
成交量明…
[簡稱(name_with_context)] …、
傳產股走弱而削弱上攻力道,法人預期,台股短線上仍處於上有壓、下有撐的區間震盪格
局。

在台灣50指數方面,台積電今日股價曾來到264.5元、鴻海(2317)、大立光(3008)及
聯發科(2454)盤中多數時間走揚;台泥(1101)、【台塑】(1301)、台化(1326)、華新
科(2492),以及金融股的元大金(2885)、兆豐金(2886)、中信金(2891)、富邦金
(2881)跌幅約1%。

法人表示,今日大盤走勢呈現有氣無力的狀況,因為前天跌百點,昨天上漲力道不強,且…",,
tier:dense,2002,中鋼,M.1618388703.A.02A,2021-04-14 16:25:03,新聞,code,dense,False,4,[新聞] 〈焦點股〉中鋼變身狂牛力抗大盤賣壓 觸及漲停創近10年新高,10,True,True,1275,"[代號] …重挫逾 200 點,失守 10 日線,不過,鋼鐵族群仍
表現強勢,
中鋼早盤一度觸及漲停價 33.2 元,創近 10 年新高
,但漲停打開後,漲幅逐
漸收斂至 6% 左右,新光鋼、海光、燁興、千興等多檔同樣表現有撐。
國內鋼鐵龍頭廠中鋼 (【2002】-TW) 向來被股民視為牛皮股,近來股價漲勢凌厲
,4 月以來
累計大漲逾 2 成,今日再度吸引買盤進駐,截至上午 11 點半,成交量已超過 40 萬張
,較昨日全日翻倍,股價一度觸及漲停,達 33.2 元,雖有部分調節賣壓出籠,但盤中仍…
[簡稱(name_with_context)] …[新聞] 〈焦點股〉【中鋼】變身狂牛力抗大盤賣壓 觸及漲停創近10年新高
原文標題: 〈焦點股〉中鋼變身狂牛力抗大盤賣壓 觸及漲停創近10年新高
(請勿刪減原文標題)
原文連結:
https://news.cnyes.com/news/id/4629614
(請善用縮…
[簡稱(name_with_context)] …[新聞] 〈焦點股〉中鋼變身狂牛力抗大盤賣壓 觸及漲停創近10年新高
原文標題: 〈焦點股〉【中鋼】變身狂牛力抗大盤賣壓 觸及漲停創近10年新高
(請勿刪減原文標題)
原文連結:
https://news.cnyes.com/news/id/4629614
(請善用縮網址工具)
發布時間:  2021/04/14 11:51
(請以原文網…",,
tier:dense,2330,台積電,M.1643555742.A.7FA,2022-01-30 23:15:42,新聞,name,dense,False,1,[新聞] 台積電全球首創「晶圓自動進出貨系統」,5,False,True,1056,"[簡稱(name)] …[新聞] 【台積電】全球首創「晶圓自動進出貨系統」
原文標題:台積電全球首創「晶圓自動進出貨系統」 年省1300萬次人工作業
(請勿刪減原文標題)
原文連結:
https://www.appledaily.com.tw/property/20220130/WO…
[簡稱(name)] …[新聞] 台積電全球首創「晶圓自動進出貨系統」
原文標題:【台積電】全球首創「晶圓自動進出貨系統」 年省1300萬次人工作業
(請勿刪減原文標題)
原文連結:
https://www.appledaily.com.tw/property/20220130/WOGWDK5GUZBF7NJPKMG4KPNJN4…
[簡稱(name)] …ww.appledaily.com.tw/property/20220130/WOGWDK5GUZBF7NJPKMG4KPNJN4/
(網址超過一行過長請用縮網址工具)
發布時間:5小時前
(請以原文網頁/報紙之發布時間為準)
原文內容:
【台積電】積極打造安全健康的職場環境,除了開發全球首座「晶圓自動化收貨入庫系統」,
有效降低庫房員工95%搬運量,亦針對無塵室內的晶圓拆/包裝作業建立「晶圓自動進出
貨系統」,減少人因性危害、優化輸送效率,截至2022年1月,已全面導入台灣廠區8吋、…",,
tier:dense,2330,台積電,M.1663813998.A.8C6,2022-09-22 10:33:18,新聞,name,dense,False,1,Re: [新聞] Nvidia新顯卡被批漲太兇?黃仁勳：摩爾定 律已死,1,False,True,1484,"[簡稱(name)] …未來幾年運算廠商推出電子產品時會盡力殺低價格,不再需要效能突出的產品,這時候便宜但效能爛的三星製程就有優勢的多,不需要用到貴桑桑的GG製程。

這幾年GG要漲價會有難度,但資料中心訂單應該都能吃到。

不過蠻驚訝這次N卡玩家竟然會反彈這樣,【台積電】製程多個幾百美金應該是還好吧?畢竟有更強的效能跟功耗。
-----
Sent from JPTT on my iPhone

--
※ 發信站: 批踢踢實業坊(ptt.cc), 來自: 223.137.34.128 (臺灣)
※ 文章網址:…",,
tier:dense,2330,台積電,M.1679550421.A.FE5,2023-03-23 13:47:01,新聞,name,dense,False,1,"[新聞] 台積電2小1大金雞扛重任 5/4奈米今年上 看7,000億元",9,False,True,2137,"[簡稱(name)] …[新聞] 【台積電】2小1大金雞扛重任 5/4奈米今年上 看7,000億元
原文標題:台積電2小1大金雞扛重任 5/4奈米今年上看7,000億元
※請勿刪減原文標題
原文連結:
https://www.digitimes.com.tw/tech/dt/n/sh…
[簡稱(name)] …[新聞] 台積電2小1大金雞扛重任 5/4奈米今年上 看7,000億元
原文標題:【台積電】2小1大金雞扛重任 5/4奈米今年上看7,000億元
※請勿刪減原文標題
原文連結:
https://www.digitimes.com.tw/tech/dt/n/shwnws.asp?id=0000659816_SNS97J
530XKR…
[簡稱(name)] …NS97J
530XKRKT775QMBL
※網址超過一行過長請用縮網址工具
發布時間:陳玉娟/新竹
2023-03-23
※請以原文網頁/報紙之發布時間為準
記者署名:陳玉娟/新竹
2023-03-23
※原文無記載者得留空
原文內容:
【台積電】各製程產能利用率由前2年超載、滿載到衰退,但7奈米雖崩跌至5成以下,2023年首
季與全年營收跌勢卻不重,主要就是2小1大金雞扛起賺錢重任。

半導體業者指出,28奈米是目前唯一仍維持95%接近滿載的製程;16/12奈米在首季與下半年
產能…",,
tier:dense,2409,友達,M.1438782834.A.5FC,2015-08-05 21:53:54,其他,code,dense,False,15,[其他] 8/5 台灣集中市場自營商買賣超前30名 已刪文,1,True,True,3040,"[代號] …4592   1594  19.39  19.41 
3231 緯創     2493   2545    52  20.24  20.25 
2330 台積電    2434   2453    19  134.70  134.50 
【2409】 友達     2338   2933    595  10.39  10.37 
0050 台灣50    2332   4294   1962  65.69  65.56 
2317 鴻海     1912   2807    895…",,
tier:dense,2330,台積電,M.1685174718.A.FB1,2023-05-27 16:05:18,新聞,name,dense,False,1,[新聞] 各國合縱連橫的策略 已使全球半導體競爭 更形複雜,4,False,True,1482,"[簡稱(name)] …業之重要性,故各國合縱連橫的態勢也趨於明顯,特別是繼美國聯合盟友共同抗中的大框架下,其他包括日本、韓國、印度、澳洲、英國、歐盟等也紛紛祭出相互的結盟態勢,顯然各國背後盤算的更是自家半導體競爭力提升的捷徑。

日本政府近期動作頻頻,除積極拉攏【台積電】熊本廠進行第二期7奈米製程的計畫外,也分別與韓國、英國強化合作,更藉由美日印澳結盟來組團發展半導體

繼美國欲積極鞏固其在全球半導體業的領導地位,運用美國製造、與盟友共組半導體聯盟等雙主軸的作法後,近期日本政府也展現其企圖心,其亟欲在半導體…
[簡稱(name)] …在全球半導體業的領導地位,運用美國製造、與盟友共組半導體聯盟等雙主軸的作法後,近期日本政府也展現其企圖心,其亟欲在半導體戰場重返榮耀,除了擬定半導體戰略與龐大預算,加快建立半導體供應鏈之外,也積極吸引外資來日本進行投資,包括全球最具影響力的【台積電】,日本政府期望熊本廠第二期能進入7奈米的量產,同時日本政府也與美國合力發展2奈米以下先進製程晶片量產技術,並由官方扶持先進製程晶圓製造廠Rapidus的成立。此外,日本政府也藉由其自身半導體材料零組件的優勢,期望與韓國、英國,乃至於與美印澳…
[簡稱(name)] …復後兩強在半導體産業的競合態勢,畢竟日本在設備和材料領域有優勢、韓國在産品上有優勢,雙方本來具有互補關係,因而在以中美對立為背景、已成為戰略物資的半導體領域之情況下,未來日韓合作將聚焦先進封裝技術、半導體材料、先進製程等。至於日本首相也召見【台積電】、Intel、Micron、IBM公司、Applied
Materials、Samsung等半導體產業公司高層,而重量級的國際廠商未來也將加重於日本的投資,顯然日本藉由半導體材料的強項,能夠使其在先進封裝上發揮關鍵的角色,因而台積電、Sam…",,
tier:dense,2330,台積電,M.1705589367.A.35F,2024-01-18 22:49:27,新聞,code,dense,False,1,[新聞] 台積電法說結果網喊「穩了！」專家：明ꐶ,12,True,True,1455,"[代號] …址工具
https://ynews.page.link/CnFZD
發布時間:
※請以原文網頁/報紙之發布時間為準
2024年1月18日 週四 下午3:34

記者署名:
※原文無記載者得留空
葉憶如

原文內容:

半導體代工大廠台積電(【2330】)下午法說會結果驚豔,展望2024年美元營收成長21~25%,專家也直驚呼「太厲害」,網友熱議「穩了!」、「明天拉積盤」!「打臉市場」。資深證券分析師呂漢威18日下午受訪表示,明天股價有望挑戰600元大關以上,有助台股大反攻。

台積電法說…
[簡稱(name)] …[新聞] 【台積電】法說結果網喊「穩了!」專家:明ꐶ
-------------------------------發文提醒----------------------------------
1.發文前請先詳閱[新聞]分類發文規範,未依規範發文將受處份。
2…
[簡稱(name)] …桶處份。
4.發文請依照格式文章標明段落,不符合格式者依4-1刪文處分。
------------------------ 按ctrl+y
可刪除
以上內容。 ----------------------

原文標題:
※請勿刪減原文標題
【台積電】法說結果網喊「穩了!」專家:明天挑戰600元大關

原文連結:
※網址超過一行過長請用縮網址工具
https://ynews.page.link/CnFZD
發布時間:
※請以原文網頁/報紙之發布時間為準
2024年1月18日 週四 下午3…",,
tier:dense,2330,台積電,M.1629858059.A.DEB,2021-08-25 10:20:59,新聞,code,dense,False,2,[新聞] 台積電傳明年調漲代工價格20％,13,True,True,954,"[代號] …台積電傳明年調漲代工價格20%
原文標題:台積電傳明年調漲代工價格20%

原文連結:
https://reurl.cc/R0pxWx
發布時間:2021/08/25 07:54

原文內容:

〔記者洪友芳/新竹報導〕晶圓代工龍頭台積電(【2330】)傳出已向聯發科(2454)等前10
大客戶先行溝通,明年起全面調漲晶圓代工價格,其中成熟製程調漲20% ,先進製程調漲
10% ,將從第1季生效,業界估這將有助台積電明年毛利率提高到53%,甚至有機會達54%
。

今年晶圓代工受惠供不應…
[簡稱(name)] …[新聞] 【台積電】傳明年調漲代工價格20%
原文標題:台積電傳明年調漲代工價格20%

原文連結:
https://reurl.cc/R0pxWx
發布時間:2021/08/25 07:54

原文內容:

〔記者洪友芳/新竹報導〕晶圓代工龍頭台積電(233…
[簡稱(name)] …[新聞] 台積電傳明年調漲代工價格20%
原文標題:【台積電】傳明年調漲代工價格20%

原文連結:
https://reurl.cc/R0pxWx
發布時間:2021/08/25 07:54

原文內容:

〔記者洪友芳/新竹報導〕晶圓代工龍頭台積電(2330)傳出已向聯發科(2454)等前10
大…",,
tier:dense,2317,鴻海,M.1541765353.A.A35,2018-11-09 20:09:13,新聞,code,dense,False,2,[新聞] 台股收跌115點 法人：先減碼手中弱勢股 已刪文,2,True,True,694,"[代號] …日的表現未能延續前日走勢,由於電子業景氣展望不佳,市場持續傳出蘋果
iPhone砍單傳聞,外資法人也陸續下修iPhone XR出貨量,使相關蘋概股表現弱勢,雖然
台積電 (2330)10月營收表現為歷史次高,但收盤仍下跌2.33%;鴻海 (【2317】) 、大立
光 (3008)也走弱。傳產、金融股也同步弱勢,僅有生技、觀光等族群相對較佳。

 法人指出,雖然美國期中選舉結束,結果大致符合預期,但美中貿易戰對經濟的衝擊、
半導體及手機需求降溫、美國聯準會的升息動作,並未因選舉結果而改變,…
[簡稱(name_with_context)] …台股今日的表現未能延續前日走勢,由於電子業景氣展望不佳,市場持續傳出蘋果
iPhone砍單傳聞,外資法人也陸續下修iPhone XR出貨量,使相關蘋概股表現弱勢,雖然
台積電 (2330)10月營收表現為歷史次高,但收盤仍下跌2.33%;【鴻海】 (2317) 、大立
光 (3008)也走弱。傳產、金融股也同步弱勢,僅有生技、觀光等族群相對較佳。

 法人指出,雖然美國期中選舉結束,結果大致符合預期,但美中貿易戰對經濟的衝擊、
半導體及手機需求降溫、美國聯準會的升息動作,並未因選舉…",,
tier:dense,2330,台積電,M.1725677908.A.48A,2024-09-07 10:58:28,新聞,name,dense,False,1,[新聞] 股市震盪還沒完？謝金河示警「暗礁」將 引爆：美國這2檔值得注意,6,False,True,1922,"[簡稱(name)] …影響,市場也將量
縮,等待進一步變化。

謝金河指出,輝達(NVIDIA)受到美國司法部反壟斷調查後,股價下挫9.53個百分點、大跌
11.37美元,而輝達股價暴跌後,市場恐慌指數噴高到20.72,也造成人工智慧(AI)相關個
股狂跌,包括【台積電】在內的台股,日前也再度呈現開盤就重摔逾千點的戲碼,相信市場目前
仍處於一片恐慌當中。

不過,謝金河認為,目前相關狀況仍屬於正常調整,包括費城半導體指數一度下殺到4290點
,緩步彈升到5019點,又跌到4725點,看起來是陷入三角形的震盪…
[簡稱(name)] …克希
德・馬丁(Lockheed Martin)從413美元漲到519美元;而回頭看台灣的軍工產業,在2023
年6月觸頂後,至今已整理超過1年,未來在新國會的生態下,能否產生推升力道,也值得外
界高度關注。
估英特爾「還會再跌」 謝金河:【台積電】已勝過10倍
謝金河提到,美商超微(Super Micro)被控連續做假帳後股價暴跌,跌幅深達67.78%,是
非常可怕的調整,目前雖已表態要直球對決,但若未來被發現確實有弊,恐會如先前中國的
瑞幸咖啡般,被點名後從此一覺不振,而港股昇能集…
[簡稱(name)] …報,儘管數字亮眼,但未達到市場
預期,因此股價都呈現調整;至於英特爾(Intel)直到3日股價仍重跌8.8%,股價僅剩約20
美元,令人難以想像,雖市值仍有800多億美元,但英特爾還會再跌,未來可能樣公司重組
或換執行長,但至今仍無行動,跟【台積電】差距也越來越遠,最初台積電僅為英特爾4分之1,
如今台積電已勝過英特爾10倍,而台積電到德國設廠,也展現出台灣國力、經濟力再延伸。

謝金河強調,世界目前進入大的調整,一方面股價再調整,
過去漲幅過大的正在技術面修正
,而「潮水退了,看誰沒…",,
tier:dense,2317,鴻海,M.1465119426.A.77E,2016-06-05 17:37:06,新聞,name_with_context,dense,False,1,Re: [新聞] 郭台銘大舉轉讓鴻海股票4.5萬張 市值逾36 億 已刪文,2,False,True,833,"[簡稱(name_with_context)] …Re: [新聞] 郭台銘大舉轉讓【鴻海】股票4.5萬張 市值逾36 億 已刪文
: 郭台銘去年5月29日也曾申讓2萬張,將股票贈予永齡健康基金會。
: 郭台銘在這次將4.5萬張股票贈予永齡健康基金會後,仍將持有192萬8952張鴻海股票。
: 3.心得/評論(必需填寫):
: 郭…
[簡稱(name_with_context)] …Re: [新聞] 郭台銘大舉轉讓鴻海股票4.5萬張 市值逾36 億 已刪文
: 郭台銘去年5月29日也曾申讓2萬張,將股票贈予永齡健康基金會。
: 郭台銘在這次將4.5萬張股票贈予永齡健康基金會後,仍將持有192萬8952張【鴻海】股票。
: 3.心得/評論(必需填寫):
: 郭董自己捐給自己創辦的永齡基金會
: 合法避稅兼做善事
文中有人質疑為什麼不直接捐台大?

我這邊想要幫郭台銘董事長平反一下。

先說我跟鴻海八竿子打不著邊,

說的是我幾年前在某集團有產學合作…",,
tier:dense,2330,台積電,M.1611636262.A.82C,2021-01-26 12:44:22,標的,name,dense,False,1,Re: [標的] 台積電 空,5,False,True,520,"[簡稱(name)] …Re: [標的] 【台積電】 空
※ 引述 《john199308》 之銘言:
: 1. 標的: 台積電 空
:
: 2. 分類:空
:
: 3. 分析/正文:
:
: 在昨天就有po文看空大盤了,
: (等於看空台積電)
: 因此這兩天都有放空小台, 對帳單如下:…
[簡稱(name)] …Re: [標的] 台積電 空
※ 引述 《john199308》 之銘言:
: 1. 標的: 【台積電】 空
:
: 2. 分類:空
:
: 3. 分析/正文:
:
: 在昨天就有po文看空大盤了,
: (等於看空台積電)
: 因此這兩天都有放空小台, 對帳單如下:
:
: R: [標的]  大盤 空
https://moptt.tw/p/S…
[簡稱(name)] …Re: [標的] 台積電 空
※ 引述 《john199308》 之銘言:
: 1. 標的: 台積電 空
:
: 2. 分類:空
:
: 3. 分析/正文:
:
: 在昨天就有po文看空大盤了,
: (等於看空【台積電】)
: 因此這兩天都有放空小台, 對帳單如下:
:
: R: [標的]  大盤 空
https://moptt.tw/p/Stock.M.1611294732.A.C17
:
: 但前兩天發文發太快, 我現在來補充原因
: 台積電不是飆股,…",,
tier:dense,2330,台積電,M.1713955587.A.5E1,2024-04-24 18:46:27,新聞,name,dense,False,1,[新聞] 〈智慧顯示展〉群創：面板春燕不只來了還住下來 車用估雙位 數成長,1,False,True,1069,"[簡稱(name)] …哪

原來是沒有讓春燕住下來阿@v@b

現在不只來了,還住下來,更是有機會一次住三隻,我就問!三重春燕!怎麼輸!

不過沒記錯的話GG是看壞車車電子齁,這樣是GG說謊還是貓貓說謊

還是面板是傳產不是電子,所以不受GG看法的影響

--
【台積電】福音 第一章
By資深PTT鄉民
1. 你早晚要買TSM的,為什麼不要現在買?
2. TSM是你們的方舟,信者必得救。
3. Morris張 看見這許多迷惘的人,便走下山來,告訴他們,你們當輪班,信仰TSM。
4. TSM,願你的腦機介面晶…",,
tier:dense,2317,鴻海,M.1550493806.A.93A,2019-02-18 20:43:26,新聞,name_with_context,dense,False,1,[新聞] 蘋果砍單郭董不怕？鴻海富士康鄭州廠招 募五萬員工 改接華為訂單 已刪文,12,False,True,1732,"[簡稱(name_with_context)] …[新聞] 蘋果砍單郭董不怕?鴻海富士康鄭州廠招 募五萬員工 改接華為訂單 已刪文
1.原文連結:
https://goo.gl/9QBH1Z
2.原文內容:

蘋果砍單郭董不怕?鴻海富士康鄭州廠招募五萬員工 改接華為訂單

新春開紅盤後,【鴻海】集團旗下鴻家軍表現不俗,不管是鴻海、工業富聯甚至是富智康表現
都相當不錯。

其中,在台灣上市的鴻海精密18日股價上漲1%,收在71元,重新站回70元整數關卡;而
在上海A股掛牌的工業富聯(FII),在12日被納入MSCI中國指數成分股後,…
[簡稱(name_with_context)] …富士康鄭州廠招 募五萬員工 改接華為訂單 已刪文
1.原文連結:
https://goo.gl/9QBH1Z
2.原文內容:

蘋果砍單郭董不怕?鴻海富士康鄭州廠招募五萬員工 改接華為訂單

新春開紅盤後,鴻海集團旗下鴻家軍表現不俗,不管是【鴻海】、工業富聯甚至是富智康表現
都相當不錯。

其中,在台灣上市的鴻海精密18日股價上漲1%,收在71元,重新站回70元整數關卡;而
在上海A股掛牌的工業富聯(FII),在12日被納入MSCI中國指數成分股後,低迷多時的股
價在13日則出現漲停…
[簡稱(name_with_context)] …https://goo.gl/9QBH1Z
2.原文內容:

蘋果砍單郭董不怕?鴻海富士康鄭州廠招募五萬員工 改接華為訂單

新春開紅盤後,鴻海集團旗下鴻家軍表現不俗,不管是鴻海、工業富聯甚至是富智康表現
都相當不錯。

其中,在台灣上市的【鴻海】精密18日股價上漲1%,收在71元,重新站回70元整數關卡;而
在上海A股掛牌的工業富聯(FII),在12日被納入MSCI中國指數成分股後,低迷多時的股
價在13日則出現漲停,工業富聯13日開始至今股價已經上漲了9.8%,在香港上市的富智…",,
tier:dense,2409,友達,M.1650765506.A.2C8,2022-04-24 09:58:26,新聞,name_with_context,dense,False,1,[新聞] 台股守萬七 面板金融 成內外資主戰場,3,False,True,962,"[簡稱(name_with_context)] …七大關卡保衛戰,值得注意的是,
上
週外資賣超台股逾二三四億元、
投信買超台股
一○四億元
,不少個股是內外資激戰股,
面板
、
金融
更是主戰場。

根據Cmoney統計,近一週三大法人買賣個股中
,
外資以面板股為買進重點
,包括群創、【友達】
、彩晶買超張數在一萬至四萬張,不過,投信
大幅賣超群創近五萬張、友達也有上萬張,群
創上週股價始終壓在十三.三元至十三.五五
元區間震盪,友達股價也多在十八.四元至十
八.八元附近盤整。

有別於
面板股是外資買、投信賣
,
金融股則是…
[簡稱(name_with_context)] …買超台股
一○四億元
,不少個股是內外資激戰股,
面板
、
金融
更是主戰場。

根據Cmoney統計,近一週三大法人買賣個股中
,
外資以面板股為買進重點
,包括群創、友達
、彩晶買超張數在一萬至四萬張,不過,投信
大幅賣超群創近五萬張、【友達】也有上萬張,群
創上週股價始終壓在十三.三元至十三.五五
元區間震盪,友達股價也多在十八.四元至十
八.八元附近盤整。

有別於
面板股是外資買、投信賣
,
金融股則是
外資賣、投信買
。外資賣超元大金、國泰金、
富邦金逾萬張,而投信則是外…
[簡稱(name_with_context)] …場。

根據Cmoney統計,近一週三大法人買賣個股中
,
外資以面板股為買進重點
,包括群創、友達
、彩晶買超張數在一萬至四萬張,不過,投信
大幅賣超群創近五萬張、友達也有上萬張,群
創上週股價始終壓在十三.三元至十三.五五
元區間震盪,【友達】股價也多在十八.四元至十
八.八元附近盤整。

有別於
面板股是外資買、投信賣
,
金融股則是
外資賣、投信買
。外資賣超元大金、國泰金、
富邦金逾萬張,而投信則是外資越丟越撿,元
大金股價受此影響也多在二十六元附近震盪,
國泰金則在六十三…",,
tier:dense,2330,台積電,M.1619181773.A.15C,2021-04-23 20:42:53,請益,name,dense,False,3,Re: [請益] 所以航運到底該如何判斷該不該跑？,1,False,True,726,"[簡稱(name)] …少合理呢?

當然法人不是吃素的 沒必要幫小散戶抬轎

所以會大抖特抖把沒耐心的散戶抖出去

我們不是波段高手 所以設定好買入價 賣出價 放著等就好

中間的起伏與我們無關


我相信只要有信念 有基本面 股價終究會到合理的位置的

就像是【台積電】一樣 300的時候大家喊400 去年跌2字頭

結果馬上反彈回300.400.500甚至來到今天的600

護國神山 大家買起來


我敢在這裡跟您說 今年就是護國神艦隊 三船一起把台股帶上兩萬點

航運好代表台灣經濟好 每家製造商出貨出不…",,
tier:dense,2317,鴻海,M.1642140601.A.C72,2022-01-14 14:10:01,新聞,code,dense,False,6,[新聞] 科技股有夠便宜！高盛欽點「電金25檔」,2,True,True,1101,"[代號] …2年的通膨約在2.3%。

    對於今年台股展望,高盛認為,台股企業以科技業為主軸下,台股2022~2023
年獲利有望成長5%、8%。

    另外,高盛特別點名看好25檔股票,分別是台積電(2330)、聯發科(2454)、
鴻海(【2317】)、聯電(2303)、台達電(2308)、南電(8046)、玉山金(2884)、欣興(3037)
、瑞昱(2379)、緯穎(6669)、永豐金(2890)、穩懋(3105)、中美晶(5483)、華邦
電(2344)、台勝科(3532)、景碩…
[簡稱(name_with_context)] …2022年的通膨約在2.3%。

    對於今年台股展望,高盛認為,台股企業以科技業為主軸下,台股2022~2023
年獲利有望成長5%、8%。

    另外,高盛特別點名看好25檔股票,分別是台積電(2330)、聯發科(2454)、
【鴻海】(2317)、聯電(2303)、台達電(2308)、南電(8046)、玉山金(2884)、欣興(3037)
、瑞昱(2379)、緯穎(6669)、永豐金(2890)、穩懋(3105)、中美晶(5483)、華邦
電(2344)、台勝科(353…",,
tier:dense,2330,台積電,M.1649520473.A.B2B,2022-04-10 00:07:53,新聞,name,dense,False,3,[新聞] 台股擂台 郭哲榮本周布局東鹼、正道,1,False,True,971,"[簡稱(name)] …能設備、胎壓偵測器雙成長引擎;
濱川
則得益於蘋果新產品帶動需求增加。

最佳一檔
東鹼(1708)
理由:農金概念股,受惠鉀肥飆漲

多空診斷室
本周國際股市將持續受俄烏衝突,及歐美對俄羅斯的制裁行動影響,整體會呈現比較震盪
的格局。但
【台積電】、聯電紛紛繳出3月亮麗的營收,可望帶領台股攻上年線17,402點
,若
能進一步提升台股量能至3,000億元以上水準,台股走勢將有機會優於國際股市,類股輪
動速度也會加快。預判本周綠能概念股、農金概念股都有機會表現不錯。

投資錦囊妙計1…",,
tier:dense,2330,台積電,M.1726111484.A.99A,2024-09-12 11:24:44,新聞,name,dense,False,1,[新聞] 川普稱「陸晶片跟台灣買的」 專家澄清揭 真相,7,False,True,1088,"[簡稱(name)] …9/12 中時新聞網 許庭瑛
原文內容:


美國民主黨總統候選人賀錦麗與共和黨對手川普11日首度進行了電視辯論,兩人話題很快
地就轉向台灣。賀錦麗指出,川普把美國晶片賣給大陸,而川普則反駁,大陸晶片是跟台
灣買的,不過專家澄清,台灣雖然有【台積電】,但只負責代工,不具備賣晶片資格,真正賣
晶片給大陸的,還是美國大廠。

總統大選辯論一開始,就從經濟議題切入,賀錦麗詳述的機會經濟政策,包括給予小型新
創公司優渥的稅收減免。而對手川普主打關稅,稱他會保護美國經濟,更重申他要全面加
徵關稅…
[簡稱(name)] …在總統任內,將美國晶片賣給大陸助其軍隊現代化,無異是「
出賣美國」。川普則回擊,大陸的晶片是從台灣購得。

不過據《TVBS新聞網》報導,川普反駁大陸晶片是跟台灣買的這點其實是錯誤的,雲報政
經產業研究院副社長柴煥欣說:「台灣雖然有最厲害的【台積電】,是晶圓代工廠,但終究不
是賣晶片的廠商,真正的美國晶片大廠,包含英特爾、超微、輝達。」

不過,美國對大陸有晶片禁令,因此美國晶片大廠大多會透過第三地交易來規避管轄,「
像是輝達,就很可能透過新加坡轉售到中國大陸,所以並不是台灣把晶片賣給…
[簡稱(name)] …,因此美國晶片大廠大多會透過第三地交易來規避管轄,「
像是輝達,就很可能透過新加坡轉售到中國大陸,所以並不是台灣把晶片賣給中國大陸。
」

此外,經濟部長郭智輝也強調,不管誰當選,對台經濟與貿易政策都不會改變。在半導體
議題上。郭智輝指出,【台積電】已經向世界擴張,包括日本熊本、美國亞利桑那州、德國等
,由於每一個廠都在不同的國家,也因此有不同的文化,「台積電不再是只有國人在服務
的公司」,而是全世界的人才都能成為台積電的一員,所以當然是「世界的台積電」。

心得/評論:

1. 經濟…",,
tier:dense,2330,台積電,M.1735983353.A.C84,2025-01-04 17:35:53,新聞,name,dense,False,1,Re: [新聞] 晶圓代工產業怪象！大廠恐做越多賠越多,13,False,True,1702,"[簡稱(name)] …中國成熟製程拉全世界一起卷.

那最後就是玩成熟製程的人一起死. 但中芯有中國輸血, 所以他死不了.

其他產業已經演過很多次了.


再來, 談先進製程就要分中美陣營了. 因為這跟各國國防有關.

就算明天中芯宣布2nm良率達90%, 對【台積】影響其實並不會如你想像的大.

因為陣營不同, 中芯還是吃親中陣營的市場. 台積還是吃親美陣營的市場.

中芯不管怎麼虧, 良率不管怎麼爛, 都不會怎樣. 因為中國會輸血.

就生意上, 台積的對手並不是中芯, 是Samsung Intel…
[簡稱(name)] …血, 所以他死不了.

其他產業已經演過很多次了.


再來, 談先進製程就要分中美陣營了. 因為這跟各國國防有關.

就算明天中芯宣布2nm良率達90%, 對台積影響其實並不會如你想像的大.

因為陣營不同, 中芯還是吃親中陣營的市場. 【台積】還是吃親美陣營的市場.

中芯不管怎麼虧, 良率不管怎麼爛, 都不會怎樣. 因為中國會輸血.

就生意上, 台積的對手並不是中芯, 是Samsung Intel Rapidus.

Intel已經垮了, 只剩Samsung和Rapidus.…
[簡稱(name)] …關.

就算明天中芯宣布2nm良率達90%, 對台積影響其實並不會如你想像的大.

因為陣營不同, 中芯還是吃親中陣營的市場. 台積還是吃親美陣營的市場.

中芯不管怎麼虧, 良率不管怎麼爛, 都不會怎樣. 因為中國會輸血.

就生意上, 【台積】的對手並不是中芯, 是Samsung Intel Rapidus.

Intel已經垮了, 只剩Samsung和Rapidus. 我自己覺得Rapidus是可以關注一下.

雖然不太可能跟台積對幹. 但因為生意模式跟台積相同走純代工, 有機…",,
tier:dense,2330,台積電,M.1642418140.A.BA7,2022-01-17 19:15:40,情報,code,dense,False,3,[情報] 0117 量大分點齊買股,2,True,True,621,"[代號] …1.7    153,477 17.96   19,516  2.28    0.8%    0.03%
2368    金像電  81.9    59,931  48.15   18,161  14.6    2.89%   0.76%
【2330】    台積電  683.0   61,201  418.25  10,916  74.69   0.37%   0.01%
2313    華通    43.85   18,044  7.85    6,676   2.9     0.8…
[簡稱(name)] …53,477 17.96   19,516  2.28    0.8%    0.03%
2368    金像電  81.9    59,931  48.15   18,161  14.6    2.89%   0.76%
2330    【台積電】  683.0   61,201  418.25  10,916  74.69   0.37%   0.01%
2313    華通    43.85   18,044  7.85    6,676   2.9     0.89%   0%…",,
tier:dense,2303,聯電,M.1596434402.A.D3D,2020-08-03 14:00:02,閒聊,name_with_context,dense,False,3,[閒聊] 2020/08/03 盤後閒聊,2,False,True,370,"[簡稱(name_with_context)] …▲0.04  (0.02%)   561.82億
台指期 自營商
+2055
投信
-1336
外資
-3219
台指選 自營商
-32636
投信
外資
-3238
漲停家數(+10%) 40
跌停家數(-10%)  2
成交量排行
【聯電】
、
群創
、
元大台灣50反1
、
富邦VIX
、
友達
成交值排行
台積電
、
聯發科
、
聯電
、
世芯-KY
、
國光生
------------------------------------------------
亮綠燈的是大…
[簡稱(name_with_context)] …外資
-3219
台指選 自營商
-32636
投信
外資
-3238
漲停家數(+10%) 40
跌停家數(-10%)  2
成交量排行
聯電
、
群創
、
元大台灣50反1
、
富邦VIX
、
友達
成交值排行
台積電
、
聯發科
、
【聯電】
、
世芯-KY
、
國光生
------------------------------------------------
亮綠燈的是大同
--
https://i.imgur.com/6GGT2ao.jpg…",,
tier:dense,2303,聯電,M.1611829886.A.0C9,2021-01-28 18:31:26,新聞,name_with_context,dense,False,5,[新聞] 外資賣超325.26億元 大砍聯電,6,False,True,911,"[簡稱(name_with_context)] …[新聞] 外資賣超325.26億元 大砍【聯電】
1.原文連結:
https://money.udn.com/money/story/5607/5213198
2.原文內容:
外資賣超325.26億元 大砍聯電
台股今天跌285.57點,收15415.88點,三大法人合計賣超新台幣329…
[簡稱(name_with_context)] …[新聞] 外資賣超325.26億元 大砍聯電
1.原文連結:
https://money.udn.com/money/story/5607/5213198
2.原文內容:
外資賣超325.26億元 大砍【聯電】
台股今天跌285.57點,收15415.88點,三大法人合計賣超新台幣329.54億元,其中,外資
賣超325.26億元,
賣超聯電最多,達10萬6066張。
隨著美股重挫,台積電、聯電與聯發科等權值股紛紛走跌,電子類股指數跌2.14%,…
[簡稱(name_with_context)] ….com/money/story/5607/5213198
2.原文內容:
外資賣超325.26億元 大砍聯電
台股今天跌285.57點,收15415.88點,三大法人合計賣超新台幣329.54億元,其中,外資
賣超325.26億元,
賣超【聯電】最多,達10萬6066張。
隨著美股重挫,台積電、聯電與聯發科等權值股紛紛走跌,電子類股指數跌2.14%,影響
加權指數跌285.57點,收15415.88點,跌幅約1.82%,失守15531點月線支撐,成交值
3593.29億元。

外資…",,
tier:dense,2330,台積電,M.1608123093.A.A72,2020-12-16 20:51:33,新聞,name,dense,False,2,[新聞] 攻再生能源/儲能市場，康舒/台達電迎戰果,1,False,True,1379,"[簡稱(name)] …年受加州大火以及颶風等天災影響,使美國民眾更加關注氣
候變遷議題,對於綠電的接受度亦將提升,台達電目前在美國的太陽能Inverter是以家用
戶為主,將有望受惠美國對環保綠電接受度的提升,持續放量。

3.心得/評論:
明燈出現了,台達電
【台積電】、台達電
差一個字,應該差不了多遠吧
大家知道怎麼買了嗎

--
※ 發信站: 批踢踢實業坊(ptt.cc), 來自: 118.163.13.200 (臺灣)
※ 文章網址:
https://www.ptt.cc/bbs/Stock/M.1…",,
tier:dense,2002,中鋼,M.1727438176.A.539,2024-09-27 19:56:16,新聞,code,dense,False,1,[新聞] 今年前8個月稅前淨利年增逾2倍 中鋼：築 底回穩,6,True,True,781,"[代號] …增逾2倍 中鋼:築 底回穩
原文標題:今年前8個月稅前淨利年增逾2倍 中鋼:築底回穩
原文連結:
https://reurl.cc/eyaAyM
發布時間:2024年9月27日 週五 下午6:53
記者署名:何秀玲
原文內容:


中鋼 (【2002】) 今天公告8月自結稅前淨利為新台幣2.36億元,主要受惠鋼鐵業單位售價及
毛利增加,且營建工程毛利增加,與去年同期4210萬元相比,年增460.6%;今年前8個月
累計稅前淨利為43.16億元,年增226%。

中鋼也表示,淨利成長另一個…
[簡稱(name_with_context)] …容:


中鋼 (2002) 今天公告8月自結稅前淨利為新台幣2.36億元,主要受惠鋼鐵業單位售價及
毛利增加,且營建工程毛利增加,與去年同期4210萬元相比,年增460.6%;今年前8個月
累計稅前淨利為43.16億元,年增226%。

【中鋼】也表示,淨利成長另一個原因,則是礦業投資獲配股利及利息收入增加,使業外收入
增加;對於後市展望,中鋼認為,整體鋼市有望築底緩步回穩。

中鋼提到,歐美通膨趨緩,國際油價回落,美國FED(聯準會)今年9月啟動降息循環,中
國大陸人民銀行同步實…
[簡稱(name_with_context)] …毛利增加,且營建工程毛利增加,與去年同期4210萬元相比,年增460.6%;今年前8個月
累計稅前淨利為43.16億元,年增226%。

中鋼也表示,淨利成長另一個原因,則是礦業投資獲配股利及利息收入增加,使業外收入
增加;對於後市展望,【中鋼】認為,整體鋼市有望築底緩步回穩。

中鋼提到,歐美通膨趨緩,國際油價回落,美國FED(聯準會)今年9月啟動降息循環,中
國大陸人民銀行同步實施寬鬆貨幣政策,宣告將下調存款準備金率,預計實現約1兆元人
民幣長期流動性投放,對金融市場流動性有加…",,
tier:silent,1203,味王,M.1458136307.A.4AB,2016-03-16 21:51:47,新聞,code,silent,False,1,[新聞] 宏達電貼文自爆：HTC 10將有世界第一的前 鏡頭跟主鏡頭 已刪文,1,True,False,1462,"[代號] …D 記憶卡擴充等等,都是
旗艦機皇應該有的規格,實際結果為何,《ETtoday東森新聞雲》將會持續為讀者關注。


3.心得/評論(必需填寫):

題材:

台灣藍波萬 的HTC 10 + Vive + 嘎空

籌碼:

資增1359,券增【1203】 ,今日漲3.49% ,多軍大勝,股價明日繼續攻頂




--
吾開天眼覷紅塵,可憐身是眼中人
http://tinyurl.com/nqprycc
--
※ 發信站: 批踢踢實業坊(ptt.cc), 來自: 118.170.48.234…",,
tier:silent,9926,新海,M.1446627713.A.124,2015-11-04 17:01:53,心得,code,silent,False,2,[心得] 陸股救市Day 80 --殺妻求將 已刪文,1,True,False,1878,"[代號] …(無下跌版塊)
IF11滬深300期指
3591 +6.18% 持倉24650  183億
IC11中證500期指
7091 +6.65% 持倉12299  155億
IH11上證 50期指
2367 +4.90% 持倉 【9926】   47億

融資餘額 滬 6246.42 深 4043.15 合計 10289.57億 (11/03)
融券餘額 滬   19.55 深    8.99 合計    28.55億 (11/03)
籌碼:
總體 主力 +723億  超大單…",,
tier:silent,1432,大魯閣,M.1656777760.A.CCA,2022-07-03 00:02:40,心得,code,silent,False,10,[心得] 2022H1 飆股排行榜,1,True,True,5513,"[代號] …2032 新鋼        178.9% 20220413 20220112
1560 中砂        177.9%
20220125 20220621
9949 琉園        177.4%
20220124 20220627
【1432】 大魯閣      176.1% 20220323 20220125
6470 宇智        175.6%
20220125 20220614
2064 晉椿        174.7% 20220412 20220124
3219…",,
tier:silent,1514,亞力,M.1709645799.A.9FD,2024-03-05 21:36:39,情報,code,silent,False,6,[情報] 113年03月05日信用交易統計,1,True,True,1410,"[代號] …646   張
2329華泰
資增   1,227   張
券增     437   張
4906正文
資增   2,390   張
券增     495   張
1513中興電
資增   1,649   張
券增      97   張
【1514】亞力
資增     123   張
券增     291   張
2367燿華
資減   6,127   張
券增     228   張
3376新日興
資增     982   張
券增     568   張
3013晟銘電
資增…",,
tier:silent,1906,寶隆,M.1682038454.A.8D3,2023-04-21 08:54:14,新聞,name_with_context,silent,False,10,[新聞] 總統報明牌 造紙、碳權概念股紅了,1,False,True,930,"[簡稱(name_with_context)] …有碳權交易,以及造紙類股、擁有全台最大資產的農林,以及其他水力風
力發電、新能源車、太陽能等,都是近來市場相當受到關注的焦點。
造紙類股20日一早由華紙及永豐餘領頭大漲
,華紙開盤沒多久衝停就一路鎖死到底,永豐
餘最後收漲8.11%,正隆、【寶隆】、榮成等都漲1%~3%以上,個股也同步爆出大量,帶動
類股指數收326.66點,為今年6月底來最高,漲幅4.95%,為2021年9月底來最高,成交值
22.19億元,也寫下2021年底來最大量。 此外,農林擁有全台最龐大林木資產,在碳權交…",,
tier:silent,9926,新海,M.1447012365.A.E43,2015-11-09 03:52:45,標的,code,silent,False,12,[標的] 本週程式選股結果 已刪文,2,True,True,3598,"[代號] …秋雨


近期法人出貨股

1109    信大
1234    黑松
1472    三洋紡
1608    華榮
2107    厚生
2540    愛山林
2891    中信金
2910    統領
9918    欣天然
【9926】    新海


長期虧損股
                放空停損
2323中環        4.17


財務危機股
                放空停損
3149正達        17.25
3579尚志        13…
[簡稱(name_with_context)] …近期法人出貨股

1109    信大
1234    黑松
1472    三洋紡
1608    華榮
2107    厚生
2540    愛山林
2891    中信金
2910    統領
9918    欣天然
9926    【新海】


長期虧損股
                放空停損
2323中環        4.17


財務危機股
                放空停損
3149正達        17.25
3579尚志        13.21
19…",,
tier:silent,1524,耿鼎,M.1659592802.A.6D5,2022-08-04 14:00:02,閒聊,name_with_context,silent,False,3,[閒聊] 2022/08/04 盤後閒聊,1,False,True,303,"[簡稱(name_with_context)] …530.22億

台指期 自營商
+212
投信
-166
外資
+433
台指選 自營商
-896
投信
外資
-1649
漲停家數(+10%) 16
跌停家數(-10%)  6
成交量排行
元大台灣50反1
、
宏達電
、
長榮航
、
【耿鼎】
、
華航
成交值排行
台積電
、
宏達電
、
世芯-KY
、
欣興
、
長榮
--
https://imgur.com/6GGT2ao.jpg…",,
tier:silent,1517,利奇,M.1670898013.A.5F1,2022-12-13 10:20:13,新聞,code,silent,False,4,[新聞] 巨大延票爆恐慌賣壓 自行車族群集體落鏈,1,True,True,636,"[代號] …盤,巨大隨即出現恐慌性賣壓、一度爆量打入跌停202元,不
到半小時、成交量已破3,000張!

巨大跌停也拖累了整個自行車族群、股價一片慘綠,如美利達(9914)差一檔跌停板、最
低跌到171元;愛地雅(8933)、日馳(1526)、利奇(【1517】)、桂盟(5306)等跌幅均
逾5%!

不過,在投資人紛紛搶進接盤下,目前巨大、美利達的股價都已慢慢回升,跌幅收斂到7
~8%!

心得/評論:

慘業雪崩

老大跌了小弟們一起下去

慘啊

還好接盤俠們來了

但還是慘跌

1家台積電…",,
tier:silent,1733,五鼎,M.1527524486.A.55B,2018-05-29 00:21:26,標的,code,silent,False,13,[標的] 本週程式選股結果 已刪文,2,True,True,3216,"[代號] …89


吃貨中尚未發動股票
        若現在買進,不知要等多久才會發動
        建議等發動再買進
6415    矽力-KY
4905    台聯電
6504    南六


近三週異常大量買進

2006    東和鋼鐵
【1733】    五鼎
6449    鈺邦
4560    強信KY


近三月異常大量買進

3526    凡甲三
6449    鈺邦二


買違約機率小的可轉債+空股票
多空都賺策略
                        每買2張…
[簡稱(name_with_context)] …尚未發動股票
        若現在買進,不知要等多久才會發動
        建議等發動再買進
6415    矽力-KY
4905    台聯電
6504    南六


近三週異常大量買進

2006    東和鋼鐵
1733    【五鼎】
6449    鈺邦
4560    強信KY


近三月異常大量買進

3526    凡甲三
6449    鈺邦二


買違約機率小的可轉債+空股票
多空都賺策略
                        每買2張可轉債…",,
tier:silent,2607,榮運,M.1651655451.A.889,2022-05-04 17:10:51,新聞,code,silent,False,6,[新聞] 航運股強彈能漲多久？法人曝操作心法,2,True,True,1590,"[代號] …慧洋-KY(2637)收100.5元,上漲5.9元
,漲幅6.23%,志信(2611)收漲3.65%、台航(2617)收漲2.7%、四維航(5608)收漲
2.83%、新興(2605)收漲2.37%;陸運股的中櫃收在漲停板40.7元,榮運(【2607】)收37.6
元,漲幅5.02%,超過半根停板;華航(2610)收漲2.49%,以28.75元收盤,長榮航(
2618)收漲0.56%,收在35.7元。

證券分析師張陳浩表示,貨櫃股的漲勢主要是受到首季季報的題材所帶動,不排除
挑戰今
年…
[簡稱(name_with_context)] …終場,慧洋-KY(2637)收100.5元,上漲5.9元
,漲幅6.23%,志信(2611)收漲3.65%、台航(2617)收漲2.7%、四維航(5608)收漲
2.83%、新興(2605)收漲2.37%;陸運股的中櫃收在漲停板40.7元,【榮運】(2607)收37.6
元,漲幅5.02%,超過半根停板;華航(2610)收漲2.49%,以28.75元收盤,長榮航(
2618)收漲0.56%,收在35.7元。

證券分析師張陳浩表示,貨櫃股的漲勢主要是受到首季季報的題材所帶動,不排除…",,
tier:silent,2426,鼎元,M.1655870738.A.A9E,2022-06-22 12:05:38,新聞,name_with_context,silent,False,1,[新聞] 15檔元宇宙概念股 勇敢作夢,1,False,True,1006,"[簡稱(name_with_context)] …宙長期獲利能力仍待觀察,短期業績不會太快反應,惟相關個股今年來均
有雙位數跌幅,股價跌深是最大利多。

除威盛集團外,元宇宙供應鏈包括IC設計、LED、PMOLED,甚至頭戴裝置所需的光學鏡頭
等熱潮再起,位速、驊訊、立碁漲停,智晶、亞信、【鼎元】、惠特、揚明光、玉晶光也強漲
4~9%;至於興櫃市場,AR眼鏡大廠佐臻、光學鍍膜廠澤米21日也小漲0.34%、0.07%。

佐臻不僅成功打入美國FDA醫療市場,手術導航AR眼鏡也啟動量產,更開始接洽國內手機
品牌大廠;澤米今年為日系大客戶…",,
tier:silent,9934,成霖,M.1617964927.A.9FA,2021-04-09 18:42:07,標的,name_with_context,silent,False,2,Re: [標的] 2062 橋椿,1,False,True,645,"[簡稱(name_with_context)] …形成多頭排列(目前處於修正乖離階段), 週20 剛穿過週60 ,
但
: 週
: : 60之後扣抵低價,需等待較長時間扣抵值往上才能往上交叉週120(估計需要半年左右
)
: ,
: : 完成完整長線多頭排列
: : D.籌碼 :與同概念股【成霖】近期皆有固定分點大量買入
: : 4. 進退場機制:(非長期投資者,必須有停損機制。請益免填)
: : 日20 拐日60 賣出 ,約26的位置
: 今天看了一天 分享一下自己看法
: 小小財報新手看圖說故事 有錯幫忙指正一下QAQ
: →…",,
tier:silent,2302,麗正,M.1657047248.A.513,2022-07-06 02:54:08,情報,code,silent,False,7,[情報] 0705 跌進處置風險統計排行,1,True,True,3627,"[代號] …9 凱羿-KY     4.3%    3個交易日後   5分   10天
2415 錩新        -9.3%   3個交易日後   5分   10天
5475 德宏        0%      3個交易日後   5分   10天
【2302】 麗正        0.33%   3個交易日後   5分   10天
6225 天瀚        -5.54%  3個交易日後   5分   10天
9105 泰金寶-DR   3.15%   4個交易日後   20分  10天
91…",,
tier:silent,1514,亞力,M.1712762531.A.2C4,2024-04-10 23:22:11,情報,code,silent,False,2,[情報] 0410 上市櫃股票週轉率排行,1,True,True,1719,"[代號] …[情報] 0410 上市櫃股票週轉率排行
上市

排行  股票名稱    收盤價   漲跌    漲跌幅  成交量  周轉率

1     【1514】亞力    140.50   +12.50  +9.77%  104,405 41.30%
2     4967十銓    90.00    +4.40   +5.14%  25,398  35.50%
3     6215和椿    43…",,
tier:silent,2359,所羅門,M.1711374173.A.52E,2024-03-25 21:42:53,情報,code,silent,False,6,[情報] 113年03月25日信用交易統計,2,True,True,1406,"[代號] …1   張
(最後回補)
2371大同
資增   3,394   張
券減     333   張
(最後回補)
1513中興電
資增     896   張
停券
1503士電
資減       7   張
券減     295   張
【2359】所羅門
資增   1,080   張
券增     296   張
6753龍德造船
資增   1,928   張
券增     296   張
2388威盛
資減      41   張
券增     125   張
==========…
[簡稱(name)] …張
(最後回補)
2371大同
資增   3,394   張
券減     333   張
(最後回補)
1513中興電
資增     896   張
停券
1503士電
資減       7   張
券減     295   張
2359【所羅門】
資增   1,080   張
券增     296   張
6753龍德造船
資增   1,928   張
券增     296   張
2388威盛
資減      41   張
券增     125   張
=============…",,
tier:silent,1734,杏輝,M.1459349779.A.580,2016-03-30 22:56:19,請益,code,silent,False,1,[請益] 今日杏輝 1734 早盤的成交情形 已刪文,1,True,True,312,"[代號] …[請益] 今日杏輝 【1734】 早盤的成交情形 已刪文
-------------------------------------------------------------------------
1.發文前請先詳閱[請益]分類發文規範,未依規範發文將受處份。
2…",,
tier:silent,2374,佳能,M.1715700812.A.BE1,2024-05-14 23:33:32,情報,code,silent,False,6,[情報] 0514 上市櫃股票週轉率排行,1,True,True,1718,"[代號] …514 上市櫃股票週轉率排行
上市

排行  股票名稱    收盤價   漲跌    漲跌幅  成交量  周轉率

1     2367燿華    33.00    +3.00   +10.00% 193,613 28.92%
2     【2374】佳能    46.55    +0.05   +0.11%  78,677  27.36%
3     2359所羅門  114.50   +10.00  +9.57%  38,083  22.21%
4     2482連宇    36.…",,
tier:silent,2607,榮運,M.1704181587.A.1ED,2024-01-02 15:46:27,標的,code,silent,False,1,[標的] 2607榮運缺櫃多,1,True,True,361,"[代號] …[標的] 【2607】榮運缺櫃多
1. 標的:榮運

2. 分類:多

3. 分析/正文:
船可以多開繞道就能解決紅海危機,但貨櫃如果缺了就難解決了
因為繞道的關係,運貨期間增加,貨物必須先在貨櫃存著,而運貨除了海運也有空運,而海空貨櫃皆吃的當然就是長榮旗下的榮…",,
tier:silent,1903,士紙,M.1641527430.A.F34,2022-01-07 11:50:30,標的,code,silent,False,1,[標的] 1903 士紙 隱藏防疫多 已刪文,3,True,True,210,"[代號] …[標的] 【1903】 士紙 隱藏防疫多 已刪文
1. 標的:1903 士紙

2. 分類:多

3. 分析/正文:

隱藏的防疫概念股
主力產品濕紙巾
陽光士林防疫旅館


資產部分:
土地都更案已通過北市核准
500億開放商機股本26億
換算未來eps破百有…
[代號] …[標的] 1903 士紙 隱藏防疫多 已刪文
1. 標的:【1903】 士紙

2. 分類:多

3. 分析/正文:

隱藏的防疫概念股
主力產品濕紙巾
陽光士林防疫旅館


資產部分:
土地都更案已通過北市核准
500億開放商機股本26億
換算未來eps破百有資產轉機題材
股價還在地板且持有船票萬海三萬張…
[簡稱(name_with_context)] …文:

隱藏的防疫概念股
主力產品濕紙巾
陽光士林防疫旅館


資產部分:
土地都更案已通過北市核准
500億開放商機股本26億
換算未來eps破百有資產轉機題材
股價還在地板且持有船票萬海三萬張
航運業獲利大增股利穩定被動收入

整體而言【士紙】近兩年體質改善不少
且被納入Msci中小外資一路買
https://i.imgur.com/3gh0FWY.jpg…",,
tier:silent,1338,廣華-KY,M.1442330961.A.205,2015-09-15 23:29:21,其他,code,silent,False,13,[其他] 9/15 台灣集中市場投信買賣超前30名 已刪文,1,True,True,2098,"[代號] …150  12.90   0.00 
3023 信邦      129  56.70  -0.90 
6415 F-矽力     126  288.00   2.00 
1312 國喬      100  16.20  -0.15 
【1338】 F-廣華     85  97.00   3.00 
2415 錩新      85  12.75  -0.05 
2376 技嘉      78  29.50  -0.10 
2317 鴻海      65  84.70  -0.40…",,
tier:silent,1514,亞力,M.1724331546.A.CC0,2024-08-22 20:59:06,情報,code,silent,False,7,[情報] 113年08月22日信用交易統計,1,True,True,1398,"[代號] …294   張
1711永光
資增   3,458   張
券增     197   張
1709東鹼
資增   1,512   張
券增     197   張
8039台虹
資增   2,037   張
券增      36   張
【1514】亞力
資增   1,003   張
券減       3   張
3047訊舟
資減   3,106   張
券減     182   張
3019亞光
資減   2,405   張
券減     417   張
2409友達
資增   3…",,
tier:silent,1410,南染,M.1629109375.A.95E,2021-08-16 18:22:55,情報,code,silent,False,8,[情報] 0816八大公股銀行買賣超排行,1,True,False,3453,"[代號] …27      奇力新          -687
28      國票金          1421            28      集盛            -683
29      大成鋼          【1410】            29      宇環            -642
30      中纖            1390            30      欣興            -629
31      台新金…",,
tier:silent,1525,江申,M.1610983984.A.3E8,2021-01-18 23:33:04,新聞,code,silent,False,6,Re: [新聞] 大陸童裝「淘帝-KY」財報不實 董事及,1,True,True,858,"[代號] …計師事務所內部調整之更換會
計師者」之情事,須依規定發佈重大訊息,而截至109/09/30,施景彬會計師及江明南會
計師所簽證之上市櫃(興櫃)及公開發行公司列表如下:

上市1402遠東新世紀股份有限公司
上市1417嘉裕股份有限公司
上市【1525】江申工業股份有限公司
上市3090日電貿股份有限公
上市1340勝悅新材料有限公司
上市1451年興紡織股份有限公司
上市1907永豐餘投資控股股份有限公
上市2337旺宏電子股份有限公司
上市2412中華電信股份有限公司
上市2450神腦…",,
tier:silent,3055,蔚華科,M.1643257999.A.6BB,2022-01-27 12:33:19,新聞,name,silent,False,1,[新聞] 證交所公布肥貓名單 宏達電董監事酬金423 萬居首,1,False,True,1018,"[簡稱(name)] …但公司109年稅後虧損59.49億元
。

台開排行第2,平均董監事酬金領332萬元,但稅後虧損達18.29億元;大同董監事均酬達
219萬元,排名第3,大同當年虧損10.76億元。

第4至10名分別為達運、州巧、無敵、中和、同開、東華、【蔚華科】,每位董監事酬金在88
萬至150萬元左右。

第11至20名依序為一詮、元晶、立德、欣巴巴、如興、華上、兆赫、華紙、農林與阿瘦,
董監事均酬在56萬至85萬元左右。

證交所公告的資訊包含公司代號、公司名稱、109年稅後虧損金額、董監事酬…",,
tier:silent,2611,志信,M.1639059223.A.3F4,2021-12-09 22:13:43,標的,code,silent,False,7,[標的] 12/2~12/9號地緣券商可能有買,1,True,True,380,"[代號] …幫助。

2883 開發金
5608 四維航
1611 中電
2312 金寶
1444 力麗
1409 新纖
2617 台航
1710 東聯
1414 東和
4414 如興
2612 中航
1616 億泰
2104 中橡
2211 長榮鋼
【2611】 志信

另外試算表表列:
https://reurl.cc/zWVlqa
-----
Sent from JPTT on my iPhone

--
※ 發信站: 批踢踢實業坊(ptt.cc), 來自: 220.141.129.143 (…",,
tier:silent,1108,幸福,M.1636368169.A.3EC,2021-11-08 18:42:49,情報,code,silent,False,5,[情報] 1108 上市櫃外資投信同買排行,1,True,False,1079,"[代號] …[情報] 【1108】 上市櫃外資投信同買排行
排行   股票名稱    成交    漲跌  投信買  外資買

1      2303聯電    62.5    +2.1   7264   39068
2      2409友達    21.1    +0.4…",,
tier:silent,2359,所羅門,M.1702159649.A.4EF,2023-12-10 06:07:29,心得,name,silent,False,3,[心得] 台股2023年漲幅排行榜(至12/8號) 已刪文,1,False,True,2445,"[簡稱(name)] …系統機殼
6122 擎邦     17.1    67.6    295.3%  77.3    -12.5%  公共工程設計管理統包
5432 新門     27.3    106.5   290.1%  110.5   -3.6%   【所羅門】集團LCD模組
6139 亞翔     37.65   144.5   283.8%  159.5   -9.4%   無塵室及機電工程
3548 兆利     60.6    225.5   272.1%  254     -11.2%…",,
tier:silent,2427,三商電,M.1690422189.A.C99,2023-07-27 09:43:09,請益,code,silent,False,1,[請益] 2427 三商電狂噴 但是我沒找到有啥新聞 已刪文,3,True,True,148,"[代號] …[請益] 【2427】 三商電狂噴 但是我沒找到有啥新聞 已刪文
剛剛看到三商電狂噴
然後找了一下新聞
也沒找到啥資訊
為啥突然狂噴了呢?


--
※ 發信站: 批踢踢實業坊(ptt.cc), 來自: 123.51.157.25 (臺灣)
※ 文章網址:
ht…
[簡稱(name)] …[請益] 2427 【三商電】狂噴 但是我沒找到有啥新聞 已刪文
剛剛看到三商電狂噴
然後找了一下新聞
也沒找到啥資訊
為啥突然狂噴了呢?


--
※ 發信站: 批踢踢實業坊(ptt.cc), 來自: 123.51.157.25 (臺灣)
※ 文章網址:
https:…
[簡稱(name)] …[請益] 2427 三商電狂噴 但是我沒找到有啥新聞 已刪文
剛剛看到【三商電】狂噴
然後找了一下新聞
也沒找到啥資訊
為啥突然狂噴了呢?


--
※ 發信站: 批踢踢實業坊(ptt.cc), 來自: 123.51.157.25 (臺灣)
※ 文章網址:
https://www.ptt.cc/bbs/Stock/M.…",,
tier:silent,2374,佳能,M.1713881039.A.B36,2024-04-23 22:03:59,情報,code,silent,False,9,[情報] 113年04月23日信用交易統計,2,True,True,1345,"[代號] …0   張
2330台積電
資減     424   張
券增      33   張
3715定穎投控
資增   1,397   張
券增   1,744   張
2354鴻準
資增   1,358   張
券增      64   張
【2374】佳能
資增   2,206   張
券增     332   張
2206三陽工業
資增   1,405   張
停券
2501國建
資增   1,342   張
券增   1,353   張
2101南港
資增   3,278   張
停…
[簡稱(name_with_context)] …張
2330台積電
資減     424   張
券增      33   張
3715定穎投控
資增   1,397   張
券增   1,744   張
2354鴻準
資增   1,358   張
券增      64   張
2374【佳能】
資增   2,206   張
券增     332   張
2206三陽工業
資增   1,405   張
停券
2501國建
資增   1,342   張
券增   1,353   張
2101南港
資增   3,278   張
停券…",,
tier:silent,1608,華榮,M.1622747786.A.8A3,2021-06-04 03:16:26,新聞,code,silent,False,9,[新聞] 股新常態 從海運、鋼鐵、線纜到面板…遍 地開花,3,True,True,2872,"[代號] …前,台灣的海運及鋼鐵股先視為漲多拉回。惟當沖比重高所帶出來的巨額成交金額,
例如兩大產業占台股比重超過四成乃至五成,畢竟不是好現象,低檔皆以月線為停利參考
。

另外,銅價格站穩萬美元之上就隨時有創新高機會,這給予第一銅(2009)、華榮(【1608】
)、大亞(1609)隨時有拉抬藉口。銅是一切工業之母,汽車及電子的PCB需求最為殷
切。尤其全球邁向電動車市場,而電動車銅的用量是一般汽車的六倍,長線來看各國都開
出何時要全面轉換為電動車以達減少排碳,所以高盛看銅價兩萬美元並不令人意外,…
[代號] …銅是一切工業之母,汽車及電子的PCB需求最為殷
切。尤其全球邁向電動車市場,而電動車銅的用量是一般汽車的六倍,長線來看各國都開
出何時要全面轉換為電動車以達減少排碳,所以高盛看銅價兩萬美元並不令人意外,這一
類族群以華新(1605)、華榮(【1608】)、第一銅(2009)、大亞(1609)、億泰(1616)
較被看好,第二季營益率都快速拉升。與碳有關的就是鋼鐵,中國身為排碳大國,已祭出
減排(碳中和),所以一連串要鋼鐵廠減產、取消出口退稅,或是進一步對出口課稅都是可
以預期的,但是美國…
[簡稱(name_with_context)] …大跌前,台灣的海運及鋼鐵股先視為漲多拉回。惟當沖比重高所帶出來的巨額成交金額,
例如兩大產業占台股比重超過四成乃至五成,畢竟不是好現象,低檔皆以月線為停利參考
。

另外,銅價格站穩萬美元之上就隨時有創新高機會,這給予第一銅(2009)、【華榮】(1608
)、大亞(1609)隨時有拉抬藉口。銅是一切工業之母,汽車及電子的PCB需求最為殷
切。尤其全球邁向電動車市場,而電動車銅的用量是一般汽車的六倍,長線來看各國都開
出何時要全面轉換為電動車以達減少排碳,所以高盛看銅價兩萬美元並不…",,
tier:silent,2390,云辰,M.1518702399.A.9F4,2018-02-15 21:46:39,其他,code,silent,False,4,[其他] 丁酉年-年度排行榜 已刪文,1,True,True,3148,"[代號] …0.65   1.85    9.84%   -43.68
4746台耀        51.60   0.00    0.00%   -42.41
3189景碩        46.90   0.25    0.54%   -41.99
【2390】云辰        10.05   0.15    1.52%   -41.96
3691碩禾       200.50  -4.50   -2.20%   -41.27
6462神盾       161.00   3.50    2.22…",,
tier:silent,2702,華園,M.1610021502.A.269,2021-01-07 20:11:42,新聞,name_with_context,silent,False,2,[新聞] 台股衝上15000點別怕崩盤　謝金河提2觀點 要股民安啦！,1,False,True,1357,"[簡稱(name_with_context)] …此遠離股市。

那個時候,台股為什麼會崩盤?當年三商銀EPS約10元,每股淨值在30元左右,股價炒到
千元,本益比逾百倍,股價淨值比30幾倍;國泰人壽炒到1975元,本益比300倍,股價淨
值比逾百倍,漲到1420元的台火,或是1075元的【華園】飯店,更可說是純炒作。當年12682
的超級行情以金融股及資產股為主,資金退潮,股價毫無天險可守,一定跌得四腳朝天。

他認為,這次指數衝上15000,其實最核心的是台積電,如果去年台積電EPS 20元,本益
比28.5倍,殖利率約1.73…",,
tier:silent,2101,南港,M.1622800506.A.54E,2021-06-04 17:55:06,新聞,code,silent,False,15,[新聞] 台灣50指數增貨運三雄、友達 高股息指數 增長榮等5檔,2,True,True,1415,"[代號] …、中鴻(2014)、南帝(2108)、彩
晶(6116)、AES-KY(6781)、慧洋-KY(2637)、南紡(1440)、東和鋼鐵(2006)及
正隆(1904)。

中型100指數剔除長榮、萬海、陽明、友達、台表科(6278)、南港(【2101】)、亞太電(
3682)、貿聯-KY(3665)、遠百(2903)、同欣電(6271)、神基(3005)和啟碁(
6285)。

候補名單天鈺(4961)、豐興(2015)、中石化(1314)、文曄(3036)、敦泰(3545)
、燁輝(2…
[代號] …中華(2204)、台聚(1304)及群益證(6005)。

台灣資訊科技指數新增彩晶,剔除台表科、貿聯-KY、同欣電、神基。

台灣發達指數新增中鴻、南帝、AES-KY、慧洋-KY、南紡(1440)、東和鋼鐵、正隆(
1904)。剔除南港(【2101】)、亞太電、遠百(2903)及啟碁。

台灣高股息指數則新增友達、群創、超豐、長榮、南帝。剔除聯強和神基。
心得:  0050/006208和0056 同步新增友達和長榮兩檔  星期一這兩檔應該會噴
--
※ 發信站: 批踢踢實業坊(ptt…",,
tier:silent,1417,嘉裕,M.1624260066.A.037,2021-06-21 15:21:06,情報,code,silent,False,2,[情報] 110年06月21日 櫃買法人買賣金額統計表,1,True,False,1179,"[代號] …?


------------(ETF省略)---------------------
投信買超                投信賣超

1.合晶      3365          1.金居      -869
2.台半      【1417】          2.群聯      -594
3.茂達      1357          3.富喬      -392
4.雙鴻       823          4.威剛      -306
5.金可-KY    603…",,
tier:silent,2426,鼎元,M.1598249205.A.34A,2020-08-24 14:06:45,閒聊,name_with_context,silent,False,5,[閒聊] 2020/08/24 盤後閒聊,1,False,True,696,"[簡稱(name_with_context)] …9%。

委買張數1397萬7446張,委賣張數925萬667張,成交張數594萬1941張。

收盤時上漲473家,下跌395家,持平83家。

成交量前5名個股為金像電、友達、聯電、欣興、群創。

漲幅前5名個股為銘旺科、旭隼、台達化、【鼎元】、富鼎。

跌幅前5名個股為友佳-DR、正峰新、百一、南電、太空梭。

--

淩波不過橫塘路,但目送、芳塵去。錦瑟年華誰與度?
月橋花院、瑣窗朱戶,只有春知處。
飛雲冉冉蘅皋暮,彩筆新題斷腸句。若問閒情都幾許?
一川菸草、滿城風絮,梅子黃…",,
tier:silent,2426,鼎元,M.1533821885.A.D39,2018-08-09 21:38:05,標的,code,silent,False,1,Re: [標的] 2426 鼎元 已刪文,5,True,True,415,"[代號] …Re: [標的] 【2426】 鼎元 已刪文
今天公布股東會確認的上半年獲利eps1.51,比法說會公布的1.39還多,之前跌到不行,
明天有機會反彈一波嗎?

還是繼續電梯往下呢?

還有人再看這支嗎?
※ 引述《CCF2016 (鋒哥不要走)》之銘言:
: 1. 標…
[代號] …元 已刪文
今天公布股東會確認的上半年獲利eps1.51,比法說會公布的1.39還多,之前跌到不行,
明天有機會反彈一波嗎?

還是繼續電梯往下呢?

還有人再看這支嗎?
※ 引述《CCF2016 (鋒哥不要走)》之銘言:
: 1. 標的:【2426】鼎元
: 2. 分類:請益
: 3. 分析/正文:
: 這檔在7/9最高點26.5後就一直殺下來最低20.3,殺的過程瑞信一直買,融資也減了一
萬
: 多張,不過這兩天小反彈卻一直賣。
: 這幾天有反彈都上引線,這檔還有救嗎?
: 今天同產…
[簡稱(name_with_context)] …Re: [標的] 2426 【鼎元】 已刪文
今天公布股東會確認的上半年獲利eps1.51,比法說會公布的1.39還多,之前跌到不行,
明天有機會反彈一波嗎?

還是繼續電梯往下呢?

還有人再看這支嗎?
※ 引述《CCF2016 (鋒哥不要走)》之銘言:
: 1. 標的:2…",,
tier:silent,1517,利奇,M.1616662927.A.605,2021-03-25 17:02:07,請益,code,silent,False,1,[請益] 日盛-文化新一代隔日沖券商？,1,True,True,190,"[代號] …[請益] 日盛-文化新一代隔日沖券商?
最近在觀察一些股票

發現日盛-文化這個分點

最近好幾次前一日大買隔日大賣

例如這兩天就和凱基-松山聯手隔日沖【1517】利奇

請問這個是新一代的隔日沖分點嗎

--
※ 發信站: 批踢踢實業坊(ptt.cc), 來自: 223.136.28.6 (臺灣)
※ 文章網址:
https://www.ptt.cc/bbs/Stock/M.1616662927.A…",,
tier:silent,1338,廣華-KY,M.1447077664.A.1CE,2015-11-09 22:01:04,其他,code,silent,False,14,[其他] 11/9 台灣集中市場投信買賣超前30名 已刪文,1,True,True,2105,"[代號] …-270  95.30  -4.40 
2392 正崴     -259  47.30  -1.45 
2474 可成     -247  325.00  -13.00 
2376 技嘉     -231  32.05  -1.35 
【1338】 F-廣華    -225  126.50   3.00 
2881 富邦金    -212  54.90   0.50

--
※ 發信站: 批踢踢實業坊(ptt.cc), 來自: 223.136.106.54
※ 文章網址:
https…",,
tier:silent,2438,翔耀,M.1721952496.A.205,2024-07-26 08:08:16,情報,code,silent,False,1,[情報] 2438 翔耀 建置AI智能運算中心,1,True,True,407,"[代號] …[情報] 【2438】 翔耀 建置AI智能運算中心
標題:

本公司董事會核准通過本公司建置AI智能運算中心

來源:公開資訊觀測站

網址:
https://mops.twse.com.tw/mops/web/ezsearch
內文:
1.董事會或股東會決議日…",,
tier:silent,1417,嘉裕,M.1495459690.A.AA6,2017-05-22 21:28:10,新聞,code,silent,False,4,[新聞] 5/23起陽明恢復資券交易；嘉裕、南緯 已刪文,3,True,True,607,"[代號] …1季財務報告每股淨值資料,符合暫停與恢復融資融券交易之有價證券
調整名單如下:

(一)每股淨值回復至票面以上,應恢復融資融券交易之有價證券共有1種:陽明(2609)。

(二)每股淨值低於票面,應暫停融資融券交易之有價證券共有7種:嘉裕(【1417】)、南緯
(1467)、麗正(2302)、日勝生(2547)、華航(2610)、憶聲(3024)、達能(3686)。

二、以上調整作業自本(106)年5月23日起實施。

3.心得/評論(必需填寫滿20字):
話說原本有融資融券遇到這種情…
[簡稱(name_with_context)] …[新聞] 5/23起陽明恢復資券交易;嘉裕、南緯 已刪文
1.原文連結(超過一行或過長必須縮網址):
https://goo.gl/Ea6u1j
2.原文內容:
5/23起陽明恢復資券交易;【嘉裕】、南緯、華航、日勝生、憶聲、達能、麗正暫停資券交易

上市公司106年第1季財務報告之每股淨值資料符合應暫停及恢復融資融券交易之名單

一、臺灣證券交易所依據「有價證券得為融資融券標準」第4條及「證券商辦理有價證券
買賣融資融券業務操作辦法…
[簡稱(name_with_context)] …6年第1季財務報告每股淨值資料,符合暫停與恢復融資融券交易之有價證券
調整名單如下:

(一)每股淨值回復至票面以上,應恢復融資融券交易之有價證券共有1種:陽明(2609)。

(二)每股淨值低於票面,應暫停融資融券交易之有價證券共有7種:【嘉裕】(1417)、南緯
(1467)、麗正(2302)、日勝生(2547)、華航(2610)、憶聲(3024)、達能(3686)。

二、以上調整作業自本(106)年5月23日起實施。

3.心得/評論(必需填寫滿20字):
話說原本有融資融券…",,
tier:silent,2359,所羅門,M.1706504675.A.2FC,2024-01-29 13:04:35,新聞,code,silent,False,1,[新聞] 美擬禁止中國生技公司取得聯邦合約,1,True,False,742,"[代號] …得聯邦合約-234455515.html

發布時間:

2024年1月29日 週一 上午7:44

記者署名:陳孟朔

原文內容:

【財訊快報/陳孟朔】外電報導,美國部分議員提出一項新法案,禁止包括藥明生物(2269.HK)及藥明康得(【2359】.HK)等生物技術公司取得聯邦期約,擔心會構成國家安全風險。由美國眾議院和參議院議員組成的兩黨小組提出法案,旨在阻止某些生物技術公司獲得聯邦合同,因這些公司由中共控制,涉及國安風險。但目前尚不清楚該法案何時或會否提交至委員會審議,亦難以判斷…",,
tier:silent,2373,震旦行,M.1676709387.A.2F8,2023-02-18 16:36:27,請益,name,silent,False,14,[請益] 有什麼工具能快速搜出殖利穩的定存股?,1,False,True,725,"[簡稱(name)] …可以快速搜尋台股中高殖利、配息穩的定存股?
想蒐看看還有哪些還沒噴的,在配息公布前搭個末班車

另外修文分享一下本人手上持有的定存股:
兆豐金、中信金、富邦金、新保、華票、聯華、興農、環泥、精技、台中銀、
山隆、信義、中再保、正隆、遠東新、【震旦行】、中菲、黑松、巨路
國票金、國眾、大聯大、邁達特、總太、永信、達欣工、中鼎、玉山金、興富發、
聯華食、惠光、元大期、群益證、文曄、品安、新纖、全坤建、日電貿、佳醫、
中信金、兆豐金、富邦金、新保、華票、聯華、興農、環泥、精技、台中銀、

以…",,
tier:silent,1616,億泰,M.1440158416.A.E11,2015-08-21 20:00:16,新聞,code,silent,False,4,[新聞] 華航恢復融資券 24日生效 已刪文,2,True,True,477,"[代號] …容:
2015/08/21 18:51:31

(中央社記者田裕斌台北2015年8月21日電)台灣證券交易所
審閱上市公司第2季財報,華航(2610)因每股淨值回到票面10元以上,
自24日起恢復融資券交易。

至於耿鼎(1524)、億泰(【1616】)、第一銅(2009)、友旺(2444)、
介面(3584),則因每股淨值低於10元,自24日起暫停融資券交易。


3.心得/評論(必需填寫):
原來喔,難怪我覺得為何之前查個股融資券,華航都是0
所以不管是想做多或是想放空的,風險都可以…
[簡稱(name_with_context)] …原文內容:
2015/08/21 18:51:31

(中央社記者田裕斌台北2015年8月21日電)台灣證券交易所
審閱上市公司第2季財報,華航(2610)因每股淨值回到票面10元以上,
自24日起恢復融資券交易。

至於耿鼎(1524)、【億泰】(1616)、第一銅(2009)、友旺(2444)、
介面(3584),則因每股淨值低於10元,自24日起暫停融資券交易。


3.心得/評論(必需填寫):
原來喔,難怪我覺得為何之前查個股融資券,華航都是0
所以不管是想做多或是想放空的,…",,
tier:silent,4994,傳奇,M.1490229002.A.E6D,2017-03-23 08:30:02,閒聊,code,silent,False,2,[閒聊] 2017/03/23 盤中閒聊 已刪文,1,True,False,820,"[代號] …---------------------------------------------
道瓊工業 20661
▼ 6  (0.03%)
英國  7324
▼53  (0.73%)
納斯達克  5821
▲27  (0.48%)
法國  【4994】
▼ 7  (0.15%)
標普500  2348
▲ 4  (0.19%)
德國 11904
▼58  (0.48%)
費半導體   999
▲10  (1.10%)
--
※ 發信站: 批踢踢實業坊(ptt.cc), 來自: 111.8…",,
tier:silent,2429,銘旺科,M.1735169372.A.997,2024-12-26 07:29:32,情報,code,silent,False,1,[情報] 2429 銘旺科 資金用途計畫變更,2,True,True,1324,"[代號] …[情報] 【2429】 銘旺科 資金用途計畫變更
標題:本公司辦理一一三年度第一次現金增資發行新股- 資金用途計畫變更

來源:臺灣證券交易所

網址:
https://www.twse.com.tw/IIH2/zh/market/information.htm…
[簡稱(name)] …[情報] 2429 【銘旺科】 資金用途計畫變更
標題:本公司辦理一一三年度第一次現金增資發行新股- 資金用途計畫變更

來源:臺灣證券交易所

網址:
https://www.twse.com.tw/IIH2/zh/market/information.html
內文…",,
tier:silent,2607,榮運,M.1624241374.A.E4C,2021-06-21 10:09:34,新聞,name_with_context,silent,False,4,[新聞] 持萬張船票 台驊、長榮鋼一張不賣,2,False,True,1068,"[簡稱(name_with_context)] …ttps://reurl.cc/Q9Z6rq
(請善用縮網址工具)
發布時間:04:102021/06/21
(請以原文網頁/報紙之發布時間為準)
原文內容:

貨櫃三雄股價持續飆高,不只台股股民,握有「船票」的公司
更是眉開眼笑,長榮鋼、【榮運】均持有上萬張長榮股票,市值暴增;
承攬龍頭台驊持有陽明超過2萬張,
低點時甚至再加碼長榮、陽明,到目前為止「一張不賣」。


全球運價飆漲,貨櫃三雄股價噴出,
長榮鋼鐵持有長榮3萬8262張,
榮運則持有長榮2萬5254張,堪稱「大戶」,…
[簡稱(name_with_context)] …握有「船票」的公司
更是眉開眼笑,長榮鋼、榮運均持有上萬張長榮股票,市值暴增;
承攬龍頭台驊持有陽明超過2萬張,
低點時甚至再加碼長榮、陽明,到目前為止「一張不賣」。


全球運價飆漲,貨櫃三雄股價噴出,
長榮鋼鐵持有長榮3萬8262張,
【榮運】則持有長榮2萬5254張,堪稱「大戶」,
兩家公司持股市值分別來到53.56億元、35.35億元,對照持股長
榮的成本約10~20億元間,獲利可觀。

值得一提的是,
長榮鋼2月開始處分長榮航2萬張,獲利約2047萬元,
卻不動長榮
,顯然…",,
tier:silent,1604,聲寶,M.1559116487.A.38B,2019-05-29 15:54:47,標的,code,silent,False,1,Re: [標的] 聲寶 1604 多 已刪文,1,True,True,200,"[代號] …Re: [標的] 聲寶 【1604】 多 已刪文
謝了 看到立刻就買來放

昨天拉高加碼結果竟然給我上引線這麼長

今早又開黑 很難不被洗出去

今日17.75出完 感恩阿

為了感謝聲寶 最近房子要出租 家電全都來買聲寶的助攻eps

--
※ 發信站: 批踢踢實業坊(pt…",,
tier:silent,1809,中釉,M.1559572344.A.028,2019-06-03 22:32:24,標的,code,silent,False,1,Re: [標的] 1809 中釉 短空長多,3,True,True,218,"[代號] …Re: [標的] 【1809】 中釉 短空長多
只要中美貿易戰持續
強勢股拉回就是買買買!!!

有鑑於今日尾盤有虎尾鎖漲停
預計明日開盤不計價15分鐘內分批全出反手短空

尾盤一樣全補全力作多

再說一次

只要中美貿易戰持續
強勢股拉回就是買買買!!!
※ 引述《k…
[代號] …!!

有鑑於今日尾盤有虎尾鎖漲停
預計明日開盤不計價15分鐘內分批全出反手短空

尾盤一樣全補全力作多

再說一次

只要中美貿易戰持續
強勢股拉回就是買買買!!!
※ 引述《kkkkk9 (GOGO TW!)》之銘言:
: 1. 標的:【1809】 中釉
: 2. 分類:短空 大長多
: 3. 分析/正文:
:   直接看線
:
https://i.imgur.com/iQ02c3S.png…
[簡稱(name_with_context)] …Re: [標的] 1809 【中釉】 短空長多
只要中美貿易戰持續
強勢股拉回就是買買買!!!

有鑑於今日尾盤有虎尾鎖漲停
預計明日開盤不計價15分鐘內分批全出反手短空

尾盤一樣全補全力作多

再說一次

只要中美貿易戰持續
強勢股拉回就是買買買!!!
※ 引述《kkkk…",,
tier:silent,1524,耿鼎,M.1672189762.A.7C1,2022-12-28 09:09:22,新聞,code,silent,False,2,[新聞] 耿鼎、堤維西 迎千億商機,1,True,True,881,"[代號] …原文內容:
暴風雪襲北美 汽車維修需求暴增 訂單可望大量湧現 帝寶、東陽等業績喊衝

暴風雪重擊北美,汽車維修需求暴增,AM族群迎大單。汽車零組件大廠昨(27)日預期,
在北美暴風雪後,大量換修的汽車碰撞件訂單即將大量湧現,碰撞件廠耿鼎(【1524】)、堤
維西、帝寶、東陽、昭輝啖千億大餅。


暴雪肆虐下的北美汽車維修市場,讓旺季更旺,包括保險桿、車燈、水箱護罩、鈑金等相
關零組件業者都將受惠,相關業者下季業績都可望吃下大補丸,明年首季業績喊衝。


心得/評論:
美國爆炸氣旋環繞下…",,
tier:silent,2101,南港,M.1513318973.A.BC6,2017-12-15 14:22:53,新聞,code,silent,False,10,[新聞] 台灣50指數成分股 調整[尾爆神秘量之解] 已刪文,2,True,True,1000,"[代號] …(5871)、旺宏(2337)。

台灣中型100指數納入康控-KY (4943)、華新科(2492)、創意(3443)、亞光(3019)、致伸(4915);遭刪除的成分股有:葡萄王 (1707)、敬鵬(2355)、南茂(8150)、南港(【2101】)、統一實(9907)。

列入候補名單中的個股包括貿聯-KY(3665)、聯華(1229)、超豐(2441)、中橡(2104)、東聯(1710)、日友(8341)、國票金(2889)、正崴(2392)、大成(1210)、葡萄王(1707)…
[代號] …210)、葡萄王(1707)。

台灣資訊科技指數納入創意(3443)、致伸(4915),刪除南茂(8150);台灣發達指數納入康控-KY (4943)、華新科(2492)、亞光(3019),刪除葡萄王(1707)、敬鵬(2355)、南港(【2101】)、統一實(9907)。

台灣高股息指數成分股納入佳世達(2352)、榮化(1704)、神達(3706)、台化(1326)、中信金(2891);刪除創見(2451)、中鼎(9933)、榮成(1909)、鎧勝-KY(5264)、南茂(815…",,
tier:sparse,1201,味全,M.1558183963.A.270,2019-05-18 20:52:43,新聞,name_with_context,sparse,False,4,[新聞] 15檔三強股 與贏零距離,2,False,True,1162,"[簡稱(name_with_context)] …布局。

挑選今年第一季每股稅後盈餘(EPS)優於去年同期、今年4月營收優於去年同期、及5月6
日中美貿易戰破局至17日共10個交易日期間,三大法人買超及技術面強勢的個股,包括統
一、上海商銀、亞泥、台肥、聯邦銀、遠東銀、聚陽、瑞昱、喬山、【味全】、隆大、瑞儀、
精誠、鈊象、力山等。

黃文清說,篩選出來個股以傳產股居多,涵蓋金融、資產、紡織、水泥及健身器材等題材
個股。其中,統一為內需產業龍頭股,其業務多專注內需消費,第一季獲利受惠大陸市場
業務成長,外資認為統一是安穩買盤首選。…
[簡稱(name_with_context)] …法人肯定,市場
也認為全球資本市場波動,企業經營挑戰性更高,兼具紓壓及健康的健身風潮將會更流行
,有利兩家公司營運。


3.心得/評論:

(1) 15檔三強股 :
統一、上海商銀、亞泥、台肥、聯邦銀、遠東銀、聚陽、瑞昱、喬山

   、【味全】、隆大、瑞儀、精誠、鈊象、力山
。

(2) 篩選出來個股以傳產股居多,涵蓋金融、資產、紡織、水泥及健身器材等題材個股。

(3) 無線藍牙耳機題材的
瑞昱
。

(4) 特別的是,健身器材股
喬山、力山
都雙雙被法人相中。

--
※ 發…",,
tier:sparse,2014,中鴻,M.1639738310.A.D2B,2021-12-17 18:51:50,情報,code,sparse,False,8,[情報] 1217 上市櫃外資投信同買排行,1,True,True,1118,"[代號] …[情報] 1217 上市櫃外資投信同買排行
排行   股票名稱    成交    漲跌   投信買   外資買

1      2002中鋼    35.45   +1.1   32493    61219
2      【2014】中鴻    41.7    +2.3   17401    1937
3      1102亞泥    42.95   0       7451    10822
4      2606裕民    60.8    +1.1    7183…",,
tier:sparse,2601,益航,M.1645671195.A.298,2022-02-24 10:53:15,新聞,name_with_context,sparse,False,2,[新聞] 志信、凱鈺 錢景看俏,1,False,True,995,"[簡稱(name_with_context)] …: 工商時報一鄭郁平/台北報導)


心得/評論:                             ※必需填寫滿30字,無意義者板規處分

志信(2611)昨天收漲停板,目前也漲停板

其他的散裝似乎也沒有這麼強,過去志信的好夥伴【益航】百貨公司也安安靜靜的

難道普丁的自信帶動了志信?

志信難道是這一波烏俄戰爭之下台股的洛柯希爾馬丁(Lockheed Martin)嗎?
https://i.imgur.com/pPgO5Hz.jpg…",,
tier:sparse,1513,中興電,M.1678163871.A.742,2023-03-07 12:37:51,新聞,name,sparse,False,3,[新聞] 領頭羊！證交所力推創新板　泓德能源成「 首檔掛牌能源股」,1,False,True,937,"[簡稱(name)] …。




心得/評論:

綠能能源股這幾天全面噴出,3/14號核二,三號機停機後,能源股大概還會再衝一波吧

感覺多大戶從過年前就在吃貨了

鴻德能源過年前70現在133 (連續兩天兩根漲停)

雲豹能源過年前也差不多70 現在123

【中興電】也漲到快100

森崴能源也快90了


--
※ 發信站: 批踢踢實業坊(ptt.cc), 來自: 1.34.79.45 (臺灣)
※ 文章網址:
https://www.ptt.cc/bbs/Stock/M.1678163871.A.7…",,
tier:sparse,1536,和大,M.1736386665.A.100,2025-01-09 09:37:45,新聞,name_with_context,sparse,False,2,[新聞] D-Wave CEO反駁老黃言論,1,False,True,2191,"[簡稱(name_with_context)] …最新一季的銷售額從去年同期的260萬美元下降至190萬美
元,減少了27%。

量子電腦承諾解決當前處理器無法處理的問題,例如解密、隨機數生成和大規模模擬。技
術專家已經研究數十年,目前包括Nvidia、微軟和IBM在內的公司,以及初創企業【和大】學
研究機構都在積極投入。

去年12月,當Google宣布其研究取得突破時,D-Wave的股價因投資者興趣的回升而大漲。
Google表示,其已完成了一個擁有100個量子位元的晶片,這是其打造擁有100萬量子位元
系統的六步計劃中的第二步…",,
tier:sparse,6505,台塑化,M.1634120590.A.8D2,2021-10-13 18:23:10,情報,name,sparse,False,5,[情報] 1013八大公股銀行買賣超排行,1,False,True,3394,"[簡稱(name)] …-960
17      景碩            968             17      華南金          -813
18      國泰永續高股息  927             18      【台塑化】          -812
19      裕民            907             19      元大滬深300正2  -795
20      臺企銀          865             20…",,
tier:sparse,2013,中鋼構,M.1725603381.A.4A6,2024-09-06 14:16:21,新聞,code,sparse,False,3,[新聞] 中鋼摔4年低價 東鋼營收止4連跌,2,True,True,712,"[代號] …240906700734-430201
發布時間:

2024.09.06

記者署名:

葉時安

原文內容:

【時報記者葉時安台北報導】鋼鐵周五受跟隨大盤反彈力道,表現居上市類股後段班,龍
頭股中鋼(2002)摔近4年新低價,中鋼構(【2013】)跌幅最劇,東和鋼鐵(2006)同樣走疲,東
鋼下周三9月11日將受邀參加元大證券舉辦之線上法說會,報告公司營運狀況,東鋼率先
公布營收,單月營收止步連4滑符合預期,目前國內的建築用鋼需求維持,東鋼今年營收
出貨有保障。

東鋼今年8月營收…
[簡稱(name)] …s/20240906700734-430201
發布時間:

2024.09.06

記者署名:

葉時安

原文內容:

【時報記者葉時安台北報導】鋼鐵周五受跟隨大盤反彈力道,表現居上市類股後段班,龍
頭股中鋼(2002)摔近4年新低價,【中鋼構】(2013)跌幅最劇,東和鋼鐵(2006)同樣走疲,東
鋼下周三9月11日將受邀參加元大證券舉辦之線上法說會,報告公司營運狀況,東鋼率先
公布營收,單月營收止步連4滑符合預期,目前國內的建築用鋼需求維持,東鋼今年營收
出貨有保障。

東鋼今…",,
tier:sparse,2609,陽明,M.1642425458.A.177,2022-01-17 21:17:38,新聞,code,sparse,False,2,[新聞] 海運股倒頭栽 是不是沒戲了？,1,True,True,1075,"[代號] …2-01-17 12:09
(請以原文網頁/報紙之發布時間為準)
原文內容:經濟日報 / 記者楊伶雯、馬琬淳/即時報導

貨櫃航運三雄上周五(14)日反彈,但今(17)日開低走低,長榮(2603)盤中跌至
127.5元,跌幅3.4%;陽明(【2609】)下跌至105元,跌幅2.32%;萬海(2615)跌至167.5元
,跌幅3.45%。航運跌勢不止,為什麼會這樣?該怎麼操作?

貨櫃航運股去年營收表現佳,例如長榮海運去年12月營收寫下歷史次高,衝上522.25億元
,年增112.4%,但…",,
tier:sparse,1731,美吾華,M.1618736817.A.842,2021-04-18 17:06:57,標的,code,sparse,False,1,Re: [標的] 2904 匯僑 穩定多,2,True,True,583,"[代號] …Re: [標的] 2904 匯僑 穩定多
最近推薦的幾支個股

4722國精化
發文日期12/8 收29.1 4/16 收37.4 漲28.5%

2904匯僑
發文日期2/1 收26.25 4/16收30.9 漲17.7%

【1731】美吾華
發文日期2/17 收17 4/16 收19.1 漲12.3%

9939宏全
發文日期3/2 收64.6 4/16收75.7 漲17.2%

這篇不是要炫耀績效
除了9939宏全
因為投信連續抬轎大買5天之外
其他標的都是
放的越久…
[簡稱(name)] …Re: [標的] 2904 匯僑 穩定多
最近推薦的幾支個股

4722國精化
發文日期12/8 收29.1 4/16 收37.4 漲28.5%

2904匯僑
發文日期2/1 收26.25 4/16收30.9 漲17.7%

1731【美吾華】
發文日期2/17 收17 4/16 收19.1 漲12.3%

9939宏全
發文日期3/2 收64.6 4/16收75.7 漲17.2%

這篇不是要炫耀績效
除了9939宏全
因為投信連續抬轎大買5天之外
其他標的都是
放的越久 賺得…",,
tier:sparse,2603,長榮,M.1636364770.A.40D,2021-11-08 17:46:10,新聞,code,sparse,False,2,[新聞] 《台北股市》快樂出航 0056寫最速填息紀 錄,1,True,False,834,"[代號] …錄
原文連結:
https://reurl.cc/1ozWjD
發布時間:2021年11月8日 週一 下午3:10
原文內容:
【時報-台北電】「國民ETF」元大高股息(0056)受惠台股反彈行情,加快填息步伐,8
日並
在最大成分股長榮(【2603】)強漲「推波助瀾」之下,盤中最高來到32.4元,僅短短12
個交易日即完成填息
,改寫最速填息紀錄,近57萬股東笑納配息紅包。

元大高股息ETF於10月22日除息1.8元,順利搭上近期大盤補漲列車,股價穩步走高,而8
日由成分股權重占比最…",,
tier:sparse,2609,陽明,M.1704379972.A.880,2024-01-04 22:52:52,情報,code,sparse,False,3,[情報] 0104 上市櫃外資投信買超金額排行,3,True,True,1234,"[代號] …[情報] 0104 上市櫃外資投信買超金額排行
外資

排行  股票名稱     百萬   收盤價   漲跌

1     【2609】陽明     1978    57.3    +3.3
2     2382廣達     1224    219     +5
3     2357華碩     1000    454     -11
4     2603長榮      9…
[代號] …-0.5

資料來源:
https://tinyurl.com/57bdwj9z
投信

排行  股票名稱     百萬   收盤價   漲跌

1     2603長榮      931    161     +6
2     【2609】陽明      430    57.3    +3.3
3     2379瑞昱      408    456     +4
4     3034聯詠      384    495     -4.5
5     3231緯創…
[簡稱(name_with_context)] …[情報] 0104 上市櫃外資投信買超金額排行
外資

排行  股票名稱     百萬   收盤價   漲跌

1     2609【陽明】     1978    57.3    +3.3
2     2382廣達     1224    219     +5
3     2357華碩     1000    454     -11
4     2603長榮      999…",,
tier:sparse,2329,華泰,M.1563466929.A.B55,2019-07-19 00:22:09,標的,code,sparse,False,2,[標的] 華泰2329 已刪文,13,True,True,2689,"[代號] …[標的] 華泰【2329】 已刪文
1. 標的:華泰 2329

2. 分類:多

3. 分析/正文:

圖文好讀版:
https://truemaninvestments.blogspot.com/2019/07/2329.html
先附上個人實際買進明細表
個人…
[代號] …[標的] 華泰2329 已刪文
1. 標的:華泰 【2329】

2. 分類:多

3. 分析/正文:

圖文好讀版:
https://truemaninvestments.blogspot.com/2019/07/2329.html
先附上個人實際買進明細表
個人陸續自7/1起累積買進65張
預計最…
[簡稱(name_with_context)] …財務體質分析、個人短評
純屬個人財務分析觀點,並非任何投資建議。

一、獲利能力&現金流量分析
 (資料來源:華泰電子2016年~2019Q1財簽)

(1)獲利能力:

短評:受惠FLASH市況漸入佳境,2019年可望突破160億大關

【華泰】電子的營收來源來自於兩大事業部門:電子製造服務中心和半導體事業中心
前者負責EMS代工的部分
後者則為主力獲利來源IC封測
主力產品為NAND FLASH封裝測試
自2017年開始因為NAND FLASH苦於無單可封的情況下,
以及近年中美…",,
tier:sparse,1210,大成,M.1433324248.A.7F3,2015-06-03 17:37:28,標的,code,sparse,False,3,Re: [標的] 卜蜂1215 VS 大成1210 已刪文,2,True,True,715,"[代號] …Re: [標的] 卜蜂1215 VS 大成【1210】 已刪文
卜蜂本體是泰資,跟台資合作,如果這也算外資的話...

泰國本業是做餐飲、飯店旅館等服務業。

目前在南投設廠,本身幾乎不養牛羊豬雞,都是跟台灣

的養殖戶購買...主要做屠宰加工

而跟養殖戶購買的約,通常簽三至五年不等...運…
[代號] …好這麼多,股價卻跟大成差不多。問題出在哪呢?有人可以指點或解惑一下嗎
: ?感謝。
: 有點想死心擺個一年以上。@@""會不會是自殺行為?
: ----------------------
: 1. 標的:
:    卜蜂1215 VS 大成【1210】
: 2. 進場理由
:    a.基本面:
:      去年EPS
:              3.21  VS  1.70
:      今年Q1
:              0.72  VS  0.23
:      配股息
:…",,
tier:sparse,2316,楠梓電,M.1572762990.A.AD1,2019-11-03 14:36:30,心得,name,sparse,False,3,Re: [心得] 大盤及鴻海分析,1,False,True,1130,"[簡稱(name)] …束了

這點可以從2017年2-7月觀察得出來

鴻海只有在這樣邊拉邊整理才會長遠

只要最後暴衝一波就差不多結束了

-------------------------------------------

大致是這樣啦

PS:

至於【楠梓電】有點建議

這種一波開拉一倍以上的漲幅(20-49)

只要一回測就至少幅度的3成起跳

意思是這波大概拉了30塊 回測就先預估至少1/3

所以回測至少10塊(39附近)

這時候才開始觀察39附近有沒有接點或者止跌

如果沒有任何好接點…",,
tier:sparse,2367,燿華,M.1712895616.A.803,2024-04-12 12:20:16,新聞,code,sparse,False,1,[新聞] 燿華本季再拼雙位數成長；泰國廠本季動土 興建,6,True,True,538,"[代號] …] 燿華本季再拼雙位數成長;泰國廠本季動土 興建
燿華本季再拼雙位數成長;泰國廠本季動土興建
https://reurl.cc/7029p9
2024/04/12 11:21
MoneyDJ新聞 記者 萬惠雯 報導


印刷電路板廠商燿華(【2367】)第一季營收41.63億元,季成長14.7%,可望推動燿華第一季即
可轉盈,展望第二季,目前看來,除了低軌衛星是成長主力外,汽車板、NB市場也有慢慢
起來,法人估,燿華第二季營收再往上,再加上工作天數回到正常,單季營收可挑戰雙位
數成長。…
[簡稱(name_with_context)] …[新聞] 燿華本季再拼雙位數成長;泰國廠本季動土 興建
燿華本季再拼雙位數成長;泰國廠本季動土興建
https://reurl.cc/7029p9
2024/04/12 11:21
MoneyDJ新聞 記者 萬惠雯 報導


印刷電路板廠商【燿華】(2367)第一季營收41.63億元,季成長14.7%,可望推動燿華第一季即
可轉盈,展望第二季,目前看來,除了低軌衛星是成長主力外,汽車板、NB市場也有慢慢
起來,法人估,燿華第二季營收再往上,再加上工作天數回到正常,單季營收可挑戰雙位…
[簡稱(name_with_context)] …雙位數成長;泰國廠本季動土興建
https://reurl.cc/7029p9
2024/04/12 11:21
MoneyDJ新聞 記者 萬惠雯 報導


印刷電路板廠商燿華(2367)第一季營收41.63億元,季成長14.7%,可望推動【燿華】第一季即
可轉盈,展望第二季,目前看來,除了低軌衛星是成長主力外,汽車板、NB市場也有慢慢
起來,法人估,燿華第二季營收再往上,再加上工作天數回到正常,單季營收可挑戰雙位
數成長。

依燿華2023年的產品比重,汽車占42%、手機占4%、I…",,
tier:sparse,2480,敦陽科,M.1719393890.A.A0D,2024-06-26 17:24:50,情報,code,sparse,False,5,[情報] 020027 020029 020038 020035 定期審核結果,2,True,True,661,"[代號] …高股息報酬指數
成分股納入(9):
2303 聯電、2609 陽明、2886 兆豐金、3014 聯陽、
3209 全科、3592 瑞鼎、6189 豐藝、8016 矽創、8112 至上
成分股刪除(9):
2352 佳世達、2356 英業達、【2480】 敦陽科、2615 萬海、
2891 中信金、3036 文曄、6239 力成、6670 復盛應用、8163 達方
020035 - 特選上櫃ESG永續高股息報酬指數
成分股納入(8):
1785 光洋科、3264 欣銓、5371 中光電、5…
[簡稱(name)] …指數
成分股納入(9):
2303 聯電、2609 陽明、2886 兆豐金、3014 聯陽、
3209 全科、3592 瑞鼎、6189 豐藝、8016 矽創、8112 至上
成分股刪除(9):
2352 佳世達、2356 英業達、2480 【敦陽科】、2615 萬海、
2891 中信金、3036 文曄、6239 力成、6670 復盛應用、8163 達方
020035 - 特選上櫃ESG永續高股息報酬指數
成分股納入(8):
1785 光洋科、3264 欣銓、5371 中光電、5508…",,
tier:sparse,2344,華邦電,M.1591407472.A.DCC,2020-06-06 09:37:52,心得,name,sparse,False,1,[心得] 還有哪些電子族群尚未漲回起跌點?,2,False,True,233,"[簡稱(name)] …[心得] 還有哪些電子族群尚未漲回起跌點?
費城半導體指數 已經完全回到疫情爆發前的起跌點

本人預測 接下來台灣所有的電子類股族群

都會漲回到起跌點

現在看起來 就是記憶體類股還有一段差距

本人已經重壓南亞科及【華邦電】

還有其他的嗎?
(本人手上目前有三檔股票 玉晶光 南亞科 華邦電)

--
※ 發信站: 批踢踢實業坊(ptt.cc), 來自: 42.76.1.21 (臺灣)
※ 文章網址:
https://www.ptt.cc/bbs/Stock/…
[簡稱(name)] …城半導體指數 已經完全回到疫情爆發前的起跌點

本人預測 接下來台灣所有的電子類股族群

都會漲回到起跌點

現在看起來 就是記憶體類股還有一段差距

本人已經重壓南亞科及華邦電

還有其他的嗎?
(本人手上目前有三檔股票 玉晶光 南亞科 【華邦電】)

--
※ 發信站: 批踢踢實業坊(ptt.cc), 來自: 42.76.1.21 (臺灣)
※ 文章網址:
https://www.ptt.cc/bbs/Stock/M.1591407472.A.DCC.html…",,
tier:sparse,2609,陽明,M.1734059683.A.D94,2024-12-13 11:14:43,標的,code,sparse,False,2,[標的] 2609陽明 老船長Yu帶你開船多多囉 跟上R,5,True,True,613,"[代號] …[標的] 【2609】陽明 老船長Yu帶你開船多多囉 跟上R
-------------------------------------------------------------------------
1.發標的文未充實內文,
多空理由不充實
者,板規1…
[代號] …不停損多
                 ex [標的] TSLA.US 特斯拉 馬斯克火星多
---------------------按ctrl+y
可刪除
以上內容。----------------------------

標的:【2609】
(例 2330.TW 台積電)
分類:多
(請選擇並刪除無關分類)
分析/正文:航運股不是我在臭屁
我分析敢說第二 沒人敢說第一
#1ao9PuDR (Stock)
可參考去年分享文章 現在整個翻倍~



陽明2609目前物超所值

淨…
[代號] …----

標的:2609
(例 2330.TW 台積電)
分類:多
(請選擇並刪除無關分類)
分析/正文:航運股不是我在臭屁
我分析敢說第二 沒人敢說第一
#1ao9PuDR (Stock)
可參考去年分享文章 現在整個翻倍~



陽明【2609】目前物超所值

淨值比台船最便宜


明年一張發股息9000-1000塊給你

現在不買 你要等高股息開始進場買

才追三位數的陽明嗎!?

跟著我一起看船啦
https://i.imgur.com/1L4qWe0.jpeg…",,
tier:sparse,2912,統一超,M.1564537051.A.918,2019-07-31 09:37:31,標的,code,sparse,False,1,Re: [標的] 2912 統一超 多,1,True,True,300,"[代號] …Re: [標的] 【2912】 統一超 多
統一超今天除權息(8.8元)、照最近籌碼、有可能向上攻堅一波,建議持續買進與持有
!


統一跟統一超、後面的金主是台南幫集團、實力不用懷疑,業績也完全沒問題!每一年都
是靠這二隻賺取龐大金錢!

統一超前波高點378元、依現…",,
tier:sparse,1504,東元,M.1437798869.A.4C6,2015-07-25 12:34:29,新聞,name_with_context,sparse,False,6,[新聞] 謝金河：小心「擺爛行情」！ 已刪文,1,False,True,1905,"[簡稱(name_with_context)] …─美食一○三張,王品九二張,鳳凰六一張,亞都一五張
,老爺知只成交四張,圓方沒有成交,寶得利成交六張,易飛網一○張,六角七張,瓦城
六六張,F─雅茗成交一○張,F─富驛三七張,廿一日只成交兩張,桃園店只成交五張
就跌停板,而跌停只掛出兩張,【東元】集團的安心只成交一張。


3.心得/評論(必需填寫):
http://i.imgur.com/hBMPAXY.gif…",,
tier:sparse,1605,華新,M.1582858687.A.9F0,2020-02-28 10:58:07,新聞,code,sparse,False,1,Re: [新聞] 寶德聲請破產 國發基金、銀行虧大了,2,True,False,2710,"[代號] …事對相關大股東與聯貸銀行的影響有多大?

    首先,這件事其實早在半年多前(19年7月底8月初)就被媒體
    報導出來,而當時相關的大股東、聯貸銀行,只要有上市的基本上
    股價就已經反應了,只是跌幅不同...

    華新(【1605】 週線圖):
https://tw.stock.yahoo.com/q/ta?s=1605&tech_submit=%ACd+%B8%DF
這是「週線」,以當時新聞報導的時間,大致是19年7月底
    所以我們同步把時間點指向這個時間,而…
[代號] …底8月初)就被媒體
    報導出來,而當時相關的大股東、聯貸銀行,只要有上市的基本上
    股價就已經反應了,只是跌幅不同...

    華新(1605 週線圖):
https://tw.stock.yahoo.com/q/ta?s=【1605】&tech_submit=%ACd+%B8%DF
這是「週線」,以當時新聞報導的時間,大致是19年7月底
    所以我們同步把時間點指向這個時間,而從那段時間看高點在 15.45
    跌到 13.15,大概跌了13趴

    因為華…",,
tier:sparse,2838,聯邦銀,M.1602629477.A.0ED,2020-10-14 06:51:17,新聞,name,sparse,False,2,[新聞] 京城銀 3億元收購萬泰證,1,False,True,926,"[簡稱(name)] …展數位金融,升級行動銀行服務,在本身有保代業務下,缺少證券下單服務,
買下萬泰證券後將可補足,至於未來發展策略,包括是否在更多京城銀實體分行搭配設點,
還是鎖定數位通路,京城銀將再行研擬。

不少非金控體系的獨立銀行,都有附設證券部門,例如【聯邦銀】、台企銀、彰銀等,而台中銀
、遠東銀則是轉投資、收購證券子公司。

------------

至 Q3 賺3.29,全年拼賺4到4.5up?(GG 若可過500,台股創新高,認列大GG 利益就應不少
) 明年若配的出2塊以上,還能上車?…",,
tier:sparse,2903,遠百,M.1507037153.A.954,2017-10-03 21:25:53,標的,code,sparse,False,1,Re: [標的] 2903遠百 已刪文,2,True,True,919,"[代號] …Re: [標的] 【2903】遠百 已刪文
蠻驚訝的現在還有人看新聞做股票~
遠百如果要上去其實重點就那幾個
你短期一年內看到股價要上去應該沒機會
至於大家說的百貨公司人很少啦~提袋率低啦~那些都不是重點
因為那也不是影響股價的真正原因~這些事情看財報就知道
其實只看台…
[代號] …容,未依格式者板規1-1-2砍文處份。
: 5.分類選填請益或心得者,進退場機制得刪去。
: ---------------------按ctrl+y可刪除以上內容。----------------------------
: 1. 標的:【2903】 遠百
: 2. 分類:請益
: 3. 分析/正文:近期看到這支股票,週年慶也開跑了,新聞也放出利多的消息,看技術線
: 也到達最低點 是否有上漲的可能性。
:
https://i.imgur.com/evuqO1c.jpg…",,
tier:sparse,1102,亞泥,M.1529226717.A.1F6,2018-06-17 17:11:57,新聞,code,sparse,False,1,Re: [新聞] 中貿易再次交火 波音、蘋果也將受害.. 已刪文,1,True,False,1329,"[代號] …庫克也曾與川普會談,並稱以關稅對付中國是錯誤的方法。目前蘋果產品大部分都在中國製造,且中國市場也名列蘋果前三大的市場。雖然這次關稅清單將智慧型手機排除在外,但攸關相關零組件仍在清單行列,因此蘋果仍可能受到衝擊。
: 川普15日公佈的清單涵蓋【1102】類關稅項目,以高科技產品為主,目標鎖定「中國製造2025」計畫,川普稱這項計畫將打擊美國及其他國家的經濟成長。中國也隨之反擊,提出500億商品關稅清單,目標鎖定農產品。
波音我是不清楚

  蘋果???

  就我所知在中國組裝的IPHON…",,
tier:sparse,2616,山隆,M.1466360674.A.31A,2016-06-20 02:24:34,標的,code,sparse,False,13,[標的] 本週程式選股結果 已刪文,1,True,True,3420,"[代號] …32.88
1582    信錦            50.57
6128    上福全球        36.49
1232    大統益          76.67
6121    新普            108.93
【2616】    山隆通運        23.8
3042    晶技            39.19
9925    新光保全        39.26
2414    精技電腦        16.27
6183    關貿…",,
tier:sparse,1434,福懋,M.1526575011.A.D79,2018-05-18 00:36:51,標的,name_with_context,sparse,False,1,Re: [標的] 8131福懋科 已刪文,2,False,True,1475,"[簡稱(name_with_context)] …板規1-1-2砍文處份。
: 5.分類選填請益或心得者,進退場機制得刪去。
: ---------------------按ctrl+y可刪除以上內容。----------------------------
: 1. 標的:
: 8131【福懋】科
: 2. 分類:多/空/請益/心得
: 多
: 3. 分析/正文:
: 基本面
: 主要是接南亞科的單,營收最近一年呈現年減約10%,毛利率與營益率大致與去年相當,
: 本業大致平平,業外的部分表現亮眼,從近幾年財報來看主要是持有大量的…
[簡稱(name_with_context)] …他不太?
: 看,請版上高手指教
: 籌碼面
: 大部分的股權掌握在董監事約65%,外資持股近10%,9月中那波上漲主要應該是外資買上
: 去的,10月中後的下跌過程外資有賣,但不多
: 消息面
:   “法人圈估算,受惠於南亞科訂單大增,【福懋】科第四季接單將明顯回升,第四季單季營?
: 與獲利將回到去年同期水準,今年每股獲利將上看3元,表現優於預期。  ”有看到這則新
: 聞,但目前10、11月營收好像不增反減,我自己是估Q4大約0.55,全年約2.8元
: 4. 進退場機制:(…",,
tier:sparse,1310,台苯,M.1689605521.A.915,2023-07-17 22:52:01,創作,code,sparse,False,5,Re: [創作] 處置王 - 功能介紹 (不限額快閃回饋),1,True,False,5897,"[代號] …07/14 10:13
1270樓  edielee     : 推推 07/14 10:23
1280樓  doom109     : 推推 07/14 10:39
1290樓  aquanox     : 推 07/14 10:58
【1310】樓  kutar210    : 推一個 07/14 11:28
1320樓  hello5949   : 推 07/14 11:53
1330樓  shoutbyt    : 推 07/14 12:08
1340樓  njgcl76020…",,
tier:sparse,2603,長榮,M.1609753015.A.F34,2021-01-04 17:36:55,請益,code,sparse,False,1,[請益] 長榮2603籌碼應該如何解讀？,1,True,False,455,"[代號] …[請益] 長榮【2603】籌碼應該如何解讀?
--------------------------------------------------

2603從10幾20進進出出玩到現在
最進一次入場成本在30

目前的位置開始比較警覺跟注意了
想問問前輩們都會怎麼…",,
tier:sparse,2108,南帝,M.1514455020.A.CBD,2017-12-28 17:57:00,請益,code,sparse,False,1,[請益] 請問各位先進這兩檔多單！ 已刪文,2,True,True,192,"[代號] …[請益] 請問各位先進這兩檔多單! 已刪文
1:動力-KY(6591): 今天上市入手了一張價格93

2:南帝-(【2108】):外資買了快一個月但股價

只有小漲,均價在22.9,不知道還有沒有戲?

請各位先進指教


--
※ 發信站: 批踢踢實業坊(ptt.cc), 來自: 223.141.1.21
※ 文章網址:
https://www.ptt.cc/b…
[簡稱(name_with_context)] …[請益] 請問各位先進這兩檔多單! 已刪文
1:動力-KY(6591): 今天上市入手了一張價格93

2:【南帝】-(2108):外資買了快一個月但股價

只有小漲,均價在22.9,不知道還有沒有戲?

請各位先進指教


--
※ 發信站: 批踢踢實業坊(ptt.cc), 來自: 223.141.1.21
※ 文章網址:
https://www.pt…",,
tier:sparse,2723,美食-KY,M.1430750771.A.0A0,2015-05-04 22:46:11,其他,code,sparse,False,15,[其他] 5/4 台灣集中市場外資買賣超前30名 已刪文,1,True,True,2208,"[代號] …2  270551  18.79 
2474 可成     -1395  427073  56.78 
2406 國碩     -1326   11298   3.66 
2401 凌陽     -1284   27981   4.72 
【2723】 F-美食    -1210   82238  58.27 
2379 瑞昱     -1157  236752  46.88 
2331 精英     -1038   95790  17.18 
2498 宏達電    -992  179…",,
tier:sparse,2832,台產,M.1718624442.A.889,2024-06-17 19:40:42,新聞,name_with_context,sparse,False,1,[新聞] 皇家美食(4419)股價連四跳,1,False,True,1001,"[簡稱(name_with_context)] …於今年度發展策略,皇家美式預計擴大行銷手法,藉由新菜色開發、專案活動及數位行
銷手法,增加顧客回購率,並開發中式速食及甜點品牌,做為潮港城產品線延伸。電商平
台方面則整合潮港城產品,推廣明星產品,擴大品牌效益,同時開發新供應商,擴大電商
平【台產】品線,提高客戶回購率。心得/評論:
※必需填寫滿30正體中文字,無意義者板規處分
自從公布五月營收後股價暴起
有機會跟著營收漲5倍嗎?

台鋼集團又一代表作?!

--
※ 發信站: 批踢踢實業坊(ptt.cc), 來自: 219.91.8…",,
tier:sparse,2609,陽明,M.1639374372.A.3C9,2021-12-13 13:46:12,請益,name_with_context,sparse,False,1,Re: [請益] 今天航運大漲也是出貨嗎？,1,False,True,733,"[簡稱(name_with_context)] …長榮是有多少融資阿 會到沒資可借的奇怪現象
: : 之前只是遇過沒券可以賣 第一次碰到沒資可買
: : 這波融資推升航運 應該可以續漲到重返榮耀應該沒問題
: : 看來水手們 又要重新啟航囉!!!!
: 今天標準出貨盤,仔細看會發現今天長榮【陽明】上漲
: 只是跟著萬海大哥漲停的氣勢罷了,萬海是籌碼最
: 乾淨主力最能控制的三雄(老船長說的),但你要
: 知道這一個月萬海完全沒漲到,主力只是趁下午法
: 會前拉給公司派做個交代而已,所以啦~尾盤你發
: 現長榮陽明都沒力了,簡單的來說…",,
tier:sparse,2347,聯強,M.1659941562.A.12A,2022-08-08 14:52:42,情報,code,sparse,False,15,[情報] 0808 上市投信買賣超排行,1,True,True,2273,"[代號] …超

1       2883開發金      8,748
2       2885元大金      3,758
3       2002中鋼        3,619
4       2890永豐金      3,590
5       【2347】聯強        2,619
6       2882國泰金      2,569
7       2881富邦金      2,042
8       2324仁寶        1,603
9       2353宏碁…",,
tier:sparse,1504,東元,M.1545982515.A.431,2018-12-28 15:35:15,心得,name_with_context,sparse,False,1,[心得] 生涯報酬率(第3.5年) 已刪文,2,False,True,2298,"[簡稱(name_with_context)] …工亦相當大方,每年約提
供獲利的10%(今年約20億元),作為非高階經理階層的紅利獎金,據此,不難
推斷中基層員工士氣應該很不錯,公司長期經營展望穩定。12月份隨著主要客
戶美股頻果的下殺,股價也急殺了一波,目前買入之均價229元。

3.【東元】 * 20張 主要業務:大小馬達,家電,轉投資事業(宅配,餐飲,住宅開發)
    主要獲利來源為馬達事業(全球前三大工業馬達製造商)以及轉投資事業,
家電除空調外其他產品獲利有限。近幾年生意堪稱穩定,60年的老牌公司,若
以其資產價值,穩…
[簡稱(name_with_context)] …並無售出打算。

5.弘塑*8張
     相對於去年,今年是弘塑很艱難的一年,業績大減近4成。不過公司產品
仍有不錯的獲利能力,今年可望仍可賺一個股本以上。期望來年,可以儘速擺
脫谷底,目前並無售出打算。

    這半年由於群聯,可成,【東元】等公司有相當親民的報價,故再度增動了股
票質押撥款,目前負債約213萬,投資帳戶總資產約620萬,財務槓桿約1.5倍,
已達個人上限。
    截至目前為止,距離成為合格的投資人的30年門檻,還有26.5年...X





--
[杜鵑不…",,
tier:sparse,2606,裕民,M.1488428465.A.97B,2017-03-02 12:21:05,標的,code,sparse,False,1,Re: [標的] 2637慧洋 已刪文,1,True,False,925,"[代號] …次對不上

總之個人今天小跟 3 張 33.6
又快滿倉拉~~~
※ 引述《open100 (ma)》之銘言:
: 雖然沒有照著想法走
: 看不透 匯率的影響
: 短線真不適合我
: 持續持有 放長
: 有耐心的人才能賺到大錢
: 真的反彈【2606】会漲得比2637多
: 兩者都持有, 終会迎向景氣的浪潮
: ※ 引述《open100 (ma)》之銘言:
: : 1. 標的:2637
: : 2. 分類:多
: : 3. 分析/正文:
: : 今年度航運市況不佳及日幣升值所致,惟外幣兌…",,
tier:sparse,2480,敦陽科,M.1645779874.A.3BC,2022-02-25 17:04:34,情報,code,sparse,False,1,[情報] 2480.TW 敦陽科 現金股利5.62元,4,True,True,478,"[代號] …[情報] 【2480】.TW 敦陽科 現金股利5.62元
1. 標題: 2480 敦陽科 現金股利5.62元

2. 來源: 公開資訊觀測站

3. 網址:
https://reurl.cc/RjDDkr
4. 內文:

1. 董事會決議日期:111/02/25…
[代號] …[情報] 2480.TW 敦陽科 現金股利5.62元
1. 標題: 【2480】 敦陽科 現金股利5.62元

2. 來源: 公開資訊觀測站

3. 網址:
https://reurl.cc/RjDDkr
4. 內文:

1. 董事會決議日期:111/02/25
2. 股利所屬年(季)度:110年 年度
3. 股利所屬…
[簡稱(name)] …[情報] 2480.TW 【敦陽科】 現金股利5.62元
1. 標題: 2480 敦陽科 現金股利5.62元

2. 來源: 公開資訊觀測站

3. 網址:
https://reurl.cc/RjDDkr
4. 內文:

1. 董事會決議日期:111/02/25
2. 股利所…",,
tier:sparse,2344,華邦電,M.1608032971.A.EF1,2020-12-15 19:49:31,新聞,name,sparse,False,4,[新聞] 外資轉空市場買盤縮手 跌逾140點下測萬四支撐,1,False,True,742,"[簡稱(name)] …億元。

今日權值股全面走弱,前十大權值股僅中華電收紅,電子股方面,台積電、鴻海、聯發科
、台達電等小跌作收,不過聯電大跌 4.7%,

近日熱門電子股也漲多拉回修正,被動元件的國巨、華新科漲多重挫 6%,面板雙虎友達
、群創與記憶體的【華邦電】、旺宏,蘋概相關的玉晶光、可成、臻鼎 - KY,以及代工廠緯
創、和碩、廣達等,均有 2-4% 左右的跌幅。

金融族群則在國泰金跌 1.7%、富邦金跌 3% 下,同步走弱;傳產指標台塑四寶則以台塑
化跌 1.6% 最多、近期強勢鋼鐵指標中…",,
tier:sparse,2605,新興,M.1654930778.A.CF2,2022-06-11 14:59:38,新聞,name_with_context,sparse,False,1,[新聞] 新一代女股神！美國國會議長裴洛西買的每 支股票都暴漲？,2,False,True,2781,"[簡稱(name_with_context)] …只是時機巧了點,例如12月中買進的迪士尼(Disney)、美光,都剛好下單在相對低檔,
隨後上漲至今,據推測可能只是很會掌握產業訊息。

最近壓注元宇宙概念股

真是如此?看看2021年12月,裴洛西最新一波壓買漲期權的股票名單,還包括了【新興】遊戲
公司Roblox。這個被稱為有「元宇宙概念股」的遊戲新秀,可是方舟經理人伍茲長期投注
標的,但是公司從2018年至今,都是虧損狀態。

也許,裴洛西決定偶爾學學伍茲,擁抱新興小公司;要不然,可能就是獲取了來自元宇宙
的內線。

當近期…
[簡稱(name_with_context)] …021年12月,裴洛西最新一波壓買漲期權的股票名單,還包括了新興遊戲
公司Roblox。這個被稱為有「元宇宙概念股」的遊戲新秀,可是方舟經理人伍茲長期投注
標的,但是公司從2018年至今,都是虧損狀態。

也許,裴洛西決定偶爾學學伍茲,擁抱【新興】小公司;要不然,可能就是獲取了來自元宇宙
的內線。

當近期美國不少人建議,應該禁止國會議員買賣股票,以防止他們擅用職權獲得內線之際
,裴洛西正是大力跳出來反對的關鍵人士。她直呼,美國是自由市場經濟,國會議員應該
有權利買賣股票。這樣的作為…",,
tier:sparse,1605,華新,M.1663581213.A.1B7,2022-09-19 17:53:33,情報,code,sparse,False,3,[情報] 0919 上市櫃外資投信同買排行,1,True,False,1119,"[代號] …[情報] 0919 上市櫃外資投信同買排行
排行   股票名稱    成交    漲跌   投信買   外資買

1      【1605】華新    39.75   +0.4    2740     353
2      6443元晶    41.7    -0.5    2233     3370
3      5425台半    87.4    +2.6    1726…",,
tier:sparse,1504,東元,M.1587559341.A.954,2020-04-22 20:42:21,其他,code,sparse,False,15,[其他] 4/22台灣集中市場三大法人買賣超前三十,1,True,True,3287,"[代號] …-377    -2954
2610    華航            -2834   -7      -52     -2893
6176    瑞儀            -2720   48      -41     -2713
【1504】    東元            -2642   -1      -51     -2694
2801    彰銀            -2626   -8      0       -2634
6251    定穎…",,
tier:sparse,2102,泰豐,M.1485261037.A.0D7,2017-01-24 20:30:37,標的,code,sparse,False,1,[標的] 【2102 泰豐】多 已刪文,4,True,True,352,"[代號] …[標的] 【【2102】 泰豐】多 已刪文
1. 標的:【2102 泰豐】

2. 分類:多

3. 分析/正文:

   (1) 因大火災損5億,月營收少7成,短期營收約少3億/月。

   (2) 有新光保險,約可獲得賠償4億以上?!這點還不清楚。

   (…
[代號] …[標的] 【2102 泰豐】多 已刪文
1. 標的:【【2102】 泰豐】

2. 分類:多

3. 分析/正文:

   (1) 因大火災損5億,月營收少7成,短期營收約少3億/月。

   (2) 有新光保險,約可獲得賠償4億以上?!這點還不清楚。

   (3) 廠房燒毀,不准原地重建,土地潛在處分…
[簡稱(name_with_context)] …[標的] 【2102 泰豐】多 已刪文
1. 標的:【2102 【泰豐】】

2. 分類:多

3. 分析/正文:

   (1) 因大火災損5億,月營收少7成,短期營收約少3億/月。

   (2) 有新光保險,約可獲得賠償4億以上?!這點還不清楚。

   (3) 廠房燒毀,不准原地重建,土地潛在處分利益高…",,
tier:sparse,2344,華邦電,M.1534171531.A.E42,2018-08-13 22:45:31,心得,name,sparse,False,3,[心得] 其實PTT還蠻準的，後悔沒有跟上車 已刪文,1,False,True,381,"[簡稱(name)] …[心得] 其實PTT還蠻準的,後悔沒有跟上車 已刪文
其實這兩年觀察下來
從大盤ptt一直鼓吹做多
從8000到11000
大家喊做多
玉晶光
亞光
還有一堆光字輩
到美騎馬 康普
【華邦電】 旺宏
還有人臉辨識
還有風力發電
還有從兩百衝到破千的國巨
矽晶圓到被動元件
好多好多

永遠記得  橘子光
大家隨便喊 隨便上去
跟神一樣

有人說只是看大盤上去做多而已
但是
ptt大神們照樣神
可以預知國巨破千
照樣大喊
放空國巨…",,
tier:sparse,1904,正隆,M.1431968046.A.26A,2015-05-19 00:54:06,標的,code,sparse,False,1,[標的] 1904 正隆 已刪文,4,True,True,292,"[代號] …[標的] 【1904】 正隆 已刪文
1. 標的:1904正隆

2. 進場理由
   a.基本面: 轉虧為盈,毛利大增
   b.技術面: 整理一段時間
   c.籌碼面: 法人持續買超
   d.消息面: TPP概念,越南第三廠,5月運轉,月產60萬呎…
[代號] …[標的] 1904 正隆 已刪文
1. 標的:【1904】正隆

2. 進場理由
   a.基本面: 轉虧為盈,毛利大增
   b.技術面: 整理一段時間
   c.籌碼面: 法人持續買超
   d.消息面: TPP概念,越南第三廠,5月運轉,月產60萬呎
              工業用紙傳統…
[簡稱(name_with_context)] …[標的] 1904 【正隆】 已刪文
1. 標的:1904正隆

2. 進場理由
   a.基本面: 轉虧為盈,毛利大增
   b.技術面: 整理一段時間
   c.籌碼面: 法人持續買超
   d.消息面: TPP概念,越南第三廠,5月運轉,月產60萬呎…",,
tier:sparse,1303,南亞,M.1717766161.A.011,2024-06-07 21:16:01,新聞,code,sparse,False,3,[新聞] 台塑四寶：塑化價量行情逐步提振 Q2、Q 3營運蓄勢推進,1,True,True,1404,"[代號] …暄貽

原文內容:

台塑四寶認為,第二季步入石化產品需求旺季,且亞洲有14座輕裂廠歲修,市場供給減少,石化平均價格多優於第一季。伴隨塑化價量行情逐步改善提振,台塑(1301)預期6月營收與5月相當,第二季營收及本業營運將優於第一季;南亞(【1303】)、台化(1326)預期6月、第二季營收持穩推升。第三季營運蓄勢更上層樓。

展望油價走勢,台塑化(6505)表示,OPEC+會議沒有超出市場預期,且歐洲原油現貨市場仍然疲弱,加上成品油庫存持續增加,美國汽油需求平淡,增添油價續跌壓力。 F…",,
tier:sparse,1907,永豐餘,M.1618817848.A.770,2021-04-19 15:37:28,新聞,code,sparse,False,1,[新聞] 永豐餘缺貨題材燒 推升營運,18,True,True,1780,"[代號] …ly/3tBMci0
(請善用縮網址工具)
發布時間:
2021-04-18 01:30
(請以原文網頁/報紙之發布時間為準)
原文內容:
國內農用紙箱缺貨,農產品沒有紙箱可包裝,引發紙箱缺貨潮,市場預期,工紙廠可望因
此受惠,激勵永豐餘(【1907】)股價表現,上周五(16日)收盤價收在38.85元,漲0.5元,
周漲幅23%,今年以來漲幅超過三成。

永豐餘2012年轉型為投資控股公司,以多角化經營策略,深化文化用紙、工紙紙器、家庭
用紙市場;在造紙業經歷黃金時期時,何壽川搶先布局從…
[簡稱(name)] …[新聞] 【永豐餘】缺貨題材燒 推升營運
原文標題:
飆股的故事/永豐餘缺貨題材燒 推升營運
(請勿刪減原文標題)
原文連結:
https://bit.ly/3tBMci0
(請善用縮網址工具)
發布時間:
2021-04-18 01:30
(請以原文網頁/報…
[簡稱(name)] …[新聞] 永豐餘缺貨題材燒 推升營運
原文標題:
飆股的故事/【永豐餘】缺貨題材燒 推升營運
(請勿刪減原文標題)
原文連結:
https://bit.ly/3tBMci0
(請善用縮網址工具)
發布時間:
2021-04-18 01:30
(請以原文網頁/報紙之發布時間為準)
原文內容:
國內農用紙箱缺貨,農…",,
tier:sparse,2609,陽明,M.1629093613.A.D47,2021-08-16 14:00:13,閒聊,name_with_context,sparse,False,3,[閒聊] 2021/08/16 盤後閒聊,2,False,True,626,"[簡稱(name_with_context)] …4421
投信    0 外資
+2079
上市
漲停家數(+10%)  2
(志聯、怡華)
跌停家數(-10%)  5
(榮科、智邦、東森、吉祥全、杜康-DR)
上櫃
漲停家數(+10%)  6
跌停家數(-10%)  5
成交量排行:
【陽明】、開發金、
長榮
、群創、聯電
成交值排行:
陽明
、
萬海
、
長榮
、
台積電
、
聯電
資料來源:TWSE 臺灣證券交易所、臺灣期貨交易所、奇摩股市
實在無語問蒼天......轉機究竟何時現?

--

我們的一生會遭遇各種各樣的意外…
[簡稱(name_with_context)] …漲停家數(+10%)  2
(志聯、怡華)
跌停家數(-10%)  5
(榮科、智邦、東森、吉祥全、杜康-DR)
上櫃
漲停家數(+10%)  6
跌停家數(-10%)  5
成交量排行:
陽明、開發金、
長榮
、群創、聯電
成交值排行:
【陽明】
、
萬海
、
長榮
、
台積電
、
聯電
資料來源:TWSE 臺灣證券交易所、臺灣期貨交易所、奇摩股市
實在無語問蒼天......轉機究竟何時現?

--

我們的一生會遭遇各種各樣的意外,有的意外,只會讓你變得頹廢,一蹶不振;有的意外…",,
tier:sparse,2313,華通,M.1615806215.A.116,2021-03-15 19:03:35,新聞,code,sparse,False,2,[新聞] 郭明錤：AirPods出貨年減逾1成 華通、燿 華營運受波及,1,True,True,1647,"[代號] …:2021/03/15 16:30
(請以原文網頁/報紙之發布時間為準)
原文內容:天風國際分析師郭明錤發布最新報告指出,預測今年蘋果 AirPods 出貨量恐年減 10-15%
,與市場看法大相逕庭,並點名提供 SMT 方案的台廠華通 (【2313】-TW) 及燿華
 (2367-TW) 恐成為最大輸家,雖然 TWS 市場仍快速成長,但市場焦點將從 AirPods 轉
移至非蘋陣營。

郭明錤調降 2021 年 AirPods 出貨預測 30-35%,至 7500-8000 萬部,意味…",,
tier:sparse,2313,華通,M.1450878916.A.B29,2015-12-23 21:55:16,其他,code,sparse,False,15,[其他] 12/23 台灣集中市場投信買賣超前30名 已刪文,1,True,True,2112,"[代號] …-674  111.50  -2.50 
2317 鴻海     -509  81.30   0.60 
2891 中信金    -502  16.90   0.25 
2881 富邦金    -500  46.30   0.15 
【2313】 華通     -500  21.90  -0.25 
1707 葡萄王    -470  181.00  -3.00 
3474 華亞科    -450  27.55   0.05 
2458 義隆     -443  45.25  -1…",,
tier:sparse,2344,華邦電,M.1624446329.A.E60,2021-06-23 19:05:29,情報,code,sparse,False,8,[情報] 0623 最佳獲利分點買超,2,True,True,1294,"[代號] …聯電    15 53.0    153,985 11,391  5.99    0.11%   -0.03%
2601    益航    15 19.0    361,275 11,168  2.07    1.57%   0%
【2344】    華邦電  15 33.5    81,614  9,982   3.35    -0.92%  -0.26%
6182    合晶    15 64.5    110,594 8,910   5.54    1.97%   3.12…
[簡稱(name)] …15 53.0    153,985 11,391  5.99    0.11%   -0.03%
2601    益航    15 19.0    361,275 11,168  2.07    1.57%   0%
2344    【華邦電】  15 33.5    81,614  9,982   3.35    -0.92%  -0.26%
6182    合晶    15 64.5    110,594 8,910   5.54    1.97%   3.12%
2330…",,
tier:sparse,2801,彰銀,M.1573467529.A.A46,2019-11-11 18:18:49,新聞,code,sparse,False,1,[新聞] 龍巖決議全數處分彰銀持股 貢獻每股純益8 .33元,10,True,True,750,"[代號] …:
https://news.cnyes.com/news/id/4408766
2.原文內容:
龍巖決議全數處分彰銀持股 貢獻每股純益8.33元
禮儀服務業龍巖
(5530-TW) 今 (8) 日由
董事會決議,全數處分手中投資的彰銀
(【2801】-TW
) 持股,依相關資料顯示,
龍巖持有彰銀 39.1 萬張,預估處分利益達 35 億元
,依目前
 42 億元股本計算,
貢獻每股純益 8.33 元
。

彰銀今日盤後出現約 22.41 萬張鉅額逐筆交易成交,平均成交價 23.2 元…
[簡稱(name_with_context)] …[新聞] 龍巖決議全數處分【彰銀】持股 貢獻每股純益8 .33元
1.原文連結:
https://news.cnyes.com/news/id/4408766
2.原文內容:
龍巖決議全數處分彰銀持股 貢獻每股純益8.33元
禮儀服務業龍巖
(5530-TW) 今 (8)…
[簡稱(name_with_context)] …[新聞] 龍巖決議全數處分彰銀持股 貢獻每股純益8 .33元
1.原文連結:
https://news.cnyes.com/news/id/4408766
2.原文內容:
龍巖決議全數處分【彰銀】持股 貢獻每股純益8.33元
禮儀服務業龍巖
(5530-TW) 今 (8) 日由
董事會決議,全數處分手中投資的彰銀
(2801-TW
) 持股,依相關資料顯示,
龍巖持有彰銀 39.1 萬張,預估處分利益達 35 億元
,依目前
 42…",,
collision:1216,1216,統一,M.1711720119.A.A05,2024-03-29 21:48:39,情報,code,sparse,False,5,[情報] 113年03月29日信用交易統計 今日有940專區,1,True,True,1835,"[代號] …1   張
3704合勤控
資減   2,354   張
券增      31   張
2027大成鋼
資減   2,013   張
券減       1   張
5469瀚宇博
資減   1,936   張
券增      30   張
【1216】統一
資減   1,803   張
券增       3   張
3702大聯大
資減   1,754   張
券增       2   張
6257矽格
資減   1,701   張
券增      13   張
2404漢唐
資減…",,
collision:1216,1216,統一,M.1540211417.A.006,2018-10-22 20:30:17,其他,code,sparse,False,14,[其他] 10/22 台灣集中市場三大法人買賣超前30名 已刪文,1,True,True,3261,"[代號] …-1676   -1909
3576    新日光          -1478   0       -224    -1702
2347    聯強            -1197   -557    87      -1667
【1216】    統一            -1532   3       -106    -1635
5871    中租-KY         -1041   -707    118     -1630
00634R  富邦上証反1     -…",,
collision:1216,1216,統一,M.1562856263.A.596,2019-07-11 22:44:23,標的,code,sparse,False,1,[標的] 1216統一,2,True,True,90,"[代號] …[標的] 【1216】統一
1. 標的: 1216統一

2. 分類:多/空/請益/心得

心得


3. 分析/正文:
https://www.youtube.com/watch?v=fbs_8ZdhjYQ…
[代號] …[標的] 1216統一
1. 標的: 【1216】統一

2. 分類:多/空/請益/心得

心得


3. 分析/正文:
https://www.youtube.com/watch?v=fbs_8ZdhjYQ…",,
collision:1216,1216,統一,M.1478953328.A.DA0,2016-11-12 20:22:08,新聞,code,sparse,False,4,Re: [新聞] 外資仍估台股年底上攻9500點 推薦2大類股 已刪文,1,True,True,1476,"[代號] …2439) ,以及台達電 (2308) 、廣達 (2382) 、健鼎 (3044) 。
: 非科技類股則看好儒鴻 (1476) 、和泰車 (2207) 、漢翔 (2634) 、美食-KY (2723) 、
: 寶雅 (5904) 、統一 (【1216】) 、中華電 (2412) 、兆豐金 (2886) 、元大金 (2885) 。
: 3.心得/評論(必需填寫滿20字):
: 大家快往傳產跟金融股逃命阿............
: 金融股開始大翻身了
金融股本益比真的是太低了 平均10左右…",,
collision:1216,1216,統一,M.1655700995.A.DED,2022-06-20 12:56:35,新聞,code,sparse,False,3,[新聞] 貴到吃不下！台灣食物通膨率排名亞洲第二 高,1,True,True,1305,"[代號] …因,那為什麼台灣牛奶比新加坡還貴
按照這道理,台灣四面環海,那為什麼海鮮也特貴

不過我也不知道了,剛需的消耗品花費增加,加上電費(疑似)要漲的消息
對台股整體不會是好消息

硬要說觀察標的的話

卜蜂(1215)
味全(1201)
統一(【1216】)

--
※ 發信站: 批踢踢實業坊(ptt.cc), 來自: 111.240.90.185 (臺灣)
※ 文章網址:
https://www.ptt.cc/bbs/Stock/M.1655700995.A.DED.html…",,
collision:1216,1216,統一,M.1637306701.A.7F7,2021-11-19 15:25:01,新聞,code,sparse,False,1,Fw: [新聞] 聯發科攜手 AMD 開發 Ryzen 處理器使用 W,1,True,False,1207,"[代號] …將可能支援 5G Sub-6 頻段。而另一種型號為 AMD RZ608 的產品.則對應 80MHz 的傳輸頻寬,最大傳輸速率將為 1.2 Gbps 。

聯發科還強調,目前AMD RZ616 將適用於 M.2 2230 和非常短的 M.2 【1216】 插槽,而 AMD RZ608 則僅適用於 M.2 2230插槽。而且,兩款產品都整合了聯發科的功率放大 (PA) 和低噪聲放大器 (LNA) 技術,以幫助優化功耗並減少設計佔用空間,使晶片組能夠嵌入各種尺寸的筆記型電腦中。而藉由這為新一代…",,
collision:1216,1216,統一,M.1635821349.A.38B,2021-11-02 10:49:09,新聞,code,sparse,False,1,[新聞] 不是只有統一要買！遠東集團表態已參與競 標家樂福 徐旭東：高價者得,1,True,True,786,"[代號] …時間:
2021/11/02 10:38
(請以原文網頁/報紙之發布時間為準)
原文內容:

台灣零售業近期併購競爭白熱化。

遠東集團董事長徐旭東今(2)日出席SOGO周年慶記者會,
證實遠東集團已進入家樂福競購程序的第2輪,
對於統一(【1216】)日前喊出若法方退出、統一會買回股權,
徐旭東則回應,法國人出來要銷售,並沒有說這是家務事,看誰肯出的價錢高,
他是以這個角度。

徐旭東說,確實在參加家樂福的競標,但是這個過程非常挑戰,因為還有其他的競標者,

我們也在盡量努力,有很多的…",,
collision:1216,1216,統一,M.1652459529.A.A32,2022-05-14 00:32:09,心得,code,sparse,False,9,[心得] 20220513 爛透晚報 系統廠散熱汽車,1,True,True,776,"[代號] …5871 中租-KY

鋼鐵
2015 豐興
2031 新光鋼

生技
4746 台耀
4743 合一

其他
2354 鴻準
1240 茂生農經
5269 祥碩
8463 潤泰材
6806 森崴能源
6294 智基

2412 中華電
【1216】 統一
2347 聯強
1722 台肥
2451 創見
2442 新美齊
6581 鋼聯
1303 南亞
2104 國際中橡
2439 美律
2542 興富發
3005 神基
3050 鈺德
3092 鴻碩
9904 寶成
9919 康那香…",,
collision:1216,1216,統一,M.1658237403.A.FD5,2022-07-19 21:30:03,新聞,code,sparse,False,2,[新聞] 家樂福花落誰家？統一、統一超今晚23:40 發佈重訊引聯想 已刪文,1,True,True,496,"[代號] …統一超今晚23:40發佈重訊引聯想

原文連結:
https://reurl.cc/NAzvmn
發布時間:2022-07-19 21:19:00

記者署名:記者林淑慧/台北報導

原文內容:

台灣證券交易所今(19)晚發佈公告,統一(【1216】)及統一超(2912) 將於今(19) 日23時40
分,於證交所說明董事會決議;由於法商有意出售家樂福台灣區股權,眾家業者搶親,統
一對此案具優先承購權,引發各界聯想。

在疫情衝擊下,國內零售業版圖重新洗牌,家樂福出售案進度備受關注,市…",,
collision:1216,1216,統一,M.1464184304.A.AD4,2016-05-25 21:51:44,其他,code,sparse,False,14,[其他] 5/25 台灣集中市場外資買賣超前30名 已刪文,1,True,True,2667,"[代號] …正新          2151    531686    16.40
2885  元大金        2054   3385850    27.98
2801  彰銀          2027   1057811    12.50
【1216】  統一          2011   2987407    52.57
2353  宏碁          1991    535567    17.35
2823  中壽          1521   1717982    51.4…",,
collision:1216,1216,統一,M.1670415331.A.BB0,2022-12-07 20:15:31,情報,code,sparse,False,7,[情報] 1207 上市櫃外資投信買超金額排行,1,True,True,1240,"[代號] …漲跌

1     3711日月投    762    99      -0.7
2     6446藥華藥    536    537     +7
3     2891中信金    412    23.05   +0.65
4     【1216】統一      399    65.2    +0.6
5     2834臺企銀    369    13.05   +0.2
6     1513中興電    324    62.8    -1.7
7     6472保瑞…",,
collision:1216,1216,統一,M.1702200346.A.0D4,2023-12-10 17:25:46,新聞,code,sparse,False,7,[新聞] 內外資鬥法！聯電、遠東新、台泥、世界這 4檔要小心,1,True,True,877,"[代號] …站在買方,買超54.25億元,外資與自營商雙雙調節,分別賣超
54.5億元、196.28億元,三大法人合計賣超196.54億元。

投信週買超排行榜中,聯電排名第一,買超張數近3.6萬張,排名第二則是遠東新,買超
張數超過1.8萬張,統一(【1216】)排名第三、永豐金(2890)排名第四,買超都超過萬張
。

此外,投信買超週排行榜第五至第十名分別為陽明(2609)、台泥、上海商銀(5876)、
長榮航(2618)、技嘉(2376)、第一金(2892)。

至於外資賣超第一名為聯電、其…",,
collision:1216,1216,統一,M.1710498171.A.986,2024-03-15 18:22:51,新聞,code,sparse,False,1,[新聞] 羅智先坦言今年景氣看不懂 股市是另一個世界,1,True,True,1263,"[代號] …股市是另一個世界

原文連結:
https://www.ctee.com.tw/news/20240315701377-430503
發布時間:

2024.03.15  17:46

記者署名:

工商時報 李麗滿

原文內容:

統一(【1216】)集團15日聯合法說,董事長羅智先對於今年景氣表示「看不懂」,他說全球
經濟指數不好,但資本市場股市是另一個世界,尤其兩支ETF像(00940)資金規模驚人難
以想像。

統一集團去年營收逾5,800億創新高,主要受惠統一中控與統一超商兩大…",,
collision:1216,1216,統一,M.1724773893.A.DD6,2024-08-27 23:51:33,情報,code,sparse,False,4,[情報] 0827 上市櫃外資投信買超金額排行,1,True,True,1292,"[代號] …2543皇昌    75.5    +6.8      619
4       3131弘塑    2050    +140      615
5       2912統一超  291.5   +5.5      569
6       【1216】統一    83.4    +1.9      550
7       2881富邦金  92.2    +0.3      540
8       6805富世達  835     +30       514
9       2888新光…",,
collision:1216,1216,統一,M.1671530653.A.082,2022-12-20 18:04:13,情報,code,sparse,False,4,[情報] 1220 上市櫃外資投信同買排行,1,True,True,1087,"[代號] …0       945    3186
10     5009榮剛    34.85   -0.5    751    2182
11     6456GIS-KY  93.3    -1      527    356
12     【1216】統一    65.6    +0.3    400    1166
13     2404漢唐    184     -4      358    13
14     5871中租-KY 213.5   -4.5    340    570…",,
collision:1216,1216,統一,M.1657544690.A.076,2022-07-11 21:04:50,情報,code,sparse,False,5,[情報] 0711 上市櫃外資投信同買排行,1,True,True,1081,"[代號] …4      +3.1    424    594
6      2634漢翔    34.35   +1.6    370    8491
7      2912統一超  276.5   +1      359    67
8      【1216】統一    69.3    +0.5    353    347
9      2330台積電  462     -5      301    4851
10     1513中興電  55      +0.8    293    2366…",,
collision:1216,1216,統一,M.1601022269.A.E26,2020-09-25 16:24:29,其他,code,sparse,False,13,[其他] 109年09月25日外資投信買賣前10,1,True,True,1986,"[代號] …888    新光金                  -7,853,864
2337    旺宏                    -6,168,000
2618    長榮航                  -5,496,962
【1216】    統一                    -4,228,606
-------------------------------------------------------
證券代號        證券名稱        投信買…",,
collision:1216,1216,統一,M.1486118959.A.5F1,2017-02-03 18:49:19,其他,code,sparse,False,15,[其他] 台灣集中市場外資買賣超前30名 已刪文,1,True,True,3210,"[代號] …1024725    29.95
2618   長榮航               -2695   1030429    25.43
2801   彰銀                 -2530   1608567    17.94
【1216】   統一                 -2430   2812476    49.49
2330   台積電               -2347  20482379    78.98
2834   臺企銀…",,
collision:1216,1216,統一,M.1588072040.A.91E,2020-04-28 19:07:20,其他,code,sparse,False,14,[其他] 4/28台灣集中市場三大法人買賣超前三十,1,True,True,2924,"[代號] …60   1190    342     -2128
2330    台積電  -1499   -956    335     -2120
1760    寶齡富錦        -1914   -120    5       -2029
【1216】    統一    -2007   19      9       -1979
1515    力山    -1989   60      -7      -1936
2312    金寶    -1996   0       64…",,
collision:1216,1216,統一,M.1714211501.A.4CA,2024-04-27 17:51:41,新聞,code,sparse,False,2,[新聞] 長線存台積、00878、統一哪個好？十年存 股兩大投資策略報酬率出爐！,2,True,True,2009,"[代號] …):因為是2020年發行,數據僅有五年,本金投入30萬元,總
市值可滾到414,686元,總股息為33,801元,年化報酬率為6.7%,如市值及股息依據年化
報酬率模擬到十年,總市值可滾到573,511元,總股息為46,747元。

統一(【1216】):十年可滾到888,723元,總股息為153,257元。

以高股息角度來看,統一十年能領到15.3萬,就是冠軍,如果是看成長性的話,以十年本
金投入60萬來說,當然是台積電滾到204萬勝出。

2014年一次單壓200萬,每年股息領出花…
[代號] …78):因為是2020年發行,數據僅有五年,總市值可滾到
2,842,036元,股息可領到502,611元,年化報酬率是7.3%,如市值及股息依據年化報酬率
模擬到十年,總市值可滾到4,042,297元,總股息為714,876元。

統一(【1216】):十年可滾到3,194,513元,股息可領1,154,229元。

以高股息角度來看,統一及台積電可以說是不分軒輊,但如果用成長性來觀之,台積電滾
到將近1100萬絕對是遠遠超車其他兩檔。

最後整理結論,如果是小資族,想領高股息就要以統…",,
collision:1301,1301,台塑,M.1734077915.A.6CD,2024-12-13 16:18:35,心得,name_with_context,dense,False,1,Re: [心得] 台塑集團第一支  台化3字頭保衛戰,2,False,True,225,"[簡稱(name_with_context)] …Re: [心得] 台塑集團第一支  台化3字頭保衛戰
才過2天
今日才是真正30保衛戰
https://imgur.com/a/sovTBvq
【台塑】小館相關股價
四寶
台化30塊
南亞33塊
塑化37塊
台塑38塊

現在台化喊無擔保公司債120億
不知道會撐多久
要認賠了嗎?
還是繼續加碼
看著好多綠色眼睛特別好
好險沒買10萬以上
人生中會發生的一支股票下市嗎?
※ 引述 《jos…
[簡稱(name_with_context)] …Re: [心得] 台塑集團第一支  台化3字頭保衛戰
才過2天
今日才是真正30保衛戰
https://imgur.com/a/sovTBvq
台塑小館相關股價
四寶
台化30塊
南亞33塊
塑化37塊
【台塑】38塊

現在台化喊無擔保公司債120億
不知道會撐多久
要認賠了嗎?
還是繼續加碼
看著好多綠色眼睛特別好
好險沒買10萬以上
人生中會發生的一支股票下市嗎?
※ 引述 《joseph1987ba (一戳二歪三掛樹)》 之銘言:
:
ht…",,
collision:1301,1301,台塑,M.1548075029.A.378,2019-01-21 20:50:29,其他,code,dense,False,13,[其他] 1/21 台灣集中市場三大法人買賣超前30名 已刪文,1,True,True,3259,"[代號] …-447    -973
6176    瑞儀            -860    -31     -21     -912
1718    中纖            -632    0       -267    -899
【1301】    台塑            -433    -309    -148    -890
1536    和大            4       -829    -28     -853
2867    三商壽          -…",,
collision:1301,1301,台塑,M.1715726287.A.E01,2024-05-15 06:38:07,請益,name_with_context,dense,False,1,Re: [請益] 為什麼不崩？,1,False,True,235,"[簡稱(name_with_context)] …請益] 為什麼不崩?
真正的崩盤是長達一年兩年的探底

看對岸股票就知道啥是空頭了

你看你多有錢可以攤,一波還有一波低,低到你撐不住吃筍

目前來說從2022年10月後再也沒空頭,想買就買吧!

台股有很多崩很久的股票也沒人買,比如春燕跟【台塑】群英....你想試試看嗎?


--
※ 發信站: 批踢踢實業坊(ptt.cc), 來自: 39.15.73.185 (臺灣)
※ 文章網址:
https://www.ptt.cc/bbs/Stock/M.1715726287.A.E01.…",,
collision:1301,1301,台塑,M.1632477738.A.16B,2021-09-24 18:02:18,情報,code,dense,False,6,[情報] 0924 上市櫃外資投信同買排行,1,True,True,1084,"[代號] …46.2    +1.55  5647   642
4      2324仁寶    24.15   +0.15  4748   1176
5      2356英業達  25.75   +0.25  3645   7343
6      【1301】台塑    106     +3.5   2661   5691
7      1101台泥    51.3    +0.1   1975   1733
8      2603長榮    134     +6.5   1445   1244…",,
collision:1301,1301,台塑,M.1666248712.A.63D,2022-10-20 14:51:52,新聞,name_with_context,dense,False,4,[新聞] 政府不忍了？護盤使者狠砸45億元吃進台積 電 從跌1%拉到翻紅,1,False,True,531,"[簡稱(name_with_context)] …:2022-10-20 13:48


原文內容:

經濟日報 新聞部編輯中心

台股今天開低走高,早盤台積電一度挫超過2%,因為權重大,也讓台股一度重挫超過250點
,不過午盤過後氣氛轉變,尤其1點後買盤噴出,狂拉包括台積電、聯電、中鋼、【台塑】等權
值股,市場人士解讀可能是政府資金進場拉抬。

尤其台積電,從1點過後跌超過1%急拉,30分鐘後收盤竟然神奇翻紅,若以1點過後台積電成
交量約1.16萬張,以及中位數約在393元計算,護盤使者總共砸下45億元吃進台積電,也讓
台積電終場…",,
collision:1301,1301,台塑,M.1470669369.A.9EC,2016-08-08 23:16:09,其他,code,dense,False,14,[其他] 8/8 台灣集中市場投信買賣超前30名 已刪文,1,True,True,2611,"[代號] …618  長榮航         198    15.85     0.00
6271  同欣電         197   115.00    -1.00
2002  中鋼           189    22.70     0.10
【1301】  台塑           157    78.60     0.00
3617  碩天           140   130.50     2.50
3545  敦泰           124    30.95     0.65
2…",,
collision:1301,1301,台塑,M.1475139628.A.DA7,2016-09-29 17:00:28,新聞,name_with_context,dense,False,1,[新聞] 台塑多事之秋台美越遇泥沼 已刪文,2,False,True,1759,"[簡稱(name_with_context)] …字):台塑集團是良心企業,哪有大片汙染海洋、造成魚蝦死亡
                             這樣缺德的情形發生?這些都是下包商的問題,不會是台
                             塑集團的問題。【台塑】集團仍會繼續賺大錢,創造龐大獲利
                             並且使股價上升,台塑股東笑呵呵。

--
╔════╮╔══╮═╮╔════╮╔════╮╔════╮╔══╮═╮
║◢███║║██◣█║║███…
[簡稱(name_with_context)] …這樣缺德的情形發生?這些都是下包商的問題,不會是台
                             塑集團的問題。台塑集團仍會繼續賺大錢,創造龐大獲利
                             並且使股價上升,【台塑】股東笑呵呵。

--
╔════╮╔══╮═╮╔════╮╔════╮╔════╮╔══╮═╮
║◢███║║██◣█║║████║║████║║████║║██  █║
║███◣╮║████║║██▋█║║██▋█║║██  █║║██…",,
collision:1301,1301,台塑,M.1559265608.A.CC4,2019-05-31 09:20:08,新聞,name_with_context,dense,False,2,[新聞] 勞退210億 本周大買股,1,False,True,998,"[簡稱(name_with_context)] …期結算等因素,此時,釋出勞退基金210億元銀彈進場力抗外資賣超,彰顯政
策偏多護盤心態濃厚。

法人指出,本次護盤基金意圖守穩在10,200點半年線關卡,在中美貿易戰火持續延燒下,
成長型權值股及高現金殖利率股是法人最佳避風港,包括台積電、【台塑】四寶及中華電等為
進可攻退可守標的,且根據統計,目前上市櫃公司現金殖利率逾6%以上者共計有340家,
股市被遺忘的明珠大增。

第一金投顧董事長陳奕光表示,台股盤勢要以跌止跌,美中貿易談判沒有明確日期及具體
內容,仍然削弱企業營運能見度,以…",,
collision:1301,1301,台塑,M.1468595770.A.F56,2016-07-15 23:16:10,新聞,name_with_context,dense,False,1,[新聞] 剛賠越南162億 台塑又傳偷埋百噸廢棄物 已刪文,2,False,True,2220,"[簡稱(name_with_context)] …單,要求台塑依照環保相關規定管理與處理所
排出的廢棄物。

台塑河靜鋼廠最近幾個月為多事之秋,今年4月河靜等4個省的海岸邊發現大約70噸的死
魚,河靜鋼廠被指控將有毒汙水排入海裡,造成環境災難。河靜鋼廠同意負責,上個月
承諾賠償5億美元。
【台塑】:業者未循程序處理 已解約

台塑越鋼執行副總張復寧昨證實,該廢棄物為越鋼工業廢水所產生的汙泥,越鋼與當地
擁有執照的兩家合法業者簽約,將工業廢水的汙泥統一由當地業者處置。越南官方查獲
其中一名業者未依正常程序處理汙泥後,越鋼也在第一時間與…
[簡稱(name_with_context)] …處理所
排出的廢棄物。

台塑河靜鋼廠最近幾個月為多事之秋,今年4月河靜等4個省的海岸邊發現大約70噸的死
魚,河靜鋼廠被指控將有毒汙水排入海裡,造成環境災難。河靜鋼廠同意負責,上個月
承諾賠償5億美元。
台塑:業者未循程序處理 已解約

【台塑】越鋼執行副總張復寧昨證實,該廢棄物為越鋼工業廢水所產生的汙泥,越鋼與當地
擁有執照的兩家合法業者簽約,將工業廢水的汙泥統一由當地業者處置。越南官方查獲
其中一名業者未依正常程序處理汙泥後,越鋼也在第一時間與該名業者解約。

至於後續處理問題…",,
collision:1301,1301,台塑,M.1628699358.A.163,2021-08-12 00:29:18,新聞,name_with_context,dense,False,4,[新聞] 股票有利多，要趁機出貨嗎？8/15 是關鍵,2,False,True,2955,"[簡稱(name_with_context)] …半年報期限之前,融資仍需進一步減少,盤面
激烈震盪。不過,不必太悲觀,台股基本面強過其他亞股,當外資擔心聯準會收縮QE而賣
出台股告一段落後,下階段在亞股回補持股,第一個對象必然是台股。

聯電、日月光投控7月營收歷史新高及第三季展望良好,【台塑】集團的台塑、南亞今年可望
賺一個股本,本益比僅9~10倍,金控雙雄國泰金、富邦金前7月大賺1,000億元,但股價
本波高點迄今下跌8%,有跌過頭現象。

少了台積電,但有這些產業龍頭的抗跌示範,台股籌碼換手後應還有行情,中鋼
(2002-T…
[簡稱(name_with_context)] …之前,融資仍需進一步減少,盤面
激烈震盪。不過,不必太悲觀,台股基本面強過其他亞股,當外資擔心聯準會收縮QE而賣
出台股告一段落後,下階段在亞股回補持股,第一個對象必然是台股。

聯電、日月光投控7月營收歷史新高及第三季展望良好,台塑集團的【台塑】、南亞今年可望
賺一個股本,本益比僅9~10倍,金控雙雄國泰金、富邦金前7月大賺1,000億元,但股價
本波高點迄今下跌8%,有跌過頭現象。

少了台積電,但有這些產業龍頭的抗跌示範,台股籌碼換手後應還有行情,中鋼
(2002-TW)經過股…",,
collision:1301,1301,台塑,M.1486986018.A.D64,2017-02-13 19:40:18,新聞,name_with_context,dense,False,2,[新聞] 台塑化、台化赴美投資新廠 這樣規畫 已刪文,2,False,True,1491,"[簡稱(name_with_context)] …美元,預計
興建年產能120萬公噸乙烯、HDPE和LDPE各40萬公噸、EG 80萬公噸、PP 25萬公噸等,預
計2018年第3、4季陸續完工。1060213

3.心得/評論(必需填寫滿20字):台塑美國廠是台塑集團的金雞母,在在顯示了【台塑】高層
                             高瞻遠矚的過人眼光,也是台塑四寶股價的原動力所在

--
▃▄▅▄▂
▂▁
╭═╮╮═╮╭═╮╭═╮╮═╮╮  ╭
▅▃▂▅
◢
◣
╰═╮║  ║║  ║║  ║║  ║║…
[簡稱(name_with_context)] …P 25萬公噸等,預
計2018年第3、4季陸續完工。1060213

3.心得/評論(必需填寫滿20字):台塑美國廠是台塑集團的金雞母,在在顯示了台塑高層
                             高瞻遠矚的過人眼光,也是【台塑】四寶股價的原動力所在

--
▃▄▅▄▂
▂▁
╭═╮╮═╮╭═╮╭═╮╮═╮╮  ╭
▅▃▂▅
◢
◣
╰═╮║  ║║  ║║  ║║  ║║  ║
◢
ˋ
◥
◣
╰═╯╯  ╰╰═╯╰═╯║═╯╰═╣
◢
▍
▄▅▄▂
by-jee…",,
collision:1301,1301,台塑,M.1682512980.A.A09,2023-04-26 20:43:00,情報,code,dense,False,4,[情報] 0426 上市櫃外資投信買超金額排行,1,True,True,1232,"[代號] …104     +1

資料來源:
https://tinyurl.com/57bdwj9z
投信

排行  股票名稱     百萬   收盤價   漲跌

1     2412中華電    338    127     +1
2     【1301】台塑      321    93.6    +1.6
3     2301光寶科    317    72.2    +0.4
4     1303南亞      305    78      +0.6
5     3037欣興…",,
collision:1301,1301,台塑,M.1440516373.A.82B,2015-08-25 23:26:13,其他,code,dense,False,15,[其他] 8/25 台灣集中市場投信買賣超前30名 已刪文,1,True,True,2108,"[代號] …361  79.90   5.10 
1210 大成      360  16.60  -0.05 
9904 寶成      356  47.90   3.75 
2886 兆豐金     355  22.55   0.25 
【1301】 台塑      345  63.60   1.60 
3045 台灣大     331  96.90  -0.50 
2412 中華電     306  95.30   0.20 
2382 廣達      300  55.20   1.…",,
collision:1301,1301,台塑,M.1526044419.A.930,2018-05-11 21:13:39,其他,code,dense,False,12,[其他] 5/11 集中市場三大法人買賣超前30名 已刪文,1,True,True,3324,"[代號] …6       5329
1605    華新            2050    4       3226    5280
5880    合庫金          5235    6       1       5242
【1301】    台塑            4599    100     76      4775
2313    華通            3276    2256    -842    4690
1303    南亞…",,
collision:1301,1301,台塑,M.1610331618.A.9C8,2021-01-11 10:20:18,新聞,name_with_context,dense,False,7,[新聞] 萬五不夠看！外資看好台股有望衝萬九,1,False,True,781,"[簡稱(name_with_context)] …需、工業和健
康醫療,持平看金融類股,減碼電信類股。其中,因應科技類股反彈,加重資訊科技族群
權重,也青睞更多下游科技類股。

美系外資台股組合首選21檔,包括台積電、鴻海、台達電、群創、友達、瑞儀、緯穎、國
巨、景碩、致茂、中租、元大金、【台塑】、南亞、儒鴻、聚陽、億豐、豐泰、百合、和大、
晶碩。(陳俐妏/台北報導)


3.心得/評論:

馬英九總統卸任經過4年以後

12年前喊出的台股兩萬點

終於有機會看到了

--
※ 發信站: 批踢踢實業坊(ptt.cc), 來自: 60…",,
collision:1301,1301,台塑,M.1666171230.A.A71,2022-10-19 17:20:30,情報,code,dense,False,7,[情報] 1019 上市櫃外資投信買超金額排行,1,True,True,1244,"[代號] …2317鴻海      478    103     -0.5
2     3037欣興      347    122.5   +1.5
3     2002中鋼      298    27.45   +0.25
4     【1301】台塑      142    80.2    -0.7
5     6456GIS-KY    121    83.9    +1.2
6     3533嘉澤      104    732     +26
7     1476儒鴻…",,
collision:1301,1301,台塑,M.1527999773.A.D67,2018-06-03 12:22:53,新聞,name_with_context,dense,False,4,[新聞] 股息飆新高 台股恐蒸發434點 已刪文,3,False,True,800,"[簡稱(name_with_context)] …一舉蒸發約69.33點,高居所有上市個股之冠,影響程度驚人。

大型金控股及塑化龍頭股的配息豐厚,影響指數程度同樣可觀,國泰金、富邦金、中信金
、兆豐金及第一金等五大金控合計將發出1,074億元;另台塑化配息6.3元將發出600億元
,加上【台塑】、南亞、台化等,台塑四寶股息合計達1,777億元。

台塑化除息當天,大盤指數約將減少20.06點,影響程度僅次台積電。之後依序是台化估
減少13.71點、南亞減少13.52點、中華電減少12.43點、台塑減少12.13點、鴻海減少11.5…
[簡稱(name_with_context)] …點,高居所有上市個股之冠,影響程度驚人。

大型金控股及塑化龍頭股的配息豐厚,影響指數程度同樣可觀,國泰金、富邦金、中信金
、兆豐金及第一金等五大金控合計將發出1,074億元;另台塑化配息6.3元將發出600億元
,加上台塑、南亞、台化等,【台塑】四寶股息合計達1,777億元。

台塑化除息當天,大盤指數約將減少20.06點,影響程度僅次台積電。之後依序是台化估
減少13.71點、南亞減少13.52點、中華電減少12.43點、台塑減少12.13點、鴻海減少11.5
8點。

至於五大…
[簡稱(name_with_context)] …息6.3元將發出600億元
,加上台塑、南亞、台化等,台塑四寶股息合計達1,777億元。

台塑化除息當天,大盤指數約將減少20.06點,影響程度僅次台積電。之後依序是台化估
減少13.71點、南亞減少13.52點、中華電減少12.43點、【台塑】減少12.13點、鴻海減少11.5
8點。

至於五大金控,國泰金影響大盤10.5點、富邦金7.87點、中信金7.04點、兆豐金6.82點、
第一金3.67點;其他包括統一、統一超、聯發科、台灣大等,也都影響加權指數5點以上
。

台新投顧…",,
collision:1301,1301,台塑,M.1610247408.A.8D0,2021-01-10 10:56:48,新聞,name_with_context,dense,False,6,[新聞] 3大名師公布10檔推薦股　新產品＋漲價這5 檔最夯,3,False,True,2626,"[簡稱(name_with_context)] …博積極爭取各國訂單,主力事業血糖、血壓產品事業可望穩定增長。

第一金投顧董事長陳奕光為《蘋果新聞網》讀者點兵10檔潛力股,標的遍及金融、塑化、
半導體、零組件、電動車概念股等,讓積極型或者保守穩健型的投資人都有所選擇,這10
檔個股分別是【台塑】、台化、台積電、凱美、聯發科、開發金、精材、智伸科、立積、雍智
。

陳奕光鎖定5大族群建議投資人布局,第1,是進可攻退可守的金融股,選股的原因包括基
期低、殖利率高、呆帳減少以及隨著景氣復甦,2021年下半年利差可望擴大,目前利率已
經有…
[簡稱(name_with_context)] …科、開發金、精材、智伸科、立積、雍智
。

陳奕光鎖定5大族群建議投資人布局,第1,是進可攻退可守的金融股,選股的原因包括基
期低、殖利率高、呆帳減少以及隨著景氣復甦,2021年下半年利差可望擴大,目前利率已
經有蠢蠢欲動的跡象。

第2,【台塑】4寶。陳奕光認為,國際原油價格每桶有機會回到60美元以上,加上採購經理人
指數(PMI)趨勢向上,5大泛用樹脂指數的利差將擴大,將有助於塑化股的營運面回升,
短線來看,包括台塑、南亞、台化的股價都可以順利站回百元之上。

第3,電動車概念股…
[簡稱(name_with_context)] …年下半年利差可望擴大,目前利率已
經有蠢蠢欲動的跡象。

第2,台塑4寶。陳奕光認為,國際原油價格每桶有機會回到60美元以上,加上採購經理人
指數(PMI)趨勢向上,5大泛用樹脂指數的利差將擴大,將有助於塑化股的營運面回升,
短線來看,包括【台塑】、南亞、台化的股價都可以順利站回百元之上。

第3,電動車概念股。陳奕光表示,2020年電動車的滲透率剛起步,邁入2021年將正式啟
動超級循環,看好美國的特斯拉與中國的比亞迪的銷售表現,這兩大供應鏈的電動車概念
股都將同步受惠。

第4,…",,
collision:1301,1301,台塑,M.1670205087.A.030,2022-12-05 09:51:27,新聞,name_with_context,dense,False,10,[新聞] 0050、0056成分股換血 這些公司被踢掉,2,False,True,699,"[簡稱(name_with_context)] …:

有「國民ETF」之稱的元大台灣50(0050)及元大高股息(0056),與台股連動逾3800億
元,近來分別追蹤的指數成分股將有所調整。其中0050成分股新增遠東新、刪除友達;
0056的成分股則從30檔擴增至50檔,納入日月光投控、【台塑】等26檔,刪除中鋼等5檔,變
化甚鉅。

台灣指數公司2日表示,富時羅素公布台灣50指數、台灣中型100指數、台灣資訊科技指數
、台灣發達指數及台灣高股息指數審核結果。相關成分股納入及刪除之變動將自12月16日
盤後生效。

台灣50(00…
[簡稱(name_with_context)] …數審核結果。相關成分股納入及刪除之變動將自12月16日
盤後生效。

台灣50(0050)指數成分股,新增遠東新,刪除友達。元大高股息(0056)則首度從30檔
擴大至50檔,納入日月光投控、奇鋐、貿聯-KY、可成、中信金、台光電、遠東新、【台塑】
、興富發、鴻海、京城銀、景碩、旺宏、南亞、南電、力成、瑞昱、潤泰全、永豐金、大
成鋼、台玻、同欣電、裕民、慧洋-KY、元大金、臻鼎-KY等26檔,並刪除中鋼、中鴻、超
豐、台泥、陽明等5檔。

台灣指數公司指出,台灣高股息指數自指數審核生…",,
collision:1301,1301,台塑,M.1725864162.A.FBA,2024-09-09 14:42:42,標的,code,dense,False,1,[標的] 1301台塑 波段多 利空多 爛到多,3,True,True,412,"[代號] …[標的] 【1301】台塑 波段多 利空多 爛到多
標的:1301台塑

分類:左側交易耐心三年多

分析/正文:

1.中國在加大擴廠力道有限,已經跌無可跌,淨值

就在35-40是還能跌的哪去?


2.再爛都還是我0050的持股,被動式買盤支持下

至少不…
[代號] …[標的] 1301台塑 波段多 利空多 爛到多
標的:【1301】台塑

分類:左側交易耐心三年多

分析/正文:

1.中國在加大擴廠力道有限,已經跌無可跌,淨值

就在35-40是還能跌的哪去?


2.再爛都還是我0050的持股,被動式買盤支持下

至少不會下市安心買就對。


3.老人被套加上年輕…
[簡稱(name_with_context)] …,淨值

就在35-40是還能跌的哪去?


2.再爛都還是我0050的持股,被動式買盤支持下

至少不會下市安心買就對。


3.老人被套加上年輕人不買傳產,造就今天股價的

不斷下跌,價值浮現不買心很癢,人妻我取。


4.庫存持股之一【台塑】 -30%中,每天睡得著吃得飽

每天精神好,麥寮收起來看看台灣會不會倒?所以

不用擔心倒掉的問題只有報酬率優於劣於大盤的問題!

5.加計通膨因素考量該股已低估落後大盤10年的年

化報酬率,也就是爛到無可救藥,長線來說三折出

清的股…",,
collision:1304,1304,台聚,M.1506648911.A.81A,2017-09-29 09:35:11,新聞,name,sparse,False,1,[新聞] 業外包袱減輕並搶攻車用訂單，越峰(8121) 已刪文,3,False,True,577,"[簡稱(name)] …[新聞] 業外包袱減輕並搶攻車用訂單,越峰(8121) 已刪文
1.原文連結:
https://goo.gl/k5Vge6
2.原文內容:

【財訊快報/林宛儀】越峰(8121)今年進行營運調整,5月起減持生產藍寶石晶體與晶棒
製造的子公司【台聚】光電持股,由84%降至34%,並自6月起不再認列台聚光電業績,也就是
業外包袱大為減輕。越峰坦言,由於目前的月營收2億元上下,僅在損平邊緣,因此,努
力提升昆山廠稼動率將會是最重要的任務,而公司正與電源、電感客戶一同爭取中國車用
電子相關應…
[簡稱(name)] …) 已刪文
1.原文連結:
https://goo.gl/k5Vge6
2.原文內容:

【財訊快報/林宛儀】越峰(8121)今年進行營運調整,5月起減持生產藍寶石晶體與晶棒
製造的子公司台聚光電持股,由84%降至34%,並自6月起不再認列【台聚】光電業績,也就是
業外包袱大為減輕。越峰坦言,由於目前的月營收2億元上下,僅在損平邊緣,因此,努
力提升昆山廠稼動率將會是最重要的任務,而公司正與電源、電感客戶一同爭取中國車用
電子相關應用訂單,盼成為未來的營運動能。

  近期股價大致上…
[簡稱(name)] …D指標在昨日轉為交叉向上後,目前仍持續向上走揚,短線對於多方有利
。下檔先以20元附近為支撐,短壓在25元左右。

3.心得/評論:

8月底的8.85到9月底已經漲了170%了

這年頭只要跟發音有對的,有跟到車用的都會噴噴噴

不用認列【台聚】之後,毛利根本井噴

拜託 千萬別亮燈 不然就要被關門了


--
※ 發信站: 批踢踢實業坊(ptt.cc), 來自: 61.216.184.36
※ 文章網址:
https://www.ptt.cc/bbs/Stock/M.150664…",,
collision:1304,1304,台聚,M.1632826836.A.627,2021-09-28 19:00:36,情報,name,sparse,False,4,[情報] 0928八大公股銀行買賣超排行,1,False,True,7055,"[簡稱(name)] …26,724          78.7    -4.49   15474


=====賣超=====

排名    股票            張數    金額(K)         收盤價  漲跌%   成交量
1       【台聚】            -4184   169,282         41.2    3.78    78110
2       金像電          -2496   167,550         68.3    0.74    4…",,
collision:1304,1304,台聚,M.1560915030.A.5ED,2019-06-19 11:30:30,其他,name,sparse,False,10,[其他] 台股早期資料（1）,1,False,True,1670,"[簡稱(name)] …品、台灣鳳梨、嘉新麵粉、和信興實業、益華、
大成長城、嘉新畜產、中日飼料
味全、農林、味王、津津、台鳳、嘉麵、和信興、益華、大成長城、嘉畜、中日飼料

塑膠:6
台灣塑膠、國泰塑膠、南亞塑膠、台灣聚合、華夏塑膠、合發興業
台塑、國塑、南亞、【台聚】、華夏、合發興

紡織:22
中國人纖、遠東紡織、大明化纖、華隆、中興紡織、新光合纖、南洋染整、裕和纖維
裕成企業、宏洲化工、東和紡織、太平洋實業、廣豐實業、嘉裕紡織、東華合纖
新光紡織、潤泰工業、景美印染、民興紡織、利華羊毛、新東紡織、福…",,
collision:1304,1304,台聚,M.1631788751.A.91A,2021-09-16 18:39:11,情報,code,sparse,False,7,[情報] 0916 量大分點齊買,2,True,True,1163,"[代號] …42.65   77,069  32.19   23,697  9.99    1.61%   1.04%
2891    中信金  23.4    74,155  17.29   16,323  3.8     0.35%   0%
【1304】    台聚    37.15   97,997  35.67   14,589  5.33    1.31%   0.03%
2883    開發金  14.5    124,020 18.07   12,798  1.87    0.4…
[簡稱(name)] …77,069  32.19   23,697  9.99    1.61%   1.04%
2891    中信金  23.4    74,155  17.29   16,323  3.8     0.35%   0%
1304    【台聚】    37.15   97,997  35.67   14,589  5.33    1.31%   0.03%
2883    開發金  14.5    124,020 18.07   12,798  1.87    0.48%   0…",,
collision:1304,1304,台聚,M.1667921359.A.852,2022-11-08 23:29:19,請益,name,sparse,False,2,Re: [請益] 存股獲利的迷思,1,False,True,2353,"[簡稱(name)] …右開始長期投資,2019自有資金全部買入

2020 6月等到確認股市V轉,用原屋融資借貸400萬1.32%(國泰人壽)

並分配在4~6個月全部投入台股,我是左側交易仔

當年運氣好,碰上大多頭買甚麼幾乎都賺錢

當時買到起漲前的光寶科、【台聚】、東鋼

第一次拿到大筆資金,很容易迷失自我

看到甚麼個股都覺得便宜,忘記投資紀律

未分3~4批資金投入單一個股

甚至優先選擇大盤ETF

導致第二階段,股票質借時期的挫敗

後來把全部部位,辦理股票質借

透過買入再質押,總共借了6…",,
collision:1304,1304,台聚,M.1458660180.A.F79,2016-03-22 23:23:00,其他,code,sparse,False,11,[其他] 3/22 台灣集中市場投信買賣超前30名 已刪文,2,True,True,2620,"[代號] …456  奇力新        -277    58.80    -0.80
2886  兆豐金        -269    22.90    -0.05
3454  晶睿          -237    85.10    -1.50
【1304】  台聚          -234    13.30    -0.10
8021  尖點          -230    23.65    -0.35
6230  超眾          -219   135.00    -2.00
3…
[簡稱(name)] …力新        -277    58.80    -0.80
2886  兆豐金        -269    22.90    -0.05
3454  晶睿          -237    85.10    -1.50
1304  【台聚】          -234    13.30    -0.10
8021  尖點          -230    23.65    -0.35
6230  超眾          -219   135.00    -2.00
3034…",,
collision:1304,1304,台聚,M.1607771954.A.32F,2020-12-12 19:19:14,新聞,name,sparse,False,8,[新聞] 電子傳產點將 16檔法人護體,1,False,True,1020,"[簡稱(name)] …提升,預估科技股2020年獲利將
大幅年增35%、2021年獲利將可再向上增長20%。

近兩日台股大盤回檔,然電子族群的鴻海、旺宏、仁寶、友訊、華邦電、英業達、元太、
華新科、至上、佳世達,以及傳產族群的大成鋼、中鴻、中鋼、陽明、中石化、【台聚】等共
16檔,逆勢獲法人青睞,累積買超4,543~14,770張不等,行情或將提前發動。

保德信高成長基金經理人葉獻文表示,這波由資金帶動的多頭攻勢,反映年底作夢行情開
跑,配合內資法人作帳行情及外資不易再出現大幅賣超趨勢下,預期這波強勢…",,
collision:1304,1304,台聚,M.1736143203.A.F23,2025-01-06 14:00:03,閒聊,name,sparse,False,5,[閒聊] 2025/01/06 盤後閒聊,1,False,True,524,"[簡稱(name)] …盤
台指期 自營商 -2,183 投信 +842 外資 +3,954
台指選 自營商 +7,335 投信    0 外資 +5,272

小台指期 自營商 +133  投信   0 外資   +131
上市
漲停家數 (+10%) 12 (【台聚】、星通、宏齊、安集、達運光電、興能高、AES-KY、藥華藥、
                    冠西電、惠特、邁達特、達邁)
跌停家數 (-10%)  0
上櫃
漲停家數 (+10%) 11
跌停家數 (-10%)  0

成交量排行…",,
collision:1304,1304,台聚,M.1647248414.A.208,2022-03-14 17:00:14,情報,name,sparse,False,11,[情報] 0314上市外資買賣超排行,1,False,True,3324,"[簡稱(name)] …百和            -1,234
37      台中銀          1,877   37      緯創            -1,197
38      王道銀行        1,826   38      【台聚】            -1,174
39      中工            1,777   39      國票金          -1,164
40      新纖            1,749   40      聯合再生…",,
collision:1304,1304,台聚,M.1483963468.A.58B,2017-01-09 20:04:28,標的,name,sparse,False,3,[標的] 亞聚 已刪文,1,False,True,355,"[簡稱(name)] …;
              累計105年1-12月營收57億8071萬2000元,較104年同期增加14.56%。

4. 進退場機制:上個月一度衝到接近21塊後拉回,12月營收破近幾年的新高
              一直漲不上去,【台聚】、華夏之前都噴到天際了就獨獨他在睡覺
              本次不停損,漲破22先獲利了結。目前持有15張均價19塊。

--
※ 發信站: 批踢踢實業坊(ptt.cc), 來自: 223.141.172.16
※ 文章網址:
htt…",,
collision:1304,1304,台聚,M.1669030662.A.11F,2022-11-21 19:37:42,情報,code,sparse,False,8,[情報] 1121八大公股銀行買賣超排行,2,True,True,2890,"[代號] …15
松上             -567
16
元大高股息       1465
16
金像電           -567
17
富邦恒生國企正2  1402
17
元大金           -559
18
富邦上証正2      【1304】
18
愛普*            -538
19
旺宏             1263
19
永豐餘           -524
20
期元大S&P石油    1242
20
中信關鍵半導體   -514
21
台塑…
[簡稱(name)] …434
44
彰銀             -281
45
富邦越南         433
45
耿鼎             -275
46
微星             430
46
陞泰             -270
47
【台聚】             421
47
萬海             -266
48
富野             419
48
中視             -259
49
元大S&P500反1    410
49
國泰費城半導體   -…",,
collision:1304,1304,台聚,M.1632709111.A.3E0,2021-09-27 10:18:31,新聞,name,sparse,False,2,Re: [新聞] 中國限電大刀砍向PVC催生報價向上 台廠 受惠 已刪文,1,False,True,214,"[簡稱(name)] …中國限電大刀砍向PVC催生報價向上 台廠 受惠 已刪文
: 中國限電大刀砍向PVC催生報價向上 台廠受惠
: 原文連結:
:
https://news.cnyes.com/news/id/4728561
華夏 42.9 9.16%

  【台聚】 40.95 5.13%

  亞聚 49.9 8.01%

  台達化 40.75 5.3%

  銳不可擋  這波會衝到啥時

  感覺跟波旬一樣威阿
https://www.youtube.com/watch?v=-nWLNeJM3u…",,
collision:1304,1304,台聚,M.1696583495.A.024,2023-10-06 17:11:35,情報,code,sparse,False,1,[情報] 2889 國票金 9月自結 0.02 累計 0.46,1,True,False,990,"[代號] …75           83        1572         1594        0.46

國際票券(持股100%):    131          111        1593         【1304】        0.71

國票證券(持股58.09%):   58           39        1019          823        0.82

--
※ 發信站: 批踢踢實業坊(ptt.cc), 來自: 59.1…",,
collision:1304,1304,台聚,M.1659001133.A.00D,2022-07-28 17:38:53,情報,code,sparse,False,6,[情報] 0728 上市櫃外資投信同買排行,2,True,True,1117,"[代號] …+0.5    1002     23
8      2330台積電  501     -1       862     5337
9      1102亞泥    40.5    -0.55    842     1256
10     【1304】台聚    22.75   +0.15    757     768
11     3711日月投  87.8    +2.7     745     5910
12     4551智伸科  169.5   +10.5    691…
[簡稱(name)] …1002     23
8      2330台積電  501     -1       862     5337
9      1102亞泥    40.5    -0.55    842     1256
10     1304【台聚】    22.75   +0.15    757     768
11     3711日月投  87.8    +2.7     745     5910
12     4551智伸科  169.5   +10.5    691…",,
collision:1304,1304,台聚,M.1621428526.A.973,2021-05-19 20:48:46,新聞,code,sparse,False,12,[新聞] 蔡明彰觀點：疫苗決定一切 歐美打了疫苗 後這些傳產最會漲,2,True,True,2831,"[代號] …計維持 100%以上,紡織 4 月營收年增率 100%以上,還有
力鵬 (1447-TW)
192%
、
宏益 (1452-TW)
467%
、
宜進 (1457-TW)
132%
等,近期股價都跌深,有錯殺現象。

另外,塑膠的
台聚 (【1304】-TW)
4 月營收年增率
72%
、
華夏 (1305-TW)
108%
、
亞聚
(1308-TW)
85%
、
聯成 (1313-TW)
88%
,在歐美及中國需求下,第二季的營收可望維持高
成長,但近期的股價跌幅不小。

鋼鐵的月營…
[簡稱(name)] …增率估計維持 100%以上,紡織 4 月營收年增率 100%以上,還有
力鵬 (1447-TW)
192%
、
宏益 (1452-TW)
467%
、
宜進 (1457-TW)
132%
等,近期股價都跌深,有錯殺現象。

另外,塑膠的
【台聚】 (1304-TW)
4 月營收年增率
72%
、
華夏 (1305-TW)
108%
、
亞聚
(1308-TW)
85%
、
聯成 (1313-TW)
88%
,在歐美及中國需求下,第二季的營收可望維持高
成長,但近期的股價跌幅不小。…",,
collision:1304,1304,台聚,M.1618815383.A.DD8,2021-04-19 14:56:23,其他,name,sparse,False,5,[其他] 0419上市投信買賣超排行,1,False,True,1140,"[簡稱(name)] …8.晶技     666
9.華夏       2869                9.南電     647
10.順德      2555               10.國產     630
11.【台聚】      1677               11.超豐     602
12.微星      1403               12.聯電     439
13.台化      1317               13.聯詠…",,
collision:1304,1304,台聚,M.1619730628.A.824,2021-04-30 05:10:28,標的,name,sparse,False,2,[標的] 1305 華夏 多,1,False,True,227,"[簡稱(name)] …$基本面:

1、2、3月營收年增 3月營收相當亮眼

PVC、油價報價創新高 轉價效應會使之爽起

而且他的殖利率很高喔 5月法說會讓他非常亮眼的

$籌碼面:

外資回頭、投信回頭

$技術面:

盤整結束

看好量後增 價回揚 跟隨【台聚】一起向前強
https://i.imgur.com/pvaElLc.jpg…",,
collision:1304,1304,台聚,M.1618835681.A.164,2021-04-19 20:34:41,新聞,name,sparse,False,7,[新聞] 小資族變心！他們為何改愛中鋼、長榮,1,False,True,3141,"[簡稱(name)] …加18
00人,陽明零股增加222人,持有1張到5張的小散戶增加9261人。

4月16日零股交易排名,中鋼躍居第1,中鴻第2,台積電遠拋至第8名。去年吃香的台積電
、大立光、聯發科三大高價電子股,如今由中鋼、中鴻、鴻海取代,而長榮、陽明、【台聚】
、中石化低價傳產股更擠進前十大成新歡。

台積電股價自今年元月21攀抵679元天價以來,呈現向下盤整,如今在600元左右;中鋼4
月股價大漲35%,創下12年新高。長榮、陽明今年各大漲五成、七成,雙雙創下新高。

自去年,40歲以下新開戶…",,
collision:1304,1304,台聚,M.1625199830.A.8B4,2021-07-02 12:23:50,心得,code,sparse,False,1,[心得]一日行情,2,True,True,145,"[代號] …[心得]一日行情
一日行情
不只電子

還有塑化


【1304】台聚


打回原型

哭啊

--
※ 發信站: 批踢踢實業坊(ptt.cc), 來自: 27.52.231.87 (臺灣)
※ 文章網址:
https://www.ptt.cc/bbs/Stock/M.1625199830.A.8B4.h…
[簡稱(name)] …[心得]一日行情
一日行情
不只電子

還有塑化


1304【台聚】


打回原型

哭啊

--
※ 發信站: 批踢踢實業坊(ptt.cc), 來自: 27.52.231.87 (臺灣)
※ 文章網址:
https://www.ptt.cc/bbs/Stock/M.1625199830.A.8B4.htm…",,
collision:1304,1304,台聚,M.1600937620.A.3CD,2020-09-24 16:53:40,其他,code,sparse,False,10,[其他] 外資投信買賣超前 10,2,True,True,2114,"[代號] …商)
00677U  富邦VIX                 26,597,000
00632R  元大台灣50反1           24,319,000
00693U  街口S&P黃豆             5,176,000
【1304】    台聚                    4,517,000
1312    國喬                    3,512,000
2449    京元電子                3,508,000
2401…
[簡稱(name)] …U  富邦VIX                 26,597,000
00632R  元大台灣50反1           24,319,000
00693U  街口S&P黃豆             5,176,000
1304    【台聚】                    4,517,000
1312    國喬                    3,512,000
2449    京元電子                3,508,000
2401    凌陽…",,
collision:1414,1414,東和,M.1668423215.A.547,2022-11-14 18:53:35,情報,code,silent,False,7,[情報] 1114八大公股銀行買賣超排行,1,True,False,2951,"[代號] …7
英業達           -3628
8
國泰美國道瓊反1  1735
8
元大金           -3569
9
華通             1506
9
裕隆             -3145
10
富邦台灣半導體   【1414】
10
元大滬深300正2   -2989
11
景碩             1226
11
群創             -2989
12
中鴻             1148
12
彰銀             -2943
13
國…",,
collision:1414,1414,東和,M.1637834314.A.B73,2021-11-25 17:58:34,情報,code,silent,False,3,[情報] 1125分點重壓股,1,True,True,710,"[代號] …亞    86.3    4,746   新加坡商瑞銀    1,596   33.62%  793.08
6285    啟碁    76.0    1,531   凱基            500     32.65%  39.73
【1414】    東和    18.2    2,289   元富大昌        694     30.31%  22

金融和塑化刷一波
有個股連續兩天進榜喔


--
※ 發信站: 批踢踢實業坊(ptt.cc), 來自: 123.192.12…",,
collision:1414,1414,東和,M.1440386545.A.1B9,2015-08-24 11:22:25,新聞,code,silent,False,5,Re: [新聞] 快時尚發威 宜進聯發獲利成長驚人 已刪文,1,True,True,1620,"[代號] …占34.74%的台
: 富,也調整生產結構,高毛利率的針織布的接單量增大因此帶動毛利率的提升;下半年進
: 入出貨高峰,獲利預期優於上半年。
: 先前主要以聚酯加工絲為主的宜進,近年來持續進行上下游垂直整合,包括在2010年買下
: 東和(【1414】)台南化纖廠,2013年合併光明絲織(4420),今年初再吃下宏洲私募案並順
: 利入主,一條龍成型,獲利躍進。
: 法人認為,宜進為穩定物料及上游供貨關係,持續往上游聚酯聚合廠整合,也成為繼南亞
: (1303)和遠東新(1402),全台…",,
collision:1414,1414,東和,M.1625029573.A.DBF,2021-06-30 13:06:13,請益,code,silent,False,1,[請益] 東和紡織1414是發生了什麼事,1,True,True,166,"[代號] …[請益] 東和紡織【1414】是發生了什麼事
早上停損持有的東和,想說終於解套了,結果現在東和、大東、宏益等紛紛漲停,請問發生
了什麼事?紡織要起風了嗎..

--
※ 發信站: 批踢踢實業坊(ptt.cc), 來自: 49.216.58.205 (臺灣)
※ 文章網址…",,
collision:1414,1414,東和,M.1510553882.A.EC7,2017-11-13 14:18:02,標的,code,silent,False,1,Re: [標的] 1414 東和 已刪文,2,True,True,568,"[代號] …Re: [標的] 【1414】 東和 已刪文
※ 引述《carl0536 (馬龍(QQ))》之銘言:
這檔大概看一下而已
我當初是想賺個p幣
只要淨值高,加上某些條件吻合
很多股票有不破底的可能
失敗例子也是有的
所以盡可能挑20以下
這樣可以降低高風險
: 半年時間到…
[代號] …厲害的
: 雖然毛利今年很差
: 不過賣了土地最後eps 有0.47
: 不確定現在出場會不會太早
: 盤中還一度漲停
: 不過有到7塊也心滿意足了
: ※ 引述《airwaves0612 (改變是為了更好)》之銘言:
: : 1. 標的:【1414】 東和
: : 2. 分類:多
: : 3. 分析/正文:
: : 低價股,2月營收大增61.42%,雖然看營收做股票不是智舉,可以參考就好
: : 跌破月線6.58,這時候當然要撿個便宜,因為淨值有13塊,還算是價值投資
: : 去年虧損…",,
collision:1414,1414,東和,M.1439817650.A.908,2015-08-17 21:20:50,新聞,code,silent,False,3,[新聞] 快時尚發威 宜進聯發獲利成長驚人 已刪文,1,True,True,1073,"[代號] …14%、成品布占34.74%的台
富,也調整生產結構,高毛利率的針織布的接單量增大因此帶動毛利率的提升;下半年進
入出貨高峰,獲利預期優於上半年。

先前主要以聚酯加工絲為主的宜進,近年來持續進行上下游垂直整合,包括在2010年買下
東和(【1414】)台南化纖廠,2013年合併光明絲織(4420),今年初再吃下宏洲私募案並順
利入主,一條龍成型,獲利躍進。

法人認為,宜進為穩定物料及上游供貨關係,持續往上游聚酯聚合廠整合,也成為繼南亞
(1303)和遠東新(1402),全台第三大聚酯…",,
collision:1414,1414,東和,M.1469279333.A.0EA,2016-07-23 21:08:53,請益,code,silent,False,2,[請益] 利用公開說明書的運氣 已刪文,1,True,False,1198,"[代號] …損,不停利,他的原則基本面重於一切,短期的消息與技術不足掛齒,400變5000
出場後,辦理退休做專業投資人。

3009則採危機入市,當市場遭遇空襲時,定價入場,前後投入近500,一樣5000出場,退
休當專業投資人。

利用土地資產者
【1414】買者,在跑遍公司的廠房地點後,4元以下買,總投入約250,一億出場後轉買塊地再
養。

2545者原本要拿來買屋的自備款,因看屋聊天知道該公司在台北地區有不少地段不錯的土
地,請營業員幫忙找到一本公開說明書,上網蒐集資料分析後,沒買房子改買…",,
collision:1414,1414,東和,M.1431329721.A.970,2015-05-11 15:35:21,標的,code,silent,False,4,[標的] 今日財報 已刪文,1,True,True,1282,"[代號] …81華韡   -0.24   -0.34   -24.08%    18.7
4527方土霖  0.32    0.40     9.77%    28.2
6209今國光 -0.16   -0.26    -9.69%    19.95
【1414】東和   -0.07    0.1    -10.11%     8.1
1604聲寶    0.29    0.31    -6.27%    13.5

資料有誤 請告知~~ 財報周快結束了 可以準備吵股了
顏色無意義!!

--
※…",,
collision:1414,1414,東和,M.1491103620.A.935,2017-04-02 11:27:00,標的,code,silent,False,1,[標的] 1414 東和 已刪文,2,True,True,296,"[代號] …[標的] 【1414】 東和 已刪文
1. 標的:1414 東和

2. 分類:多

3. 分析/正文:

低價股,2月營收大增61.42%,雖然看營收做股票不是智舉,可以參考就好

跌破月線6.58,這時候當然要撿個便宜,因為淨值有13塊,還算是價值投資

去…
[代號] …[標的] 1414 東和 已刪文
1. 標的:【1414】 東和

2. 分類:多

3. 分析/正文:

低價股,2月營收大增61.42%,雖然看營收做股票不是智舉,可以參考就好

跌破月線6.58,這時候當然要撿個便宜,因為淨值有13塊,還算是價值投資

去年虧損0.01,看好技術線型,投資時…",,
collision:1414,1414,東和,M.1699340377.A.4A7,2023-11-07 14:59:37,情報,code,silent,False,1,[情報] 2889 國票金 10月自結 0.02 累計 0.48,1,True,False,1033,"[代號] …國票金控 :             76           76        1648         1670
0.48
國際票券(持股100%):    134          110        1728         【1414】        0.76

國票證券(持股58.09%):   18           21        1037          843        0.84



-----
Sent from JPTT on my Asus…",,
collision:1414,1414,東和,M.1557152295.A.1C7,2019-05-06 22:18:15,新聞,code,silent,False,2,[新聞] 三洋電擬售泰山廠 每股貢獻上看52元,1,True,False,583,"[代號] …142億元,一旦順利售出,將有一次性收入入帳,換算每股貢獻達52元。

三洋電大股東之一為能率集團,應華(5392)透過能率壹創投間接持有三洋電,未來也可望
享有處分收益入帳。


之前就有板友在講這檔要賣地了 沒上到車 今天直接拉上漲停
【1414】大東 去年賣地的錢拿出來發 最近也飆了好幾根
鬼島還是炒地皮最好賺

--
※ 發信站: 批踢踢實業坊(ptt.cc), 來自: 1.165.74.42
※ 文章網址:
https://www.ptt.cc/bbs/Stock/M.1557…",,
collision:1414,1414,東和,M.1675257628.A.E78,2023-02-01 21:20:28,請益,code,silent,False,2,[請益] 關於股票繼承,1,True,True,323,"[代號] …[請益] 關於股票繼承
各位好

最近因為家父過世

目前已經跑完遺產稅的流程  準備開始跑相關的繼承

財產清冊上面有留一些其他家人們也不知道的零股

其中兩隻是東和紡織(【1414】)100股

跟國產建材(2054)522股

但上面沒有證券商

其他像台塑跟統一的零股都有寫是亞東證券
https://imgur.com/a/N8xnts1
想請問如果要辦理股票繼承的話

是要直接去電公司詢問

還是有什麼管道可以問…",,
collision:1414,1414,東和,M.1648804329.A.9B3,2022-04-01 17:12:09,心得,code,silent,False,6,[心得] 除息旺季操作策略 - 如何增加股利收入 已刪文,1,True,True,613,"[代號] …2486一詮@2.5%
3036文曄@3.0%
6679鈺太@2.5%
8086宏捷科@3.5%

3/31
2030彰源@3.5%
2376技嘉@3.5%
2409友達@3.0%
3701大眾@1.5%
6182合晶@2.0%

4/1
【1414】東和@3.0%
2376技嘉@3.0%
2409友達@3.0%
3305昇貿@3.0%
3707漢磊@4.0%

--
※ 發信站: 批踢踢實業坊(ptt.cc), 來自: 180.217.32.55 (臺灣)
※ 文章網址:
https:…",,
collision:1414,1414,東和,M.1619773259.A.4DB,2021-04-30 17:00:59,新聞,code,silent,False,12,[新聞] 蔡明彰觀點：印度疫情全面失控 紡織股 成意外黑馬,1,True,True,2650,"[代號] …,中國棉紗期貨已在 3 月上旬刷新歷史天價,大陸棉紗廠近
來股價都在大漲,台灣最大棉紗廠南紡 (1440-TW) 產能滿載,接單至第二季底,並且有
6 個月的低價庫存,庫存利益將反映在第二季財報。


另外,大東 (1441-TW)、東和(【1414】-TW) 低價的棉紡廠週三攻上漲停,顯然已在反映印度
黑天鵝事件,印度也是僅次於中國的第二大紡織生產國,印度疫情失控,不少國際訂單轉
至中國及東南亞生產,台廠成衣三雄儒鴻 (1476-TW)、聚陽(1477-TW)、冠星 - KY(4439…",,
collision:1414,1414,東和,M.1639059223.A.3F4,2021-12-09 22:13:43,標的,code,silent,False,7,[標的] 12/2~12/9號地緣券商可能有買,1,True,True,380,"[代號] …題,提供大家參考,前幾周有抓到長榮。

是抓一段時間的(近五天),不是單看一天,

應該多少會有點幫助。

2883 開發金
5608 四維航
1611 中電
2312 金寶
1444 力麗
1409 新纖
2617 台航
1710 東聯
【1414】 東和
4414 如興
2612 中航
1616 億泰
2104 中橡
2211 長榮鋼
2611 志信

另外試算表表列:
https://reurl.cc/zWVlqa
-----
Sent from JPTT on my iPhone…",,
collision:1414,1414,東和,M.1510549732.A.505,2017-11-13 13:08:52,標的,code,silent,False,1,Re: [標的] 1414 東和 已刪文,2,True,True,436,"[代號] …Re: [標的] 【1414】 東和 已刪文
半年時間到

今天出場

大概是13%的獲利

大大的預測蠻厲害的

雖然毛利今年很差

不過賣了土地最後eps 有0.47

不確定現在出場會不會太早

盤中還一度漲停

不過有到7塊也心滿意足了
※ 引述《airwave…
[代號] …利

大大的預測蠻厲害的

雖然毛利今年很差

不過賣了土地最後eps 有0.47

不確定現在出場會不會太早

盤中還一度漲停

不過有到7塊也心滿意足了
※ 引述《airwaves0612 (改變是為了更好)》之銘言:
: 1. 標的:【1414】 東和
: 2. 分類:多
: 3. 分析/正文:
: 低價股,2月營收大增61.42%,雖然看營收做股票不是智舉,可以參考就好
: 跌破月線6.58,這時候當然要撿個便宜,因為淨值有13塊,還算是價值投資
: 去年虧損0.01,看好技術線…",,
collision:1414,1414,東和,M.1524742383.A.923,2018-04-26 19:33:03,其他,code,silent,False,3,[其他] 今日財報 已刪文,1,True,True,767,"[代號] …1.28     50.80
2015豐興      1.15    1.24     58.60
8183精星      0.22    0.19     20.30
6166凌華      0.10    0.11     59.50
【1414】東和      0.02   -0.02      7.41

資料有誤 請告知 ~~~~~~~~

--
※ 發信站: 批踢踢實業坊(ptt.cc), 來自: 61.31.163.75
※ 文章網址:
https://www.ptt.cc…",,
collision:1414,1414,東和,M.1637749888.A.D0C,2021-11-24 18:31:28,情報,code,silent,False,4,[情報] 1124分點重壓股,1,True,True,901,"[代號] …ps://reurl.cc/Q6k4EZ
最新日期:2021年11月24日
個股買超第一名且買超佔比在20%以上的券商分點,共33檔符合

股號    名稱    收盤價  成交張數/券商名稱       買超張數/買賣超占比/股本(億)
【1414】    東和    17.8    4,186   元富大昌        2,179   52.05%  22
3701    大眾控  67.6    5,362   元大            2,742   51.13%  19.0…",,
collision:1605,1605,華新,M.1620644507.A.15F,2021-05-10 19:01:47,情報,code,sparse,False,5,[情報] 0510 Top 100 券商買超股,1,True,False,1038,"[代號] …0.63%   0.04%
1314    中石化  15.05   146,398 12,817     -0.42%  0%
1440    南紡    31.65   76,514  12,402     -1.18%  0.66%
【1605】    華新    31.65   234,806 12,398     -0.65%  0%
2353    宏碁    35.2    36,129  11,536     0.72%   -0.08%
2834    臺企銀  10.…",,
collision:1605,1605,華新,M.1582765573.A.2DD,2020-02-27 09:06:13,新聞,code,sparse,False,1,[新聞] 華新轉投資寶德電化材聲請破產 估損失16.8億元,1,True,True,745,"[代號] …[新聞] 華新轉投資寶德電化材聲請破產 估損失16.8億元
華新轉投資寶德電化材聲請破產 估損失16.8億元


電線大廠華新麗華 (【1605】-TW) 今 (26) 日公告,轉投資寶德電化材 () 董事會決議聲請
破產,華新將損失 16.8 億元。

寶德電化材也發出公告指出,寶德電化材成立於 99 年 10 月,目標生產高品質太陽能級
多晶矽,後續太陽能製造產業低迷,太陽能多晶…",,
collision:1605,1605,華新,M.1501233496.A.69E,2017-07-28 17:18:16,標的,code,sparse,False,1,[標的] 1605 華新 已刪文,2,True,False,387,"[代號] …[標的] 【1605】 華新 已刪文
-------------------------------------------------------------------------
1.發文前請先詳閱[標的]分類發文規範,未依規範發文將受處份。
2.發標的文…
[代號] …格式輸入內容,未依格式者板規1-1-2砍文處份。
5.分類選填請益或心得者,進退場機制得刪去。
---------------------按ctrl+y可刪除以上內容。----------------------------

1. 標的:【1605】 華新

2. 分類:多

3. 分析/正文:
http://i.imgur.com/qjbBWXF.jpg…",,
collision:1605,1605,華新,M.1627990346.A.7FE,2021-08-03 19:32:26,情報,code,sparse,False,6,[情報] 0803 Top 100 券商最近一日買超,1,True,False,1007,"[代號] …張數
股號    名稱    收盤價  成交量  買賣超 外本比  投本比
2303    聯電    59.4    261,640 35,552  1.66%   -0.03%
【1605】    華新    29.35   76,707  19,817  0.48%   0.01%
1101    台泥    53.9    45,545  15,455  0.51%   0.06%
2363    矽統    27.75…",,
collision:1605,1605,華新,M.1544532863.A.83A,2018-12-11 20:54:23,其他,code,sparse,False,15,[其他] 12/11 台灣集中市場三大法人買賣超前30名 已刪文,1,True,False,3281,"[代號] …-35     -2814
2892    第一金          -2940   30      126     -2784
2027    大成鋼          -2344   -500    71      -2773
【1605】    華新            -2599   3       -20     -2616
6153    嘉聯益          -2138   -336    -3      -2477
2492    華新科…",,
collision:1605,1605,華新,M.1676640747.A.298,2023-02-17 21:32:27,情報,code,sparse,False,4,[情報] 0217 上市櫃外資投信同買排行,1,True,False,1095,"[代號] …+0.25   2555   20881
4      5009榮剛    41.25   +0.85   2284   2682
5      1101台泥    38      +0.5    1248   3603
6      【1605】華新    57.5    +1.2    1005   2423
7      2748雲品    93.5    +8.5     836   674
8      2882國泰金  44      +0.95    830   128…",,
collision:1605,1605,華新,M.1678111319.A.F76,2023-03-06 22:01:59,新聞,code,sparse,False,7,[新聞] 台灣50納華新 3/17盤後生效,1,True,False,913,"[代號] …ocks/819256.html
發布時間:2023.03.06

記者署名:工商時報 呂淑美

原文內容:
證交所與富時國際合編的台灣指數系列及台灣高股息指數成份股,3日公布季度定審結果
。台灣50指數(0050 ETF)成份股納入華新(【1605】)、刪除南電(8046);南電則轉入台
灣中型100指數(0051 ETF)、華新因納入0050,因而從中型100刪除。

台灣指數公司代富時羅素公布有關台灣50指數、台灣中型100指數、台灣資訊科技指數、
台灣發達指數及台灣高股息指數公布…",,
collision:1605,1605,華新,M.1458142146.A.4C8,2016-03-16 23:29:06,其他,code,sparse,False,11,[其他] 3/16 台灣集中市場自營商買賣超前30名 已刪文,1,True,False,3971,"[代號] …0642U元石油        1968      4590      2622    15.99    15.99
3706  神達          1575      1696       121    24.30    23.86
【1605】  華新          1438      2074       636     9.02     8.98
2881  富邦金        1338      3070      1732    40.24    40.17
006…",,
collision:1605,1605,華新,M.1668509036.A.84B,2022-11-15 18:43:56,情報,code,sparse,False,6,[情報] 1115 上市櫃外資投信買超金額排行,1,True,False,1235,"[代號] …漲跌

1     2330台積電  13635    480     +35
2     2303聯電     3164    46.6    +1.7
3     2454聯發科   2935    722     +25
4     【1605】華新     1963    48.35   +3.8
5     2308台達電   1282    293     +7.5
6     3711日月投    978    92.8    +1.1
7     3008大立光    8…",,
collision:1605,1605,華新,M.1693558899.A.413,2023-09-01 17:01:39,情報,code,sparse,False,7,[情報] 0050/0056等相關指數的成分股審核結果,2,True,False,1149,"[代號] …富時羅素依據2023年8月21日資料審核結果如下,彙總說明如附表:

一、臺灣50指數
  (一)
成分股納入:智邦(2345)、光寶科(2301)、緯創(3231)、緯穎(6669)
。
  (二)
成分股刪除:遠東新(1402)、華新(【1605】)、萬海(2615)、陽明(2609)
。
  (三)候補名單:長榮航(2618)、技嘉(2376)、創意(3443)、英業達(2356)、台灣高鐵
(2633)。
二、臺灣中型100指數
  (一)成分股納入:遠東新(1402)、華城(1…
[代號] …單:長榮航(2618)、技嘉(2376)、創意(3443)、英業達(2356)、台灣高鐵
(2633)。
二、臺灣中型100指數
  (一)成分股納入:遠東新(1402)、華城(1519)、材料-KY(4763)、威盛(2388)、華新
(【1605】)、萬海(2615)、陽明(2609)。
  (二)成分股刪除:智邦(2345)、富采(3714)、長興(1717)、光寶科(2301)、慧洋
-KY(2637)、緯創(3231)、緯穎(6669)。
  (三)候補名單:東哥遊艇(8478…",,
collision:1605,1605,華新,M.1654528128.A.1ED,2022-06-06 23:08:48,情報,code,sparse,False,1,[情報] 1605華新現增認股基準日 6/27,1,True,False,911,"[代號] …[情報] 【1605】華新現增認股基準日 6/27
https://mops.twse.com.tw/mops/web/t05sr01_1
1.董事會決議或公司決定增資基準日期:111/06/06
2.是否採總括申報發行新股(是,請併敘明預定發行期間/否):否…",,
collision:1605,1605,華新,M.1650020000.A.03B,2022-04-15 18:53:20,未分類,code,sparse,False,1,標的：1605華新 空,3,True,False,163,"[代號] …標的:【1605】華新 空
[標的] 1605華新 焦師父綠電吹牛空
時間: Fri Apr 15 18:53:18 2022
標的:1605
理由就是:1.股價過高
2.技術線型強勢向上
3.Ptt法人沒有敢碰

:進場價格:44.2放空單
停損價格:達4…
[代號] …標的:1605華新 空
[標的] 【1605】華新 焦師父綠電吹牛空
時間: Fri Apr 15 18:53:18 2022
標的:1605
理由就是:1.股價過高
2.技術線型強勢向上
3.Ptt法人沒有敢碰

:進場價格:44.2放空單
停損價格:達48以上加空六倍
停利價格:3…
[代號] …標的:1605華新 空
[標的] 1605華新 焦師父綠電吹牛空
時間: Fri Apr 15 18:53:18 2022
標的:【1605】
理由就是:1.股價過高
2.技術線型強勢向上
3.Ptt法人沒有敢碰

:進場價格:44.2放空單
停損價格:達48以上加空六倍
停利價格:36
https://i.imgur.com/su1R09T.jpeg…",,
collision:1605,1605,華新,M.1649947062.A.E0D,2022-04-14 22:37:42,情報,code,sparse,False,6,[情報] 0414 處置股票與注意股票統計分析,1,True,False,3494,"[代號] …0天      [1、4]
1506 正道           9.81%   2個交易日後   5分   10天      [1]
6242 立康           9.84%   2個交易日後   5分   10天      [1]
【1605】 華新           8.45%   3個交易日後   5分   10天      [3]
6104 創惟           -6.45%  3個交易日後   5分   10天
8183 精星           2.58%   3…",,
collision:1605,1605,華新,M.1632831230.A.2BA,2021-09-28 20:13:50,新聞,name_with_context,sparse,False,2,[新聞] 大陸限電 七大台鏈重傷,1,False,True,1229,"[簡稱(name_with_context)] …百和指出,東莞及無
錫兩廠都有自備發電機設備,另外兩廠也都已經取得「零碳中和憑證」,確保生產線正常
運作。

機械業則是上銀位於蘇州工業區的生產基地受影響,昨天起宣布停工至本月30日。公司表
示,會以大陸十一長假調班來因應。

電線電纜大廠【華新麗華】也坦言,部分大陸廠區面臨限產,營收將會受到影響,將由台灣工
廠出貨因應。

橡膠業產品廣泛應用在汽車輪胎、工業用墊圈等領域。輪胎大廠正新透露,遵行大陸限電
停工措施,並會於十一長假的假期配合限電停工日期挪前,換言之,假期間就會提前復工
。…",,
collision:1605,1605,華新,M.1620990785.A.C0D,2021-05-14 19:13:05,情報,code,sparse,False,10,[情報]0514 Top 100 券商最近一日買超500張以上,1,True,False,1258,"[代號] …-0.55%  0.18%
1409    新纖    19.15   35,023  4,798      0.47%   0%
4746    台耀    64.1    25,994  4,627      1.39%   0%
【1605】    華新    23.05   67,285  4,440      0.53%   0%
8358    金居    73.8    20,354  4,271      1.42%   2.24%
1608    華榮    23.…",,
collision:1605,1605,華新,M.1556894165.A.BCC,2019-05-03 22:36:05,其他,code,sparse,False,14,[其他] 5/3 台灣集中市場外資買賣超前30名,1,True,False,3207,"[代號] …283049    67.31
1312   國喬                 -2548    319682    34.49
2492   華新科               -2494    126166    25.97
【1605】   華新                 -2414    886580    26.65
3037   欣興                 -2304    597235    39.68
2883   開發金…",,
collision:1605,1605,華新,M.1552912651.A.656,2019-03-18 20:37:31,其他,code,sparse,False,11,[其他] 3/18台灣集中市場三大法人買賣超,1,True,False,2061,"[代號] …-8388   1723    819     -5846
2823    中壽    -5189   0       -7      -5196
2408    南亞科  -4413   -232    -469    -5114
【1605】    華新    -3205   0       -581    -3786
3711    日月光投控      -3987   0       214     -3773
4938    和碩    -2950   125     -…",,
collision:1605,1605,華新,M.1703083182.A.EB8,2023-12-20 22:39:42,新聞,code,sparse,False,7,[新聞] 外資買超246 億元加碼台積電117億元 電子 五哥獨棄和碩,1,True,False,1065,"[代號] ….5
萬張、兆豐金 (2886-TW)1.27 萬張、第一金 (2892-TW)7560 張、新光金
(2888-TW)5778 張、開發金 (2883-TW) 及國泰金 (2882-TW) 各餘 5300 張。


外資賣超傳產有華新 (【1605】-TW)2.64 萬張、正新 (2105-TW) 也近 2 萬張,遠東新
(1402-TW)7983 張、寶成 (9904-TW)7530 張、電子股則以聯電 (2303-TW)1.44 萬張、神
基 (3005-TW)1.13 萬張。…",,
collision:1605,1605,華新,M.1655371843.A.F94,2022-06-16 17:30:43,情報,code,sparse,False,7,[情報] 0616 上市櫃外資投信買超金額排行,1,True,False,1243,"[代號] …dwj9z
投信

排行  股票名稱     百萬   收盤價   漲跌

1     3036文曄      284    79.9    +1.3
2     2345智邦      280    242.5   +2.5
3     【1605】華新      250    41.55   -1.5
4     2454聯發科    249    873     -11
5     3533嘉澤      171    773     -31
6     3596智易      1…",,
collision:1605,1605,華新,M.1531213156.A.4E3,2018-07-10 16:59:16,標的,code,sparse,False,1,[標的] 1605華新(空) 2492華新科(多) 已刪文,4,True,False,663,"[代號] …[標的] 【1605】華新(空) 2492華新科(多) 已刪文
1. 標的:2492華新科(多) 1605華新(避險空)

2. 分類:多/空

3. 分析/正文:

大盤不穩,所以小弟想出了勝率87%策略單

主要方法是強者恆強,但是輔助避險單

前陣子被動相…
[代號] …[標的] 1605華新(空) 2492華新科(多) 已刪文
1. 標的:2492華新科(多) 【1605】華新(避險空)

2. 分類:多/空

3. 分析/正文:

大盤不穩,所以小弟想出了勝率87%策略單

主要方法是強者恆強,但是輔助避險單

前陣子被動相當火熱股版玩的開心

但是因為不瞭解產業一直沒跟上

趁被動小拉回勇敢買進2492勇…
[代號] …要方法是強者恆強,但是輔助避險單

前陣子被動相當火熱股版玩的開心

但是因為不瞭解產業一直沒跟上

趁被動小拉回勇敢買進2492勇敢做多強勢股


由於焦師傅的股性特殊個人認為彼此有

一定連動關係

加上大盤不穩

所以同時放空較弱勢的【1605】

有很多手段可以使用,股期,權證,融券等

不容易被嘎到無法自拔,建議廣布空單

大盤回檔也能吃一波飽飽飽


另外,目前2492已站穩均線,就差一根紅K

準備大賺一波,一口吃成胖子,20MA站的

很漂亮啊哈哈,比起1605看起來真的…",,
collision:1762,1762,中化生,M.1608519618.A.A0B,2020-12-21 11:00:18,新聞,name_with_context,sparse,False,1,[新聞] 旭富產線燒毀重建需6個月 股價跌停開出,1,False,True,895,"[簡稱(name_with_context)] …112元開出,由於大部份生產線燒毀,估計如果建物主
結構未被破壞,重建期間至少需6個月,公司初步預估2021年第1季在手訂單6億元將泡湯
無法交貨,衝擊今天股價重挫,以跌停112元開出,創下今年3月25日以來新低點。

其他包括神隆、生泰、【中化生】及台耀等原料藥股股價表現相對強勢,漲幅在2%至5%不等。

旭富製藥昨日桃園工廠發生火警,旭富今早舉行重訊記者會對外說明,發言人楊文禎表示
,粗估火災損失新台幣8億元,但應可獲保險全額理賠,不過生產線幾乎全部燒毀,重建
期間至少需6個月,後…",,
collision:1762,1762,中化生,M.1616344586.A.E49,2021-03-22 00:36:26,標的,name_with_context,sparse,False,2,[標的] 3303岱稜 4938和碩 3052夆典 新手預測高股息,1,False,True,1662,"[簡稱(name_with_context)] …] 3303岱稜 4938和碩 3052夆典 新手預測高股息
1. 標的:3303 岱稜
         4938 和碩
         3052 夆典

2. 分類:心得
3. 分析/正文:

    離上次po文有一年了,推過台驊,【中化生】等績優股

此次要標的是未公布股利且具有潛在高殖利率的公司....

可能是熱錢的效應,大家也都注意到這兩周以來,

許多高配息高殖利一公布,就噴好幾根,

老實說,這在往年是很少見的,往年頂多就一根


    要如何快速找到可能會發布高…",,
collision:1762,1762,中化生,M.1589284158.A.CB0,2020-05-12 19:49:18,其他,code,sparse,False,2,[其他] 5月12日 法人買賣佔發行量,1,True,True,590,"[代號] …6426    統新    +0.64%

賣超佔發行量 (ETF除外)
3450    聯鈞    -2.10%
5471    松翰    -1.99%
4142    國光生  -1.47%
4746    台耀    -1.47%
【1762】    中化生  -1.46%
6271    同欣電  -1.44%
1732    毛寶    -1.41%
6462    神盾    -1.37%
3545    敦泰    -1.36%
5469    瀚宇博  -1.08%…",,
collision:1762,1762,中化生,M.1457509954.A.F30,2016-03-09 15:52:34,標的,code,sparse,False,1,[標的] 中化生(1762) 已刪文,4,True,True,391,"[代號] …[標的] 中化生(【1762】) 已刪文
1. 標的:  中化生(1762)

2. 分類:空  40.5 2張

3. 分析/正文:這一檔生技股拉到11月到45元就沒有力了,最近兩周交易日只要一拉高馬
上被賣下來,上面賣壓很重,現在的價位跌破5,10,20日均線,昨日…
[代號] …[標的] 中化生(1762) 已刪文
1. 標的:  中化生(【1762】)

2. 分類:空  40.5 2張

3. 分析/正文:這一檔生技股拉到11月到45元就沒有力了,最近兩周交易日只要一拉高馬
上被賣下來,上面賣壓很重,現在的價位跌破5,10,20日均線,昨日宣佈配股1.5元後,早
盤拉高到41元後,又…
[簡稱(name_with_context)] …[標的] 【中化生】(1762) 已刪文
1. 標的:  中化生(1762)

2. 分類:空  40.5 2張

3. 分析/正文:這一檔生技股拉到11月到45元就沒有力了,最近兩周交易日只要一拉高馬
上被賣下來,上面賣壓很重,現在的價位跌破5,10,20日…",,
collision:1762,1762,中化生,M.1590764137.A.71F,2020-05-29 22:55:37,新聞,name_with_context,sparse,False,2,[新聞] 散戶買口罩也買口罩股 70萬散戶追防疫股,1,False,True,1302,"[簡稱(name_with_context)] …暗示之後,兩檔股票都下挫。
防疫概念股有題材,不應變質為散戶墳場
雖然蔡總統在520的六大戰略產業中提到了生技、口罩等防疫概念股,但謝金河在臉書上
提醒之後,從製藥股、篩檢股、口罩股、疫苗股紛紛重挫,有些個股連續兩天跌停,台耀
、寶齡富錦、【中化生】市值比520當天還減少了2%到6.67%不等。

他強調,全球防疫股正快速降溫,台灣卻資金充沛熱炒,投資人追逐生技股有助產業融資
,壯大產業實力,但如果淪為主力坑殺散戶,尤其又有投信基金經理人配合,主管機關恐
怕不能坐視。

3.心得:大家…",,
collision:1762,1762,中化生,M.1630984093.A.8C7,2021-09-07 11:08:13,標的,code,sparse,False,1,[標的] 1762 中化生 疫情投信多,6,True,True,302,"[代號] …[標的] 【1762】 中化生 疫情投信多
1. 標的:1762 中化生 疫情投信多

2. 分類:多

3. 分析/正文:


中化生是極少數投信 最近連續買的生技股

幾乎是保底穩賺

肯定有什麼內褲線

Delta疫情不斷擴散

下午記者會可能更嚴重?…
[代號] …[標的] 1762 中化生 疫情投信多
1. 標的:【1762】 中化生 疫情投信多

2. 分類:多

3. 分析/正文:


中化生是極少數投信 最近連續買的生技股

幾乎是保底穩賺

肯定有什麼內褲線

Delta疫情不斷擴散

下午記者會可能更嚴重?

生技股全面噴發

美德醫  毛寶 康那香…
[簡稱(name_with_context)] …[標的] 1762 【中化生】 疫情投信多
1. 標的:1762 中化生 疫情投信多

2. 分類:多

3. 分析/正文:


中化生是極少數投信 最近連續買的生技股

幾乎是保底穩賺

肯定有什麼內褲線

Delta疫情不斷擴散

下午記者會可能更嚴重?

生技股全…",,
collision:1762,1762,中化生,M.1630663655.A.ADE,2021-09-03 18:07:35,情報,code,sparse,False,6,[情報] 0903 上市櫃外資投信同買排行,1,True,True,1238,"[代號] …3084
5      6213聯茂    市      140     0          643   213
6      2330台積電  市      620     +13        625   28998
7      【1762】中化生  市      80.1    +0.1       406   78
8      6488環球晶  櫃      885     +31        347   638
9      2881富邦金  市      84.8…",,
collision:1762,1762,中化生,M.1557338419.A.A7A,2019-05-09 02:00:19,標的,code,sparse,False,1,[標的] 1762 中化生,4,True,True,231,"[代號] …[標的] 【1762】 中化生
1. 標的:1762 中化生

2. 分類:多

3. 分析/正文:

a.主力產品製程更新,成本降低。
b.營收漸漸增長,下半年會更好。
c.客戶新藥上市,原料需求增加。
d.技術線持續往上。

4. 進退場機制:中長期投資 ,…
[代號] …[標的] 1762 中化生
1. 標的:【1762】 中化生

2. 分類:多

3. 分析/正文:

a.主力產品製程更新,成本降低。
b.營收漸漸增長,下半年會更好。
c.客戶新藥上市,原料需求增加。
d.技術線持續往上。

4. 進退場機制:中長期投資 ,25進場, 停損10%。

-…
[簡稱(name_with_context)] …[標的] 1762 【中化生】
1. 標的:1762 中化生

2. 分類:多

3. 分析/正文:

a.主力產品製程更新,成本降低。
b.營收漸漸增長,下半年會更好。
c.客戶新藥上市,原料需求增加。
d.技術線持續往上。

4. 進退場機制:中長期投資 ,25進場…",,
collision:1762,1762,中化生,M.1601022269.A.E26,2020-09-25 16:24:29,其他,code,sparse,False,13,[其他] 109年09月25日外資投信買賣前10,1,True,True,1986,"[代號] …80
2890    永豐金                  1,248,000
1904    正隆                    1,189,000
2324    仁寶                    914,000
【1762】    中化生                  720,000
2356    英業達                  699,000
2892    第一金                  684,000
2520    冠德…",,
collision:1762,1762,中化生,M.1589199913.A.FA6,2020-05-11 20:25:13,其他,code,sparse,False,1,[其他] 5月11日 法人買賣佔發行量,1,True,True,595,"[代號] …[其他] 5月11日 法人買賣佔發行量
http://tinyurl.com/syjmg2m
5月11日

買超佔發行量 (ETF除外)
6706    惠特    +1.09%
【1762】    中化生  +1.08%
3596    智易    +0.95%
8358    金居    +0.95%
3661    世芯-KY +0.93%
2421    建準    +0.90%
4977    眾達-KY +0.87%…",,
collision:1762,1762,中化生,M.1588671933.A.958,2020-05-05 17:45:33,請益,name_with_context,sparse,False,4,Re: [請益] 防疫股請益,1,False,True,856,"[簡稱(name_with_context)] …23955張)
三芳(3744張)
毛寶(10683張)
亞諾法(4280張)

第二隊:
台耀(3369張)
台康(1587張)
高端疫苗(3958張)
雃博(1331張)
合一(新藥非防疫)處置中
遠東新(4858張)

第三隊前段班
【中化生】(180張)
佰研(530張)非防疫股
遠見(513張)
基亞
德淵


第三隊後段班:
長興(非防疫股),新麗,南六,德淵,強生,生達,太醫,瑞基

第一隊已經幾乎買不到,吃運氣,目前賣的也少
第二隊中午以前還有機會買到

而第三隊分為剛…",,
collision:1762,1762,中化生,M.1647155602.A.1E3,2022-03-13 15:13:22,請益,code,sparse,False,1,Re: [請益] 說要買美股的有想過美股會跌成這樣嗎？,1,True,False,866,"[代號] …舉一些比較明顯的例子
: 以一年(52週)高點來看
: Zoom 高點 406 現價 98  剩1/4
: Beyone 高點 160 現價 38 剩1/4
: Paypal 高點 310 現價 96 剩1/3
: Shopify 高點 【1762】 現價 544 剩1/3
: Facebook 高點 384 現價 186 剩1/2
: Netfilx 高點 700 現價 340 剩1/2
話說股票大勢 漲久必跌 跌久必漲

用投資之神 斯托蘭克 所說的話

狗離主人太遠

之所以暴跌…",,
collision:1762,1762,中化生,M.1583764757.A.F09,2020-03-09 22:39:17,其他,code,sparse,False,4,[其他] 3月9日 三大法人買賣超佔發行量,1,True,True,576,"[代號] …[其他] 3月9日 三大法人買賣超佔發行量
http://tinyurl.com/syjmg2m
3月9日
買超佔發行量 (ETF除外)
6457    紘康   +1.99%
4119    旭富   +1.86%
【1762】    中化生 +1.33%
2342    茂矽   +1.27%
2368    金像電 +1.12%
4746    台耀   +1.09%
9958    世紀鋼 +0.84%
2480    敦陽科 +0.77%
8996…",,
collision:1762,1762,中化生,M.1647148476.A.306,2022-03-13 13:14:36,請益,code,sparse,False,1,[請益] 說要買美股的有想過美股會跌成這樣嗎？ 已刪文,1,True,False,348,"[代號] …有可能跌到爛


舉一些比較明顯的例子

以一年(52週)高點來看

Zoom 高點 406 現價 98  剩1/4
Beyone 高點 160 現價 38 剩1/4
Paypal 高點 310 現價 96 剩1/3
Shopify 高點 【1762】 現價 544 剩1/3
Facebook 高點 384 現價 186 剩1/2
Netfilx 高點 700 現價 340 剩1/2

--
※ 發信站: 批踢踢實業坊(ptt.cc), 來自: 36.229.0.151 (臺灣)
※ 文…",,
collision:1762,1762,中化生,M.1670923253.A.8DC,2022-12-13 17:20:53,新聞,code,sparse,False,5,[新聞] 藥荒發作！多頭錢進生技股 專家看好4檔,2,True,True,1051,"[代號] …爾投顧分析師江國中指出,明年全球筆電、平板、桌機、手機等將陷入衰退,唯2產業
:伺服器和生技將逆天成長。他點名伺服器股營邦(3693)已連3天漲停,今盤中漲逾4%
;看好生技股有鈺緯(4153)、南光(1752)、生達(1720)、中化生(【1762】)和中化(
1701)等5檔。


心得/評論:
藥癮發作啦
藥頭準備好了沒?
分析師認為,生技製藥股連2日表現強勢,趨勢才剛形成,不太可能2日就結束
是吃好逗相報,還是要騙你散戶進場?

--
※ 發信站: 批踢踢實業坊(ptt.cc),…
[簡稱(name_with_context)] …。

摩爾投顧分析師江國中指出,明年全球筆電、平板、桌機、手機等將陷入衰退,唯2產業
:伺服器和生技將逆天成長。他點名伺服器股營邦(3693)已連3天漲停,今盤中漲逾4%
;看好生技股有鈺緯(4153)、南光(1752)、生達(1720)、【中化生】(1762)和中化(
1701)等5檔。


心得/評論:
藥癮發作啦
藥頭準備好了沒?
分析師認為,生技製藥股連2日表現強勢,趨勢才剛形成,不太可能2日就結束
是吃好逗相報,還是要騙你散戶進場?

--
※ 發信站: 批踢踢實業坊(ptt…",,
collision:1762,1762,中化生,M.1599458428.A.0C6,2020-09-07 14:00:28,閒聊,name_with_context,sparse,False,3,[閒聊] 2020/09/07 盤後閒聊,1,False,True,557,"[簡稱(name_with_context)] …張數1553萬1張,委賣張數1193萬2877張,成交張數844萬3211張。

收盤時上漲460家,下跌428家,持平70家。

成交量前5名個股為群創、友達、富邦VIX、長榮、旺宏。

漲幅前5名個股為美德醫療-DR、友佳-DR、聚亨、【中化生】、新世紀。

跌幅前5名個股為大魯閣、圓剛、世芯-KY、緯穎、祥碩。
https://reurl.cc/zzZzm0
--
※ 發信站: 批踢踢實業坊(ptt.cc), 來自: 60.248.176.61 (臺灣)
※ 文章網址:
http…",,
collision:1762,1762,中化生,M.1589463102.A.3FE,2020-05-14 21:31:42,其他,code,sparse,False,3,[其他] 5月14日 法人買賣佔發行量,1,True,True,591,"[代號] …2478    大毅    +0.92%
3515    華擎    +0.74%
3661    世芯-KY +0.71%
1760    寶齡富錦 +0.70%

賣超佔發行量 (ETF除外)
3609    東林    -8.20%
【1762】    中化生  -2.74%
6510    精測    -1.76%
8299    群聯    -1.63%
2337    旺宏    -1.30%
6679    鈺太    -1.30%
5471    松翰    -1.26%…",,
collision:1762,1762,中化生,M.1672060660.A.DAB,2022-12-26 21:17:40,情報,name_with_context,sparse,False,3,[情報] 12/26全市場當沖虧損最多的股票,1,False,True,446,"[簡稱(name_with_context)] …全市場當沖虧損最多的股票

1. 寶齡富錦    -3042.8萬
2. 萬海         -612.6萬
3. 合一         -540.4萬

12/26 全市場當沖獲利最多的股票

1. 生達    +296.2萬
2. 【中化生】  +215.6萬
3. 永信    +137.0萬

以上資料已扣減半之當沖交易稅,但不含手續費。

資料來源:證交所;以及
https://tradata.futurepnp.com/day-trade-analyze/income-r…",,
collision:1762,1762,中化生,M.1589371334.A.09D,2020-05-13 20:02:14,其他,code,sparse,False,1,[其他] 5月13日 法人買賣佔發行量,1,True,True,591,"[代號] …[其他] 5月13日 法人買賣佔發行量
http://tinyurl.com/syjmg2m
5月13日
買超佔發行量 (ETF除外)
4133    亞諾法  +5.32%
【1762】    中化生  +3.13%
6504    南六    +1.57%
4119    旭富    +1.19%
5471    松翰    +1.17%
8271    宇瞻    +0.87%
2376    技嘉    +0.84%…",,
collision:1762,1762,中化生,M.1649656803.A.49B,2022-04-11 14:00:03,閒聊,name_with_context,sparse,False,8,[閒聊] 2022/04/11 盤後閒聊,1,False,True,868,"[簡稱(name_with_context)] …15 投信  +2 外資 -9115
上星期凈總結部分:

台指期 自營商 -1569 投信 -762 外資  +3489
台指選 自營商 -1719 投信    0 外資 +10463
上市
漲停家數 (+10%) 16
(正道、晶相光、【中化生】、興農、全宇生技-KY、寶齡富錦、福壽、
                    振樺電、大將、ABC-KY、美德醫療-DR、東鹼、大統新創、
                    亞諾法、中福、昇陽)
跌停家數 (-10%)  3
(晶…",,
collision:1907,1907,永豐餘,M.1603699221.A.6F9,2020-10-26 16:00:21,新聞,name,sparse,False,11,[新聞] 台積走疲 聯電傳金力撐 台股萬三再等等,1,False,True,2304,"[簡稱(name)] …功虧一簣
,盤中
最高點一度觸及12971點,與萬三差距僅29點,看似雖近,實則在追價意願不足下,短線
要一鼓作氣強渡萬三大關,還需再等等。


不過,台積電等雖走疲,
聯電、股王大立光、國泰金、富邦金、日月光投控、台塑四寶、
長榮、陽明、【永豐餘】、中鋼、友達、長榮航、廣達、群創、國巨與亞泥等重量級集團股,
卻力挺多方,使盤勢開高之後仍呈欲小不易格局。
終場指數上漲10.21點,重返12900點之上,報12909.03點,單日漲幅0.08%,
成交1635.63
億元。

事實上,周…",,
collision:1907,1907,永豐餘,M.1641904131.A.E7E,2022-01-11 20:28:51,請益,name,sparse,False,1,[請益] 有沒有還沒漲的趁機漲價概念股?,1,False,True,511,"[簡稱(name)] …有注意但殖利太爛不想買的,我只買殖利5%以上的
1.德麥--烘培可以趁機用力漲價,但殖利太爛,不一定會再配股票
        萬一明年只配現金殖利只有4%
2.佳格--業績越來越爛,不敢買
3.大統益--飆到太誇張,殖利太爛,不買
4.【永豐餘】--股利不穩定,且飆太多殖利太爛
5.統一超--293賣了,去年業績很爛,跌不夠低,暫先不買回
6.八方雲集、揚秦--殖利太爛
7.卜蜂、大成--飼料大漲,獲利下跌,不優

餐廳股不考慮,現在看疫情看天吃飯,不用睹這麼大
還有哪些趁機漲價概…",,
collision:1907,1907,永豐餘,M.1601393657.A.DB5,2020-09-29 23:34:17,新聞,code,sparse,False,8,Re: [新聞] 康友涉財報不實 兩會計師遭處分停止簽證2 年,2,True,True,1979,"[代號] …期間:2018Q1~2020Q2
搜尋關鍵字:施景彬  江明南
 #為表示曾經同時簽同一家公司

施景彬會計師曾經簽
1340    勝悅-KY
1402    遠東新
1417    嘉裕
1451    年興 #
1525    江申
【1907】    永豐餘
2337    旺宏
2412    中華電
2450    神腦
2466    冠西電
2606    裕民
2911    麗嬰房
2929    淘帝-KY #
3090    日電貿 #
3221    台嘉碩 #…
[簡稱(name)] …1~2020Q2
搜尋關鍵字:施景彬  江明南
 #為表示曾經同時簽同一家公司

施景彬會計師曾經簽
1340    勝悅-KY
1402    遠東新
1417    嘉裕
1451    年興 #
1525    江申
1907    【永豐餘】
2337    旺宏
2412    中華電
2450    神腦
2466    冠西電
2606    裕民
2911    麗嬰房
2929    淘帝-KY #
3090    日電貿 #
3221    台嘉碩 #
3484…",,
collision:1907,1907,永豐餘,M.1588498954.A.330,2020-05-03 17:42:34,新聞,name,sparse,False,3,[新聞] 15檔法人狂敲 強勢領漲,2,False,True,1086,"[簡稱(name)] …人集中火力買超,線型已接近填補前波「碗型」缺口的強勢股。

據統計,獲得三大法人連續買超逾四個交易日,扮演股價上攻最大推手,且領先帶量突破
半年線壓力,KD指標高檔向上的個股共有15檔,包括
聯發科、廣達、緯創、和碩、瑞昱、
聯強、禾伸堂、【永豐餘】、統一超、上銀、光鋐、亞聚、大聯大、緯穎、亞德客-KY
等。

日盛投顧總經理鍾國忠認為,台股反彈以來,一路呈現類股強勢輪漲態勢,以
遠距辦公、
伺服器、5G概念股續扮多頭主流,且疫情趨緩也促使買盤流入部分景氣循環股
,持續吸納
法人資金。…
[簡稱(name)] …多方火力鎖定目標。本土大型投顧表示,亞德客-KY終端應用集中在中國市場的電
子產品,因生產活動恢復正常,帶動需求轉強,以及當地5G基礎建設需求增溫,將有利業
績顯著提升。


3.心得/評論:
聯發科、廣達、緯創、和碩、瑞昱
聯強、禾伸堂、【永豐餘】、統一超、上銀
光鋐、亞聚、大聯大、緯穎、亞德客-KY
周日點點名

勞動連假過後法人帶你賺大錢

--
2008 圖利廠商 紙本不環保 應改退稅
https://imgur.com/rlebhUm…",,
collision:1907,1907,永豐餘,M.1658146639.A.FCF,2022-07-18 20:17:19,新聞,name,sparse,False,10,[新聞] 公司治理100指數 成分股大汰換30檔,1,False,True,1460,"[簡稱(name)] …「公司治理100指數」今年度成分股定期審核結果,在100
檔成分股中,大汰換高達30檔個股
,中鋼(2002)及華航(2610)及長榮航(2618)航空
雙雄等均入列。
新納入的成分股計有台聚、華夏、亞聚、台達化、中石化、華新、東聯、中碳、【永豐餘】、
中鋼、中鴻、豐興、台橡、藍天、義隆、華新科、裕民、華航、萬海、長榮航、晶豪科、
智原、群創、敦泰(3545)、大聯大、台塑化、南茂、統一實、中鼎、信義等30檔股票,這
項審核結果將於7月19日生效。
台指公司表示,公司治理100指數於每…",,
collision:1907,1907,永豐餘,M.1503928561.A.BBF,2017-08-28 21:56:01,其他,code,sparse,False,12,[其他] 8/28 台灣集中市場外資買賣超前30名 已刪文,2,True,True,3204,"[代號] …349477     8.12
1216   統一                  2387   2882236    50.72
2890   永豐金                1943   2880917    26.95
【1907】   永豐餘                1915    274673    16.54
2845   遠東銀                1770    368083    11.83
6120   達運…
[簡稱(name)] …77     8.12
1216   統一                  2387   2882236    50.72
2890   永豐金                1943   2880917    26.95
1907   【永豐餘】                1915    274673    16.54
2845   遠東銀                1770    368083    11.83
6120   達運                  174…",,
collision:1907,1907,永豐餘,M.1682139237.A.171,2023-04-22 12:53:57,新聞,name,sparse,False,5,[新聞] 10年賽道上贏家 謝金河大讚台積電、3大 集團失色,1,False,True,854,"[簡稱(name)] …台塑、鴻海、國泰人壽的霖園集團成長相對落後,市值到2018年都
到頂了,台塑比2018年少約6000億,鴻海少500億左右,如果這5年投資人買這些公司的股票
,賺錢的機會很有限。
對照霖園集團,
富邦集團顯得比較進取
;傳統產業中的
華新、【永豐餘】集團、和泰汽車,及大
成鋼
都很出色,謝榮坤領軍的大成鋼市值增加10倍,
長榮、萬海
賺到貨櫃航運的機會財,而
企業主肯拼、能拚,又
以國巨
陳泰銘,
環球晶
徐秀蘭、
嘉澤
朱德祥、
緯創
林憲銘及
佳世達
陳
其宏最出色。

謝金河最後…",,
collision:1907,1907,永豐餘,M.1614852556.A.149,2021-03-04 18:09:16,標的,code,sparse,False,1,Re: [標的] 1907 永豐餘,2,True,True,482,"[代號] …Re: [標的] 【1907】 永豐餘
今天法說會 簡單整理
每股淨值來到了27.09 EPS3.18 股利1.5 (還需等股東會做最後確認)

雖然說第三季靠著資產處置 使每股盈餘大幅增長

但若把Q4稅前淨利-業外收入與Q3相比還是成長的
一一一一一一一一一一一一一…
[簡稱(name)] …Re: [標的] 1907 【永豐餘】
今天法說會 簡單整理
每股淨值來到了27.09 EPS3.18 股利1.5 (還需等股東會做最後確認)

雖然說第三季靠著資產處置 使每股盈餘大幅增長

但若把Q4稅前淨利-業外收入與Q3相比還是成長的
一一一一一一一一一一一一一一一一一…",,
collision:1907,1907,永豐餘,M.1623733257.A.9E9,2021-06-15 13:00:57,標的,name,sparse,False,2,Re: [標的] 台玻 jojo多,1,False,True,1029,"[簡稱(name)] …Re: [標的] 台玻 jojo多
認真說,看到這種新聞才要擔心。
為何呢?

你知我知獨眼龍也知,
國營企業的瓶支毛利最低毛最多,
小瓶子一支不到十塊錢,載運又麻煩,
在原物料裡面,就玻璃反應最不明顯,
看看【永豐餘】...

所以看到台玻連台酒的單都接,
各位知道怎麼做了吧......
※ 引述 《twnndnpdnc (資收王)》 之銘言:
: 標題: [標的] 台玻 jojo多
: 時間: Tue Jun 15 11:49:23 2021
:
:…",,
collision:1907,1907,永豐餘,M.1617702647.A.C18,2021-04-06 17:50:47,其他,name,sparse,False,1,[其他] 永豐集團何壽川家族將全面交給專業經理人,1,False,True,450,"[簡稱(name)] …,可以看到永豐集團的成長
今年可說是全面退出,交給專業經理人去治理公司
這個在未來的表現上應該是可以預期的

反觀現在東元集團接班大亂鬥,現在的永豐可以算是順利地向前邁進
包括去年受到疫情影響的申豐,逐漸在市面上露面的元太電子紙
最近也看到【永豐餘】轉型成非塑供應商,都是一步步的前進並成長

一個長久的家族企業可以做出這樣的決定我認為是為整體公司著想啦
給專業經理人去治理,有了更多的想法碰撞,也能為公司產生好的化學反應

目前整體來說永豐集團是有在進步的
但能不能做到像何壽川家族這樣的…",,
collision:1907,1907,永豐餘,M.1549012335.A.423,2019-02-01 17:12:15,新聞,name,sparse,False,1,[新聞] 跨界王 蔡維力轉戰永豐餘 已刪文,16,False,True,1139,"[簡稱(name)] …[新聞] 跨界王 蔡維力轉戰【永豐餘】 已刪文
1.原文連結:
https://goo.gl/sifELh
2.原文內容:
永豐餘投控傳出高層人事異動,擬於1日召開董事會,通過延攬前三陽工業策略長、南陽實業董事長蔡維力,出任永豐餘投控總經理。這是永豐餘何家第三代何奕達自2016…
[簡稱(name)] …[新聞] 跨界王 蔡維力轉戰永豐餘 已刪文
1.原文連結:
https://goo.gl/sifELh
2.原文內容:
【永豐餘】投控傳出高層人事異動,擬於1日召開董事會,通過延攬前三陽工業策略長、南陽實業董事長蔡維力,出任永豐餘投控總經理。這是永豐餘何家第三代何奕達自2016年接任永豐餘投控董事長以來,最重要的一個高層專業經理人任命案,也可看出他對永豐餘投控未來發展…
[簡稱(name)] …[新聞] 跨界王 蔡維力轉戰永豐餘 已刪文
1.原文連結:
https://goo.gl/sifELh
2.原文內容:
永豐餘投控傳出高層人事異動,擬於1日召開董事會,通過延攬前三陽工業策略長、南陽實業董事長蔡維力,出任【永豐餘】投控總經理。這是永豐餘何家第三代何奕達自2016年接任永豐餘投控董事長以來,最重要的一個高層專業經理人任命案,也可看出他對永豐餘投控未來發展的雄心。
三陽31日發布重訊,證實蔡維力請辭三陽、南陽職務,南陽1日也將召開董事會推選新任董事長,一…",,
collision:1907,1907,永豐餘,M.1622601771.A.6B0,2021-06-02 10:42:51,標的,code,sparse,False,2,[標的] 1907 永豐餘  投信大哥多 已刪文,6,True,True,285,"[代號] …[標的] 【1907】 永豐餘  投信大哥多 已刪文
1. 標的:1907 永豐餘

2. 分類:多

3. 分析/正文:

投信大哥連買7天
今天帶量突破前高 , 跟著大哥分點湯喝

大陸碳交易 ,永豐餘集團有話題
永豐實上市 ,永豐餘集團也有話題

看好6/…
[代號] …[標的] 1907 永豐餘  投信大哥多 已刪文
1. 標的:【1907】 永豐餘

2. 分類:多

3. 分析/正文:

投信大哥連買7天
今天帶量突破前高 , 跟著大哥分點湯喝

大陸碳交易 ,永豐餘集團有話題
永豐實上市 ,永豐餘集團也有話題

看好6/9除息完填息機會大 , 上車分點湯喝
這隻應該不用低…
[簡稱(name)] …[標的] 1907 【永豐餘】  投信大哥多 已刪文
1. 標的:1907 永豐餘

2. 分類:多

3. 分析/正文:

投信大哥連買7天
今天帶量突破前高 , 跟著大哥分點湯喝

大陸碳交易 ,永豐餘集團有話題
永豐實上市 ,永豐餘集團也有話題

看好6/9除息完…",,
collision:1907,1907,永豐餘,M.1714053495.A.B64,2024-04-25 21:58:15,情報,code,sparse,False,4,[情報] 113年04月25日 股東會紀念品公告,2,True,True,949,"[代號] …09    加捷生醫        088粉紅拿鐵(1包)及
367排便果凍
(1包)

5011    久陽            犇牛樟芝菌絲體精粹一包

2498    宏達電          HTC雙面抗UV機能帽PLUS乙頂

【1907】    永豐餘          GREEN&SAFE 原生月桃植萃洗髮皂組 (或同等值商品)

4104    佳醫            面膜

4138    曜亞            面膜

2731    雄獅…
[簡稱(name)] …生醫        088粉紅拿鐵(1包)及
367排便果凍
(1包)

5011    久陽            犇牛樟芝菌絲體精粹一包

2498    宏達電          HTC雙面抗UV機能帽PLUS乙頂

1907    【永豐餘】          GREEN&SAFE 原生月桃植萃洗髮皂組 (或同等值商品)

4104    佳醫            面膜

4138    曜亞            面膜

2731    雄獅            國內外團…",,
collision:1907,1907,永豐餘,M.1481875191.A.CAE,2016-12-16 15:59:51,新聞,name,sparse,False,2,[新聞] 有夠扯！公告離譜誤植　永豐金爆超貸疑雲 已刪文,2,False,True,3164,"[簡稱(name)] …ctrl+y可刪除以上內容。----------------------


1.原文連結(超過一行或過長必須縮網址):
https://www.mirrormedia.mg/story/20161213fin002/
2.原文內容:


【永豐餘】何家今年流年不利,繼永豐金大股東涉入鼎興牙材詐貸案後,再遭檢舉涉嫌超貸給
三寶集團逾41億元。本刊調查,三寶建設董事長李俊傑是永豐金董娘張杏如成立的華山文
創董事,永豐金員工懷疑,李俊傑和高層關係匪淺。

而永豐金在3月公告三寶集團73.6…
[簡稱(name)] …單,讓人懷
疑標的物是否存在?

第四,據永豐金內部資料顯示,三寶集團去年增貸是為上海1788大樓出售期間營運周轉金
,但上海1788大樓原先有意購買的買家備忘錄已到期,在新買家不確定情況下,永豐金租
賃卻願意增貸,有違常理。

本刊調查,【永豐餘】集團的華山文創公司,是由何壽川的太太張杏如擔任董事長,當初為興
建華山園區文創旗艦大樓而成立,經濟部商業司的公司登記赫然可見李俊傑也是華山文創
董事之一,持股約1%。

永豐金近年來屢因內控問題,頻頻躍上新聞版面,隨著近年來全球政府加強銀行…",,
collision:1907,1907,永豐餘,M.1667213414.A.06C,2022-10-31 18:50:14,情報,name,sparse,False,6,[情報] 1031八大公股銀行買賣超排行,1,False,True,2891,"[簡稱(name)] …649
20
國泰台灣5G+      -718
21
鈺創             648
21
旺宏             -706
22
國泰臺灣加權反1  644
22
臺企銀           -687
23
【永豐餘】           633
23
遠東銀           -683
24
中鋼             619
24
中信關鍵半導體   -648
25
寶成             599
25
中信特選金融     -634
26…",,
collision:1907,1907,永豐餘,M.1599225636.A.B73,2020-09-04 21:20:36,新聞,name,sparse,False,3,[新聞] 台灣50增矽力、瑞昱 剔除新光金、中壽,1,False,True,709,"[簡稱(name)] …檔。

台灣中型100指數納入被台灣50指數剔除的新光金、中壽,及世芯、鎧勝、貿聯、同欣電
等共六檔。剔除進入台灣50指數的瑞昱、矽力、還有三商壽、中碳、東陽、及宏達電。候
補金像電、超豐、正隆、景碩、國光生、國產、新日興、群電、聯合再生及【永豐餘】。

台灣資訊科技指數新增世芯、同欣電,剔除宏達電。台灣發達指數則新增鎧勝、貿聯,剔
除中碳和東陽。

3.心得/評論:

開發金真會玩,把中壽玩到掉出台灣50指數
果然買了中壽就會被氣到中風折壽
救救西瓜 救救中壽

--
※ 發信站:…",,
collision:1907,1907,永豐餘,M.1626078946.A.488,2021-07-12 16:35:46,情報,code,sparse,False,2,[情報]  4919 新唐 5月自結0.68 好吃的唐心蛋,1,True,False,1175,"[代號] …=======
營業收入   3,371          229     10,072          372        28,607
(百萬)
稅前淨利    332          75        390         【1907】         1,114
(百萬)
本期淨利    274          58        271         2313           792
(百萬)
每股盈餘   0.68                    0.…",,
collision:1907,1907,永豐餘,M.1581167720.A.930,2020-02-08 21:15:20,新聞,name,sparse,False,2,[新聞] 13檔疫勇軍，長線護短線,2,False,True,1028,"[簡稱(name)] …報要聞】新型肺炎打亂資本市場布局腳步,台股春節開盤後走勢大洗三溫暖,
法人認為,疫情對業績衝擊程度需密切關注,股價震盪難免,但影響時間預期不超過半年
。建議挑選產業趨勢正向、具高殖利率題材、及籌碼面有法人買盤照拂的個股,包括緯創
、中信金、【永豐餘】等13檔,具長線護短線優勢。

群益投顧董事長蔡明彥指出,陸廠規畫於10日復工,考量人力與物資運輸等因素,預期產
能全部恢復可能要到3月,經濟短線將遭遇逆風,但疫情對產業發展趨勢不會造成長遠影
響,且資金面有壽險等中長期買盤伺機入市,殖利率…
[簡稱(name)] …上演先蹲後跳。

綜觀法人意見,基本面為王仍是長線選股勝利方程式。設定2019年前三季每股獲利成長,
新年度現金股利水準有機會向上,輔以最新收盤價與前年度股利估算殖利率大於3%,搭
配三大法人偏多操作為篩選原則,
共有緯創、中信金、元大金、【永豐餘】、美律、第一金、
旭富、廣達、楠梓電、矽創、宜鼎、上海商銀、群光
等13檔入列,可望扮演「抗疫先鋒」
。


蔡明彥表示,5G、資料中心、真無線藍牙耳機(TWS)等供應鏈雖暫時可能面臨供貨生產
不順疑慮,影響淡季業績,不過,整體需求預期將在…",,
collision:1907,1907,永豐餘,M.1592552797.A.D7A,2020-06-19 15:46:37,標的,code,sparse,False,12,[標的] 合一相關概念股,2,True,True,690,"[代號] …病問題還會有腎臟問題!
寶齡富錦(1760)腎臟藥
長期看多,可先布局!

肥宅大熱天懶得出門,必定會叫外送,可是外送又沒有股票好買怎麼辦呢?
騎車要汽油股(台塑四寶)、輪胎股(正新);
吃飯喝飲料要沙拉油(大統益);
飯後要衛生紙永豐餘(【1907】)、正隆(1904)。

所以接下來幾年台灣熱門股票除了生技股還有生計股,
輪動輪漲漲個沒完,目前可以先出清電子股買進合一,
等到合一500~1000就會開始漸漸發酵了!

邏輯對了買股票才能賺錢,歡迎跟我對做。
4. 進退場機制:
合一停…
[簡稱(name)] …除了糖尿病問題還會有腎臟問題!
寶齡富錦(1760)腎臟藥
長期看多,可先布局!

肥宅大熱天懶得出門,必定會叫外送,可是外送又沒有股票好買怎麼辦呢?
騎車要汽油股(台塑四寶)、輪胎股(正新);
吃飯喝飲料要沙拉油(大統益);
飯後要衛生紙【永豐餘】(1907)、正隆(1904)。

所以接下來幾年台灣熱門股票除了生技股還有生計股,
輪動輪漲漲個沒完,目前可以先出清電子股買進合一,
等到合一500~1000就會開始漸漸發酵了!

邏輯對了買股票才能賺錢,歡迎跟我對做。
4. 進退場機制…",,
collision:1907,1907,永豐餘,M.1507960925.A.211,2017-10-14 14:02:05,新聞,name,sparse,False,6,[新聞] 「隱形金庫」現形！公益團體股利免稅取消 長庚、新光、遠東、潤泰都重傷 已刪文,1,False,True,1920,"[簡稱(name)] …醫院持有國泰金股票收入,每年約5000
萬元。

除了醫療財團法人,企業捐贈教育、文化慈善團體,有些也扮演著集團控股機構角色,以
華南金林明成家族為例,林熊徵學田基金會持有華南金股票,股利收入就有1.36億元;何
壽川家族的信誼基金會,持有【永豐餘】股票獲配現金股利也有2820萬元;殷琪家族的浩然基
金會持有欣陸控股股票,獲配現金股利也高達4374萬元。

明志科大股利收入高達4.65億

更引人注意的,還包括企業捐贈興辦的私立大學、技職科大部分,根據證交所資料,台塑
集團除了將集團股…",,
collision:2002,2002,中鋼,M.1670902221.A.B8A,2022-12-13 11:30:21,新聞,code,dense,False,1,[新聞] 中鋼盤價 向上態勢轉強,2,True,True,705,"[代號] …udn.com/news/story/7252/6833919
發布時間:

2022-12-12 23:48

記者署名:

經濟日報/ 記者林政鋒/高雄報導

原文內容:

大陸龍頭廠寶鋼明年1月熱軋新價每公噸漲人民幣200元,為中鋼(【2002】)新盤價奠定好基
礎。

中鋼董事長翁朝棟說,鋼市壞太久了,寶鋼明年1月開漲盤,有助提振鋼鐵市場交易信心
。

上市鋼廠主管說,中鋼董事長翁朝棟預測「鋼市明年第1季穩定、第2季拐點向上」,普遍
獲得業界認同。

隨著鋼市長期整理籌碼沉澱,近…
[簡稱(name_with_context)] …。

上市鋼廠主管說,中鋼董事長翁朝棟預測「鋼市明年第1季穩定、第2季拐點向上」,普遍
獲得業界認同。

隨著鋼市長期整理籌碼沉澱,近日需求「明顯起風」,國內通路商開始願意建立庫存水位
,昨天寶鋼開出漲盤並不意外,有利鋼市中長期發展。

【中鋼】昨(12)日公告11月合併營收320億元、年減29%,累計今年前11月營業收入4,185億
元、年減2%,呈現「短線修正、長線維穩」狀態。

法人指出,鋼市氛圍明顯回溫,但依中鋼長期來與用鋼產業共榮的政策,明年1月盤價沒
有跌價空間,季盤還…",,
collision:2002,2002,中鋼,M.1486521968.A.2A8,2017-02-08 10:46:08,新聞,code,dense,False,1,[新聞] 去年鈦碗引發熱潮　中鋼今年股東會紀念品 是這個 已刪文,1,True,True,625,"[代號] …finance/20170207/1051014/
2.原文內容:

去年鈦碗引發熱潮 中鋼今年股東會紀念品是這個

2017年02月07日 18:57  (江俞庭/台北報導)


    繼去年發放鈦碗當股東會紀念品,造成搶兌熱潮的中鋼(【2002】),今年在董座翁朝棟

欽點下,「中鋼雨傘」將強勢回歸,據悉,傘骨將採中鋼料源製作、傘面也以台灣圖騰設

計,號稱超耐用雨傘,預計也將引發話題。


    中鋼歷年股東會紀念品每次推出都造成轟動,過去發出鈦碗、鈦杯系列都讓中鋼供應

不及…",,
collision:2002,2002,中鋼,M.1636096270.A.E84,2021-11-05 15:11:10,未分類,code,dense,False,1,2002中鋼 前三季財報 EPS 2.88元,2,True,True,685,"[代號] …【2002】中鋼 前三季財報 EPS 2.88元
1.提報董事會或經董事會決議日期:110/11/05
2.審計委員會通過日期:不適用
3.財務報告或年度自結財務資訊報導期間
起訖日期(XXX/XX/XX~XXX/XX/XX):110/01/01~11…
[簡稱(name_with_context)] …2002【中鋼】 前三季財報 EPS 2.88元
1.提報董事會或經董事會決議日期:110/11/05
2.審計委員會通過日期:不適用
3.財務報告或年度自結財務資訊報導期間
起訖日期(XXX/XX/XX~XXX/XX/XX):110/01/01~110/…",,
collision:2002,2002,中鋼,M.1620684902.A.01A,2021-05-11 06:15:02,心得,name_with_context,dense,False,1,Re: [心得] 老實說傳產比電子好操作吧,2,False,True,583,"[簡稱(name_with_context)] …: 消息都真真假假
: 常常割韭菜
: 想問各位學長們覺得那個比較好操作呢
: -----
: Sent from JPTT on my Realme RMX2121.
說真的傳產就是如此容易

我的親戚就是這麼簡單

直接All in 【中鋼】

跟我說,鋼鐵,會很好

我在外面跑客戶都知道去年中鋼賠...

也不期待股利了,沒想到大家夢成這樣

也沒想到股價來個絕地大反攻

我親戚目前帳面獲利90%...

比我一年績效還好....(目前15%)...

重壓一定有回報...唉…
[簡稱(name_with_context)] …覺得那個比較好操作呢
: -----
: Sent from JPTT on my Realme RMX2121.
說真的傳產就是如此容易

我的親戚就是這麼簡單

直接All in 中鋼

跟我說,鋼鐵,會很好

我在外面跑客戶都知道去年【中鋼】賠...

也不期待股利了,沒想到大家夢成這樣

也沒想到股價來個絕地大反攻

我親戚目前帳面獲利90%...

比我一年績效還好....(目前15%)...

重壓一定有回報...唉唉唉

只怪自己操作太保守...

--
※ 發信站:…",,
collision:2002,2002,中鋼,M.1675073076.A.EE1,2023-01-30 18:04:36,情報,code,dense,False,5,[情報] 0130 上市櫃外資投信同買排行,1,True,True,1115,"[代號] …+4.5     942    2017
13     2330台積電  543     +40      924    80641
14     2408南亞科  60.3    +2.6     848    5423
15     【2002】中鋼    32.1    +0.9     830    19651

資料來源:
https://tinyurl.com/xratrhts
以上 謝謝

--

""When you live in the right way or yo…",,
collision:2002,2002,中鋼,M.1639737611.A.5FE,2021-12-17 18:40:11,情報,code,dense,False,9,[情報] 1217 上市櫃外資投信買超金額排行,2,True,True,1238,"[代號] …[情報] 1217 上市櫃外資投信買超金額排行
外資

排行  股票名稱     百萬   收盤價   漲跌

1     2330台積電   2952    607     +2
2     【2002】中鋼     2164    35.45   +1.1
3     3008大立光   1271    2235    +200
4     2883開發金   1149    16.85   +0.35
5     3481群創…
[代號] …/57bdwj9z
投信

排行  股票名稱     百萬   收盤價   漲跌

1     3037欣興     1799    222     -3
2     3034聯詠     1336    531     -3
3     【2002】中鋼     1148    35.45   +1.1
4     2347聯強      949    66.4    +0.7
5     2014中鴻      721    41.7    +2.3
6     2606裕民…",,
collision:2002,2002,中鋼,M.1693554144.A.86E,2023-09-01 15:42:24,新聞,code,dense,False,1,[新聞] 中鋼董座：市況已壞無可壞 Q4迎拐點反轉 向上,1,True,True,644,"[代號] …市況已壞無可壞 Q4迎拐點反轉向上

原文連結:
https://news.cnyes.com/news/id/5307973
發布時間:

2023/08/30 22:31

記者署名:

鉅亨網記者彭昱文 台北

原文內容:

中鋼 (【2002】-TW) 董事長翁朝棟認為,8 月鋼市「壞到極點、壞無可壞」,但代表價格不
會再往下走,因此,已經感受到客戶詢單頻率增加,預期第四季將出現拐點反轉向上。

翁朝棟表示,8 月鋼鐵市況可以說是比 2020 年疫情爆發初期還慘,那時候雖然價格下…",,
collision:2002,2002,中鋼,M.1641536251.A.E07,2022-01-07 14:17:31,新聞,code,dense,False,1,Re: [新聞] 中鋼公布111年元月月盤及第1季盤價,5,True,True,2012,"[代號] …Re: [新聞] 中鋼公布111年元月月盤及第1季盤價
整理了一下過去半年中鋼盤價新聞

==
中鋼6月盤價上漲8% 仍低於國際行情

中鋼(【2002】)昨(13)日提早開出6月盤價,熱軋每公噸大漲2,500元、平均漲幅8%,由於
仍低於國際行情甚多,中下游單軋廠、裁剪製管用戶「歡呼、叫好加按讚」,鋼市預期第
3季盤價行情仍將穩健調高,鋼鐵盛世繁榮不墜。

中鋼董座翁朝棟說,全球鋼市不斷有…
[代號] …說,全球鋼市不斷有驚喜,昨天6月盤價可以漲更多,但考量中下游競爭
力,只做溫和調整,「高鋼價時代到來」,
待用戶積極降低成本,面對自身的節能減排
問題,上下游共同努力,為台灣拚經濟。
==
中鋼7月盤價平盤 Q3季盤漲4.1%

中鋼公司(【2002】)今天(15日)舉行第3季內銷鋼品盤價會議,決議7月產品以平盤開出,
終結連12個月漲勢;不過,第3季季盤產品宜順勢補漲,並適度進口以紓解供需吃緊窘境
。中鋼指出,現階段產品售價與國際行情尚有落差,有調漲空間,但考量全球碳中和與ESG
趨勢…
[代號] …做好生
產規劃,合力創造台灣經濟榮景。
另,中鋼正積極推動供應鏈管理引入ESG(環境、社會
、公司治理),中鋼將協助中下游廠商客戶推動ESG,循序漸進來落實推動供應鏈的ESG管
理。
==
中鋼9月內銷盤價出爐 平均漲幅1.2%

中鋼 (【2002】) 今天公布9月內銷盤價,平均調漲幅度1.2%。中鋼指出,鋼市淡季步入尾聲
,亞洲鋼價經過短暫修正後已回穩,
隨著傳統「金九銀十」鋼市需求旺季報到,鋼價將迎
來新一波反彈契機。
==
中鋼開出10月及第四季盤價,平均調幅1.32%

中鋼表…",,
collision:2002,2002,中鋼,M.1607686474.A.AF9,2020-12-11 19:34:34,新聞,name_with_context,dense,False,4,[新聞] 〈台股盤後〉金融股接棒 台積電買盤承接 指數大洗三溫暖 驚險守紅,1,False,True,847,"[簡稱(name_with_context)] …現強勢,扮演大盤撐盤要角,指標股富邦金大漲逾 4%,國泰金、中信金、兆豐金等也有
逾 1% 漲幅。

鋼市逐漸走出谷底,鋼鐵股受惠漲價利多,持續吸引資金進駐,今日股價相對抗跌,威致
收在漲停價 19.55 元,中鴻也有逾半根停板,東和鋼鐵、【中鋼】、燁輝等均收紅盤。

法人表示,儘管台股漲多拉回,但進入產業、法人作帳旺季,市場對經濟前景仍樂觀看待
,多頭格局不變,且短中長期均線呈多頭排列,仍將維持於高檔震盪格局。


3.心得/評論:
※必需填寫滿20字
才一兩百點而已就在洗三溫暖?…",,
collision:2002,2002,中鋼,M.1566824350.A.B9C,2019-08-26 20:59:10,其他,code,dense,False,14,[其他] 8/26 集中市場三大法人買賣超前30名,1,True,True,3383,"[代號] …-625    -17659
2330    台積電          -15448  128     118     -15202
2409    友達            -13623  77      -344    -13890
【2002】    中鋼            -10483  -895    -32     -11410
0056    元大高股息      4       -1000   -10222  -11218
2317    鴻海…",,
collision:2002,2002,中鋼,M.1492599829.A.116,2017-04-19 19:03:49,新聞,name_with_context,dense,False,1,[新聞] 中鋼公司：無畏寒冬的燙手「鐵」飯碗 已刪文,5,False,True,1056,"[簡稱(name_with_context)] …、越語或是電腦課可以隨意選課,又省下一筆學習

費用;如果家裡有小孩,從小學到博士班,每學期還有最多9,000元的獎學金可以領取。

中鋼成立於1971年,於1995年改制為民營,算是國營事業民營化的始祖與成功典範。傳統

產業中的龍頭企業【中鋼】,雖然不是科技產業,不過集團去年創造了約3,500億元的營收,

母公司也有2,403.7億元,傲人的營運績效,自然成為求職者的最愛。 以年終及分紅獎金

來看,中鋼在業界也堪稱名列前茅,以去年來說,即發放了7.6個月的年度獎金(包括年…
[簡稱(name_with_context)] …年改制為民營,算是國營事業民營化的始祖與成功典範。傳統

產業中的龍頭企業中鋼,雖然不是科技產業,不過集團去年創造了約3,500億元的營收,

母公司也有2,403.7億元,傲人的營運績效,自然成為求職者的最愛。 以年終及分紅獎金

來看,【中鋼】在業界也堪稱名列前茅,以去年來說,即發放了7.6個月的年度獎金(包括年

終獎金、年中發放的生產獎金等),年收入接近20個月。 中鋼表示,從2008年開始,連

續2年有300多人辦理屆期退休,預計從2017~2022年會有另一波退休潮,每…
[簡稱(name_with_context)] …續辦理招募人

才作業,而2012年共計將招考晉用約300人,招考名額則以電機、機械兩大類為主。


3.心得/評論(必需填寫滿20字):

年收入近20個月 外加超優福利 令本魯好生羨慕 QQ

中鋼員工 收入高、帥氣又自信 台女搶著嫁給【中鋼】男

中鋼F4
http://imgur.com/a/Lq0MV
也難怪中鋼的股價 還是如此的堅挺 小股東們笑開懷

話說本魯也好想要台灣黑熊傘
http://imgur.com/a/sGfMw
一支不知道要多少錢才買得到...有人可以賣我…",,
collision:2002,2002,中鋼,M.1453903041.A.7F7,2016-01-27 21:57:21,其他,code,dense,False,11,[其他] 1/27 台灣集中市場投信買賣超前30名 已刪文,1,True,True,2101,"[代號] …-779  10.40   0.00 
1704 榮化     -750  29.80  -0.55 
3596 智易     -673  37.50  -0.80 
3706 神達     -625  22.00  -0.30 
【2002】 中鋼     -575  17.65  -0.15 
6271 同欣電    -432  66.60  -0.90 
006207FH滬深    -400  19.21  -1.12 
9945 潤泰新    -378  36.65  -…",,
collision:2002,2002,中鋼,M.1579525383.A.CA7,2020-01-20 21:03:03,其他,code,dense,False,12,[其他] 1/20 集中市場三大法人買賣超前30名,1,True,True,3112,"[代號] …3628    -201    87      3514
2892    第一金     2767    -276    1011    3502
2376    技嘉       2730    520     -67     3183
【2002】    中鋼       3157    -344    272     3085
2344    華邦電     3184    -28     -264    2892
020012  富邦行動
        通訊N…",,
collision:2002,2002,中鋼,M.1484096366.A.D31,2017-01-11 08:59:26,新聞,name_with_context,dense,False,1,[新聞] 「粹煉」商機 中鋼廢爐石變寶石 已刪文,9,False,True,980,"[簡稱(name_with_context)] …、轉爐石、氧化鐵粉及
脫硫渣鐵。除了脫渣鐵及一部分水淬爐石是外售國內業者外,其餘都透過關係企業資源化
加工後,供應給化學、營建、土木、電機及民生等產業使用。

中鋼副產品種類多,像鈦杯、鈦碗及鈦餐具,市場接受度高,網路上轉售也賣得嚇嚇叫。
【中鋼】也曾利用爐石研發做成茶壺,最近則與陶瓷業者合作開發新型茶杯,還獲得鶯歌陶瓷
博物館2007年陶瓷創意獎。

還有更高檔產品,中鋼利用爐石打造一組寶石胸針及寶石領帶夾,如果不說穿,外人根本
不知道這是爐石,每只成本約千元上下。

3.心得/評…
[簡稱(name_with_context)] …土木、電機及民生等產業使用。

中鋼副產品種類多,像鈦杯、鈦碗及鈦餐具,市場接受度高,網路上轉售也賣得嚇嚇叫。
中鋼也曾利用爐石研發做成茶壺,最近則與陶瓷業者合作開發新型茶杯,還獲得鶯歌陶瓷
博物館2007年陶瓷創意獎。

還有更高檔產品,【中鋼】利用爐石打造一組寶石胸針及寶石領帶夾,如果不說穿,外人根本
不知道這是爐石,每只成本約千元上下。

3.心得/評論(必需填寫滿20字):中鋼牌寶石,真的是商機無限,中鋼股價因為中鋼牌…
[簡稱(name_with_context)] …,最近則與陶瓷業者合作開發新型茶杯,還獲得鶯歌陶瓷
博物館2007年陶瓷創意獎。

還有更高檔產品,中鋼利用爐石打造一組寶石胸針及寶石領帶夾,如果不說穿,外人根本
不知道這是爐石,每只成本約千元上下。

3.心得/評論(必需填寫滿20字):【中鋼】牌寶石,真的是商機無限,中鋼股價因為中鋼牌
                             寶石的商機而大受激勵,而且中鋼人在向女友求婚的
                             時後,拿出中鋼牌寶石,立馬點頭答…",,
collision:2002,2002,中鋼,M.1619439368.A.50E,2021-04-26 20:16:08,其他,code,dense,False,11,[其他] 蔡明彰觀點：這波大宗商品史無前例上漲,2,True,True,2693,"[代號] …加 30~60 美元的
成本。再來,根據世界鋼鐵協會預測,今年剛性需求,全球鋼鐵需求由原估成長 4.1%上
修至 5.8%,但明年需求成長放緩至 2.7%,這表示全球鋼鐵股在產品報價上漲,股價漲
在今年,明年即使再漲,但幅度不大了。中鋼 (【2002】-TW)、中鴻(2014-TW) 為首的鋼鐵股
今年大漲,多數人認為漲幅已大,滿足了,殊不知鋼鐵的大漲才開始而已。

美國拜登總統召開的全球氣候峰會,美國宣佈 2030 年減排 5 成,但習近平領先美國推
動碳中和目標,由於鋼鐵碳排量佔中國…
[簡稱(name_with_context)] …價每噸增加 30~60 美元的
成本。再來,根據世界鋼鐵協會預測,今年剛性需求,全球鋼鐵需求由原估成長 4.1%上
修至 5.8%,但明年需求成長放緩至 2.7%,這表示全球鋼鐵股在產品報價上漲,股價漲
在今年,明年即使再漲,但幅度不大了。【中鋼】 (2002-TW)、中鴻(2014-TW) 為首的鋼鐵股
今年大漲,多數人認為漲幅已大,滿足了,殊不知鋼鐵的大漲才開始而已。

美國拜登總統召開的全球氣候峰會,美國宣佈 2030 年減排 5 成,但習近平領先美國推
動碳中和目標,由於鋼鐵…",,
collision:2002,2002,中鋼,M.1433759370.A.D59,2015-06-08 18:29:30,標的,name_with_context,dense,False,3,Re: [標的] 宏達電是否該停損了 已刪文,1,False,True,1392,"[簡稱(name_with_context)] …很容易上漲


我是一咖小嫩嫩 給你這些建議參考:

為何你會想買宏達電的股票 你買的真的夠便宜嗎? (買的價位越低 風險越低)

若你買的不便宜 那要藉著它買低賣高套利就不太可能

要在這股票挖錢大概就剩股利了

宏達電不是代工業 不是像【中鋼】 台積電 鴻海那種公司

它是屬於設計工業 像蘋果那樣

設計出來的產品不是大賺就是大賠

你捫心自問他產品競爭力在哪裡? 性能規格? 價位?

宏達電的設計團隊如何?

管理階層思想如何? 它的競爭對手如何? 它的客戶及市場對它的評價?…",,
collision:2002,2002,中鋼,M.1443626982.A.12B,2015-09-30 23:29:42,其他,code,dense,False,14,[其他] 9/30 台灣集中市場投信買賣超前30名 已刪文,2,True,True,2106,"[代號] …豐祥     40  69.50   3.00 
9917 中保      39  92.40   0.60 
 
◆賣超 
代碼 股票名稱 賣超張數  收盤價   漲跌 
2882 國泰金    -2566  44.95   0.10 
【2002】 中鋼     -2275  19.20  -0.10 
2891 中信金    -1618  16.95  -0.45 
4904 遠傳     -1000  71.00   1.50 
3034 聯詠     -924  103.00…
[簡稱(name_with_context)] …40  69.50   3.00 
9917 中保      39  92.40   0.60 
 
◆賣超 
代碼 股票名稱 賣超張數  收盤價   漲跌 
2882 國泰金    -2566  44.95   0.10 
2002 【中鋼】     -2275  19.20  -0.10 
2891 中信金    -1618  16.95  -0.45 
4904 遠傳     -1000  71.00   1.50 
3034 聯詠     -924  103.00  -4…",,
collision:2002,2002,中鋼,M.1465540734.A.EBE,2016-06-10 14:38:54,新聞,code,dense,False,6,[新聞] 股東會紀念品 中鋼鈦碗稱王 已刪文,1,True,True,1944,"[代號] …會紀念品 中鋼鈦碗稱王
便利商店禮物卡、民生必需品、3C產品 受小股東歡迎
2016年06月10日

旺季開跑

【財經中心╱台北報導】股東會旺季開跑!股民除了關心能拿到多少股息股利,也很在意
收到什麼紀念品。今年最夯的股東會紀念品是中鋼(【2002】)市值近千元的鈦碗,發放時已
造成「秒殺」。除了鈦碗,群益金鼎證股務代理部副理吳偉評指出,今年最受歡迎的3種
紀念品為便利商店禮物卡;民生必需品,如米、洗碗精、香皂等以及3C周邊產品。

近年曾因股東會紀念品鈦杯搶手而引發網友熱議的中鋼,今…",,
collision:2002,2002,中鋼,M.1602573384.A.40A,2020-10-13 15:16:24,新聞,code,dense,False,1,[新聞] 中鋼11月內銷盤價連5漲 漲幅擴大至5.02％,2,True,True,1317,"[代號] …s://www.chinatimes.com/realtimenews/20201013003369-260410
2.原文內容:
中鋼11月內銷盤價連5漲 漲幅擴大至5.02%
14:31 2020/10/13 時報資訊 沈培華

中鋼(【2002】)今日召開11月份內銷鋼品盤價會議,隨著國際鋼價走揚,預期年底前鋼市仍維
持走升格局,
中鋼11月內銷鋼品盤價平均調幅為5.02%,擴大漲幅且呈現連續第五個月調
升
。

中鋼第三季本業虧損持續收斂,第四季鋼價持續調升,有利第四季轉為獲利,…
[代號] …暢旺,原料成本維持高檔有助支撐鋼價穩定。國
內鋼市受政策利多支撐,刺激下游一波補庫需求,有效帶動行情走揚。

3.心得/評論:今天收盤20.55 +0.05 (+0.24%),2002股價應聲大漲!激勵士氣!
             看好【2002】能夠全年轉虧為盈!

--
◢██◣
╭┬┬╮╭
*
.
─╮╭──╮╭─
*
.
╮╭──╮╭
*
.
─╮╭──╮^2 ╭╮╭╮
▇▇▇
▇
▇
│    ││    ┤│╭─╯╰╮╭╯│  ○││  ○││
*
.
│╰╯╯
ˍ
▇▉…",,
collision:2002,2002,中鋼,M.1532661138.A.70F,2018-07-27 11:12:18,新聞,code,dense,False,2,[新聞] 河靜鋼鐵量產，台塑越南營業額上看48億 美元 已刪文,2,True,True,899,"[代號] …10
萬噸,目前台塑集團持股河靜越鋼廠73%,中鋼、日本JFE持股則分別為22.5%及4.5%。

越南總理阮春福於上週五(20日)參訪台塑集團河靜鋼鐵視察第2號高爐點火後運轉情形,
由台塑集團總裁王文淵親自接待,河靜鋼董事長陳源成、中鋼(【2002】)董事長翁朝棟、日本
JFE公司副社長北野嘉九也都到廠迎接。

(時報資訊)

3.心得/評論:鋼鋼好這一陣子中鋼的好消息特別多,所以昨天中鋼怒漲了0.75。年底
             縣市長大選快到了,鋼鋼好有縣長公開表示中鋼滿適合她…
[簡稱(name_with_context)] …,對越南經濟的貢獻將逐年提
高。

台塑河靜鋼鐵是由台塑、中鋼及日本JFE三大集團合資,位於河靜省永安經濟區興建一貫
作業煉鋼廠及山陽深水港,是越南目前最大的外國直接投資案,第一階段粗鋼年產量710
萬噸,目前台塑集團持股河靜越鋼廠73%,【中鋼】、日本JFE持股則分別為22.5%及4.5%。

越南總理阮春福於上週五(20日)參訪台塑集團河靜鋼鐵視察第2號高爐點火後運轉情形,
由台塑集團總裁王文淵親自接待,河靜鋼董事長陳源成、中鋼(2002)董事長翁朝棟、日本
JFE公司副社長北野…",,
collision:2006,2006,東和鋼鐵,M.1601256818.A.092,2020-09-28 09:33:38,新聞,name,sparse,False,3,[新聞] 聯電、宏碁 買盤進駐 | 市場焦點 | 證券 | 經濟日報,2,False,True,895,"[簡稱(name)] …時、美中緊張關係等變
數,台股近期呈區間震盪走勢,市場資金正在尋找下一波潛力題材股之際,「滿單概念股
」成為市場矚目焦點。觀察近十個交易日,聯電、宏碁等均獲三大法人買單進駐。
其中以買超聯電(2303)10.2萬張最多,宏碁買超4.9萬張、【東和鋼鐵】買超1.5萬張。但同
時期,台積電、巨大等被三大法人出脫減碼,以台積電賣超9.4萬張較顯著。

進一步分析十大「滿單概念股」股價表現,這些個股近十個交易日股價呈現「漲跌互見」
景況。聯嘉、聯電等,因獲市場的買盤加持,股價穩步攀升,走勢相對耀…
[簡稱(name)] …但同
時期,台積電、巨大等被三大法人出脫減碼,以台積電賣超9.4萬張較顯著。

進一步分析十大「滿單概念股」股價表現,這些個股近十個交易日股價呈現「漲跌互見」
景況。聯嘉、聯電等,因獲市場的買盤加持,股價穩步攀升,走勢相對耀眼。至於世界、
【東和鋼鐵】、巨大等,股價走勢均是疲弱下跌。

法人機構表示,台積電方面,目前在5奈米製程取得領先優勢,2022年進入 3奈米之後,
成長動能將再加速,2021年為因應先進製程、3D封裝的擴產需求,資本支出可望上修至18
0億美元,預估台積電2020年…",,
collision:2006,2006,東和鋼鐵,M.1646991269.A.FB8,2022-03-11 17:34:29,情報,code,sparse,False,6,[情報] 0311 上市櫃外資投信同買排行,2,True,True,1136,"[代號] …791      690
8      2412中華電  122.5   -0.5     437      298
9      6104創惟    289.5   +10.5    404      846
10     【2006】東和鋼鐵77.3    +5       390      2522
11     2317鴻海    103.5   +0.5     329      2891
12     1560中砂    120.5   +1       298…
[簡稱(name)] …791      690
8      2412中華電  122.5   -0.5     437      298
9      6104創惟    289.5   +10.5    404      846
10     2006【東和鋼鐵】77.3    +5       390      2522
11     2317鴻海    103.5   +0.5     329      2891
12     1560中砂    120.5   +1       298…",,
collision:2006,2006,東和鋼鐵,M.1608567276.A.C4A,2020-12-22 00:14:36,標的,name,sparse,False,1,Re: [標的] 東和鋼鐵 （中長期多單）,1,False,True,90,"[簡稱(name)] …Re: [標的] 【東和鋼鐵】 (中長期多單)
目前最初進場的獲利來到13%了

今天一根出量長紅
算是一個攻擊指標
但追漲有一定風險
請先自行評估買進時的虧損風險
https://i.imgur.com/eWPoMyu.jpg…",,
collision:2006,2006,東和鋼鐵,M.1640092171.A.2CA,2021-12-21 21:09:31,標的,code,sparse,False,1,[標的] 2006 東和鋼鐵 投信結帳空,4,True,True,371,"[代號] …[標的] 【2006】 東和鋼鐵 投信結帳空
1. 標的:2006 東和鋼鐵

2. 分類:短線空

3. 分析/正文:

鋼鐵強好幾天了, 沒道理還會續強

投信買這麼多天難道佛心不賣嗎??

4. 進退場機制:
(非長期投資者,必須有停損機制。請益免填)
明…
[代號] …[標的] 2006 東和鋼鐵 投信結帳空
1. 標的:【2006】 東和鋼鐵

2. 分類:短線空

3. 分析/正文:

鋼鐵強好幾天了, 沒道理還會續強

投信買這麼多天難道佛心不賣嗎??

4. 進退場機制:
(非長期投資者,必須有停損機制。請益免填)
明天只要開高就空 希望有72甜甜價

嘎到74…
[簡稱(name)] …[標的] 2006 【東和鋼鐵】 投信結帳空
1. 標的:2006 東和鋼鐵

2. 分類:短線空

3. 分析/正文:

鋼鐵強好幾天了, 沒道理還會續強

投信買這麼多天難道佛心不賣嗎??

4. 進退場機制:
(非長期投資者,必須有停損機制。請益免填)
明天只要開高…",,
collision:2006,2006,東和鋼鐵,M.1630491466.A.4F4,2021-09-01 18:17:46,情報,name,sparse,False,5,[情報] 0901八大公股銀行買賣超排行,1,False,True,3478,"[簡稱(name)] …616             31      晶焱            -848
32      台船            609             32      義隆            -815
33      【東和鋼鐵】        593             33      智原            -811
34      驊訊            545             34      宏碁            -807
35…",,
collision:2006,2006,東和鋼鐵,M.1608264106.A.B46,2020-12-18 12:01:46,標的,name,sparse,False,1,Re: [標的] 東和鋼鐵 （中長期多單）,1,False,True,71,"[簡稱(name)] …Re: [標的] 【東和鋼鐵】 (中長期多單)
4天漲了快5%

如果不喜歡做中長期的人就考慮出一出吧
以免又把我當出貨文了~
https://i.imgur.com/Jv0KgeB.jpg…",,
collision:2006,2006,東和鋼鐵,M.1618222703.A.669,2021-04-12 18:18:23,其他,code,sparse,False,1,[其他] 2006 東和鋼鐵 公布三月營收,2,True,True,339,"[代號] …[其他] 【2006】 東和鋼鐵 公布三月營收
本月              4,969,779    本年累計          12,868,075

去年同期          3,713,297    去年累計          9,617,646…
[簡稱(name)] …[其他] 2006 【東和鋼鐵】 公布三月營收
本月              4,969,779    本年累計          12,868,075

去年同期          3,713,297    去年累計          9,617,646

增減金額…",,
collision:2006,2006,東和鋼鐵,M.1496409614.A.ED8,2017-06-02 21:20:14,新聞,code,sparse,False,7,[新聞] 臺灣指數系列及高股息指數成分股審核結果 已刪文,2,True,True,1334,"[代號] …綠悅-KY(1262)。
   (三) 候補名單:裕融(9941)、欣興(3037)、華新科(2492)、國票金(2889)、
        超豐(2441)、致伸(4915)、聯華(1229)、群電(6412)、東和鋼鐵(【2006】)、
        神基(3005)。

三、臺灣資訊科技指數
   (一) 成分股納入:旺宏(2337)、美律(2439)。
   (二) 成分股刪除:無。

四、臺灣發達指數
   (一) 成分股納入:裕日車(2227)、玉晶光(34…
[簡稱(name)] …3)、
        綠悅-KY(1262)。
   (三) 候補名單:裕融(9941)、欣興(3037)、華新科(2492)、國票金(2889)、
        超豐(2441)、致伸(4915)、聯華(1229)、群電(6412)、【東和鋼鐵】(2006)、
        神基(3005)。

三、臺灣資訊科技指數
   (一) 成分股納入:旺宏(2337)、美律(2439)。
   (二) 成分股刪除:無。

四、臺灣發達指數
   (一) 成分股納入:裕日車(2227)、玉…",,
collision:2006,2006,東和鋼鐵,M.1620635278.A.57D,2021-05-10 16:27:58,情報,name,sparse,False,12,[情報]0510上市外資買賣超排行,1,False,True,2350,"[簡稱(name)] …6946    30.明基材          2427



其他買超               其它賣超

國票金   6940          永豐餘     2400
國泰金   6734          【東和鋼鐵】   2288
華南金   6681          聯詠       2281
東元     6605          日月光投控 2152
遠東新   6576          南電       2027
華榮     6374…",,
collision:2006,2006,東和鋼鐵,M.1600937620.A.3CD,2020-09-24 16:53:40,其他,code,sparse,False,10,[其他] 外資投信買賣超前 10,4,True,True,2114,"[代號] …0
1312    國喬                    3,512,000
2449    京元電子                3,508,000
2401    凌陽                    3,254,000
【2006】    東和鋼鐵                3,215,000
1444    力麗                    2,820,000
2504    國產                    2,290,000
------…
[代號] …------------------------------------
2603    長榮                    -12,222,000
1101    台泥                    -4,010,000
【2006】    東和鋼鐵                -2,660,000
2891    中信金                  -2,549,000
2610    華航                    -2,430,000
6278…
[簡稱(name)] …國喬                    3,512,000
2449    京元電子                3,508,000
2401    凌陽                    3,254,000
2006    【東和鋼鐵】                3,215,000
1444    力麗                    2,820,000
2504    國產                    2,290,000
--------------…",,
collision:2006,2006,東和鋼鐵,M.1713140865.A.CBA,2024-04-15 08:27:45,新聞,name,sparse,False,4,[新聞] 112年董事均酬 國巨蟬連第3年奪冠 中信 金、台積電名列二、三名,1,False,True,1124,"[簡稱(name)] …2,335萬~3,501萬元之間。
前十高中,以金融股居大宗,達5家、占半數,電子股1家、傳產僅和泰車1家。
排名第11~20名則以傳產股居多數、占5家,

金融股及電子股各3家及2家,依序為統一、統一超、國產、

聯發科、第一金、群益證、【東和鋼鐵】、華南金、中保科、緯創等,1,278萬~2,231萬元。

至於前一年(111年)上市公司董事均酬前十名依序為:

國巨、台積電、中信金、大立光、元大金、

開發金、力積電、台新金、光寶科、統一等。

上市公司董事均酬金額及排名,每年多會出…",,
collision:2006,2006,東和鋼鐵,M.1646966167.A.5BE,2022-03-11 10:36:07,新聞,name,sparse,False,5,[新聞] 亞股湧賣壓「台股年線保衛」 法人:航運 、鋼鐵高殖利率股吸睛,2,False,True,1022,"[簡稱(name)] …政策,
在高殖利率題材及獲利支撐下,有船票在手的投資人可以續抱。
受到大陸寶鋼調漲四月盤價,市場預估中鋼下月盤價上調機率大增,

法人指出,鋼鐵業受鐵礦砂、煉焦煤價格上漲,庫存偏低及國際盤價支撐,
預期鋼價第二季將顯著反彈,帶動中鋼、中鴻、【東和鋼鐵】近期漲勢再起,
東和鋼鐵今年將配息6.4元,殖利率達8.8%吸引買盤敲進,今日早盤大漲半根停板。

另外,在技術面分析方面,法人指出,短期台股如能守穩3月8日跳空缺口之上,

並於7日帶大量的實體長黑K之間,進行橫向盤整,盤面有望透過時間換…
[簡稱(name)] …獲利支撐下,有船票在手的投資人可以續抱。
受到大陸寶鋼調漲四月盤價,市場預估中鋼下月盤價上調機率大增,

法人指出,鋼鐵業受鐵礦砂、煉焦煤價格上漲,庫存偏低及國際盤價支撐,
預期鋼價第二季將顯著反彈,帶動中鋼、中鴻、東和鋼鐵近期漲勢再起,
【東和鋼鐵】今年將配息6.4元,殖利率達8.8%吸引買盤敲進,今日早盤大漲半根停板。

另外,在技術面分析方面,法人指出,短期台股如能守穩3月8日跳空缺口之上,

並於7日帶大量的實體長黑K之間,進行橫向盤整,盤面有望透過時間換取空間的模式,

逐步化…",,
collision:2006,2006,東和鋼鐵,M.1600743911.A.9D7,2020-09-22 11:05:11,標的,code,sparse,False,2,[標的] 2006 東和鋼鐵,4,True,True,160,"[代號] …[標的] 【2006】 東和鋼鐵
1. 標的:2006 東和鋼鐵

2. 分類:多/空/請益/心得:多

3. 分析/正文:
1.中鋼單月都轉盈,其他鋼鐵場獲利可以期待
2.鋼材報價持續走揚
3.連續十年以上有配息,公司穩定獲利

4. 進退場機制:
進場:30…
[代號] …[標的] 2006 東和鋼鐵
1. 標的:【2006】 東和鋼鐵

2. 分類:多/空/請益/心得:多

3. 分析/正文:
1.中鋼單月都轉盈,其他鋼鐵場獲利可以期待
2.鋼材報價持續走揚
3.連續十年以上有配息,公司穩定獲利

4. 進退場機制:
進場:30以下
退場:35
停損:27
h…
[簡稱(name)] …[標的] 2006 【東和鋼鐵】
1. 標的:2006 東和鋼鐵

2. 分類:多/空/請益/心得:多

3. 分析/正文:
1.中鋼單月都轉盈,其他鋼鐵場獲利可以期待
2.鋼材報價持續走揚
3.連續十年以上有配息,公司穩定獲利

4. 進退場機制:
進場:30以下
退場…",,
collision:2006,2006,東和鋼鐵,M.1629524138.A.700,2021-08-21 13:35:38,新聞,name,sparse,False,2,[新聞] 五大投顧上半年最準:CMoney獵報分析各券商EPS估值,1,False,True,882,"[簡稱(name)] …盤價為246元,報酬率為30.5%。

另外,其他檔個股報酬率皆有一定的水準。

另也可從CMoney獵報中看出各券商預估EPS最準前十名,

其中不乏在2021年漲幅超過50%的個股,

而上半年熱門的傳產領頭羊鋼鐵類股也列居其中,包含:【東和鋼鐵】、中鴻、世紀鋼、

新光鋼。近日大盤表現不理想,個股的表現皆呈現疲弱,

不過,在CMoney整理出來的熱門個股裡(
https://cmy.tw/007oSe
),

優於近幾日大盤績效者還是有多檔標的可供參考。
https://i.im…",,
collision:2006,2006,東和鋼鐵,M.1607088744.A.4B7,2020-12-04 21:32:24,新聞,code,sparse,False,8,[新聞]  台股台股新聞 台灣50成分股納入聯詠,2,True,True,1063,"[代號] …W)、神隆 (1789-TW)、葡萄王 (1707-TW)。

中型 100 指數候補名單則有正隆 (1904-TW)、景碩 (3189-TW)、陽明 (2609-TW)、奇力
新 (2456-TW)、國產 (2504-TW)、東和鋼鐵 (【2006】-TW)、愛普 (6531-TW)、南帝 (2108-T
W)、超豐 (2441-TW)、彩晶 (6116-TW)。

台灣資訊科技指數成分股新增大同 (2371-TW);台灣發達指數成分股新增:聯合再生 (35
76-TW)、永豐餘 (1…
[簡稱(name)] …1536-TW)、神隆 (1789-TW)、葡萄王 (1707-TW)。

中型 100 指數候補名單則有正隆 (1904-TW)、景碩 (3189-TW)、陽明 (2609-TW)、奇力
新 (2456-TW)、國產 (2504-TW)、【東和鋼鐵】 (2006-TW)、愛普 (6531-TW)、南帝 (2108-T
W)、超豐 (2441-TW)、彩晶 (6116-TW)。

台灣資訊科技指數成分股新增大同 (2371-TW);台灣發達指數成分股新增:聯合再生 (35
76-TW)、…",,
collision:2006,2006,東和鋼鐵,M.1620203721.A.887,2021-05-05 16:35:21,其他,name,sparse,False,9,[其他] 0505上市外資買賣超排行,1,False,True,1754,"[簡稱(name)] …3995    20.長榮航     5132
21.陽明            3834    21.矽統       4905
22.台玻            3731    22.華通       4751
23.【東和鋼鐵】        3659    23.富邦金     4713
24.華夏            3574    24.台新金     4684
25.聯成            3319    25.晶技       4323
26.中環…",,
collision:2006,2006,東和鋼鐵,M.1619593014.A.106,2021-04-28 14:56:54,其他,name,sparse,False,7,[其他] 0428 上市投信買賣超排行,1,False,True,1026,"[簡稱(name)] …725
13.長興       828   13.上銀    604
14.中鴻       720   14.儒鴻    522
15.超豐       713   15.京鼎    442
16.技嘉       555   16.【東和鋼鐵】391
17.南僑       500   17.國巨    372
18.矽創       413   18.台積電  304
19.智邦       383   19.微星    276
20.欣興       371   20.創見…",,
collision:2006,2006,東和鋼鐵,M.1599987392.A.765,2020-09-13 16:56:32,其他,code,sparse,False,6,[其他] 九月第2周 除權息/法說會 行事曆,3,True,True,3711,"[代號] …1       45.75   2.19%
3289 宜特      息      0       0       0       2       60.40   3.31%


-9/15 法說會-

1419 新 紡      【2006】 東和鋼鐵   2327 國 巨      2330 台積電
2356 英業達     2439 美 律      2536 宏 普      3529 力 旺
4152 台微體     4938 和 碩      6108 競 國…
[簡稱(name)] …║
╠═════╦═══════════════════════════╣
║ 9/14 一  ║
台積電法說會、國巨法說會、巨大法說會
║
╠═════╬═══════════════════════════╣
║ 9/15 二  ║
【東和鋼鐵】法說會、和碩法說會、英業達法說會
║
╠═════╬═══════════════════════════╣
║ 9/16 三  ║
兆豐金法說會、元大中信群益富邦國泰 多檔債券型ETF除息
║
╠═════╬═══════════════…
[簡稱(name)] …45.75   2.19%
3289 宜特      息      0       0       0       2       60.40   3.31%


-9/15 法說會-

1419 新 紡      2006 【東和鋼鐵】   2327 國 巨      2330 台積電
2356 英業達     2439 美 律      2536 宏 普      3529 力 旺
4152 台微體     4938 和 碩      6108 競 國      622…",,
collision:2006,2006,東和鋼鐵,M.1571182112.A.1EC,2019-10-16 07:28:32,新聞,code,sparse,False,2,[新聞] 美調升土鋼品關稅 亞洲鋼市恐遭池魚之殃,2,True,True,737,"[代號] …期鋼筋頗有止跌打底的情形,甚至醞釀反彈行情,但土耳其
鋼品因關稅提高,無法銷美的情況下,對廢鋼用量需求也將放緩,廢鋼價格是否會進入新
一波的下行循環,進而衝擊鋼筋價格也需要再觀察。

法人則認為,對電爐廠豐興 (2015-TW)、東和鋼鐵(【2006】-TW)、海光(2038-TW)、威致(202
8-TW) 等鋼鐵廠來說,廢鋼走弱有助利差,但若價格持續下跌,恐導致下游與盤商對後市
態度轉趨觀望,反而不利整體需求。

心得:
員工認股8折買好買滿,產銷領好領滿!


--
※ 發信站:…
[簡稱(name)] …也認為,近期鋼筋頗有止跌打底的情形,甚至醞釀反彈行情,但土耳其
鋼品因關稅提高,無法銷美的情況下,對廢鋼用量需求也將放緩,廢鋼價格是否會進入新
一波的下行循環,進而衝擊鋼筋價格也需要再觀察。

法人則認為,對電爐廠豐興 (2015-TW)、【東和鋼鐵】(2006-TW)、海光(2038-TW)、威致(202
8-TW) 等鋼鐵廠來說,廢鋼走弱有助利差,但若價格持續下跌,恐導致下游與盤商對後市
態度轉趨觀望,反而不利整體需求。

心得:
員工認股8折買好買滿,產銷領好領滿!


--
※…",,
collision:2006,2006,東和鋼鐵,M.1607686474.A.AF9,2020-12-11 19:34:34,新聞,name,sparse,False,4,[新聞] 〈台股盤後〉金融股接棒 台積電買盤承接 指數大洗三溫暖 驚險守紅,1,False,True,847,"[簡稱(name)] …融族群表
現強勢,扮演大盤撐盤要角,指標股富邦金大漲逾 4%,國泰金、中信金、兆豐金等也有
逾 1% 漲幅。

鋼市逐漸走出谷底,鋼鐵股受惠漲價利多,持續吸引資金進駐,今日股價相對抗跌,威致
收在漲停價 19.55 元,中鴻也有逾半根停板,【東和鋼鐵】、中鋼、燁輝等均收紅盤。

法人表示,儘管台股漲多拉回,但進入產業、法人作帳旺季,市場對經濟前景仍樂觀看待
,多頭格局不變,且短中長期均線呈多頭排列,仍將維持於高檔震盪格局。


3.心得/評論:
※必需填寫滿20字
才一兩百點而已就在洗三…",,
collision:2013,2013,中鋼構,M.1630670096.A.6B6,2021-09-03 19:54:56,情報,code,sparse,False,1,[情報] 0903 處置股票與注意股票統計分析,2,True,True,3070,"[代號] …勝       5分   09/01-09/14
9105  泰金寶-DR  5分   09/01-09/14
4154  康樂-KY    5分   09/01-09/14
5227  立凱-KY    20分  09/01-09/14
【2013】  中鋼構     5分   08/30-09/10
6419  京晨科     20分  08/30-09/10
6469  大樹       5分   08/30-09/10
3527  聚積       20分  08/27-09/0…
[簡稱(name)] …5分   09/01-09/14
9105  泰金寶-DR  5分   09/01-09/14
4154  康樂-KY    5分   09/01-09/14
5227  立凱-KY    20分  09/01-09/14
2013  【中鋼構】     5分   08/30-09/10
6419  京晨科     20分  08/30-09/10
6469  大樹       5分   08/30-09/10
3527  聚積       20分  08/27-09/09
367…",,
collision:2013,2013,中鋼構,M.1627204314.A.0CB,2021-07-25 17:11:54,新聞,name,sparse,False,2,[新聞] 中鋼攻離岸風電 報捷,2,False,True,759,"[簡稱(name)] …化成台灣競爭力,興達海基初步完成目標,未來發展會愈走愈順。

興達海基董事長謝榮淵表示,國內首座百分百國產化水下基礎產製完成,歷經從無到有最
艱鉅的任務,後續將以每月二座速度產出,台灣自主建置離岸風場邁開大步。

法人指出,興達海基成功整合【中鋼構】、中機、台蝕、萬機等22家協力廠資源,包括興達海
基、中鋼構、中機的利益都會回饋到中鋼,隨著後續出貨量穩定增加,對中鋼財報有錦上
添花效益。

法人表示,全世界最好的20處海上風場,有16處在台灣海峽,發展離岸風電產業是很大商
機,且走在日…
[簡稱(name)] …興達海基董事長謝榮淵表示,國內首座百分百國產化水下基礎產製完成,歷經從無到有最
艱鉅的任務,後續將以每月二座速度產出,台灣自主建置離岸風場邁開大步。

法人指出,興達海基成功整合中鋼構、中機、台蝕、萬機等22家協力廠資源,包括興達海
基、【中鋼構】、中機的利益都會回饋到中鋼,隨著後續出貨量穩定增加,對中鋼財報有錦上
添花效益。

法人表示,全世界最好的20處海上風場,有16處在台灣海峽,發展離岸風電產業是很大商
機,且走在日本、南韓前面,世紀鋼因離岸風電題材成為飆股,興達海基做得比世…",,
collision:2013,2013,中鋼構,M.1547877683.A.FC5,2019-01-19 14:01:23,新聞,code,sparse,False,12,Re: [新聞] 離岸風電不玩了？沃旭總部發函台廠：已 已刪文,2,True,True,561,"[代號] …1514 亞力
        1519 華城
        1589 永冠-KY
        1605 華新
        1609 大亞
        1612 宏泰
        2002 中鋼
        【2013】 中鋼構
        2208 台船
        2371 大同
        2617 台航
        3023 信邦
        9933 中鼎
        9958 世紀鋼


其中因為風電題材漲高高還沒跌的…
[簡稱(name)] …1514 亞力
        1519 華城
        1589 永冠-KY
        1605 華新
        1609 大亞
        1612 宏泰
        2002 中鋼
        2013 【中鋼構】
        2208 台船
        2371 大同
        2617 台航
        3023 信邦
        9933 中鼎
        9958 世紀鋼


其中因為風電題材漲高高還沒跌的  應該是…",,
collision:2013,2013,中鋼構,M.1507559009.A.573,2017-10-09 22:23:29,新聞,name,sparse,False,1,[新聞] 中鋼發展太陽能 廠區設發電裝置 已刪文,2,False,True,1032,"[簡稱(name)] …,打造80MW(百萬瓦)機組,一年發電量可達1.02億度,
一年並將有
4.76億元
收入進帳
。

中鋼光能總經理林聖德說,該集團為響應政府推動綠能政策,去年10月由中鋼、中龍、中
碳和中宇合資17.44億元成立該公司,計劃以中鋼、中鴻、【中鋼構】、中鋁、中機、中碳、
磁科等相關廠區共占地80公頃廠房屋頂,設置太陽能發電裝置。

自今年5月在中鋼廠房展開首批太陽能板安裝後,目前相關工程正如火如荼進行中,預計
至年底,包括中鋼、中鋼構、中鋁、中機、中鴻和中龍等將可完成30MW建置。…
[簡稱(name)] …中宇合資17.44億元成立該公司,計劃以中鋼、中鴻、中鋼構、中鋁、中機、中碳、
磁科等相關廠區共占地80公頃廠房屋頂,設置太陽能發電裝置。

自今年5月在中鋼廠房展開首批太陽能板安裝後,目前相關工程正如火如荼進行中,預計
至年底,包括中鋼、【中鋼構】、中鋁、中機、中鴻和中龍等將可完成30MW建置。

明年中鋼、中鋁其他廠房也將安裝,規模為30MW;至於後年還會再建置20MW,完成80MW目
標。

中鋼指出,所有集團內廠區發電裝置全面併聯後,一年總發電可達1.02億度,以回售給台
電每…",,
collision:2013,2013,中鋼構,M.1585201748.A.57E,2020-03-26 13:49:08,新聞,name,sparse,False,1,[新聞] 世紀鋼 去年每股賺3.53元,1,False,True,610,"[簡稱(name)] …區,新廠預計將於明年第四季試產,到後年產能上看50座
。

由於台北港基地仍有腹地,依世紀鋼目前依照規劃產能,未來還有空間可擴廠,同時與新
光鋼策略合作成立前端離岸風電公司,確保準時交貨。

隨著中鋼興達海基竣工,離岸風電商機進到實作進程,【中鋼構】跑在前面,世紀鋼數月後即
可跟上。
https://www.google.com.tw/amp/s/money.udn.com/money/amp/story/5710/4443496
心得:

今天沒反應是因為獲利大半來自出售桃園物流廠?…",,
collision:2013,2013,中鋼構,M.1434013362.A.BBB,2015-06-11 17:02:42,標的,code,sparse,False,1,Re: [標的] 中鋼構2013 已刪文,5,True,True,488,"[代號] …Re: [標的] 中鋼構【2013】 已刪文
※ 引述《au4au4j3fu4 (就i黑心掏空借殼轉機股)》之銘言:
: 明天開盤一定會有白癡亂殺
: 開盤all in買  好公司發生鳥事 久久一次的機會
: 繼基亞 榮化爆量摸底後  準備摸中鋼構的底
: 明天開盤應就是最低…
[簡稱(name)] …Re: [標的] 【中鋼構】2013 已刪文
※ 引述《au4au4j3fu4 (就i黑心掏空借殼轉機股)》之銘言:
: 明天開盤一定會有白癡亂殺
: 開盤all in買  好公司發生鳥事 久久一次的機會
: 繼基亞 榮化爆量摸底後  準備摸中鋼構的底
: 明天開盤應…
[簡稱(name)] …Re: [標的] 中鋼構2013 已刪文
※ 引述《au4au4j3fu4 (就i黑心掏空借殼轉機股)》之銘言:
: 明天開盤一定會有白癡亂殺
: 開盤all in買  好公司發生鳥事 久久一次的機會
: 繼基亞 榮化爆量摸底後  準備摸【中鋼構】的底
: 明天開盤應就是最低點了  不太可能鎖死
先說我不是要打臉,反而我很佩服au4大的預測,

因為4/13當天一開盤26塊果然是低點,

我前一晚有掛跌停接,想當然爾是沒接到,

結果兩週內還攻上先前27塊左右的整理平台,

當時我嘔…",,
collision:2013,2013,中鋼構,M.1430136953.A.583,2015-04-27 20:15:53,新聞,name,sparse,False,1,[新聞] 中鋼構官田廠火警　幸無人傷 已刪文,3,False,True,658,"[簡稱(name)] …[新聞] 【中鋼構】官田廠火警 幸無人傷 已刪文
1.原文連結(必須檢附):
http://www.appledaily.com.tw/realtimenews/article/new/20150427/600029/
2.原文內容:
中鋼構官田廠火警 幸無人…
[簡稱(name)] …[新聞] 中鋼構官田廠火警 幸無人傷 已刪文
1.原文連結(必須檢附):
http://www.appledaily.com.tw/realtimenews/article/new/20150427/600029/
2.原文內容:
【中鋼構】官田廠火警 幸無人傷
2015年04月27日16:05
中鋼構
官田廠今天傳出
火警意外
!兩名工人上午11時許正在替換乙炔鋼瓶時,突然發生外
洩冒出火花,2人緊急逃出報案。

南市消防局出動20輛消防車到場灌救,考量乙炔無毒性、無立即爆炸…
[簡稱(name)] …連結(必須檢附):
http://www.appledaily.com.tw/realtimenews/article/new/20150427/600029/
2.原文內容:
中鋼構官田廠火警 幸無人傷
2015年04月27日16:05
【中鋼構】
官田廠今天傳出
火警意外
!兩名工人上午11時許正在替換乙炔鋼瓶時,突然發生外
洩冒出火花,2人緊急逃出報案。

南市消防局出動20輛消防車到場灌救,考量乙炔無毒性、無立即爆炸可能,採灑水降溫警
戒來控制火勢,
幸火場未延燒擴大、無人傷亡…",,
collision:2013,2013,中鋼構,M.1617935594.A.EC5,2021-04-09 10:33:14,標的,code,sparse,False,1,[標的] 2013 多,3,True,True,717,"[代號] …[標的] 【2013】 多
-------------------------------------------------------------------------
1.發文前請先詳閱[標的]分類發文規範,未依規範發文將受處份。
2.發標的文未充實內文…
[代號] …1-1-2砍文處份。
5.分類選填請益或心得者,進退場機制得刪去。
---------------------按ctrl+y可刪除以上內容。----------------------------

1. 標的:
(例 2330 台積電)
【2013】 中鋼構

2. 分類:多/空/請益/心得

主力外送便當加豆腐 無腦多

3. 分析/正文:

多頭趨勢不變 突然大跌 就是技術型態最好的吃豆腐 主力送錢
去年大賺3.26 股利配發高達2.8元 進可攻退可守
拜登基建 去過美國的就知道…
[簡稱(name)] …砍文處份。
5.分類選填請益或心得者,進退場機制得刪去。
---------------------按ctrl+y可刪除以上內容。----------------------------

1. 標的:
(例 2330 台積電)
2013 【中鋼構】

2. 分類:多/空/請益/心得

主力外送便當加豆腐 無腦多

3. 分析/正文:

多頭趨勢不變 突然大跌 就是技術型態最好的吃豆腐 主力送錢
去年大賺3.26 股利配發高達2.8元 進可攻退可守
拜登基建 去過美國的就知道 看它們的…",,
collision:2013,2013,中鋼構,M.1702794560.A.969,2023-12-17 14:29:20,新聞,name,sparse,False,1,[新聞] 碳費2025開徵 營建業成本五年看增15% 已刪文,1,False,True,1075,"[簡稱(name)] …中華民國不動產聯盟
總會理事長林正雄表示,未來碳費陸續開徵,預期五年內,台灣整體營建業將至少增加15%
以上相關成本,也勢必會反映在房價上。

事實上,國內鋼筋供應大廠已擬針對附加碳排費用,將依照政府相關規定明確後,啟動因應
措施,預料包括【中鋼構】、東台、豐興等大廠也將陸續推出附加碳排費用的措施,「只是時間
早晚的問題」,業界都嚴陣以待。

對此,中鋼表示,碳中和趨勢不可逆,鋼界需嚴肅面對節能減排議題,才能發揮國際競爭力
,歐盟碳邊境調整機制(CBAM)箭在弦上,針對鋼鐵、鋁等實行「…",,
collision:2013,2013,中鋼構,M.1577426388.A.598,2019-12-27 13:59:48,新聞,name,sparse,False,2,[新聞] 中鋼興達海基新廠竣工 經長：「一南一北 」供應鏈成形,1,False,True,736,"[簡稱(name)] …廠今(27)日竣工,副總統陳建仁、經濟部長沈榮津及中
鋼董事長翁朝棟等產官學界人士均出席竣工典禮。沈榮津致詞表示,國內風電供應鏈逐漸
形成,分別以世紀鋼、中鋼為首,一南一北,前者在台北港,後者在高雄興達港。在高雄
,供應鏈廠商包括中鋼機械、【中鋼構】、中船等。

興達海基由中鋼100%持股,生產離岸風電水下基礎,去年母公司中鋼投入砸下68.42億元
蓋新廠,原本規劃明年一月完成興建,但因工程進度超前,趕在年底前正式啟用。

陳建仁指出,離岸風電產業進入實質運轉階段,對台灣而言,離岸風電…",,
collision:2013,2013,中鋼構,M.1640004591.A.F42,2021-12-20 20:49:51,新聞,code,sparse,False,4,[新聞] 台股綠光罩頂 權值股下殺 跌元百點,2,True,True,816,"[代號] …缺口,多頭攻勢再次被澆熄,日KD指標轉折向下,不利多頭反擊,下檔支撐看前低附近,支撐不破,仍偏多看。

從技術面觀察,今日開低走低回補缺口,多頭攻勢再次被澆熄,日KD指標轉折向下,不利?

個股表現方面,鋼鐵業無虞今日表現抗跌,包括中鋼構(【2013】)、中鴻(2014)、大國鋼(8415

新冠肺炎疫情方面,目前全球確診人數突破2.74億人,死亡人數逾534萬人。世衛組織日前

台股近期在題材上可留意鋼鐵、生技、低本益比等族群類股,在外資放假之餘,成交量能?



心得/評論:

台股…
[簡稱(name)] …走低回補缺口,多頭攻勢再次被澆熄,日KD指標轉折向下,不利多頭反擊,下檔支撐看前低附近,支撐不破,仍偏多看。

從技術面觀察,今日開低走低回補缺口,多頭攻勢再次被澆熄,日KD指標轉折向下,不利?

個股表現方面,鋼鐵業無虞今日表現抗跌,包括【中鋼構】(2013)、中鴻(2014)、大國鋼(8415

新冠肺炎疫情方面,目前全球確診人數突破2.74億人,死亡人數逾534萬人。世衛組織日前

台股近期在題材上可留意鋼鐵、生技、低本益比等族群類股,在外資放假之餘,成交量能?



心得/評論…",,
collision:2013,2013,中鋼構,M.1535255245.A.7ED,2018-08-26 11:47:25,投顧,name,sparse,False,1,[投顧] 8/27-8/31 經濟日報和工商時報比賽 已刪文,1,False,True,1385,"[簡稱(name)] …│
-3.40%
│
易華電
,安碁,聰泰,信昌化,泰詠
      林鈺凱        │
-0.12%
│國泰金,正新,福懋、高鐵,仁寶
      許銘雄        │
-3.15%
│
華新科
,上銀,華通、波若威及【中鋼構】
──────────┴────┴───────────────────
註:
名字紅色
為上周冠軍,
股票紅色
為該老師最看好

上週重複選擇:
橘子
(
-2.81%
),
金像電(5.24%
)
本週重複選擇:華新科,新美齊,高鐵…",,
collision:2013,2013,中鋼構,M.1544344271.A.A66,2018-12-09 16:31:11,新聞,name,sparse,False,2,[新聞] 中鋼五大事業群 具競爭優勢 已刪文,1,False,True,1056,"[簡稱(name)] …五大事業群概念,有更明確
方向與願望,期待集團未來更茁壯強盛。

中鋼集團鋼鐵事業群包括中鋼、中龍、中鴻、中鋼馬來西亞、越南冷軋廠廠、印度電磁鋼
片廠等,是集團事業核心主力,除了中鋼集團發展外,更帶領國內鋼鐵工業邁向國際。

工程事業群涵蓋【中鋼構】、中宇環保、中鋼機械、中冠及發展離岸風電的興達海基公司。工
業材料事業群有中碳、中聯資源、中鋁、中能資源、高科磁技、常州中鋼精密鍛材與中鋼
精工公司等。

物流貿易事業群有中鋼運通、中貿、青島中鋼及矽軾摩凱公司等。服務投資事業群為中盈
投資…",,
collision:2013,2013,中鋼構,M.1705576273.A.615,2024-01-18 19:11:13,新聞,name,sparse,False,1,[新聞] 鄉林：營建原物料預告漲價 影響房價至少3 %～5%,1,False,True,1282,"[簡稱(name)] …第一槍,一度公告從去年11月9日起新簽訂
的合約將附加碳排費用,每噸鋼筋加價150元,待政府開徵碳費日起,多退少補。

儘管威致隨後又修正公告,針對附加碳排費用,表示將依照政府相關規定明確後,再另行
通知因應措施。不過,這項動作,已預告包括【中鋼構】、東台、豐興等大廠也將陸續附加碳
排費用,「只是時間早晚的問題」。

另一方面,國內金融業也針對ESG綠色金融部分,開始有實際的行動,包括有申請通過綠
色標章的建案,將提供優惠貸款利率等,換言之,沒有通過綠色標章的建案,成本也會跟
著增加。…",,
collision:2013,2013,中鋼構,M.1596004057.A.BCA,2020-07-29 14:27:37,新聞,code,sparse,False,3,[新聞] 虧損減少 中鋼力拚Q3轉盈,3,True,True,1494,"[代號] …鋼力拚Q3轉盈
1.原文連結:
https://ctee.com.tw/news/stock/308363.html
2.原文內容:
虧損減少 中鋼力拚Q3轉盈
工商時報 林憲祥 2020.07.28

中鋼(2002)在認列子公司中鋼構(【2013】)處分大陸崑山廠一筆3億元處分利益挹注下,
自結6月合併稅前淨損為2.24億元,已是2019年11月以來單月虧損新低,累計上半年合併
稅前淨損38.19億元,每股稅前淨損約0.24元。法人表示,中鋼力拚第三季由虧轉盈露出
曙光。

對於6月…
[簡稱(name)] …減少 中鋼力拚Q3轉盈
1.原文連結:
https://ctee.com.tw/news/stock/308363.html
2.原文內容:
虧損減少 中鋼力拚Q3轉盈
工商時報 林憲祥 2020.07.28

中鋼(2002)在認列子公司【中鋼構】(2013)處分大陸崑山廠一筆3億元處分利益挹注下,
自結6月合併稅前淨損為2.24億元,已是2019年11月以來單月虧損新低,累計上半年合併
稅前淨損38.19億元,每股稅前淨損約0.24元。法人表示,中鋼力拚第三季由虧轉盈露出
曙光。…
[簡稱(name)] …19億元,每股稅前淨損約0.24元。法人表示,中鋼力拚第三季由虧轉盈露出
曙光。

對於6月虧損大幅縮減,中鋼財務副總楊岳崑表示,主要是中鋼、中龍鋼鐵及中鴻(2014
)單月鋼品出貨量大增,單月合計較5月大增11.4萬公噸,且受惠旗下子公司【中鋼構】處分
大陸崑山廠的一筆處分利益3億元,已在6月入帳所致。

對於中鋼6月虧損是否到達谷底,楊岳崑說,目前只能說最壞情況已接近谷底,但是否很
快逆勢反轉,仍需要看整體市場狀況,不會馬上呈現V字型反彈,但預期營運將會往上好
轉,一切仍必須視出貨…",,
collision:2013,2013,中鋼構,M.1632799731.A.753,2021-09-28 11:28:51,新聞,code,sparse,False,5,[新聞] 中鋼內銷價穩 鋼廠叫好,2,True,True,926,"[代號] …12)、三星(5007)、恒耀國際(8349
)等相關螺絲廠轉嫁成本和接單,且另一盤元大廠聚亨(2022)也可間接受惠,增添第四
季營運動能。

此外,因中鋼鋼板每公噸只漲1,500元,因內需型營建產業市場仍然暢旺,也將有利於下
游中鋼構(【2013】)、春源(2010)、新光鋼(2031)、長榮鋼(2211)等相關鋼廠接單,
期能共同迎接旺季榮景的到來。



心得/評論: 公股鋼廠的穩 中下游都說讚  連9黑 中國限電受惠股??? 龍哥救我

--
※ 發信站: 批踢踢實業坊(ptt…
[簡稱(name)] …雨(2012)、三星(5007)、恒耀國際(8349
)等相關螺絲廠轉嫁成本和接單,且另一盤元大廠聚亨(2022)也可間接受惠,增添第四
季營運動能。

此外,因中鋼鋼板每公噸只漲1,500元,因內需型營建產業市場仍然暢旺,也將有利於下
游【中鋼構】(2013)、春源(2010)、新光鋼(2031)、長榮鋼(2211)等相關鋼廠接單,
期能共同迎接旺季榮景的到來。



心得/評論: 公股鋼廠的穩 中下游都說讚  連9黑 中國限電受惠股??? 龍哥救我

--
※ 發信站: 批踢踢實業…",,
collision:2013,2013,中鋼構,M.1572998010.A.6B1,2019-11-06 07:53:30,新聞,code,sparse,False,5,[新聞] 權值股牛氣沖天 台股頻創新高 資金行情強 已刪文,2,True,True,1241,"[代號] …元大關。PA相關如全新(2455)、穩懋
(3105)、宏捷科(8086)也同步走強。傳產股中,車市龍頭和泰車(2207)
業績獲利創高,外資連買力挺,股價飆568元新高,鋼鐵景氣可望復甦
,中鋼(2002)領軍,中鴻(2014)、中鋼構(【2013】)等走強。金融股的元大
金(2885)、華南金(2880)等,創下創近8年新高。

3.心得/評論:
外資大手筆砸1495億!

今將挑戰買超第八長紀錄

繼續推升權值股!

--
※ 發信站: 批踢踢實業坊(ptt.cc), 來自: 10…
[簡稱(name)] …,挑戰百元大關。PA相關如全新(2455)、穩懋
(3105)、宏捷科(8086)也同步走強。傳產股中,車市龍頭和泰車(2207)
業績獲利創高,外資連買力挺,股價飆568元新高,鋼鐵景氣可望復甦
,中鋼(2002)領軍,中鴻(2014)、【中鋼構】(2013)等走強。金融股的元大
金(2885)、華南金(2880)等,創下創近8年新高。

3.心得/評論:
外資大手筆砸1495億!

今將挑戰買超第八長紀錄

繼續推升權值股!

--
※ 發信站: 批踢踢實業坊(ptt.cc), 來…",,
collision:2013,2013,中鋼構,M.1522396172.A.39C,2018-03-30 15:49:32,請益,name,sparse,False,1,Re: [請益] 離岸風電還有得炒嗎 已刪文,1,False,True,447,"[簡稱(name)] …OUCHANG (自己的廢文自己發)》之銘言:
: 離岸風電就是垃圾
: 但有題材就有資金進駐
: 今年不看垃圾蘋果,看被動元件跟風機
: 風機鋼構這幾天都智障大噴 噴得空軍變智障
: 大家覺得那些二線概念股會跟著炒
: 求老司機指點
我的【中鋼構】從當初中捷砸死人後就住套房到現在,
        36T的頂峰很高很冷,
        一併請求指點到什麼價位該認賠殺出?
        還是說該抱好抱滿,
        期待重返農藥的一天呢?

        =========…",,
collision:2013,2013,中鋼構,M.1629800020.A.169,2021-08-24 18:13:40,情報,name,sparse,False,8,[情報] 0824八大公股行庫買賣超排行,1,False,True,3459,"[簡稱(name)] …1192            24      精英            -1082
25      榮運            1169            25      兆豐金          -962
26      【中鋼構】          1006            26      新興            -943
27      智原            871             27      鴻海            -941
28…",,
collision:2013,2013,中鋼構,M.1541141022.A.B04,2018-11-02 14:43:42,新聞,name,sparse,False,1,[新聞] 李杰：給台東人致富的機會 已刪文,1,False,True,1398,"[簡稱(name)] …正當賺錢,當你懂得金錢的邏輯後,年紀根本不
是問題,就像一萬個人做股票,但有多少人賺錢?因為只有少數人會賺,這並不代表從股
市賺到錢就是唬爛的,憑著就是和別人不一樣的邏輯思維來賺錢。

李杰舉例,例如311大海嘯,那時發生時想到的就大量購入【中鋼構】就海撈一筆,靠著融資4
、5天就翻倍,川普當選也大漲,當大家認為蔡英文當選台股大跌,結果也是大漲,「當
大家覺得民進黨執政就大跌,那一定就不會大跌,跟群眾思考得一樣,那怎麼賺得到錢?
當大事件發生時,到底我們能不能從中賺得到錢?這才是年輕人…",,
collision:2014,2014,中鴻,M.1528116294.A.9D8,2018-06-04 20:44:54,新聞,code,sparse,False,1,[新聞] 熱軋鋼鐵產業供需改善＋價差擴大 有利中 鴻今年營運表現 已刪文,8,True,True,737,"[代號] …年營運表現
財訊快報2018/06/01 15:37

美國宣布將對歐盟、加拿大和墨西哥加課額外鋼鋁關稅,並自 6 月 1 日生效。一直干擾
鋼鐵類股的不確定因素,終於塵埃落定,法人認為,熱軋鋼鐵產業供需改善,且價差擴大
,將有利於中鴻 (【2014】) 今年營運表現。中鴻近四日獲外資及自營商連續買超,合計有
 4,431 張,主要是法人認為,先前對於美國鋼鋁課徵額外關稅的擔心,已反應在中鴻股
價(price-in),中鴻今年來股價表現劣於大盤。

法人認為,鑑於熱軋鋼價差擴大,中鴻鋼管…
[代號] …年鋼管業務收入同比增長約 200%,且轉虧為盈。今年由於油價維持上升趨勢 (布倫特原
油年初至今上漲約 10%),法人預計,中鴻的鋼管銷售量平均售價和出貨量同比增長將超
過 20%。

3.心得/評論:鋼鐵股真的很熱門,特別是2002,以及【2014】,這兩隻是台股中表現最
             搶眼的熱門定存績績優股!一定要買這兩隻!

--
※ 發信站: 批踢踢實業坊(ptt.cc), 來自: 112.104.90.72
※ 文章網址:
https://www.ptt.cc/bb…
[簡稱(name_with_context)] …利中鴻今年營運表現
財訊快報2018/06/01 15:37

美國宣布將對歐盟、加拿大和墨西哥加課額外鋼鋁關稅,並自 6 月 1 日生效。一直干擾
鋼鐵類股的不確定因素,終於塵埃落定,法人認為,熱軋鋼鐵產業供需改善,且價差擴大
,將有利於【中鴻】 (2014) 今年營運表現。中鴻近四日獲外資及自營商連續買超,合計有
 4,431 張,主要是法人認為,先前對於美國鋼鋁課徵額外關稅的擔心,已反應在中鴻股
價(price-in),中鴻今年來股價表現劣於大盤。

法人認為,鑑於熱軋鋼價差擴…",,
collision:2014,2014,中鴻,M.1656772440.A.4ED,2022-07-02 22:34:00,心得,code,sparse,False,13,[心得] 2022Q2 腰斬排行榜,1,True,True,6634,"[代號] …9962 有益         55.8% 20220413 20220630
2069 運錩         56.3% 20220413 20220630
2038 海光         56.4% 20220413 20220630
【2014】 中鴻         56.5% 20220408 20220630
8299 群聯         56.7%
20220401 20220630
6494 九齊         56.9%
20220401 20220630
5274…",,
collision:2014,2014,中鴻,M.1531267519.A.802,2018-07-11 08:05:19,新聞,name_with_context,sparse,False,2,[新聞] 中鋼6月營收 大增24% 已刪文,1,False,True,831,"[簡稱(name_with_context)] …3.65元,漲0.05元
。

中鋼表示,6月合併營收333.86億元,比5月的350億元減少4.62%,主要是6月下旬台灣進
到雨季,大雨影響出貨,進帳相對減少。根據統計,
中鋼母廠6月下游提貨量比5月少3萬
餘公噸,中龍減少4萬餘公噸,【中鴻】少約2,000公噸
。

雖然因出貨減量造成單月營收略減,但是合併營收比去年同期增加24.5%,累計今年1至6
月營收1,937億元、年增15.4%,展望第3季因鋼價再漲1.9%,中鋼表現可望月月高升。

法人指出,去年中鋼三號高爐大修直到…",,
collision:2014,2014,中鴻,M.1624354961.A.51C,2021-06-22 17:42:41,情報,code,sparse,False,6,[情報] 0622 上市櫃外資投信買超金額排行,1,True,True,1331,"[代號] …股票名稱   市場    百萬    收盤價  漲跌

1     2883開發金  市     1390    12.65   +0.5
2     8046南電    市     1274    387     +28.5
3     【2014】中鴻    市      907    51.7    +4.7
4     3034聯詠    市      849    476.5   -6.5
5     2637慧洋-KY 市      708    99.7    +9
6…",,
collision:2014,2014,中鴻,M.1547470062.A.344,2019-01-14 20:47:42,其他,code,sparse,False,15,[其他] 1/14 台灣集中市場三大法人買賣超前30名 已刪文,1,True,True,3275,"[代號] …1038    -2997
2603    長榮            -2451   0       -5      -2456
2330    台積電          -1850   -602    27      -2425
【2014】    中鴻            -2706   0       304     -2402
00633L  富邦上証正2     -937    0       -1330   -2267
00655L  國泰中國A50正2  -878…",,
collision:2014,2014,中鴻,M.1585285586.A.39B,2020-03-27 13:06:26,新聞,name_with_context,sparse,False,2,Re: [新聞] 新任中鋼董事長是他！蘇新關係緊張 蘇菊 相對和諧？,1,False,True,11388,"[簡稱(name_with_context)] …─────────────────────────┤
: │2019年11月11日│中鋼出售日本東亞聯合鋼鐵公司股權,即持有住友金屬旗下和歌山│
: │              │高爐廠的股權,由原始的持股30餘%降為20%左右,原本提供【中鴻】│
: │              │180萬公噸鋼胚,下修到120萬公噸                            │
: ├───────┼─────────────────────────────┤
: │2019年12…",,
collision:2014,2014,中鴻,M.1688900486.A.B76,2023-07-09 19:01:26,新聞,name_with_context,sparse,False,2,[新聞] 鴻海旗下鴻佰衝刺太空運算與雲端遊戲領域 已刪文,1,False,True,1460,"[簡稱(name_with_context)] …伺服器是發展人工智慧最重要的神經中樞,隨著全球數據使用量持續攀升,加上地緣政治
帶來的生產重組,使得擅長整合的台灣伺服器業者,憑藉優良的設計能力、交付品質,以
及世界著名的客製化配合度,一舉奪下全球八成以上的出貨量,樞紐地位不言而喻。而其
【中鴻】海(2317)即貢獻了近五成的巿佔率,年營收超過1兆元。
鴻海伺服器業務主要由旗下最大子公司工業富聯(FII)負責
,而
工業富聯全資子公司鴻
佰科技則是實際生產的事業單位
。鴻佰不僅是最早進入巿場的先驅者之一,也培養了許多
高科技人才,奠…",,
collision:2014,2014,中鴻,M.1548731036.A.4CB,2019-01-29 11:03:56,標的,code,sparse,False,2,Re: [標的] 2014 中鴻 出清@11.15 已刪文,2,True,True,854,"[代號] …Re: [標的] 【2014】 中鴻 出清@11.15 已刪文
剛剛出清@11.15

先說我常賣在起漲點,所以祝福在車上的人

至今還是克服不了洗盤...

看法不變,有低點再接,沒低就讓他去吧...

這是另一個帳戶的

所以對帳單就不附了~

祝各位順利吧~~
※…
[代號] …常賣在起漲點,所以祝福在車上的人

至今還是克服不了洗盤...

看法不變,有低點再接,沒低就讓他去吧...

這是另一個帳戶的

所以對帳單就不附了~

祝各位順利吧~~
※ 引述《BreezeCat (微風)》之銘言:
: 1. 標的:【2014】 中鴻
: 2. 分類:多
: 3. 分析/正文:
: 1.先說跟我對作通常比較賺錢
: 2.鋼鐵後市目前看法一片悲觀,現在進場有賭未來會轉好的成分
: 3.本來不想發標的文以免害人,但今天感覺真的可以撿@@
: -------------…",,
collision:2014,2014,中鴻,M.1518854704.A.D28,2018-02-17 16:05:04,標的,code,sparse,False,1,[標的] 2014中鴻 多 已刪文,2,True,True,627,"[代號] …[標的] 【2014】中鴻 多 已刪文
-------------------------------------------------------------------------
1.發文前請先詳閱[標的]分類發文規範,未依規範發文將受處份。
2.發標的…
[代號] …格式輸入內容,未依格式者板規1-1-2砍文處份。
5.分類選填請益或心得者,進退場機制得刪去。
---------------------按ctrl+y可刪除以上內容。----------------------------

1. 標的:【2014】 中鴻

2. 分類:多

3. 分析/正文:
市場上雖然這一波的修正幅度比較大
但是美股沒有持續破底

消息面有接獲大單,營收增長

籌碼也有買盤支持

價格短期也有盤底沒有持續破底


4. 進退場機制:(非長期投資者,必須有停損機制)…",,
collision:2014,2014,中鴻,M.1702905967.A.E9A,2023-12-18 21:26:07,情報,code,sparse,False,5,[情報] 112年12月18日信用交易統計,2,True,True,1402,"[代號] …662   張
2603長榮
資增   2,617   張
券增   1,769   張
2353宏碁
資增   2,626   張
券增     195   張
2324仁寶
資增   1,843   張
券增     168   張
【2014】中鴻
資增   3,605   張
券增   1,227   張
2002中鋼
資增   3,765   張
券減       2   張
=================================
櫃買信用交易統計
資減    0…
[簡稱(name_with_context)] …張
2603長榮
資增   2,617   張
券增   1,769   張
2353宏碁
資增   2,626   張
券增     195   張
2324仁寶
資增   1,843   張
券增     168   張
2014【中鴻】
資增   3,605   張
券增   1,227   張
2002中鋼
資增   3,765   張
券減       2   張
=================================
櫃買信用交易統計
資減    0.5…",,
collision:2014,2014,中鴻,M.1638790555.A.404,2021-12-06 19:35:55,情報,code,sparse,False,5,[情報] 1206 上市櫃外資投信買超金額排行,1,True,True,1247,"[代號] …5     6443元晶      645    41.2    +3.2
6     3481群創      621    18.2    +0.2
7     2317鴻海      356    106.5   +1.5
8     【2014】中鴻      334    37.1    +0.6
9     2891中信金    315    25.45   +0.25
10    2379瑞昱      297    577     +22

資料來源:
https://ti…",,
collision:2014,2014,中鴻,M.1584680686.A.28E,2020-03-20 13:04:46,新聞,name_with_context,sparse,False,3,"[新聞] 鴻海早盤股價跌破70元 市值縮至9,523億元 已刪文",1,False,True,859,"[簡稱(name_with_context)] …億元

UDN
https://udn.com/news/story/7251/4426590
台股今(19)日以9,085.28點開出,下跌133.39點,早盤一度下探至8,886.28點,下跌
332.39點,台股失守10年線,蘋概三王【中鴻】海(2317)以68.7元開低,股價跌破70元關卡
,市值降至9,523.88點,盤中跌幅1.42%,台積電除息首日走弱,僅股王大立光開平走揚
力守紅盤。

鴻海創辦人郭台銘日前曾表示,在中國大陸各廠區的復工進度超出預期,今年全球經濟面
臨…",,
collision:2014,2014,中鴻,M.1619681722.A.6F0,2021-04-29 15:35:22,標的,code,sparse,False,1,[標的] 2014中鴻 走勢,6,True,True,242,"[代號] …[標的] 【2014】中鴻 走勢
1.標的: 2014中鴻

2. 分類:請益

3. 分析/正文:

今天觀望中鴻
一直觀望一直觀望,然後就漲停了
QQ

今天中鴻爆量漲停

下禮拜會回檔嗎?



4. 進退場機制:還沒進場
-----
Sent from…
[代號] …[標的] 2014中鴻 走勢
1.標的: 【2014】中鴻

2. 分類:請益

3. 分析/正文:

今天觀望中鴻
一直觀望一直觀望,然後就漲停了
QQ

今天中鴻爆量漲停

下禮拜會回檔嗎?



4. 進退場機制:還沒進場
-----
Sent from JPTT on my iPhon…
[簡稱(name_with_context)] …[標的] 2014【中鴻】 走勢
1.標的: 2014中鴻

2. 分類:請益

3. 分析/正文:

今天觀望中鴻
一直觀望一直觀望,然後就漲停了
QQ

今天中鴻爆量漲停

下禮拜會回檔嗎?



4. 進退場機制:還沒進場
-----
Sent from JP…",,
collision:2014,2014,中鴻,M.1701089839.A.9C7,2023-11-27 20:57:19,情報,code,sparse,False,9,[情報] 1127上市櫃外資投信買超金額及同買排行,1,True,True,1956,"[代號] …02遠東新      30.45        +0.3   4136       813
2         2313華通          69.7          +2.1    3179       3143
3         【2014】中鴻          23.25       +0.45 2979       2239
4         5876上海商銀 45.75        +0.2   2406       440
5         4904遠傳…",,
collision:2014,2014,中鴻,M.1557107527.A.315,2019-05-06 09:52:07,標的,code,sparse,False,1,Re: [標的] 2014 中鴻 提醒各位嚴守停損位,3,True,True,1030,"[代號] …Re: [標的] 【2014】 中鴻 提醒各位嚴守停損位
嗯...因為發現這車有比想像多的人上車

特地回文提醒各位,以免有人重大損失

目前基於財報不優,散戶信心下降

中美關係劣化,大盤嚴重下挫

這個時候中鴻一定被倒好倒滿

建議各位不要留戀,停損點到了直接損出比…
[簡稱(name_with_context)] …Re: [標的] 2014 【中鴻】 提醒各位嚴守停損位
嗯...因為發現這車有比想像多的人上車

特地回文提醒各位,以免有人重大損失

目前基於財報不優,散戶信心下降

中美關係劣化,大盤嚴重下挫

這個時候中鴻一定被倒好倒滿

建議各位不要留戀,停損點到了直接損出比較好…
[簡稱(name_with_context)] …Re: [標的] 2014 中鴻 提醒各位嚴守停損位
嗯...因為發現這車有比想像多的人上車

特地回文提醒各位,以免有人重大損失

目前基於財報不優,散戶信心下降

中美關係劣化,大盤嚴重下挫

這個時候【中鴻】一定被倒好倒滿

建議各位不要留戀,停損點到了直接損出比較好

我個人會抱著但不加碼,風險太大了

抱歉這次沒能帶大家一起飛QAQ
※ 引述《BreezeCat (微風)》之銘言:
: 嗯...財報出了
: 爛到有剩XDD
: 我也不知道要…",,
collision:2014,2014,中鴻,M.1490162226.A.AD6,2017-03-22 13:57:06,新聞,code,sparse,False,3,[新聞] 鋼鐵獲利與配股佳 市場聚焦中鋼、運錩 已刪文,1,True,True,1034,"[代號] …股賺3.12元,每股配發3元。新光鋼(2031)去年賺2.67元,每股配發
1.8元現金股息。官田鋼(2017)以資本公積1.19億餘元彌補虧損外,另以法定盈餘公積
、資本公積發放現金股息0.35元。盛餘(2029)每股配2.45元。中鴻(【2014】)、聚亨(
2022)則不擬配發股利。

中鋼今年前兩月的稅前獲利累積已超過33億元,成長性佳。投顧表示,目前市場投資主流
是高殖利率股,鋼鐵股的去年獲利不錯,鋼鐵股價相對不高之下,如配發高股利則可望拉
高殖利率,再加上今年的鋼價走勢仍呈現…",,
collision:2014,2014,中鴻,M.1678787997.A.DC7,2023-03-14 17:59:57,新聞,code,sparse,False,3,[新聞] 創00878掛牌紀錄 外資單日大砍5.6萬張,2,True,True,1744,"[代號] …觀望,控制持股率
。

外資今天買超上市個股前10名為:元大台灣50反1(00632R)10,887張、漢翔(2634)
7,791張、京元電子(2449)7,635張、宏達電(2498)4,016張、大成鋼(2027)3755張
、中鴻(【2014】)3,423張、元晶(6443)3,065張、元大高股息(0056)2,783張、康舒(
6282)2,582張、日月光投控(3711)2,550張。

外資今天賣超上市個股前10名為:國泰永續高股息(00878)56,716張、中信金(2…
[簡稱(name_with_context)] …人暫時觀望,控制持股率
。

外資今天買超上市個股前10名為:元大台灣50反1(00632R)10,887張、漢翔(2634)
7,791張、京元電子(2449)7,635張、宏達電(2498)4,016張、大成鋼(2027)3755張
、【中鴻】(2014)3,423張、元晶(6443)3,065張、元大高股息(0056)2,783張、康舒(
6282)2,582張、日月光投控(3711)2,550張。

外資今天賣超上市個股前10名為:國泰永續高股息(00878)56,716張、…",,
collision:2014,2014,中鴻,M.1626531978.A.8E0,2021-07-17 22:26:18,新聞,name_with_context,sparse,False,2,Re: [新聞] 協助穩定鋼價 中鴻8月內銷傾向開平盤,1,False,True,395,"[簡稱(name_with_context)] …魚最後也提到,今年中鋼淨利H1淨利爆減了36%,Q4是鋼鐵的旺季,中鋼照理來說價格
是會調漲的,但最後沒漲,甚至被認為該再降價,真的覺得中鋼很可憐,並為手持股份的
股東們感到不值。


就不要Q3都不漲
Q4因為廠商出來哀哀叫最後要求中鋼 【中鴻】降價....
鋼鐵業上游有個大頭中鋼在那邊當頭聽政府的話 對鋼鐵業比較有威嚇力
如果經濟部跟鋼鐵工會喝咖啡要求緩漲我想也不是不可能的

--
※ 發信站: 批踢踢實業坊(ptt.cc), 來自: 114.47.167.177 (臺灣)
※…",,
collision:2014,2014,中鴻,M.1639996448.A.0C1,2021-12-20 18:34:08,情報,code,sparse,False,7,[情報] 1220 量大分點齊買,1,True,True,961,"[代號] …75   35,595  17.3    5,699   2.77    0.63%   0.01%
2610    華航    26.75   130,396 34.43   5,371   1.44    -0.31%  -0.01%
【2014】    中鴻    44.05   129,699 56.62   5,075   2.27    -0.97%  2.27%
1102    亞泥    43.4    15,552  6.77    3,848   1.68    0.…",,
collision:2014,2014,中鴻,M.1638925086.A.D8A,2021-12-08 08:58:06,新聞,name_with_context,sparse,False,3,[新聞] 對岸鐵礦行情大漲 中鋼下月盤價 增添新能 量,1,False,True,1568,"[簡稱(name_with_context)] …,吸金近人民幣20億元、排名第一。

上市鋼廠主管表示,昨天新加坡鐵礦石期貨一度上漲8.6%至每公噸113美元,技術面站上
所有均線,進到多頭格局。

大陸資金寬鬆,帶動鐵礦大漲,台股鋼鐵類股昨天表現亮眼,在各類股中漲幅排名第二,
除中鋼、【中鴻】、大成鋼等領導鋼廠獲外資法人青睞,威致、燁興、海光等也獲投資人注目
。昨天鋼鐵股漲勢僅次於航運類股,外資持續加碼中鋼,買超逾2萬張,外資持股占比重
新回到20%以上,三大法人持股同步增加。

主要數據顯示,大陸進口鐵礦增加到一年來最高,帶動…",,
collision:2340,2340,台亞,M.1651464383.A.E8E,2022-05-02 12:06:23,心得,code,sparse,False,6,[心得] 20220429 爛透晚報 起漲還是起跌?,1,True,True,747,"[代號] …3532 台勝科

DRAM
4967 十銓

PA
3105 穩懋

IC
3169 亞信
6237 驊訊
6457 紘康

其他
6510 精測
3081 聯亞
6732 昇佳電子

2301 光寶科
2312 金寶
3044 健鼎
【2340】 台亞
2633 台灣高鐵
2867 三商壽
3406 玉晶光
3701 大眾控
3706 神達
4912 聯德控股-KY
5469 瀚宇博
5258 虹堡
6456 GIS-KY
5371 中光電


另外其實也有一堆爛透股這幾周在築底…",,
collision:2340,2340,台亞,M.1662939563.A.5F0,2022-09-12 07:39:23,新聞,name_with_context,sparse,False,2,[新聞] 10月新電價 可望凍漲,1,False,True,1336,"[簡稱(name_with_context)] …滿30字,無意義者板規處分
(伯豐對此新聞點了讚)

日前老闆們表示再漲電價不排除出走

近日傳出10月電價可能凍漲

從股點來說  公司獲利可望不受影響  出走的股票變少了

能玩的股票又多了幾隻

從售電角度來說 對做台電生意的台汽電 【台亞】泥等是否為利空則需再多判斷

--
※ 發信站: 批踢踢實業坊(ptt.cc), 來自: 223.136.204.82 (臺灣)
※ 文章網址:
https://www.ptt.cc/bbs/Stock/M.1662939563.A.5F0…",,
collision:2340,2340,台亞,M.1638928321.A.1DD,2021-12-08 09:52:01,標的,code,sparse,False,1,Re: [標的] 2340.TW 光磊 多,1,True,False,439,"[代號] …Re: [標的] 【2340】.TW 光磊 多
第四季在大陸已經恢復正常供電的情況下依舊以

限電為理由拋出月減的成績單。在沒有新的成長

動能的情況下,明年面臨經營環境緊縮,Q1財報

應該更加精彩(特別某團隊入駐後就要求光磊把

跟日本爸爸有競爭關係的客戶或砍掉或打…",,
collision:2340,2340,台亞,M.1637660703.A.4DE,2021-11-23 17:45:03,情報,code,sparse,False,5,[情報] 1123 上市櫃外資投信買超金額排行,1,True,False,1232,"[代號] …13.5
4     2376技嘉      505    134.5   -3.5
5     2330台積電    470    612     -3
6     8069元太      456    122     +1
7     【2340】光磊      384    58      -2.2
8     3017奇鋐      334    89.5    +1.1
9     3035智原      302    184.5   -5.5
10    3481群創…",,
collision:2340,2340,台亞,M.1630923548.A.334,2021-09-06 18:19:08,情報,code,sparse,False,6,[情報] 0906 量大分點齊買,1,True,False,1168,"[代號] …113.0   154,415 179.67  7,019   7.88    0.02%   -0.1%
2884    玉山金  26.25   21,135  5.55    6,350   1.67    -0.02%  0%
【2340】    光磊    35.7    36,533  13.05   5,755   2.06    0.41%   0%
3017    奇鋐    76.4    13,241  10.12   2,927   2.24    0.7%…",,
collision:2340,2340,台亞,M.1679538989.A.821,2023-03-23 10:36:29,新聞,name_with_context,sparse,False,8,[新聞] 「港湖女神」驚人身家曝！狠押台積電等23 檔股票 他嚇壞：有高人指點 已刪文,1,False,True,1199,"[簡稱(name_with_context)] …榮航各為40張,元大金42張。高嘉瑜持股明細曝光後,引發網友熱議,有人表示「持股內容看起來就有人指點」、「航運和鋼鐵是被套嗎」。

據監察院201期廉政專刊,立委高嘉瑜共持有23檔股票,除了6張台積電外,還有中鋼、春源、中鴻、大成鋼、聯電、【台亞】、友達、聯發科、瑞軒、陽明、長榮航、萬海、華航、台驊控股、群創、力積電、頎邦、元大金、環球晶、晶心科、志超、大國鋼等(見附表明細、翻攝廉政專刊),股票價額以10元計價,因此總價額為341萬1190元,若以個股22日收盤價來估算,帳面股票價值…",,
collision:2340,2340,台亞,M.1640221945.A.C86,2021-12-23 09:12:25,新聞,name_with_context,sparse,False,2,[新聞] 第三代半導體 台亞黃金陣容成形,4,False,True,1310,"[簡稱(name_with_context)] …積亞將以切入
磊晶製程
為進軍第三代半
導體的起點,並會執行擴廠計畫;日亞化雖透過台亞間接投資積亞,然而業界分析,50億
元投入磊晶已綽綽有餘,日亞化的技術更是有目共睹的票房保證,看好日亞、台亞、積亞
的混血組合是國際間少見的黃金陣容。

【台亞】半導體發言人戴菁甫表示,台亞在化合物半導體領域之產品早已經完成驗證並且出貨
,此部分的營收占台亞整體營收比例尚未體現,但隨著市場的成熟與需求快速成長,台亞
將透過轉投資成立的積亞半導體宣告正式切入第三代半導體的研發與製造,惟具體將進行
開發…
[簡稱(name_with_context)] …軍第三代半
導體的起點,並會執行擴廠計畫;日亞化雖透過台亞間接投資積亞,然而業界分析,50億
元投入磊晶已綽綽有餘,日亞化的技術更是有目共睹的票房保證,看好日亞、台亞、積亞
的混血組合是國際間少見的黃金陣容。

台亞半導體發言人戴菁甫表示,【台亞】在化合物半導體領域之產品早已經完成驗證並且出貨
,此部分的營收占台亞整體營收比例尚未體現,但隨著市場的成熟與需求快速成長,台亞
將透過轉投資成立的積亞半導體宣告正式切入第三代半導體的研發與製造,惟具體將進行
開發與製造何類產品,此部分涉及特…
[簡稱(name_with_context)] …亞,然而業界分析,50億
元投入磊晶已綽綽有餘,日亞化的技術更是有目共睹的票房保證,看好日亞、台亞、積亞
的混血組合是國際間少見的黃金陣容。

台亞半導體發言人戴菁甫表示,台亞在化合物半導體領域之產品早已經完成驗證並且出貨
,此部分的營收占【台亞】整體營收比例尚未體現,但隨著市場的成熟與需求快速成長,台亞
將透過轉投資成立的積亞半導體宣告正式切入第三代半導體的研發與製造,惟具體將進行
開發與製造何類產品,此部分涉及特定的技術產品布局,屬於公司機密目前仍無法多作說
明。

日亞化集團在…",,
collision:2340,2340,台亞,M.1487012172.A.860,2017-02-14 02:56:12,其他,code,sparse,False,1,Re: [其他] 交易系統 已刪文,1,True,False,4252,"[代號] …一邊買賣,一開始從上市櫃2千多檔中挑了3百多檔,再來變

成200檔、100檔,塵埃落定在80檔。到最後剩1、2百檔的階段時,很多真的都是忍痛割愛

啊,而被我刪除的很多也未必比現有的差,只是因為當下的各種評估理由選擇除名而已。

其中這檔【2340】光磊,如果我沒記錯的話,就是我在要把儲備名單「瘦身」到80檔以下時,

最後一檔賣出持股(並換股)同時從自選名單刪除的股票。我是在哪一天賣的呢?各位可

以看一下2340日線圖,我在16/11/02那根長黑賣的。


我一開始買進這檔的理由…",,
collision:2340,2340,台亞,M.1449821199.A.7BA,2015-12-11 16:06:39,心得,code,sparse,False,1,[心得] 陸股救市Day107 --為淵驅魚 已刪文,1,True,False,2000,"[代號] …(下跌1%以上版塊 22 out of 60)
IF12滬深300期指
3593 +0.39% 持倉29981 168億
IC12中證500期指
7227 +0.37% 持倉13989 123億
IH12上證 50期指
【2340】 +0.19% 持倉10825  39億

融資餘額 滬 6801.81 深 4718.64 合計 11520.45億 (12/10)
融券餘額 滬   21.42 深    9.09 合計    30.50億 (12/10)
籌碼:
總體…",,
collision:2340,2340,台亞,M.1635401923.A.5E4,2021-10-28 14:18:43,標的,code,sparse,False,1,[標的] 2340. TW 光磊 元宇宙 8連噴爆爆多,2,True,False,273,"[代號] …[標的] 【2340】. TW 光磊 元宇宙 8連噴爆爆多
1. 標的: 2340光磊

2. 分類:多

3. 分析/正文:
1,光磊由日亞化接掌之後,股價開始飆漲,由原來光電股變成半導體股。加上搭上元宇
宙概念股趨勢,股價一飛衝天

2,外資跟散戶融資持續做…
[代號] …[標的] 2340. TW 光磊 元宇宙 8連噴爆爆多
1. 標的: 【2340】光磊

2. 分類:多

3. 分析/正文:
1,光磊由日亞化接掌之後,股價開始飆漲,由原來光電股變成半導體股。加上搭上元宇
宙概念股趨勢,股價一飛衝天

2,外資跟散戶融資持續做多,如果沒有干擾因素,目前價位買入還是安全的。

4. 進退…",,
collision:2340,2340,台亞,M.1631511032.A.00F,2021-09-13 13:30:32,公告,code,sparse,False,2,[公告] Stock 樂透開獎,3,True,False,39706,"[代號] …>=3%
     basstrombone 買了 225 張 漲>=3%
恭喜 ForeverFun   買了 200 張 跌< 3%, 獲得 15600 Ptt幣
恭喜 danielpowter 買了  30 張 跌< 3%, 獲得  【2340】 Ptt幣
     paralux      買了  10 張 跌>=3%
     latinboy     買了   1 張 漲>=3%
     latinboy     買了   1 張 漲>=3%
     latinboy…
[代號] …v  買了  11 張 漲>=3%
     cswf         買了 100 張 跌>=3%
     wanwan88     買了   6 張 漲>=3%
恭喜 goodgooddad  買了  30 張 跌< 3%, 獲得  【2340】 Ptt幣
     savior25     買了  10 張 跌>=3%
     LoserWon     買了   1 張 漲< 3%
     LoserWon     買了  72 張 漲< 3%
     LoserWon…
[代號] …3%, 獲得 23400 Ptt幣
     boycott      買了 300 張 漲< 3%
     boycott      買了 100 張 平盤0%
恭喜 boycott      買了  30 張 跌< 3%, 獲得  【2340】 Ptt幣
     boycott      買了  10 張 漲< 3%
     miyokumiyoko 買了  94 張 漲>=3%

--
※ 開獎站 :批踢踢實業坊(ptt.cc)
◆ From: 150.116.233.90…",,
collision:2340,2340,台亞,M.1504619526.A.DBE,2017-09-05 21:52:06,其他,code,sparse,False,15,[其他] 9/5 台灣集中市場外資買賣超前30名 已刪文,1,True,False,3210,"[代號] …8401799    43.09
3017   奇鋐                  1495    128829    36.46
2892   第一金                1460   3359533    27.50
【2340】   光磊                  1312    125381    22.82
2881   富邦金                1309   2965336    28.97
2449   京元電子…",,
collision:2340,2340,台亞,M.1648087005.A.3FA,2022-03-24 09:56:45,新聞,name_with_context,sparse,False,4,[新聞] 高嘉瑜也被航運、鋼鐵股套牢了？ 持股市值逾2千萬元，為何財產申報只有345 已刪文,1,False,True,1884,"[簡稱(name_with_context)] …計算申報,包括前總統
馬英九、國民黨主席朱立倫等人也是根據相同標準申報。

這樣的申報方式行之有年,只不過因為票面價額與實際市值實在差距太大,難免惹來外界
訾議;如果全以當前市值計算,其實也有可能失真,這從高嘉瑜申報的「光磊」現已改名
為「【台亞】」就能理解,相關資料出爐仍有時間差,申報當時與現在的持股未必一致,股價
變動更是不在話下。

這次高嘉瑜申報日是去年11月1日,觀察這段期間的買賣紀錄,可以發現她縱橫股海的風
格頗為積極,並且勇於追逐主流熱門類股。
去年追買航運、鋼鐵 幾乎…",,
collision:2340,2340,台亞,M.1655694406.A.076,2022-06-20 11:06:46,標的,code,sparse,False,1,[標的] 2340台亞多,2,True,True,66,"[代號] …[標的] 【2340】台亞多
今天台股一片綠油油唯獨光電這隻一枝獨秀
預計今天進場 50停利搶短多
https://i.imgur.com/g0AGUDe.png…
[簡稱(name_with_context)] …[標的] 2340【台亞】多
今天台股一片綠油油唯獨光電這隻一枝獨秀
預計今天進場 50停利搶短多
https://i.imgur.com/g0AGUDe.png…",,
collision:2340,2340,台亞,M.1720434001.A.699,2024-07-08 18:20:01,新聞,code,sparse,False,1,[新聞] 上亞投入AI 轉投資爍雲經營AI虛擬角色有成,1,True,True,1140,"[代號] …經營AI虛擬角色有成

原文連結:
https://www.ctee.com.tw/news/20240708700900-430502
發布時間:2024.07.08  12:47

記者署名:工商時報 李淑惠

原文內容:

台亞集團(【2340】)旗下的上櫃公司上亞科技(6130)積極投入AI產業,轉投資的爍雲科技
於社群媒體經營的AI虛擬角色「芙耶拉」,使用自訓語音模型,能模擬情感,提供真實互
動。爍雲科技技術長曾子維指出,利用多模態AGI技術,結合語音識別、自然語言處理、
情感…",,
collision:2340,2340,台亞,M.1510317911.A.573,2017-11-10 20:45:11,其他,code,sparse,False,15,[其他] 11/10 台灣集中市場自營商買賣超前30名 已刪文,1,True,False,4480,"[代號] …-1443       688      2131    77.62    77.22
2328   廣宇                 -1213        38      1251    25.75    25.71
【2340】   光磊                 -1010       100      1110    20.24    20.02
00655L 國泰中國A50正2        -974      2513      3487    36…",,
collision:2340,2340,台亞,M.1635430725.A.BFF,2021-10-28 22:18:45,情報,code,sparse,False,5,[情報] 1028 處置股票與注意股票統計分析,1,True,False,4613,"[代號] …10天
3062 建漢           3.23%   3個交易日後   價、量  5分   10天  [3、4]
4739 康普           1.63%   3個交易日後   價      5分   10天  [13]
【2340】 光磊           4.34%   3個交易日後   價、量  5分   10天  [4]
3491 昇達科         9.66%   3個交易日後   價      5分   10天
5274 信驊           4.…",,
collision:2340,2340,台亞,M.1646645875.A.8E1,2022-03-07 17:37:55,情報,code,sparse,False,4,[情報] 0307 量大分點齊買,1,True,True,704,"[代號] ….0    90,359  34.71   5,176   2       0.18%   0.26%
2014    中鴻    43.9    94,831  41.27   4,150   1.81    -0.18%  1.03%
【2340】    台亞    50.4    11,661  5.87    3,264   1.64    0.89%   0%
3714    富采    71.3    32,973  23.68   3,156   2.26    1.63%…",,
collision:2340,2340,台亞,M.1553090645.A.76E,2019-03-20 22:04:05,其他,code,sparse,False,10,[其他] 3/20台灣集中市場三大法人買賣超前二十名,1,True,False,1980,"[代號] …-7088   -189    -2238   -9515
3481    群創    -8450   0       -185    -8635
2303    聯電    -6683   0       120     -6563
【2340】    光磊    -6073   -498    359     -6212
1605    華新    -1902   -1683   -1680   -5265
3711    日月光投控      -4848   0       1…",,
collision:2340,2340,台亞,M.1615905681.A.B90,2021-03-16 22:41:21,公告,code,sparse,False,2,[公告] Stock 樂透開獎 (Kon-Rushi),1,True,False,14619,"[代號] …130 Ptt幣
恭喜 bloodyiris   買了 100 張 露西婭, 獲得  2600 Ptt幣
     pwseki206    買了 110 張 時乃空
恭喜 pwseki206    買了  90 張 露西婭, 獲得  【2340】 Ptt幣
     only2389     買了   1 張 嘎股拉
恭喜 only2389     買了   7 張 露西婭, 獲得   182 Ptt幣
     Risk2001     買了  10 張 嘎股拉
恭喜 Eide…",,
collision:2427,2427,三商電,M.1469007268.A.EE7,2016-07-20 17:34:28,新聞,name,silent,False,9,[新聞] 中華電、正新明日除息 台股指數開盤蒸發2 4.6點 已刪文,1,False,True,633,"[簡稱(name)] …其中中華電除息市值將減少425億元,正新除息市值減少97億元
,合計31檔個股除息,台股指數開盤將較今日減少24.6點。

台股明日將進行另一波除權息高峰,共有31檔個股除息,包含東泥、長興、中橡、正新、
中華、昆盈、群光、南亞科、中華電、【三商電】、資通、宏璟、山隆、中壽、農林、威健、
一零四、辛耘、宏致、德淵、茂林-KY、鎰勝、豐藝、矽力-KY、光聖、凌巨、福懋科、阿
瘦、統一實、欣天然、成霖等31檔股票辦理除權息交易。

其中,中華電除息市值將減少425億餘,正新市值減少97億元…",,
collision:2427,2427,三商電,M.1686303588.A.E51,2023-06-09 17:39:48,情報,code,silent,False,1,[情報] 2427 三商電2.63億 年減25.53%,4,True,True,225,"[代號] …[情報] 【2427】 三商電2.63億 年減25.53%
三商電(2427)5月營收資料(單位千元)

          當月   本年累計
營收     263,140 1,417,314
去年同期 353,374 1,443,371
增減    -90,…
[代號] …[情報] 2427 三商電2.63億 年減25.53%
三商電(【2427】)5月營收資料(單位千元)

          當月   本年累計
營收     263,140 1,417,314
去年同期 353,374 1,443,371
增減    -90,234 -26,057
增減百分比 -25.53% -…
[簡稱(name)] …[情報] 2427 【三商電】2.63億 年減25.53%
三商電(2427)5月營收資料(單位千元)

          當月   本年累計
營收     263,140 1,417,314
去年同期 353,374 1,443,371
增減    -90,234…",,
collision:2427,2427,三商電,M.1687760519.A.DE9,2023-06-26 14:21:59,新聞,name,silent,False,12,"[新聞] 台股重挫143點收17,059點 台積電跌7元 收574元",1,False,True,1020,"[簡稱(name)] …下,盤勢整理時間將拉長。

今日盤面維持十千金,逆勢抗跌的有:信驊、世芯-KY。

高於500元以上的高價股中,逆勢抗跌的有:保瑞、鈊象、川湖、東哥遊艇。

今日成交量大的強勢股:長榮航、鴻海、大同、中環、廣運、台亞、神達、華紙、永豐餘
、【三商電】。

今日成交量大卻走跌者:群創、緯創、聯電、華邦電、友達、廣達、英業達、元太、康舒
、華新。

今日成交金額大且走高者:鴻海、長榮航、世芯-KY、大同、廣運、智原、台亞、川湖、
緯穎、神達。

今日成交金額大卻走勢疲軟者:台積電、緯創、元…",,
collision:2427,2427,三商電,M.1684753274.A.4F8,2023-05-22 19:01:14,新聞,code,silent,False,4,[新聞] 10檔注意股出爐！　三商電近6個營業日漲5,6,True,True,731,"[代號] …行過長請用縮網址工具
發布時間:2023-05-22 18:39:00
※請以原文網頁/報紙之發布時間為準
記者署名:記者高兆麟/綜合報導
※原文無記載者得留空
原文內容:

記者高兆麟/綜合報導

證交所今日公布10檔注意股,其中三商電(【2427】)最近六個營業日累積收盤價漲幅達57.47%。且05月22日之成交量為最近六十個營業日日平均成交量之9.03倍。且05月22日之週轉率為26.32%。

證交所公布10檔注意股,包括士電(1503)、華城(1519)、美時(1795)、三商…
[代號] …近六個營業日累積收盤價漲幅達57.47%。且05月22日之成交量為最近六十個營業日日平均成交量之9.03倍。且05月22日之週轉率為26.32%。

證交所公布10檔注意股,包括士電(1503)、華城(1519)、美時(1795)、三商電(【2427】)、乙盛-KY(5243)、華孚(6235)、伊雲谷(6689)、東哥遊艇(8478)、美德醫療-DR(9103)、明輝-DR(911608)。

其中,士電05月19日之最近六個營業日之當日沖銷成交量占最近六個營業日總成交量比率69.56…
[簡稱(name)] …[新聞] 10檔注意股出爐! 【三商電】近6個營業日漲5
原文標題:10檔注意股出爐! 三商電近6個營業日漲逾57%入列
※請勿刪減原文標題
原文連結:
https://is.gd/EorP4E
※網址超過一行過長請用縮網址工具
發布時間:2023-05-22 18:39:00…",,
collision:2427,2427,三商電,M.1717691106.A.D43,2024-06-07 00:25:06,情報,code,silent,False,1,[情報] 0606 上市櫃股票週轉率排行,2,True,True,1717,"[代號] …%
7     6442光聖    230.00   +20.50  +9.79%  12,711  16.81%
8     2486一詮    103.50   +0.50   +0.49%  37,415  15.99%
9     【2427】三商電  30.80    +0.10   +0.33%  28,547  14.50%
10    3013晟銘電  91.10    -0.50   -0.55%  20,524  12.91%

資料來源:
http://tinyur…
[簡稱(name)] …6442光聖    230.00   +20.50  +9.79%  12,711  16.81%
8     2486一詮    103.50   +0.50   +0.49%  37,415  15.99%
9     2427【三商電】  30.80    +0.10   +0.33%  28,547  14.50%
10    3013晟銘電  91.10    -0.50   -0.55%  20,524  12.91%

資料來源:
http://tinyurl.c…",,
collision:2427,2427,三商電,M.1521511713.A.481,2018-03-20 10:08:33,其他,code,silent,False,4,[其他] 近期法說會 已刪文,2,True,True,663,"[代號] …5) 智擎(4162) 科懋(6496)


3/26

晶心科(6533)


3/27

中鼎(9933)   台驊投控(2636) 久元(6261)



3/28

揚智(3041)


3/29

新光金(2888)   三商電(【2427】)


3/30

光群雷(2461)   豪展(4735)


3/31

龍燈-KY(4141)


4/10

宜鼎(5289)


4/30

台達電(2308) 台灣大(3045)

--
※ 發信站: 批踢踢實業坊(ptt.cc…
[簡稱(name)] …(4555) 智擎(4162) 科懋(6496)


3/26

晶心科(6533)


3/27

中鼎(9933)   台驊投控(2636) 久元(6261)



3/28

揚智(3041)


3/29

新光金(2888)   【三商電】(2427)


3/30

光群雷(2461)   豪展(4735)


3/31

龍燈-KY(4141)


4/10

宜鼎(5289)


4/30

台達電(2308) 台灣大(3045)

--
※ 發信站: 批踢踢實業坊(p…",,
collision:2427,2427,三商電,M.1615278098.A.7E7,2021-03-09 16:21:38,標的,name,silent,False,2,[標的] 2905 三商,1,False,True,474,"[簡稱(name)] …[標的] 2905 三商
1. 標的:  2905 三商

2. 分類:多

3. 分析/正文:

這檔旗下事業非常多
餐飲有:三商巧福、拿坡里、福勝亭等
零售有:全家福鞋業、美廉社等
金融壽險有:三商美邦人壽、復華投信
其他知名的還有【三商電】腦和前一陣子火災的旭富製藥

不過佔營收比例最高的還是壽險
個人壽險佔52.82%、個人健康險佔24.64%

這陣子美債殖利率上升
壽險業整個都回神了
例如國泰金已經過高,長線大頭肩底成型並突破頸線了
2905這檔算是還沒漲到的標的
股價…",,
collision:2427,2427,三商電,M.1532605181.A.19C,2018-07-26 19:39:41,新聞,code,silent,False,14,[新聞] 《集中市場》三大法人買超20億元 台股再 登「萬一」山頭 已刪文,2,True,True,1704,"[代號] …股集體歡慶,嘉泥(1103)
大漲7%以上,亞泥以5%漲幅緊追在後,台泥、信大(1109)、環泥(1104)全面向上,類股漲
幅1.68%。資訊服務股勢均力敵,訊連(5203)Q2獲利繳出三年來新高的佳績,股價強攻漲
停鎖住,並帶動三商電(【2427】)、凌群(2453)、零壹(3029)齊揚,類股漲幅達1.69%。經濟
部今召開座談會,討論如何健全國內太陽能產業,政策利多護航,綠能(3519)早盤股價亮
燈漲停,帶動太陽能族群反攻,元晶(6443)、安集(6477)、新日光(3576)…
[簡稱(name)] …旺,水泥股集體歡慶,嘉泥(1103)
大漲7%以上,亞泥以5%漲幅緊追在後,台泥、信大(1109)、環泥(1104)全面向上,類股漲
幅1.68%。資訊服務股勢均力敵,訊連(5203)Q2獲利繳出三年來新高的佳績,股價強攻漲
停鎖住,並帶動【三商電】(2427)、凌群(2453)、零壹(3029)齊揚,類股漲幅達1.69%。經濟
部今召開座談會,討論如何健全國內太陽能產業,政策利多護航,綠能(3519)早盤股價亮
燈漲停,帶動太陽能族群反攻,元晶(6443)、安集(6477)、新日光(…",,
collision:2427,2427,三商電,M.1675959525.A.64C,2023-02-10 00:18:45,標的,code,silent,False,1,[標的] 2427 三商電 牛肉麵多,7,True,True,241,"[代號] …[標的] 【2427】 三商電 牛肉麵多
1. 標的:2427 三商電

2. 分類:多

3. 分析/正文:

三商電腦股份有限公司(2427.TW)成立於1976年12月9日,前身為三商匯茂事務機器股份有
限公司,1980年更為現名,主要從事金融自動化服務機…
[代號] …[標的] 2427 三商電 牛肉麵多
1. 標的:【2427】 三商電

2. 分類:多

3. 分析/正文:

三商電腦股份有限公司(2427.TW)成立於1976年12月9日,前身為三商匯茂事務機器股份有
限公司,1980年更為現名,主要從事金融自動化服務機器代理及金融、電訊與交通產業系
統整合,…
[代號] …[標的] 2427 三商電 牛肉麵多
1. 標的:2427 三商電

2. 分類:多

3. 分析/正文:

三商電腦股份有限公司(【2427】.TW)成立於1976年12月9日,前身為三商匯茂事務機器股份有
限公司,1980年更為現名,主要從事金融自動化服務機器代理及金融、電訊與交通產業系
統整合,2000年9月11日上市。


三商電 主要就2個部門 一個是金融業務部門 一個是…",,
collision:2427,2427,三商電,M.1698244915.A.E7E,2023-10-25 22:41:55,情報,code,silent,False,2,[情報] 112年10月25日信用交易統計,2,True,True,1190,"[代號] …041揚智
資增   4,017   張
券增   1,585   張
1721三晃
資增     248   張
券增   1,480   張
(券資比36%)
3704合勤控
資增   2,424   張
券增     178   張
【2427】三商電
資增   1,027   張
券增     125   張
=================================
櫃買信用交易統計
資增    5.74   億
券增   4,916   張
8054安國
資增   1…
[簡稱(name)] …智
資增   4,017   張
券增   1,585   張
1721三晃
資增     248   張
券增   1,480   張
(券資比36%)
3704合勤控
資增   2,424   張
券增     178   張
2427【三商電】
資增   1,027   張
券增     125   張
=================================
櫃買信用交易統計
資增    5.74   億
券增   4,916   張
8054安國
資增   1,37…",,
collision:2427,2427,三商電,M.1684931422.A.A73,2023-05-24 20:30:22,新聞,code,silent,False,1,[新聞] 雄獅、燦星旅連2日上榜！　並列上市櫃21 檔注意股,2,True,True,725,"[代號] …731)、燦星旅(2719)在20檔被提醒注意的股票中「唯二」連日上榜。

證交所今(25)日公告上市公司中共有12檔列為注意股票,除了雄獅以外,包括寒舍(2739)、雲品(2748)、鳳凰(5706)等3檔觀光股也都上榜,其他包括三商電(【2427】)、新美齊(2442)、亞航(2630)、jpp-KY(5284)、華孚(6235)、高力(8996)與美德醫療-DR(9103)。

櫃買中心則列出8檔上櫃公司為注意股,除了燦星旅以外,公準(3178)、晟田(4541)、亞航二(2630…
[簡稱(name)] …雄獅(2731)、燦星旅(2719)在20檔被提醒注意的股票中「唯二」連日上榜。

證交所今(25)日公告上市公司中共有12檔列為注意股票,除了雄獅以外,包括寒舍(2739)、雲品(2748)、鳳凰(5706)等3檔觀光股也都上榜,其他包括【三商電】(2427)、新美齊(2442)、亞航(2630)、jpp-KY(5284)、華孚(6235)、高力(8996)與美德醫療-DR(9103)。

櫃買中心則列出8檔上櫃公司為注意股,除了燦星旅以外,公準(3178)、晟田(4541)、亞航二…",,
collision:2427,2427,三商電,M.1651588951.A.624,2022-05-03 22:42:31,新聞,name,silent,False,1,[新聞] 連踩二大地雷三商人壽董座副董閃辭內幕,1,False,True,4426,"[簡稱(name)] …、餐飲、金融、資訊、休閒等產業,知名品牌三商巧福、拿坡里披薩、全家福鞋店、美廉
社都是旗下企業。

二代當舵手 曾賺二十億
三商投控前董事長陳河東在2004年因腦溢血驟逝,4個兒子陸續進入集團,長子陳翔立掌
管母公司三商投控,次子陳翔中負責【三商電】腦,老三陳翔玠掌控三商美邦人壽,老么陳翔
玢則掌握三商家購、三商餐飲等。

今年51歲的陳翔玠,是陳河東4個兒子中唯一學金融的,他赴美求學時,念紐約大學史登
商學院,畢業後,曾待過高盛香港資產管理,他和弟弟陳翔玢是雙胞胎,陳家友人說:「
陳…",,
collision:2427,2427,三商電,M.1684167226.A.3F5,2023-05-16 00:13:46,新聞,code,silent,False,4,[新聞] 資安市場「錢」途光明 這2檔漲停閃紅燈,4,True,True,1233,"[代號] …現漲多回檔,隨著
資安大會閉幕,
智聯服務(6751)、宏碁資訊(6811)、虎門科技(6791)、叡揚(6752
)、資通(2471)、邁達特(6112)、凌群(2453)等人氣股今日成空方箭靶殺聲隆隆
,
台灣銘板(6593)、三商電(【2427】)在題材及業績護體下雙雙亮燈漲停
,表現搶眼奪目。
資安需求隨著企業個資外洩、被駭客勒索、網路詐騙層出不窮出現強勁,同步推升資訊服
務廠商第一季獲利亮眼,預期需求持續成長情況下,第二季營收獲利將持續看俏
。隨著資
安大會閉幕,漲多人氣股成提…
[代號] …灣銘板
(6593)第一季終結2022年第二季以來的連三季虧損,順利轉虧為盈,日前宣布與台灣虛
擬貨幣交易所幣託簽約,售予其FortVax冷錢包產品,進入新經濟時代可謂天賜良機,今
日獲買盤按讚跳空鎖漲停,飛越月線、進逼季線關。
三商電
(【2427】)首季營運大躍進,營收9.19億元,獲利7,785萬元,每股盈餘0.42元,優
於去年第四季及去年同期,在資服族群當中股價相對低檔,今日爆量鎖漲停,一舉收復各
短均線,成交量由上周五的883張暴增至逾8,200張。


分析師表示,全球景氣…
[簡稱(name)] …惟近日呈現漲多回檔,隨著
資安大會閉幕,
智聯服務(6751)、宏碁資訊(6811)、虎門科技(6791)、叡揚(6752
)、資通(2471)、邁達特(6112)、凌群(2453)等人氣股今日成空方箭靶殺聲隆隆
,
台灣銘板(6593)、【三商電】(2427)在題材及業績護體下雙雙亮燈漲停
,表現搶眼奪目。
資安需求隨著企業個資外洩、被駭客勒索、網路詐騙層出不窮出現強勁,同步推升資訊服
務廠商第一季獲利亮眼,預期需求持續成長情況下,第二季營收獲利將持續看俏
。隨著資
安大會閉幕,漲多…",,
collision:2427,2427,三商電,M.1468924862.A.A60,2016-07-19 18:41:02,標的,name,silent,False,2,[標的] 2905三商 已刪文,1,False,True,401,"[簡稱(name)] …-----------------------

1. 標的:2905三商

2. 分類:多

3. 分析/正文:6月營收月增42.6%;平均配息1.1,以今天收盤價19.3來算,殖利率有5%以上,想請大家健檢?
目前子公司三商壽營收回穩、【三商電】收益atm更新今天漲停、旭富製作原料藥搭上生技熱潮?

4. 進退場機制:
停損價位15.85
出場條件23.95
長期投資直到配息出問題,或有結構性問題,如掏空或富二代太腦
-----
Sent from JPTT on my iPhon…",,
collision:2427,2427,三商電,M.1505793160.A.25A,2017-09-19 11:52:40,標的,code,silent,False,1,[標的] 2427 三商電 多 已刪文,4,True,True,342,"[代號] …[標的] 【2427】 三商電 多 已刪文
1. 標的:2427 三商電

2. 分類:多/請益

3. 分析/正文:

K線從9/6大紅棒原本想進場改觀察一下,

最近看起來是踩穩了K線都向上發展

看了一下籌碼圖,雖然沒有特別研究

但似乎代表快要接近大戶籌…
[代號] …[標的] 2427 三商電 多 已刪文
1. 標的:【2427】 三商電

2. 分類:多/請益

3. 分析/正文:

K線從9/6大紅棒原本想進場改觀察一下,

最近看起來是踩穩了K線都向上發展

看了一下籌碼圖,雖然沒有特別研究

但似乎代表快要接近大戶籌碼價(?

這是否同時代表可能會有一波拉抬…
[簡稱(name)] …[標的] 2427 【三商電】 多 已刪文
1. 標的:2427 三商電

2. 分類:多/請益

3. 分析/正文:

K線從9/6大紅棒原本想進場改觀察一下,

最近看起來是踩穩了K線都向上發展

看了一下籌碼圖,雖然沒有特別研究

但似乎代表快要接近大戶籌碼價(?…",,
collision:2427,2427,三商電,M.1684476553.A.E8D,2023-05-19 14:09:13,閒聊,name,silent,False,4,[閒聊] 2023/05/19 盤後閒聊,1,False,True,659,"[簡稱(name)] …日盤
台指期 自營商 -1119 投信  -56 外資  -889
台指選 自營商 +8879 投信    0 外資  -528

小台指期 自營商 -679 投信  +5 外資 -1932
上市
漲停家數 (+10%)  5
(新美齊、【三商電】、乙盛-KY、創意、金像電)
跌停家數 (-10%)  1
(凌群)
上櫃
漲停家數 (+10%)  4
跌停家數 (-10%)  2
成交量排行:
長榮航
、
元大台灣50反1
、
華航、緯創、國泰永續高股息
成交值排行:
台積電、美時、…",,
collision:2427,2427,三商電,M.1641222444.A.068,2022-01-03 23:07:24,情報,code,silent,False,8,[情報] 0103 處置股票與注意股票統計分析,2,True,True,4821,"[代號] …7%   5個交易日後   5分   10天
3202 樺晟           -1.96%  5個交易日後   5分   10天
3093 港建           9.89%   5個交易日後   5分   10天      [9]
【2427】 三商電         6.51%   5個交易日後   5分   10天      [9]
6499 益安           -4.54%  5個交易日後   5分   10天
4720 德淵           9.88%   5個…
[簡稱(name)] …5個交易日後   5分   10天
3202 樺晟           -1.96%  5個交易日後   5分   10天
3093 港建           9.89%   5個交易日後   5分   10天      [9]
2427 【三商電】         6.51%   5個交易日後   5分   10天      [9]
6499 益安           -4.54%  5個交易日後   5分   10天
4720 德淵           9.88%   5個交易日後…",,
collision:2427,2427,三商電,M.1695199358.A.CB8,2023-09-20 16:42:38,情報,code,silent,False,1,[情報] 2427 三商電 董事會決議辦理現金增資,2,True,True,1025,"[代號] …[情報] 【2427】 三商電 董事會決議辦理現金增資
1. 標題:公告本公司董事會決議辦理現金增資發行新股

2. 來源:公開資訊觀測站

3. 網址:
https://mops.twse.com.tw/mops/web/t05sr01_1
4. 內文:

1…
[簡稱(name)] …[情報] 2427 【三商電】 董事會決議辦理現金增資
1. 標題:公告本公司董事會決議辦理現金增資發行新股

2. 來源:公開資訊觀測站

3. 網址:
https://mops.twse.com.tw/mops/web/t05sr01_1
4. 內文:

1.董事會…",,
collision:2427,2427,三商電,M.1542545236.A.A1D,2018-11-18 20:47:16,新聞,name,silent,False,2,[新聞] 15檔三大勢力掃貨 勇 已刪文,1,False,True,917,"[簡稱(name)] …統計,過去五個交易日,個股的前五大買超券商的合計數,大於前五大賣超券商合計
數,且買超張數占五日合計總量比重逾30%,顯示每天有近半或逾半的成交量已落入特定
買盤的手中,而且這些個股籌碼均具流通性,包括敦泰、裕隆、榮化、工信、燁輝、永大
、【三商電】等。

台新投顧總經理李鎮宇指出,特定買盤會動用鉅資敲進某檔持股,是在等待時機發動攻擊
,就目前時序來看,選舉、年底作帳是最有可能的攻擊時機點。

華南投顧董事長儲祥生表示,全球金融市場仍在關注美國總統川普與中國國家主席習近平
月底在G20…",,
collision:2427,2427,三商電,M.1690542486.A.B83,2023-07-28 19:08:06,請益,code,silent,False,1,[請益] 2427三商電怎麼惹？ 已刪文,2,True,True,188,"[代號] …[請益] 【2427】三商電怎麼惹? 已刪文
是這樣滴

禮拜三阿三谷底出量,

果不然禮拜四就表態大漲,甚感欣慰!

不過為啥禮拜五又大跌!

有人知道為什麼嗎?

從高點跌倒現在虧了好多錢,哭哭QQ

--
※ 發信站: 批踢踢實業坊(ptt.cc), 來自…
[簡稱(name)] …[請益] 2427【三商電】怎麼惹? 已刪文
是這樣滴

禮拜三阿三谷底出量,

果不然禮拜四就表態大漲,甚感欣慰!

不過為啥禮拜五又大跌!

有人知道為什麼嗎?

從高點跌倒現在虧了好多錢,哭哭QQ

--
※ 發信站: 批踢踢實業坊(ptt.cc), 來自: 4…",,
collision:2603,2603,長榮,M.1656503417.A.A3D,2022-06-29 19:50:17,新聞,code,sparse,False,3,[新聞] 長榮除息秀失靈 自營商倒貨成元兇  專家：上次看到長榮90元 已是30年前的事...,3,True,True,1849,"[代號] …事...

原文連結:
https://www.cmmedia.com.tw/home/articles/34754?utm_source=YH
發布時間:

2022-06-29 17:24

記者署名:

段詩潔

原文內容:
長榮海(【2603】)今(29)日進行除息
,配發股息約18元,除息參考價90.5元,早盤以93.5
元開出,
最高來到95.7元,填息幅度約28.9%
,不過隨後走低至平盤附近,
尾盤更翻黑下
跌1.5元、收在89元。
而
前天除息的陽明(2609)
,每股…
[簡稱(name_with_context)] …PTT上詢問「請問長榮怎麼了?
」,而網友也熱烈回應:「自營倒貨吧」、「後疫情時代以為航運是能繼續漲?」、「前
兩天先填了」、「EPS爆強,我不信」、「沒有阿明 怎麼騙的到阿榮」、「高潮過了」。
3大法人同步賣超長榮,自營商「隔日沖」
其實【長榮海運】除息前,賣壓就很沉重,包括美國通過海運改革法案,加強對跨國航運業者
的監管,以抑制高運價。以及全球第二大貨櫃航運集團馬士基執行長Soren Skou示警,認
為貨櫃運輸可能很快就會受重創,花旗也把長榮海運目標價從160元砍到70元,寫下外資…
[簡稱(name_with_context)] …同步賣超長榮,自營商「隔日沖」
其實長榮海運除息前,賣壓就很沉重,包括美國通過海運改革法案,加強對跨國航運業者
的監管,以抑制高運價。以及全球第二大貨櫃航運集團馬士基執行長Soren Skou示警,認
為貨櫃運輸可能很快就會受重創,花旗也把【長榮海運】目標價從160元砍到70元,寫下外資
圈看長榮新低目標價紀錄。

觀察法人動態,近期也呈現土洋對作,外資近4個交易日賣超長榮3萬張以上,尤其昨天就
大賣超過1.9萬張,不參與除息;反觀自營商近期持續大力買進,近4個交易日買超11萬張
,昨天…",,
collision:2603,2603,長榮,M.1640528327.A.D97,2021-12-26 22:18:47,標的,code,sparse,False,1,Re: [標的]  長榮 2603  撞船多,2,True,False,788,"[代號] …Re: [標的]  長榮 【2603】  撞船多
※ 引述《a245065789 (PDA)》之銘言:
: 1. 標的:      長榮2603.tw
: 2. 分類: 撞船多
: 3. 分析/正文:
:    新聞面: 今日又貨櫃輪撞台中港  船開不出去 貨堆積起來  艙位價…
[代號] …Re: [標的]  長榮 2603  撞船多
※ 引述《a245065789 (PDA)》之銘言:
: 1. 標的:      長榮【2603】.tw
: 2. 分類: 撞船多
: 3. 分析/正文:
:    新聞面: 今日又貨櫃輪撞台中港  船開不出去 貨堆積起來  艙位價格飆升
:            國際運價還是維持高水位 持續到2024應該都不會有太大變化
:…",,
collision:2603,2603,長榮,M.1627305067.A.F2C,2021-07-26 21:11:07,新聞,code,sparse,False,3,[新聞] 獲利高峰未到、本益比僅約4倍　法人給貨 櫃三雄9到14倍本益比 已刪文,1,True,False,1487,"[代號] …貨櫃三雄9到14倍本益比


記者張佩芬/台北報導 

本土法人25日發出的報告指出,貨櫃航運景氣及獲利高峰未到,第三季業績及獲利高於第
二季,第四季業績及獲利不見得低於第三季,明年也不見得會比今年差,而目前本益比僅
約4倍,該公司給長榮(【2603】)、陽明(2609)9倍本益比,目標價350元;給萬海14倍本益比
,目標價420元。

法人分析,前一波散裝航運產業大景氣,裕民股價從2003年開啟歷經5年的長多格局,股
價大漲1~2年期間,曾有不少人認為股價漲多該修正或是結束,之後股價…",,
collision:2603,2603,長榮,M.1711355871.A.84C,2024-03-25 16:37:51,新聞,name_with_context,sparse,False,1,[新聞] 控長榮海運董事會涉違證交法害損300億,10,False,True,1377,"[簡稱(name_with_context)] …[新聞] 控【長榮海運】董事會涉違證交法害損300億
原文標題:
控長榮海運董事會涉違證交法害損300億 股東怒告張榮發長子等10人

原文連結:
https://www.setn.com/News.aspx?NewsID=1443653
發布時間:
2024/0…
[簡稱(name_with_context)] …[新聞] 控長榮海運董事會涉違證交法害損300億
原文標題:
控【長榮海運】董事會涉違證交法害損300億 股東怒告張榮發長子等10人

原文連結:
https://www.setn.com/News.aspx?NewsID=1443653
發布時間:
2024/03/25 16:12:00

記者署名:
記者楊佩琪…
[簡稱(name_with_context)] …股東怒告張榮發長子等10人

原文連結:
https://www.setn.com/News.aspx?NewsID=1443653
發布時間:
2024/03/25 16:12:00

記者署名:
記者楊佩琪/台北報導

原文內容:
不滿【長榮海運】董事張國華為首的長榮海運董事會,在巴拿馬長榮國際法定代表人有重大爭
議情況下,仍由已故創辦人張榮發長子張國華主導
,自2023年6月起,向巴拿馬長榮進行
多筆股權及不動產收交易,
造成長榮海運及其子公司恐蒙受近300億餘元重大損害
,多名…",,
collision:2603,2603,長榮,M.1619138537.A.CE9,2021-04-23 08:42:17,新聞,name_with_context,sparse,False,4,[新聞] 下一個護國神山在哪？謝金河透露與谷月涵 等人有這共識..,1,False,True,1370,"[簡稱(name_with_context)] …灣有第二座護國神山,甚至是護國群山,但這只是大家的期
待,大家還要更努力。他指出,我們常在在資本市場聽到誰是股王,但其實市值比股價重
要,像這些年,大立光很大的心思在防杜外人介入經營權,卻忘了創造更大的市值,如今
已遠遠被舜宇光學拋離,今天【長榮海運】市值很可能進一步超越大立光,成為市值第18的企
業。而聯發科挑戰高通,還有未竟之志,鴻海也必須在MIH得分。


心得/評論:

二位居然有共識,那大家知道該怎麼做了吧
鴻海,聯發科,台塑化,中華電信,台達電,國泰金


---------…",,
collision:2603,2603,長榮,M.1640921368.A.D43,2021-12-31 11:29:28,新聞,code,sparse,False,1,[新聞] 長榮員工秀年終150萬被記過 公司這麼說,2,True,True,791,"[代號] …過全公司通知,笑死。」
他說,全公司發信通知,記大過,會影響加薪,明年年終會少很多,「再有脫線表現被開
除掉也有可能,長榮就像軍隊一樣很注重這種紀律的。」

他說,「這個人直接變黑,以後子難過了,公司主管還召集開會,再有類似仁等比照辦理
,【2603】本來就是秘薪制有守密義務。要炫耀網路上嘴巴講一講就好了,還拍圖。」

不過,今早長榮已發出澄清否認這項消息,並指出網路上許多訊息並非真實。(陳慜蔚/
台北報導)


心得/評論:

風向好亂R

長榮海沒有因此懲處喔:)

畢竟是宣傳企業形…
[簡稱(name_with_context)] …傳有長榮員工在網路上公布年終獎金照片而被公司記大過,
長榮海表示並無此
事,昨(30)日確實有公布一懲處案,但與年終獎金完全無關,因此特別澄清,
長榮海也
請媒體對於網路上不實消息務必請向公司求證,以免造成社會大眾誤解。

昨晚網路流傳一張【長榮海運】員工收到年終獎金的通知截圖,「帳戶入帳通知,您於2021/1
230 07:20:17薪資獎金,金額為 NT$1,506,298元。」

一名疑似長榮員工稍晚則在批踢踢留言:「這個愛現的人被記大過全公司通知,笑死。」
他說,全公司發信通知,…",,
collision:2603,2603,長榮,M.1671529207.A.462,2022-12-20 17:40:07,情報,code,sparse,False,11,[情報] 1220 上市櫃外資投信買超金額排行,1,True,False,1242,"[代號] …6     2885元大金    665    21.8    -0.3
7     2637慧洋-KY   651    62.8    +0.9
8     1303南亞      622    70.3    -1.2
9     【2603】長榮      612    158.5   -3.5
10    1301台塑      607    85.3    -1

資料來源:
https://tinyurl.com/2a4ur4ap
以上 謝謝

--

""When you…",,
collision:2603,2603,長榮,M.1588072040.A.91E,2020-04-28 19:07:20,其他,code,sparse,False,14,[其他] 4/28台灣集中市場三大法人買賣超前三十,1,True,False,2924,"[代號] …0正2  2189    0       312     2501
2324    仁寶    2571    0       -251    2320
2371    大同    2276    0       0       2276
【2603】    長榮    1485    154     466     2105
2385    群光    2103    2       -22     2083
2504    國產    506     917     476…",,
collision:2603,2603,長榮,M.1639393118.A.57E,2021-12-13 18:58:38,情報,code,sparse,False,7,[情報] 1213 量大分點齊買股,1,True,False,943,"[代號] …萬泰科  43.1    19,438  8.15    6,867   2.96    -0.04%  0%
2027    大成鋼  47.9    27,170  13.04   6,745   3.24    0.83%   0%
【2603】    長榮    140.0   94,332  133.44  6,211   8.84    0.38%   0.1%


--
※ 發信站: 批踢踢實業坊(ptt.cc), 來自: 118.232.183.73 (臺灣)
※ 文章網…",,
collision:2603,2603,長榮,M.1507910061.A.D18,2017-10-13 23:54:21,標的,code,sparse,False,1,[標的] 2603 長榮海 已刪文,3,True,False,335,"[代號] …[標的] 【2603】 長榮海 已刪文
1. 標的:2603 長榮海

2. 分類:多/空/請益/心得

(抱歉因為一直沒注意版規被砍文,所以可能有人已經看過這篇的內容了,是朋友一直請
我再問問看,再麻煩大家了!!)

正文開始:

長榮海9月的營收出來的當天,…
[代號] …[標的] 2603 長榮海 已刪文
1. 標的:【2603】 長榮海

2. 分類:多/空/請益/心得

(抱歉因為一直沒注意版規被砍文,所以可能有人已經看過這篇的內容了,是朋友一直請
我再問問看,再麻煩大家了!!)

正文開始:

長榮海9月的營收出來的當天,
股價跌很多,
9月的營收是比8月差沒…
[代號] …/心得

(抱歉因為一直沒注意版規被砍文,所以可能有人已經看過這篇的內容了,是朋友一直請
我再問問看,再麻煩大家了!!)

正文開始:

長榮海9月的營收出來的當天,
股價跌很多,
9月的營收是比8月差沒錯,
但真的有到很差很差嗎?
想請益【2603】未來還看好嗎?


3. 分析/正文:

同上。突然想到好像一直有再說現增的事,近期是退場好時機嗎?

4. 進退場機制:(非長期投資者,必須有停損機制)

--
※ 發信站: 批踢踢實業坊(ptt.cc), 來自: 114.36.99.1…",,
collision:2603,2603,長榮,M.1623786182.A.B4E,2021-06-16 03:43:02,新聞,code,sparse,False,1,Re: [新聞] 買疫苗缺原廠授權書？郭台銘辦公室回應了 已刪文,1,True,False,5256,"[代號] …06/02 20:11
噓 yuka123     : 文章最後一句話 自介?                             06/02 20:11
→ Coze        : 股點【2603】 2618                                     06/02 20:12
噓 genius117   : 代理商跟經銷商不一樣                              06/02 20:1…",,
collision:2603,2603,長榮,M.1621694549.A.034,2021-05-22 22:42:29,請益,code,sparse,False,1,Re: [請益] 學習所謂的技術分析到底有沒有用處？,1,True,False,1056,"[代號] …是有時候看這根本不準吧
: 有的股票高檔爆量之後 量縮盤整一下
: 又繼續上漲也是有很多案例....
: 但也有很多真的是爆量後開始下跌的
: 也有主力會故意用假跌破 假突破
: 故意騙各位韭菜進場的...
: 像是技術指標 KDJ
: 拿【2603】 長榮來說好了
: 5/18(20.69)漲6.3、
: 5/19(25.72)漲6.9、
: 5/21(39.31)漲7.7。
: 明明這三天都漲價超多
: 結果這種低KD是怎樣 根本落後指標
: 4/7號到4/22號
: 每天的KDJ指…",,
collision:2603,2603,長榮,M.1625489942.A.45B,2021-07-05 20:59:02,標的,code,sparse,False,1,[標的] 長榮明日開盤空,1,True,False,353,"[代號] …[標的] 長榮明日開盤空
1. 標的:長榮【2603】

2. 分類:空

3. 分析/正文:

今天被多空雙巴,詳見前文。
很明顯尾盤就是我空軍弟兄一路補上去。
盤中殺下來沒人接,
賣不下去被補上去。

這小子想守五日線,
一旦破210就有機會跌停,
明天我要看到失望賣壓多殺多。
基本上開紅…",,
collision:2603,2603,長榮,M.1646835478.A.4D4,2022-03-09 22:17:58,新聞,name_with_context,sparse,False,1,[新聞] 長榮接班家變新戰線 張國煒要奪回海外 「千億金庫」大權,3,False,True,1724,"[簡稱(name_with_context)] …億
元的Evergreen International S.A.(Panama)巴拿馬商長榮國際有限公司董事長大位之
爭。

當長榮國際2月25日董監改選變天後,原本大房長子張國華(集團內稱為KH)一統江山的
局面,恐將結束,尤其是核心本業【長榮海運】及長榮航空的經營大權將落入誰手,成了外界
關注焦點。
大哥派隨即反擊
,
3月5日宣布
長榮集團旗下長榮海運、長榮海運(亞洲)有限公司、長榮
海運新加坡、意大利海運與長榮香港共5家公司
,
自3月10日起終止長榮國際(EIC)在台
灣之總代…
[簡稱(name_with_context)] …界
關注焦點。
大哥派隨即反擊
,
3月5日宣布
長榮集團旗下長榮海運、長榮海運(亞洲)有限公司、長榮
海運新加坡、意大利海運與長榮香港共5家公司
,
自3月10日起終止長榮國際(EIC)在台
灣之總代理業務
,長榮國際近
千名員工「歸建」【長榮海運】
。

對於「兄弟再過招」,知情人士說,「這是故意給弟弟派難看,
讓長榮國際營收少掉16多
億元
,對公司營運實際影響,其實很有限。」

知情人士告訴本刊,「長榮國際變天後,哥哥派、弟弟派及二房重新展開的戰局,分為兩
條戰線,一條是國內線,…
[簡稱(name_with_context)] …,「若弟弟派與張國煒合作,持股加起來八成穩贏;若大哥派上門談合作,加起來
六成,也有贏面。」張國煒都可藉此取得關鍵地位,這位人士不諱言,二房最不樂見的局
面,則是大房哥哥派與弟弟派打破僵局重新談和。看來,這盤家變的新棋局,還有戲可看
。

【長榮海運】則表示,
為提升營運績效降低成本,自2017年起即陸續收回全球各地代理行,整
併船務代理業務收回自營
,
成立海外子公司,迄今已進行16個國家,為貫徹此政策,台灣
船務代理
收回自營之提案
,今年1月25日董事會通過在案,且據以規劃執行中。…",,
collision:2603,2603,長榮,M.1610605918.A.5D7,2021-01-14 14:31:58,標的,code,sparse,False,2,[標的] 長榮,1,True,False,330,"[代號] …[標的] 長榮
1. 標的:      【2603】 長榮

2. 分類:空

3. 分析/正文:

1. 基本面:利空出盡

2. 籌碼面:外資約還有20多萬ECB要賣,融資跟當沖客太多,40元以上冤魂太多都急著想下車

3. 技術面:反彈彈不回5日線

4. 其他:已和陽明慢慢脫勾,陽明…",,
collision:2603,2603,長榮,M.1656213794.A.A71,2022-06-26 11:23:14,新聞,name_with_context,sparse,False,2,[新聞] 航運股慘跌 老謝：花旗目標價砍有點低,1,False,True,1259,"[簡稱(name_with_context)] …20.8元,跌幅17.41%,陽明跌21.2元,跌幅17.74%,萬海跌14.5元,跌幅11.07%,這三家貨櫃航運股跌幅排在世界前三名,顯然可見,馬士基執行長示警,台灣的投資人跑得最快。

在馬示基預告8月景氣反轉後,花旗接著開槍,花旗把【長榮海運】目標價從160元砍到70元,陽明也從186砍到116元。我看了花旗報告,未來三年的eps分別是今年54.43元,明年38.7元,後年14.05元,把這三年的EPS加起來也有107.18元。這個70元的目標價實在有點低!

如果把今年全球貨櫃…",,
collision:2603,2603,長榮,M.1625496092.A.B3B,2021-07-05 22:41:32,新聞,code,sparse,False,2,[新聞] 亞馬遜搶艙 包船貨櫃三雄,1,True,False,1268,"[代號] …mazon都已包船
。

據稱,
Amazon近期包下的貨櫃輪,就是國內大型海運業者遠東到歐美的新船
,是
6月才剛
投入北美航線的貨櫃輪
,
價格高過現有運價行情甚多
,務求準時到港。法人表示,隨著旺
季到來,運價居高不下,貨櫃三雄長榮(【2603】)、陽明、萬海的營收、獲利將跟著受惠再
衝高。

上周五(2日)公告的貨櫃輪運價指數,包括遠東-歐洲、遠東-美東,出現史上第一次連
13周創新高,遠洋線漲幅明顯高於前兩周,其中遠東-美東線首度站上9,000美元來到
9,254美元。

海運…",,
collision:2603,2603,長榮,M.1610604232.A.57D,2021-01-14 14:03:52,標的,code,sparse,False,1,[標的] 2603 長榮 空,2,True,False,146,"[代號] …[標的] 【2603】 長榮 空
1. 標的: 2603 長榮

2. 分類:空

3. 分析/正文:

以籌碼面來看主力狂倒貨
以技術面來看一隻大黑棒吞兩隻小紅棒
以基本面來看 利多已出盡

上了賊船,下面就是大海
散戶跳海就是最佳空的時機

歡迎水手們來噓噓…
[代號] …[標的] 2603 長榮 空
1. 標的: 【2603】 長榮

2. 分類:空

3. 分析/正文:

以籌碼面來看主力狂倒貨
以技術面來看一隻大黑棒吞兩隻小紅棒
以基本面來看 利多已出盡

上了賊船,下面就是大海
散戶跳海就是最佳空的時機

歡迎水手們來噓噓
https://i.imgur.…",,
collision:2603,2603,長榮,M.1561943552.A.98F,2019-07-01 09:12:32,標的,code,sparse,False,1,Re: [標的]2603長榮海 多 已刪文,1,True,False,161,"[代號] …Re: [標的]【2603】長榮海 多 已刪文
這支目前還在低點
這幾天一直往上攀升
感覺就是可以再衝一波
先抓個停利19賣出各位覺得如何
已進場

--
※ 發信站: 批踢踢實業坊(ptt.cc), 來自: 114.137.172.20 (臺灣)
※ 文章網址:
h…",,
collision:2603,2603,長榮,M.1622022703.A.9C9,2021-05-26 17:51:43,情報,code,sparse,False,7,[情報] 0526 上市櫃外資投信買超金額排行,1,True,False,1154,"[代號] …785      875     +16
6     2027大成鋼  市      647      40.7    +0.95
7     1476儒鴻    市      557      650     +16
8     【2603】長榮    市      542      85.6    +3.2
9     2610華航    市      466      15.6    +0.25
10    9904寶成    市      340      37.8…",,
collision:2905,2905,三商,M.1702287951.A.BF9,2023-12-11 17:45:51,標的,code,silent,False,1,[標的] 2905.TW 三商（11月營收備註請益）,2,True,True,73,"[代號] …[標的] 【2905】.TW 三商(11月營收備註請益)
1. 標的:2905.TW 三商

2. 分類:營收備註請益

3. 分析/正文:
https://i.imgur.com/RctNEpy.jpg…
[代號] …[標的] 2905.TW 三商(11月營收備註請益)
1. 標的:【2905】.TW 三商

2. 分類:營收備註請益

3. 分析/正文:
https://i.imgur.com/RctNEpy.jpg…",,
collision:2905,2905,三商,M.1699968883.A.DB7,2023-11-14 21:34:43,標的,code,silent,False,1,[標的] 2905.TW 三商,2,True,True,96,"[代號] …[標的] 【2905】.TW 三商
1. 標的:2905.TW 三商

2. 分類:多

3. 分析/正文:
上週分享三商壽
但股價如止水

今天換他的母公司-三商
https://i.imgur.com/PBGR4Yc.jpg…
[代號] …[標的] 2905.TW 三商
1. 標的:【2905】.TW 三商

2. 分類:多

3. 分析/正文:
上週分享三商壽
但股價如止水

今天換他的母公司-三商
https://i.imgur.com/PBGR4Yc.jpg…",,
collision:2905,2905,三商,M.1502451396.A.7A2,2017-08-11 19:36:36,新聞,code,silent,False,1,[新聞] 8月14日起　美廉社可代收交通罰款 已刪文,1,True,False,254,"[代號] …1.原文連結:
https://news.tvbs.com.tw/life/755647
2.原文內容:
最新消息,台北市交通裁決所宣布,從這個月14日開始,新增美廉社也可以代收交通罰款
,代收手續費一樣是6元。

3.心得/評論:
哇,【2905】又多了一筆營收項目,
禮拜一股價準備向___?

--
※ 發信站: 批踢踢實業坊(ptt.cc), 來自: 114.136.212.248
※ 文章網址:
https://www.ptt.cc/bbs/Stock/M.1502451396…",,
collision:2905,2905,三商,M.1702285235.A.F18,2023-12-11 17:00:35,情報,code,silent,False,1,[情報] 2905三商 11月份營收,3,True,True,237,"[代號] …[情報] 【2905】三商 11月份營收
1. 標題:2905三商 11月營收

2. 來源:公開資訊觀測站

3. 網址:
https://mops.twse.com.tw/mops/web/t146sb05
三商(2905)公告11月營收
單月營收為-41.…
[代號] …[情報] 2905三商 11月份營收
1. 標題:【2905】三商 11月營收

2. 來源:公開資訊觀測站

3. 網址:
https://mops.twse.com.tw/mops/web/t146sb05
三商(2905)公告11月營收
單月營收為-41.30億
年成長率為68.71%


--…
[代號] …[情報] 2905三商 11月份營收
1. 標題:2905三商 11月營收

2. 來源:公開資訊觀測站

3. 網址:
https://mops.twse.com.tw/mops/web/t146sb05
三商(【2905】)公告11月營收
單月營收為-41.30億
年成長率為68.71%


--
※ 發信站: 批踢踢實業坊(ptt.cc), 來自: 49.216.19.238 (臺灣)
※ 文章網址:
https://www.ptt.cc/bbs/Stoc…",,
collision:2905,2905,三商,M.1656406722.A.DEE,2022-06-28 16:58:42,標的,code,silent,False,1,[標的] 2905 三商 閒錢 牛肉麵好吃多,2,True,True,189,"[代號] …[標的] 【2905】 三商 閒錢 牛肉麵好吃多
1. 標的: 2905 三商

2. 分類:多

3. 分析/正文:

最近萬八跌倒萬五什麼都跌,跌破20的殖利率有點香,看2020年最低也才14.5,再跌也應
該不會跌到哪裡了吧!

4. 進退場機制:

進場…
[代號] …[標的] 2905 三商 閒錢 牛肉麵好吃多
1. 標的: 【2905】 三商

2. 分類:多

3. 分析/正文:

最近萬八跌倒萬五什麼都跌,跌破20的殖利率有點香,看2020年最低也才14.5,再跌也應
該不會跌到哪裡了吧!

4. 進退場機制:

進場:19.5以下 有閒錢就買

退場:目標價 套房價…",,
collision:2905,2905,三商,M.1699947874.A.BEA,2023-11-14 15:44:34,情報,code,silent,False,1,[情報] 2905 三商 112年Q3累計:-0.1,1,True,True,784,"[代號] …[情報] 【2905】 三商 112年Q3累計:-0.1
1. 標題:公告本公司董事會決議通過112年第三季合併財務報告

2. 來源:公開資訊觀測站

3. 網址:
https://mops.twse.com.tw/mops/web/t05sr01_1
4.…",,
collision:2905,2905,三商,M.1608518617.A.E1F,2020-12-21 10:43:37,標的,code,silent,False,1,Re: [標的] 三商2905 多,1,True,True,221,"[代號] …Re: [標的] 三商【2905】 多
這次旭富火災母公司三商會救嗎?

旭富手上現金4億多

賠償鄰居災損不只三千萬吧

還要蓋廠買設備

完工後不像電子廠蓋完就能做生意,還要取得相關認證

期間還要付員工薪水


三商救

之前協助政府抗疫 政府幫?


--
※ 發信…",,
collision:2905,2905,三商,M.1471003639.A.704,2016-08-12 20:07:19,其他,code,silent,False,12,[其他] 今日Q2財報 已刪文,1,True,True,2615,"[代號] ….57   -0.77    0.14       21.95
2615 萬海    0.11    0.02    0.49       16.65
2618 長榮航  0.32    0.28    0.42       15.75

【2905】 三商    1.74    0.37    1.68       20.3
2915 潤泰全  0.53    2.51    1.90       52.8

3041 揚智   -0.31   -0.09   -0.41…",,
collision:2905,2905,三商,M.1692695082.A.68A,2023-08-22 17:04:42,情報,code,silent,False,1,[情報] 2905 三商 現增發股 (補充:發行價12.5元),1,True,True,1264,"[代號] …[情報] 【2905】 三商 現增發股 (補充:發行價12.5元)
1. 標題:公告本公司112年現金增資認股基準日及國內第一次無擔保 轉換公司債停止轉
換事宜 (補充公告發行價格暨代收及專戶存儲價款行庫)

2. 來源:公開資訊觀測站

3. 網址:
http…",,
collision:2905,2905,三商,M.1711621461.A.05F,2024-03-28 18:24:21,情報,code,silent,False,2,[情報] 7705三商餐飲 EPS 3.11 股利3.2,1,True,True,1267,"[代號] …=========================================================

三商家族整體情形:
2427 三商電   EPS: 1.36  股利:0.9
2867 三商壽   EPS:(2.11)
【2905】 三商     EPS:(3.09)
2945 三商家購 EPS: 1.50  股利:1.2
7705 三商餐飲 EPS: 3.11  股利:3.2 (興櫃)

--
※ 發信站: 批踢踢實業坊(ptt.cc), 來自: 140.116.1…",,
collision:2905,2905,三商,M.1714119287.A.367,2024-04-26 16:14:47,情報,code,silent,False,1,[情報] 2905 三商 112年股利 0.2,1,True,True,615,"[代號] …[情報] 【2905】 三商 112年股利 0.2
1. 標題:董事會決議資本公積發放現金

2. 來源:公開資訊觀測站

3. 網址:
https://mops.twse.com.tw/mops/web/t05sr01_1
4. 內文:

1. 董事會擬議日期…",,
collision:2905,2905,三商,M.1436479443.A.253,2015-07-10 06:04:03,標的,code,silent,False,1,[標的] 2905  小提琴公益股 已刪文,1,True,True,316,"[代號] …[標的] 【2905】  小提琴公益股 已刪文
1. 標的:三商行

2. 進場理由
   a.基本面:穩
   b.技術面:不太會動
   c.籌碼面:穩定
   d.消息面:夫人贊助 曾宇謙

3. 其他理由:

4. 停損價格:落底再買  長期投資

最重…",,
collision:2905,2905,三商,M.1552308113.A.6B4,2019-03-11 20:41:53,標的,code,silent,False,1,Re: [標的] 2867 三商壽,1,True,True,333,"[代號] …Re: [標的] 2867 三商壽
今天帶量長紅k
視為跌深反彈

今年股利應該不需太期待
頂多意思意思交代一下

先出1/5轉入母公司三商
【2905】今天漲的比較少
未來也可以期待反彈

這篇比較想分享的是6508惠光
雖然上次發標的文價格跟今天沒差多少(僅小漲)

猜是主力還在默默吃貨沒點火發動罷了
去年十月開始每月營收都表現很好

二月工作日少還年增34%
先期待q4 eps+股利…",,
collision:2905,2905,三商,M.1578708230.A.631,2020-01-11 10:03:50,新聞,code,silent,False,1,[新聞] 營收：三商(2905)12月營收282億6445萬元 ，月增率72.83%，年增率35.39%,3,True,True,765,"[代號] …[新聞] 營收:三商(【2905】)12月營收282億6445萬元 ,月增率72.83%,年增率35.39%
-------------------------------發文提醒----------------------------------
1.發文前請先詳閱[新聞…
[代號] …得/評論請盡量充實,心得過短或濫竽充數將會以1-2-3&一行文規範水桶處份。
---------------------------按ctrl+y可刪除以上內容。----------------------

1.原文連結:

營收:三商(【2905】)12月營收282億6445萬元,月增率72.83%,年增率35.39%
http://tinyurl.com/sxrqdd3
2.原文內容:

三商(2905)自結108年12月營收282億6445萬3000元,和上個月的163億5379…
[代號] …。----------------------

1.原文連結:

營收:三商(2905)12月營收282億6445萬元,月增率72.83%,年增率35.39%
http://tinyurl.com/sxrqdd3
2.原文內容:

三商(【2905】)自結108年12月營收282億6445萬3000元,和上個月的163億5379萬2000元相較

,增加金額為119億1066萬1000元,較上月增加72.83%,和107年同月的208億7569萬1000

元相較,增加金額為73億88…",,
collision:2905,2905,三商,M.1615278098.A.7E7,2021-03-09 16:21:38,標的,code,silent,False,2,[標的] 2905 三商,3,True,True,474,"[代號] …[標的] 【2905】 三商
1. 標的:  2905 三商

2. 分類:多

3. 分析/正文:

這檔旗下事業非常多
餐飲有:三商巧福、拿坡里、福勝亭等
零售有:全家福鞋業、美廉社等
金融壽險有:三商美邦人壽、復華投信
其他知名的還有三商電腦和前一陣子火災…
[代號] …[標的] 2905 三商
1. 標的:  【2905】 三商

2. 分類:多

3. 分析/正文:

這檔旗下事業非常多
餐飲有:三商巧福、拿坡里、福勝亭等
零售有:全家福鞋業、美廉社等
金融壽險有:三商美邦人壽、復華投信
其他知名的還有三商電腦和前一陣子火災的旭富製藥

不過佔營收比例最高…
[代號] …人壽、復華投信
其他知名的還有三商電腦和前一陣子火災的旭富製藥

不過佔營收比例最高的還是壽險
個人壽險佔52.82%、個人健康險佔24.64%

這陣子美債殖利率上升
壽險業整個都回神了
例如國泰金已經過高,長線大頭肩底成型並突破頸線了
【2905】這檔算是還沒漲到的標的
股價從去年高點下來已經低迷了半年以上
目前底部型態出來 剛站上季線
是相對安全的標的
同時可以期待落後補漲的空間


4. 進退場機制:
(非長期投資者,必須有停損機制。請益免填)
跌破20線型轉差停損…",,
collision:2905,2905,三商,M.1596463794.A.EAF,2020-08-03 22:09:54,標的,code,silent,False,1,[標的] 三商2905 多,1,True,True,734,"[代號] …[標的] 三商【2905】 多
-------------------------------------------------------------------------
1.發文前請先詳閱[標的]分類發文規範,未依規範發文將受處份。
2.發標的文未充實內文…",,
collision:2905,2905,三商,M.1617981662.A.A39,2021-04-09 23:21:02,標的,code,silent,False,1,[標的] 2905 三商 多,2,True,True,304,"[代號] …[標的] 【2905】 三商 多
1. 標的: 2905 三商

2. 分類:多

3. 分析/正文:

股價打底一陣子

而且最近我不知道為什麼很想吃牛肉麵

今天來到2月高點準備突破

其他家壽險最近一也有了一波漲幅

預期三商壽也不會太差

整體位階還是偏…
[代號] …[標的] 2905 三商 多
1. 標的: 【2905】 三商

2. 分類:多

3. 分析/正文:

股價打底一陣子

而且最近我不知道為什麼很想吃牛肉麵

今天來到2月高點準備突破

其他家壽險最近一也有了一波漲幅

預期三商壽也不會太差

整體位階還是偏低

也許肉不多 也不飆  但是標…",,
collision:2905,2905,三商,M.1516927144.A.614,2018-01-26 08:39:04,新聞,code,silent,False,1,[新聞] 2867三商壽 已刪文,1,True,True,436,"[代號] …公司淨值:392.1億元
  (4)公司總資產:10,540.5億元
  本公司106年度適用外匯價格變動準備金,收回9.0億元,未適用外匯價格變動
  準備金機制每股稅後盈餘為1.31元。
6.因應措施:無
7.其他應敘明事項:無

貢獻【2905】 1.71*0.45=0.7695

不過三商壽Q3基本每股盈餘(元)    2.32

今天要O了嗎

--
※ 發信站: 批踢踢實業坊(ptt.cc), 來自: 114.137.176.13
※ 文章網址:
https://www.pt…",,
collision:2905,2905,三商,M.1447825697.A.EB9,2015-11-18 13:48:17,標的,code,silent,False,1,[標的] 2905 三商 已刪文,2,True,True,347,"[代號] …[標的] 【2905】 三商 已刪文
1. 標的:2905 三商

2. 進場理由
   a.基本面:前三季eps3.2元,近幾年穩定成長
   b.技術面:股價連4紅,抗跌,+DI大於-DI,ADX向上,MACD翻正,這兩天有出量紅K,
今天有上影線,破前高2…
[代號] …[標的] 2905 三商 已刪文
1. 標的:【2905】 三商

2. 進場理由
   a.基本面:前三季eps3.2元,近幾年穩定成長
   b.技術面:股價連4紅,抗跌,+DI大於-DI,ADX向上,MACD翻正,這兩天有出量紅K,
今天有上影線,破前高24.15有賣壓,短中線看漲,突破可期…",,
collision:2905,2905,三商,M.1554467251.A.BAB,2019-04-05 20:27:31,新聞,code,silent,False,2,[新聞] 《股利-百貨》三商去年EPS降至0.43元， 擬配息0.5元,1,True,True,686,"[代號] …[新聞] 《股利-百貨》三商去年EPS降至0.43元, 擬配息0.5元
http://tinyurl.com/y4cqvnsl
《股利-百貨》三商去年EPS降至0.43元,擬配息0.5元

【時報記者沈培華台北報導】三商 (【2905】) 為控股公司型式,去年受到影響損益最大的三
商美邦人壽轉虧,三商2018年每股盈餘下滑到0.43元,擬發放現金股利每股0.5元。

三商公布,2018年每股盈餘0.43元,低於前年的2.11元,擬以法定盈餘公積、資本公積發
放現金股利每股…",,
collision:2912,2912,統一超,M.1638271769.A.0BF,2021-11-30 19:29:29,情報,code,sparse,False,3,[情報] 1130 分點重壓股,1,True,True,1135,"[代號] …宏旭-KY 19.55   1,009   富邦嘉義        320     31.71%  4.57
3312    弘憶股  28.6    9,451   凱基台北        2,994   31.68%  13.76
【2912】    統一超  269.0   8,919   摩根大通        2,806   31.46%  103.96
1445    大宇    15.8    1,334   華南永昌大安    418     31.33%  13.0…",,
collision:2912,2912,統一超,M.1671629895.A.ED4,2022-12-21 21:38:15,新聞,code,sparse,False,3,[新聞] 物價瘋漲！經濟部邀十大通路業者響應平 抑物價政策 已刪文,1,True,True,855,"[代號] …書等不同溝通工具,陸續不定期更新各通路的優惠促銷訊息,
提供民眾查詢,共同合作讓民眾安心採買平價商品過好年。


心得
農曆年商機大利多
家樂福大股東統一(1216)
愛買後面有遠百(2903)
美廉社是三商家購(2945)
還有
統一超(【2912】)
全家(5903.TWO)
股票趁勢看漲?

--
※ 發信站: 批踢踢實業坊(ptt.cc), 來自: 1.200.49.220 (臺灣)
※ 文章網址:
https://www.ptt.cc/bbs/Stock/M.167162989…",,
collision:2912,2912,統一超,M.1605804139.A.FAE,2020-11-20 00:42:19,標的,code,sparse,False,1,[標的] 2912 統一超 空,2,True,True,290,"[代號] …[標的] 【2912】 統一超 空
1. 標的:2912 統一超

2. 分類:空

3. 分析/正文:

7-11 今年第一次加入雙11超商免運,
結果物流就大爆炸,
其他家往年都沒這問題,
顯示統一超旗下大智通物流問題很大。

雙11訂單到現在都還卡在物流中…
[代號] …[標的] 2912 統一超 空
1. 標的:【2912】 統一超

2. 分類:空

3. 分析/正文:

7-11 今年第一次加入雙11超商免運,
結果物流就大爆炸,
其他家往年都沒這問題,
顯示統一超旗下大智通物流問題很大。

雙11訂單到現在都還卡在物流中心,
跟網購業者配合的運貨單利潤都…",,
collision:2912,2912,統一超,M.1634204229.A.8AA,2021-10-14 17:37:09,情報,code,sparse,False,6,[情報] 1014 上市櫃外資投信買超金額排行,1,True,True,1238,"[代號] ….5
5     2371大同      71.4   34.55   -0.05
6     3661世芯-KY   61.8   890     +2
7     8155博智      57.2   144.5   +9
8     【2912】統一超    57 2   85.5   +1.5
9     2317鴻海      56.3   106.5   +1
10    3035智原      46.1   130     -1.5

資料來源:
https://tinyu…",,
collision:2912,2912,統一超,M.1723547245.A.2F8,2024-08-13 19:07:25,新聞,code,sparse,False,1,[新聞] 《百貨股》統一超7月創單月歷史新高 持 續推節慶等多元服務,1,True,True,1226,"[代號] …原文標題:

《百貨股》統一超7月創單月歷史新高 持續推節慶等多元服務

原文連結:
https://reurl.cc/ZVjpqa
發布時間:

2024年8月13日 週二 上午8:01


記者署名:張漢綺

原文內容:

統一超商(【2912】)2024年7月合併營業收入為295.97億元,年增6.08%,創下單月歷史新高,
統一超將持續針對生活節慶、節氣、主題日推出豐富多元商品與服務,為營運挹注動能。

台灣7-ELEVEN持續穩健展店,藉由線上線下多元服務渠道,聚焦鮮食、CI…",,
collision:2912,2912,統一超,M.1481554339.A.195,2016-12-12 22:52:19,其他,code,sparse,False,15,[其他] 12/12 台灣集中市場投信買賣超前30名 已刪文,1,True,True,2611,"[代號] …4  科納-KY       -100    57.30    -5.10
4532  瑞智          -100    30.55    -0.15
1527  鑽全          -100    92.30     0.80
【2912】  統一超         -96   233.00    -4.50
4935  茂林-KY        -82    65.10    -1.50
4722  國精化         -77    33.80    -0.05
147…",,
collision:2912,2912,統一超,M.1604299855.A.B3F,2020-11-02 14:50:55,新聞,code,sparse,False,1,[新聞] 超商雙雄股價拉鋸 統一超、全家仙拚仙,1,True,True,1766,"[代號] …指標如消費金
額、營收占比、活躍人數、商品預售業績皆為成長。疫情下催化宅居網購的趨勢影響持續
,三大開店平台的推出,提供小賣家服務,助攻整體EC業績向上。
(編輯:趙蔚蘭)1091102

心得/評論:

不管是全家(5903)還是統一超(【2912】),未來的股價成長潛力都不會很高。

--
佛
沒說
小乘
、
大乘
。
上座部佛教馬哈希尊者
帝釋所問經講記77頁拆穿
假
佛法
大乘
的
騙局
。
上座部佛教明昆《南傳菩薩道》
是
真釋迦牟尼佛的菩薩成佛之道
大乘
是
假
菩薩成佛之道…",,
collision:2912,2912,統一超,M.1639483868.A.3C0,2021-12-14 20:11:08,情報,code,sparse,False,3,[情報] 1214 分點重壓股,1,True,True,811,"[代號] …生達    42.7    1,177   凱基中港        469     39.85%  17.87
9914    美利達  319.5   1,042   新加坡商瑞銀    407     39.02%  29.9
【2912】    統一超  272.5   1,602   台新            602     37.57%  103.96
2511    太子    13.25   1,047   統一台南        382     36.46%…",,
collision:2912,2912,統一超,M.1446694993.A.155,2015-11-05 11:43:13,新聞,code,sparse,False,3,[新聞] 《外資》馬習破冰，董成康：產業平衡布 已刪文,1,True,True,855,"[代號] …衡布局的作法,精選個股。

瑞銀證遴選各7檔「最青睞」和「最不青睞」名單,「最青睞」名單包括:台積電 (2330) 、可成 (2474) 、遠傳 (4904) 、國泰金 (2882) 、統一 (1216) 、網家 (8044) 、統一超 (【2912】) ,「最不青睞」宏達電 (2498) 、瑞昱 (2379) 、世界 (5347) 、上銀 (2049) 、F-鎧勝 (5264) 、仁寶 (2324) 、健鼎 (3044) 等。

瑞銀證認為,11月7日在新加坡的馬習會,主要是交換雙方未…",,
collision:2912,2912,統一超,M.1523026471.A.5CE,2018-04-06 22:54:31,標的,code,sparse,False,2,Re: [標的] 10年長期投資佈局請益 已刪文,1,True,True,760,"[代號] …Re: [標的] 10年長期投資佈局請益 已刪文
※ 引述《RANCE624 (燈泡)》之銘言:
: 1. 標的:0050、【2912】統一超、3045台灣大、2892第一金、9917中保、1210大成
: 2. 分類:請益
: 3. 分析/正文:
: 大家好,本人是剛出社會的新鮮人,開始有了固定的薪資收入後就想要將部分現金投資股市
: 由於本人的投資眼光應該贏不過專業的法…",,
collision:2912,2912,統一超,M.1585997124.A.E6E,2020-04-04 18:45:24,新聞,code,sparse,False,1,[新聞] 振興酷碰券 家樂福、PChome等不能用,1,True,False,1129,"[代號] …後出門消費
;第三,行動支付普及率目標為二○二五年達九成,在此措施下期盼達標;同時,鼓勵店
家數位轉型,導入行動支付平台。




3.心得/評論:

電商、外送平台、超市和超商

政府認證的受益產業不能用

8044 1216 5903 【2912】怎麼看

--
※ 發信站: 批踢踢實業坊(ptt.cc), 來自: 180.217.102.104 (臺灣)
※ 文章網址:
https://www.ptt.cc/bbs/Stock/M.1585997124.A.E6E.html…",,
collision:2912,2912,統一超,M.1458192811.A.932,2016-03-17 13:33:31,新聞,code,sparse,False,1,[新聞] 統一超擬每股配發7.2元現金股利，創歷史 新高 已刪文,1,True,True,759,"[代號] …5-486c-
9548-0f940875e104
縮網址
http://goo.gl/oMIDRn
統一超擬每股配發7.2元現金股利,創歷史新高
MoneyDJ新聞 2016-03-17 09:14:56 記者 新聞中心 報導

統一超(【2912】)去年獲利表現亮眼,董事會昨(16)日決議,每股擬配發現金股利達7.2元,
創下歷史新高;以昨日收盤價229元計算,現金殖利率為3.1%;其母公司統一企業持股統
一超45.4%,預估將有34億元股利入袋,為最大受益者。 

統一超去年營收2…",,
collision:2912,2912,統一超,M.1715760693.A.763,2024-05-15 16:11:33,新聞,code,sparse,False,2,[新聞] 百貨流通雙節慶 5月營收喊衝,1,True,True,924,"[代號] …c/6v7WYr
發布時間:2024.05.13  03:00

記者署名:工商時報 李麗滿

原文內容:

百貨流通業母親節促銷檔期才走完,緊接端出端午節禮盒推預購,雙節慶題材亦有望激勵業者5月營收成長動能,包括遠百(2903)、統一超(【2912】)、全家(5903)、寶雅(5904)等端午節慶業績可望再衝一波。

遠百4月合併營收年減8.6%,個體遠百、遠東SOGO百貨4月營收均相對持平,主要是去年基期偏高所致,加上國人出國潮,母親節檔期業績預期也是持平收場;接著遠百操作端節禮品預…",,
collision:2912,2912,統一超,M.1636122785.A.B77,2021-11-05 22:33:05,情報,code,sparse,False,5,[情報] 1105 上市櫃外資投信買超金額排行,1,True,True,1248,"[代號] …5     6781AES-KY    106    1300    +65
6     6414樺漢      66.4   217.5   -1.5
7     1476儒鴻      61.1   605     +7
8     【2912】統一超    56.9   284     +2.5
9     6415矽力-KY   54.2   4950    +165
10    2618長榮航    50     21.6    +0.6

資料來源:
https://tin…",,
collision:2912,2912,統一超,M.1450878916.A.B29,2015-12-23 21:55:16,其他,code,sparse,False,15,[其他] 12/23 台灣集中市場投信買賣超前30名 已刪文,1,True,True,2112,"[代號] …178   9.78   0.04 
6451 F-訊芯    -170  126.00  -4.50 
1338 F-廣華    -115  121.00   1.50 
4958 F-臻鼎    -113  77.80  -0.70 
【2912】 統一超    -100  202.50   0.50 
6605 帝寶      -93  113.00   3.50 
2883 開發金     -91   8.19   0.10 
3645 達邁      -86  24.75  -…",,
collision:2912,2912,統一超,M.1571931990.A.C18,2019-10-24 23:46:30,標的,code,sparse,False,1,[標的] 2912 統一超 多  冰雪奇緣2概念股,2,True,True,257,"[代號] …[標的] 【2912】 統一超 多  冰雪奇緣2概念股
1. 標的:2912 統一超

2. 分類:多

3. 分析/正文:

7-11 目前正在舉辦冰雪奇緣2的集點活動

目前看來可以造成像是Hello Kitty那種風潮

eps即將爆增

4. 進退場機制…
[代號] …[標的] 2912 統一超 多  冰雪奇緣2概念股
1. 標的:【2912】 統一超

2. 分類:多

3. 分析/正文:

7-11 目前正在舉辦冰雪奇緣2的集點活動

目前看來可以造成像是Hello Kitty那種風潮

eps即將爆增

4. 進退場機制:(非長期投資者,必須有停損機制)


明天掛漲停買入…",,
collision:2912,2912,統一超,M.1684916281.A.EDE,2023-05-24 16:18:01,標的,code,sparse,False,1,[標的] 2912 統一超 思樂冰多,2,True,True,169,"[代號] …[標的] 【2912】 統一超 思樂冰多
1. 標的:2912 統一超

2. 分類:多

3. 分析/正文:

小時候的回憶 思樂冰要回歸了
想必會帶來大量懷舊客
人潮即錢潮 營收upup

思樂冰定價不知道多少
但應該不會像之前大杯25元
低成本高毛利 獲利…
[代號] …[標的] 2912 統一超 思樂冰多
1. 標的:【2912】 統一超

2. 分類:多

3. 分析/正文:

小時候的回憶 思樂冰要回歸了
想必會帶來大量懷舊客
人潮即錢潮 營收upup

思樂冰定價不知道多少
但應該不會像之前大杯25元
低成本高毛利 獲利upup

4. 進退場機制:

300…",,
collision:2912,2912,統一超,M.1463576859.A.530,2016-05-18 21:07:39,標的,code,sparse,False,1,[標的] 2912統一超 已刪文,2,True,True,537,"[代號] …[標的] 【2912】統一超 已刪文
1. 標的:2912統一超

2. 分類:多


3. 分析/正文:

  統一超一向是穩穩產生大量現金的金雞母股票,每年的營業現金流量對稅後純益比率
都超過150%,這樣的股票只要營收與營益率發展的方向正確,股價很難不漲。…
[代號] …[標的] 2912統一超 已刪文
1. 標的:【2912】統一超

2. 分類:多


3. 分析/正文:

  統一超一向是穩穩產生大量現金的金雞母股票,每年的營業現金流量對稅後純益比率
都超過150%,這樣的股票只要營收與營益率發展的方向正確,股價很難不漲。

  從今年Q1相對去年Q1的數字…",,
collision:2912,2912,統一超,M.1536677201.A.F26,2018-09-11 22:46:41,新聞,code,sparse,False,1,[新聞] 統一超填息完成 Q3營收有望創新猷 已刪文,1,True,True,985,"[代號] …[新聞] 統一超填息完成 Q3營收有望創新猷 已刪文
1.原文連結:
https://news.cnyes.com/news/id/4199845
2.原文內容:
即便近來大盤波動劇烈,超商龍頭統一超 (【2912】-TW) 處在傳統旺季營收連 2 月創新高,
展望後市,隨著中秋送禮商機逐漸發酵,加上配送需求增溫,9 月業績可望維持高檔,法
人估第 3 季營收創高可期,不過,仍須留意部分轉投資事業體略有雜音。統一超近日股價
逆勢走揚,昨 (10) 日突…",,
collision:2912,2912,統一超,M.1588123556.A.316,2020-04-29 09:25:56,標的,code,sparse,False,1,Re: [標的] 2912 統一超,2,True,True,384,"[代號] …Re: [標的] 【2912】 統一超
如果你跟我一樣套了2個月以上

現在已經到308囉

嗚嗚笑死人2個月賺8K

其他的洞補不回來啊QQ

想出的可以出,只是我還在車上>""<
※ 引述《vendan5566 (阿文)》之銘言:
: 1. 標的:2912 統一超
:…
[代號] …[標的] 2912 統一超
如果你跟我一樣套了2個月以上

現在已經到308囉

嗚嗚笑死人2個月賺8K

其他的洞補不回來啊QQ

想出的可以出,只是我還在車上>""<
※ 引述《vendan5566 (阿文)》之銘言:
: 1. 標的:【2912】 統一超
: 2. 分類:多
: 3. 分析/正文:
: 上禮拜五這麼殺都沒事,
: 7-11食物包裝這麼好,不像小吃店口水噴來噴去
: 買的時間不到1分鐘,小吃店現點現做等到群聚感染
: 以前咖啡寄杯只能該店寄該店取,
: 現在用APP寄…",,
collision:6505,6505,台塑化,M.1533282841.A.100,2018-08-03 15:54:01,心得,name,sparse,False,2,Re: [心得] 本週除息蒸發96點 已刪文,1,False,True,1399,"[簡稱(name)] …10929
  2018/08/03   19520    11012
: 蒸發點數
: 2018/06/25 相對 2018/06/22 蒸發   69點(台積電)
: 2018/07/04 相對 2018/06/03 蒸發   26點(【台塑化】)
: 2018/07/10 相對 2018/07/09 蒸發   25點(南亞、台灣大)
: 2018/07/11 相對 2018/07/10 蒸發   21點(台塑)
2018/07/31 相對 2018/07/27 蒸發   16點…",,
collision:6505,6505,台塑化,M.1499740418.A.CF1,2017-07-11 10:33:38,新聞,code,sparse,False,3,[新聞] 台塑四寶Q2獲利均較Q1下滑 台塑化獲利寫 近五季新低 已刪文,6,True,True,955,"[代號] …//goo.gl/JNaJAc
2.原文內容:

台塑四寶Q2獲利均較Q1下滑 台塑化獲利寫近五季新低

台塑四寶今(10)日公布第二季財報,因國際油價下跌、中國大陸金融緊縮等因素影響,四
家公司獲利均較第一季衰退,其中,四寶獲利王台塑化(【6505】)第二季稅後純益僅120多億
元,較去年同期獲利腰斬,也創下近五季新低。

台塑四寶第二季合計稅後純益為392.19億元,其中,台塑化為四寶中唯一獲利達百億元的
公司,但第二季獲利僅120.54億元,較首季的226.16億元、去年同期的25…
[簡稱(name)] …[新聞] 台塑四寶Q2獲利均較Q1下滑 【台塑化】獲利寫 近五季新低 已刪文
1.原文連結:
https://goo.gl/JNaJAc
2.原文內容:

台塑四寶Q2獲利均較Q1下滑 台塑化獲利寫近五季新低

台塑四寶今(10)日公布第二季財報,因國際油價下跌、中國大陸金融緊縮等因素影響…
[簡稱(name)] …[新聞] 台塑四寶Q2獲利均較Q1下滑 台塑化獲利寫 近五季新低 已刪文
1.原文連結:
https://goo.gl/JNaJAc
2.原文內容:

台塑四寶Q2獲利均較Q1下滑 【台塑化】獲利寫近五季新低

台塑四寶今(10)日公布第二季財報,因國際油價下跌、中國大陸金融緊縮等因素影響,四
家公司獲利均較第一季衰退,其中,四寶獲利王台塑化(6505)第二季稅後純益僅120多億
元,較去年同期獲利腰斬,也創下近五季新低。

台…",,
collision:6505,6505,台塑化,M.1591620490.A.CEE,2020-06-08 20:48:10,標的,name,sparse,False,1,"Re: [標的] 當油價緩步微揚時,你的選擇是?RDS.B?",2,False,True,1731,"[簡稱(name)] …;
: : 並非給任何讀者投資建議及參考,請勿根據本文內容作為買賣決定。
: : 投資皆有風險,任何投資皆須量力而為。
: : 下周中油油價似乎要調漲不少,當油價不再跌,甚至緩步微揚時,你的選擇是?
: : 台股與石油價格相關度最高的應算是【台塑化】
: : 台塑化2020/1/2股價約98,5/8股價約88.3,似乎不太超值。
: : 反觀世界第二大石油公司殼牌石油ADR(rds.b) [排名暫且不計沙烏地阿拉伯,伊朗等]
: : 在2020/1/2時殼牌股價約60,目前仍在32徘徊…
[簡稱(name)] …給任何讀者投資建議及參考,請勿根據本文內容作為買賣決定。
: : 投資皆有風險,任何投資皆須量力而為。
: : 下周中油油價似乎要調漲不少,當油價不再跌,甚至緩步微揚時,你的選擇是?
: : 台股與石油價格相關度最高的應算是台塑化
: : 【台塑化】2020/1/2股價約98,5/8股價約88.3,似乎不太超值。
: : 反觀世界第二大石油公司殼牌石油ADR(rds.b) [排名暫且不計沙烏地阿拉伯,伊朗等]
: : 在2020/1/2時殼牌股價約60,目前仍在32徘徊,
: : 有的…",,
collision:6505,6505,台塑化,M.1565949813.A.2D2,2019-08-16 18:03:33,新聞,name,sparse,False,5,[新聞] 不怕外資狂倒貨，台股大漲背後藏內幕,1,False,True,699,"[簡稱(name)] …以追蹤高薪100指數為主的「相對報酬」委外代
操,之前曾撥款150億元,今日再撥出剩餘的150億元,投信也立即進場敲進、建立持股。

 據統計,今日高薪100指數成分股中,有27檔個股漲幅超過2~7%,依漲幅高低排序
包括技嘉、正崴、中華、【台塑化】、聯電、華航、欣陸、帆宣、和泰車、富邦金、盛群
、新唐、光寶科、凌華、智原、上海商銀、義隆、鴻準、凌陽、中信金、聯陽、佳能
、長榮航、亞泥、微星、台聚及永豐金等。(新聞來源:工商即時 呂淑美)

3.心得/評論:
這真的是.......厲害…",,
collision:6505,6505,台塑化,M.1498482525.A.827,2017-06-26 21:08:45,新聞,code,sparse,False,6,[新聞] 邪惡第5波發威？台股登上10500點 已刪文,2,True,True,1805,"[代號] …在除息前已大漲恐難填息的疑慮,在買盤力
挺下,台積電除息首日即填息達70%,且鴻海火力全開,在外資買盤力挺下站上120元,鴻
準(2354)亦站上90元關卡,讓多頭士氣大振,市場資金勇於追價,統一超(2912)、台塑
(1301)、台塑化(【6505】)等傳產權值股同步大漲,權值股發威,中小型股亦不遑多讓,全達
(8068)、辛耘(3583)、海悅(2348)、穩懋(3105)、昱捷(3232)及撼訊(6150)等強攻漲停板
,股王—大立光(3008)亦在尾盤收復5000元關卡,台股指數…
[簡稱(name)] …憂台積電在除息前已大漲恐難填息的疑慮,在買盤力
挺下,台積電除息首日即填息達70%,且鴻海火力全開,在外資買盤力挺下站上120元,鴻
準(2354)亦站上90元關卡,讓多頭士氣大振,市場資金勇於追價,統一超(2912)、台塑
(1301)、【台塑化】(6505)等傳產權值股同步大漲,權值股發威,中小型股亦不遑多讓,全達
(8068)、辛耘(3583)、海悅(2348)、穩懋(3105)、昱捷(3232)及撼訊(6150)等強攻漲停板
,股王—大立光(3008)亦在尾盤收復5000元關卡…",,
collision:6505,6505,台塑化,M.1718969728.A.C5E,2024-06-21 19:35:28,新聞,name,sparse,False,2,[新聞] 台塑四寶董座 宣告營運轉好,2,False,True,1033,"[簡稱(name)] …漲,反應多數廠商提前備貨,因應開始的新品旺季,第二季塑化報價行情走堅回溫,加上台塑四寶董事長強勢宣告轉型大計,20日台塑四寶股價終於一甩頹勢,展現低檔反彈走勢,投資人跟進,使得台塑集團九檔上市股票全數收紅,成為盤面最亮眼的集團股。

其中,【台塑化】因布蘭特原油價重回每桶85美元,台化、南亞也在綠能、循環綠色經濟、電子材料等布局漸收成效,激勵股價強勢領漲。

 觀察台塑四寶宣示的轉型計畫,高科技、醫療及能源是重要推進焦點。南亞電子材料蓄勢搶進高頻、6G、AI、低軌衛星及血袋等醫療商機,…
[簡稱(name)] …培養器皿,細胞增殖數量可大幅增加,加速療程進行,有助癌症等重症病患之治愈率。

 尤其,當前全球能源轉型愈顯重要,台塑集團面對全球區域化經濟型態及供應鏈重組,碳費徵收及產業競爭的加劇,推動營運轉型中,新事業布局會以能源產業為目標方向,台化、【台塑化】積極發展綠能及微電網開發;台塑也擬利用公司自產的氫氣,發展清潔能源及應用。展現台塑四寶力拼轉型利基企圖心。

—————
心得:
四寶最近看起來好像已經止跌了(?) 而且又有董座的背書,四寶現在可以買了嗎0.0

-----
Sent fr…",,
collision:6505,6505,台塑化,M.1578922464.A.FC9,2020-01-13 21:34:24,其他,code,sparse,False,13,[其他] 1/13 集中市場三大法人買賣超前30名,2,True,True,3138,"[代號] …4     -819
00717   富邦美國
        特別股        0      0       -780     -780
9958    世紀鋼     -436   -328         14     -750
【6505】    台塑化     -569    -95          7     -657

--
※ 發信站: 批踢踢實業坊(ptt.cc), 來自: 60.245.65.134 (臺灣)
※ 文章網址:
https://www.ptt.cc…
[簡稱(name)] …19
00717   富邦美國
        特別股        0      0       -780     -780
9958    世紀鋼     -436   -328         14     -750
6505    【台塑化】     -569    -95          7     -657

--
※ 發信站: 批踢踢實業坊(ptt.cc), 來自: 60.245.65.134 (臺灣)
※ 文章網址:
https://www.ptt.cc/bbs/St…",,
collision:6505,6505,台塑化,M.1488466868.A.0B5,2017-03-02 23:01:08,新聞,code,sparse,False,1,[新聞] 減煤爭議 台塑化敗訴 已刪文,15,True,True,1705,"[代號] …nance/20170302/37569078
2.原文內容:
減煤爭議 台塑化敗訴
將提上訴 陳寶郎:暫無影響 但再減將被迫停工

【綜合報導】六輕15座電廠被雲林縣府限縮2成燃煤量的爭議,台中高等行政法院昨判負
責營運六輕電廠的台塑化(【6505】)敗訴,台塑化將提上訴。
台塑化董事長陳寶郎表示
,減
煤對六輕的營運暫無影響,
「但不能再減囉,再這樣下去我得被迫挑一些工廠停工!」
六輕共19座發電機組,其中16座為自用為主的公用電廠,另3座為售電予台電的麥寮汽電
。
2年前,六輕其中…
[簡稱(name)] …[新聞] 減煤爭議 【台塑化】敗訴 已刪文
1.原文連結(超過一行或過長必須縮網址):
http://www.appledaily.com.tw/appledaily/article/finance/20170302/37569078
2.原文內容:
減煤爭議 台塑化敗…
[簡稱(name)] …台塑化敗訴 已刪文
1.原文連結(超過一行或過長必須縮網址):
http://www.appledaily.com.tw/appledaily/article/finance/20170302/37569078
2.原文內容:
減煤爭議 【台塑化】敗訴
將提上訴 陳寶郎:暫無影響 但再減將被迫停工

【綜合報導】六輕15座電廠被雲林縣府限縮2成燃煤量的爭議,台中高等行政法院昨判負
責營運六輕電廠的台塑化(6505)敗訴,台塑化將提上訴。
台塑化董事長陳寶郎表示
,減
煤對六輕的營運暫…",,
collision:6505,6505,台塑化,M.1657251546.A.B0B,2022-07-08 11:39:06,標的,name,sparse,False,2,[標的] 1303 南亞,1,False,True,287,"[簡稱(name)] …1. 標的: 1303南亞

2. 分類:討論

3. 分析/正文:
     最近除完息的台塑四寶跌個狗吃屎
     小弟想趁機撿個幾隻放著

     目前價位比較便宜就南亞跟台化
      但看去年跟今年績效、南亞明顯優於台化、【台塑化】,但股價南亞卻是最低
這是為什麼? 大家不看好南亞嗎?

南亞是不是被遺棄的珍珠呢

4. 進退場機制:


--
※ 發信站: 批踢踢實業坊(ptt.cc), 來自: 111.83.132.243 (臺灣)
※ 文章網址:
https:/…",,
collision:6505,6505,台塑化,M.1537492613.A.970,2018-09-21 09:16:53,心得,name,sparse,False,2,[心得] 加權指數權重 已刪文,2,True,True,634,"[簡稱(name)] …[心得] 加權指數權重 已刪文
2018/09/20               2018/07/19

1. 2330 台積電 21.0353   1. 2330 台積電 18.0796
2. 6505 【台塑化】  4.1313   2. 2317 鴻海    4.5853
3. 2317 鴻海    4.0875   3. 6505 台塑化  3.5502
4. 2412 中華電  2.6624   4. 2412 中華電  2.6863
5.…
[簡稱(name)] …19

1. 2330 台積電 21.0353   1. 2330 台積電 18.0796
2. 6505 台塑化  4.1313   2. 2317 鴻海    4.5853
3. 2317 鴻海    4.0875   3. 6505 【台塑化】  3.5502
4. 2412 中華電  2.6624   4. 2412 中華電  2.6863
5. 1301 台塑    2.2543   5. 1301 台塑    2.1253
6. 1326 台化    2.2311
6. 3…",,
collision:6505,6505,台塑化,M.1655292600.A.7D2,2022-06-15 19:30:00,情報,code,sparse,False,7,[情報] 0615 上市櫃外資投信買超金額排行,2,True,True,1236,"[代號] …3     2371大同      335    36.7    +0.85
4     2891中信金    242    26.3    +0.3
5     4919新唐      231    170.5   +2.5
6     【6505】台塑化    189    96.9    0
7     4915致伸      182    63.9    +0.7
8     3529力旺      181    1275    -40
9     2338光罩      176…
[簡稱(name)] …2371大同      335    36.7    +0.85
4     2891中信金    242    26.3    +0.3
5     4919新唐      231    170.5   +2.5
6     6505【台塑化】    189    96.9    0
7     4915致伸      182    63.9    +0.7
8     3529力旺      181    1275    -40
9     2338光罩      176…",,
collision:6505,6505,台塑化,M.1606386745.A.345,2020-11-26 18:32:25,新聞,name,sparse,False,6,[新聞] 台達電擠進台股市值第六大 法人這麼說,1,False,True,957,"[簡稱(name)] …漲幅47.92%
,今年來則是上漲586.06%。

特斯拉股價大漲,帶動台股電動車概念股的表現,台達電今日開高走高,衝上6年多來的
新高價,隨著台達電市值衝高,台股前十大市值公司排名也出現洗牌,今日市值前十大依
序是台積電、聯發科、鴻海、【台塑化】、中華電、台達電、台塑、國泰金、南亞及聯電。
台達電市值超車台塑及國泰金,證券分析師張陳浩認為,主要是特斯拉大漲,帶動電動車
概念股漲勢所造成,台達電在充電樁上的布局,搭上這一波電動車的題材列車。
台達電第3季財報亮眼,累計前3季每股純益6…",,
collision:6505,6505,台塑化,M.1435678006.A.4A1,2015-06-30 23:26:46,其他,code,sparse,False,13,[其他] 6/30 台灣集中市場自營商買賣超前30名 已刪文,2,True,True,3046,"[代號] …9     3    302  57.37  57.37 
3682 亞太電    -267    15    282  11.88  11.77 
2485 兆赫     -267    26    293  32.72  32.56 
【6505】 台塑化    -265     0    265   0.00  78.22

--
※ 發信站: 批踢踢實業坊(ptt.cc), 來自: 60.245.65.134
※ 文章網址:
https://www.ptt.cc/bbs/Stoc…
[簡稱(name)] …3    302  57.37  57.37 
3682 亞太電    -267    15    282  11.88  11.77 
2485 兆赫     -267    26    293  32.72  32.56 
6505 【台塑化】    -265     0    265   0.00  78.22

--
※ 發信站: 批踢踢實業坊(ptt.cc), 來自: 60.245.65.134
※ 文章網址:
https://www.ptt.cc/bbs/Stock/M.…",,
collision:6505,6505,台塑化,M.1650012821.A.66F,2022-04-15 16:53:41,心得,code,sparse,False,14,[心得] 20220415 台股爛透聯盟,2,True,True,2409,"[代號] …成衣
1905 華紙       紙類
2049 上銀       工具機
2476 鉅祥       金屬沖壓
2614 東森
3005 神基
3019 亞光
3049 和鑫
3059 華晶科
5234 達興材料
6282 康舒
【6505】 台塑化
8104 錸寶
3081 聯亞                       這支應該是創歷史低了
3227 原相       Sensor
5371 中光電
5904 寶雅       百貨            已破2020疫情…
[簡稱(name)] …衣
1905 華紙       紙類
2049 上銀       工具機
2476 鉅祥       金屬沖壓
2614 東森
3005 神基
3019 亞光
3049 和鑫
3059 華晶科
5234 達興材料
6282 康舒
6505 【台塑化】
8104 錸寶
3081 聯亞                       這支應該是創歷史低了
3227 原相       Sensor
5371 中光電
5904 寶雅       百貨            已破2020疫情低點
6…",,
collision:6505,6505,台塑化,M.1584450131.A.7C0,2020-03-17 21:02:11,新聞,name,sparse,False,5,[新聞] 上市股除息 將蒸發400點,1,False,True,1044,"[簡稱(name)] …影響程度位居所有上市個股之冠;不過
台
積電改採季配息,除息當日對台股衝擊也下降,本周四(19日)是去年第3季配息2.5元除息
,預計造成台股蒸發21.44點。
其他已公布股息的上市個股方面,
中華電除息當天大盤指數約將減少10.84點
,【台塑化】減少
9.14點,台達電減少4.3點;另外,遠傳、統一超、玉山金、聯電、光寶科、國巨、研華、
新光金、南亞科、群光、鼎固-KY、力成、儒鴻等,也都將影響台股加權指數1點以上。

至於櫃買方面,世界將讓櫃買指數蒸發0.23點,新普0.12點、…",,
collision:6505,6505,台塑化,M.1585328110.A.D15,2020-03-28 00:55:10,請益,name,sparse,False,4,Re: [請益] 今日和上週五漲勢是不是單純國安護盤,1,False,True,3855,"[簡稱(name)] …186        12700   1265   162     172
聯發科                10974          347        10627    356   311     340
【台塑化】                10732           10        10722   1009    69      80
緯創                  10582           26        10556…",,
collision:6505,6505,台塑化,M.1627705756.A.F70,2021-07-31 12:29:16,新聞,name,sparse,False,4,[新聞] 聯電擠下長榮 市值躍升第九,1,False,True,1484,"[簡稱(name)] …訂單一路暢旺到明年,股價30日雙雙發動
攻勢,終場分別上漲5.86%、6.52%,率領半導體族群反攻,也牽動台股前十大市值排行
,聯電市值單日大增397.6億元,擠下長榮,排名升至第九。

台股前十大權值股排序依序是:台積電、鴻海、聯發科、【台塑化】、中華電、富邦金、國泰
金、台達電、聯電與長榮。

聯電因5G帶來數位轉型的需求,加上車用電子等各類應用需求強勁,有助產品組合改善及
報價續漲。此外,聯電啟動擴產計畫,新產能預計在2023年第二季開出,今、明兩年在折
舊減少、報價提升挹注下…",,
collision:6505,6505,台塑化,M.1540775915.A.710,2018-10-29 09:18:35,新聞,name,sparse,False,2,[新聞] 勞退概念股／南亞、中鋼 傳產熱點 已刪文,1,False,True,854,"[簡稱(name)] …亞、中鋼躍居市場明燈之一。

統一日前公告,子公司董事會同意參加南韓Woongjin Foods Co. 74.75%股權競價標售案
,進軍南韓市場;統一表示,主要因應統一集團亞洲地區發展需要。

南亞受惠轉投資的南電今年獲利好轉,加上認列【台塑化】、南亞科的現金股利入帳,第3季
稅後純益182.76億元,季增9.6%,每股純益2.3元。不過,國際油價居高不下,使上游各
式塑化原料價格高漲,壓縮南亞的化工、塑膠、聚酯產品獲利空間,第3季象徵本業表現
的營業利益比第2季減少10.9億元。…",,
collision:6505,6505,台塑化,M.1478155067.A.DE2,2016-11-03 14:37:47,新聞,name,sparse,False,3,[新聞] 台股觀望味濃 布局宜避財報不佳股 已刪文,1,False,True,1272,"[簡稱(name)] …超,合計賣超新台幣57.09億元。

據歐系外資統計,合格境外機構投資者(QFII)10月僅買超台股8100萬美元(約新台幣25
.58億元),其中硬體等科技股雖大量買超,但電信等非科技股也大幅賣超。首選加碼個
股包括台積電、大立光、鴻海、【台塑化】、元大金。

法人分析,美國大選變數延續,美歐股市短線走弱,短線對台股影響偏負向;近期財報陸
續公布仍左右盤面個股表現,擇股建議避開財報不佳股。1051103

3.心得/評論(必需填寫滿20字):

美股這幾天跌不少

萬八已破

台股現…",,
collision:6505,6505,台塑化,M.1633679936.A.359,2021-10-08 15:58:56,新聞,code,sparse,False,3,[新聞] 〈台塑四寶業績發表〉四寶Q3獲利622億元,4,True,True,1497,"[代號] …台化第三季受到 ARO-2 廠、麥寮 PTA 等廠房定檢影響,加上油價、煤價上漲,生產成本
增加,同業產能開出使供應轉趨寬鬆,東南亞疫情及中國能耗雙控政策則使客戶採購心態
保守,部分產品售價下跌,價差縮減,導致本季獲利減少。

台塑化 (【6505】-TW)

台塑化第三季營收 1640.53 億元,季增 13.16%,年增 13.1%;稅後純益 102.9 億元,
季減 24.3%,每股純益 1.08 元。前三季營收 4392.77 億元,年增 41%;稅後純益
417.95 億元,…
[簡稱(name)] …5 元。

台化第三季受到 ARO-2 廠、麥寮 PTA 等廠房定檢影響,加上油價、煤價上漲,生產成本
增加,同業產能開出使供應轉趨寬鬆,東南亞疫情及中國能耗雙控政策則使客戶採購心態
保守,部分產品售價下跌,價差縮減,導致本季獲利減少。

【台塑化】 (6505-TW)

台塑化第三季營收 1640.53 億元,季增 13.16%,年增 13.1%;稅後純益 102.9 億元,
季減 24.3%,每股純益 1.08 元。前三季營收 4392.77 億元,年增 41%;稅後純益
417.…
[簡稱(name)] …RO-2 廠、麥寮 PTA 等廠房定檢影響,加上油價、煤價上漲,生產成本
增加,同業產能開出使供應轉趨寬鬆,東南亞疫情及中國能耗雙控政策則使客戶採購心態
保守,部分產品售價下跌,價差縮減,導致本季獲利減少。

台塑化 (6505-TW)

【台塑化】第三季營收 1640.53 億元,季增 13.16%,年增 13.1%;稅後純益 102.9 億元,
季減 24.3%,每股純益 1.08 元。前三季營收 4392.77 億元,年增 41%;稅後純益
417.95 億元,較去年同期轉盈,每…",,
collision:6790,6790,永豐實,M.1707991069.A.B90,2024-02-15 17:57:49,情報,code,sparse,False,1,[情報] 6790 永豐實 1月營收,2,True,True,440,"[代號] …[情報] 【6790】 永豐實 1月營收
來源:
公開資訊觀測站

網址:
https://mops.twse.com.tw/mops/web/t05st10_ifrs
本資料由 (上市公司)永豐實 公司提供
民國113年01月   單位:新台幣仟元

項目…
[簡稱(name_with_context)] …[情報] 6790 【永豐實】 1月營收
來源:
公開資訊觀測站

網址:
https://mops.twse.com.tw/mops/web/t05st10_ifrs
本資料由 (上市公司)永豐實 公司提供
民國113年01月   單位:新台幣仟元

項目    營業…",,
collision:6790,6790,永豐實,M.1712764580.A.E1C,2024-04-10 23:56:20,情報,code,sparse,False,4,[情報] 113/4/10公告股東會紀念品,1,True,True,1457,"[代號] …50元超商禮物卡

6216    居易            輕薄辦公室便利貼

6272    驊陞            無

6404    通訊-KY         無

6555    榮炭            無

【6790】    永豐實          無

6830    汎銓            無

6843    進典            無

6848    拉法醫          無

6912    益鈞環科*       無

691…",,
collision:6790,6790,永豐實,M.1686549086.A.2CE,2023-06-12 13:51:26,情報,code,sparse,False,1,[情報] 6790 永豐實 5月營收,2,True,True,467,"[代號] …[情報] 【6790】 永豐實 5月營收
本年迄今累計營收        去年同期累計營收        累計營收成長率
4,191,452               4,010,576               4.51%

112年05月營收…
[簡稱(name_with_context)] …[情報] 6790 【永豐實】 5月營收
本年迄今累計營收        去年同期累計營收        累計營收成長率
4,191,452               4,010,576               4.51%

112年05月營收…",,
collision:6790,6790,永豐實,M.1712728214.A.D5F,2024-04-10 13:50:14,情報,code,sparse,False,1,[情報]6790永豐實 113年3月營收9.18億、年減0.48,4,True,True,295,"[代號] …[情報]【6790】永豐實 113年3月營收9.18億、年減0.48
公開資訊觀測站
https://mops.twse.com.tw/mops/web/t146sb05
永豐實(6790)3月營收資料(單位千元)

                當月…
[代號] …[情報]6790永豐實 113年3月營收9.18億、年減0.48
公開資訊觀測站
https://mops.twse.com.tw/mops/web/t146sb05
永豐實(【6790】)3月營收資料(單位千元)

                當月    本年累計
營收            917,787 2,602,460
去年同期        922,235 2,489,525
增減    -       4,…
[簡稱(name_with_context)] …[情報]6790【永豐實】 113年3月營收9.18億、年減0.48
公開資訊觀測站
https://mops.twse.com.tw/mops/web/t146sb05
永豐實(6790)3月營收資料(單位千元)

                當月    本年…",,
collision:6790,6790,永豐實,M.1708058870.A.634,2024-02-16 12:47:50,新聞,code,sparse,False,1,[新聞] 永豐實去年EPS拼逾3.5元，殖利率估達6%,6,True,True,803,"[代號] …原文標題:永豐實去年EPS拼逾3.5元,現金殖利率估達6%

原文連結:
https://reurl.cc/dLOo36
發布時間:
2024/02/16 10:43

記者署名:
邱建齊 報導

原文內容:
台灣最大民生消費品公司永豐實(【6790】)1月營收首見突破10億大關達10.33億元寫單月新高
,月增17%、年增31%,公司表示,主要因為今(2024)年農曆春節假期在2月,故1月安排檔
期活動刺激消費需求及備貨效應,而中國大陸今年解封,需求也同步成長。

永豐實投資10.1億…
[簡稱(name_with_context)] …[新聞] 【永豐實】去年EPS拼逾3.5元,殖利率估達6%
原文標題:永豐實去年EPS拼逾3.5元,現金殖利率估達6%

原文連結:
https://reurl.cc/dLOo36
發布時間:
2024/02/16 10:43

記者署名:
邱建齊 報導

原…
[簡稱(name_with_context)] …[新聞] 永豐實去年EPS拼逾3.5元,殖利率估達6%
原文標題:【永豐實】去年EPS拼逾3.5元,現金殖利率估達6%

原文連結:
https://reurl.cc/dLOo36
發布時間:
2024/02/16 10:43

記者署名:
邱建齊 報導

原文內容:
台灣最大民生消費品公司永豐實(6790)1月營…",,
collision:6790,6790,永豐實,M.1622200160.A.D04,2021-05-28 19:09:20,新聞,code,sparse,False,3,[新聞] 陸碳市交易將啟動，永豐餘擁完整固碳產業 鏈,2,True,True,1213,"[代號] …7)投資組合中,從造林到造紙、林漿紙一貫,形成完
整固碳產業鏈。而面對台灣疫情升溫,永豐餘近期在法說會中提到,若盡快走出則有正常
商機發展,但若沒走出,也是有疫情時期的營運模式,對今(2021)年營運可較樂觀看待;
法人看好疫情加持永豐實(【6790】)清潔用品與申豐(6582)橡膠手套原料營運、加上工紙市況
佳,永豐餘今年EPS仍有再刷新去(2020)年3.14元新高機會。

除了中國將正式啟動碳交易,歐盟也宣示將在2050年達成淨零碳排,並將在今年6月公布
碳關稅方案、預計於2023…
[簡稱(name_with_context)] …(1907)投資組合中,從造林到造紙、林漿紙一貫,形成完
整固碳產業鏈。而面對台灣疫情升溫,永豐餘近期在法說會中提到,若盡快走出則有正常
商機發展,但若沒走出,也是有疫情時期的營運模式,對今(2021)年營運可較樂觀看待;
法人看好疫情加持【永豐實】(6790)清潔用品與申豐(6582)橡膠手套原料營運、加上工紙市況
佳,永豐餘今年EPS仍有再刷新去(2020)年3.14元新高機會。

除了中國將正式啟動碳交易,歐盟也宣示將在2050年達成淨零碳排,並將在今年6月公布
碳關稅方案、預計…",,
collision:6790,6790,永豐實,M.1701093324.A.05C,2023-11-27 21:55:24,新聞,code,sparse,False,2,[新聞] 永豐實Q4營收拚高，今明2年獲利動能強,12,True,True,1400,"[代號] …營收拚高,今明2年獲利動能強
原文標題:
《造紙股》永豐實Q4營收拚高 今明2年獲利動能強

原文連結:
https://reurl.cc/9RKooj
發布時間:
2023-11-27

記者署名:
時報記者林資傑

原文內容:
永豐實(【6790】)受惠營收回升及成本下降,2023年第三季獲利強彈至近9季高。展望後市,
受惠高品質產品帶動,第四季營收看升,投顧法人看好有望挑戰新高,在紙品利差持續擴
大、海外布局增添動能下,看好今明2年獲利持續反彈,維持「買進」評等、目標價48元
。…
[簡稱(name_with_context)] …[新聞] 【永豐實】Q4營收拚高,今明2年獲利動能強
原文標題:
《造紙股》永豐實Q4營收拚高 今明2年獲利動能強

原文連結:
https://reurl.cc/9RKooj
發布時間:
2023-11-27

記者署名:
時報記者林資傑

原文內容:
永豐…
[簡稱(name_with_context)] …[新聞] 永豐實Q4營收拚高,今明2年獲利動能強
原文標題:
《造紙股》【永豐實】Q4營收拚高 今明2年獲利動能強

原文連結:
https://reurl.cc/9RKooj
發布時間:
2023-11-27

記者署名:
時報記者林資傑

原文內容:
永豐實(6790)受惠營收回升及成本下降,2023年第三季獲利強彈…",,
collision:6790,6790,永豐實,M.1715157532.A.B81,2024-05-08 16:38:52,情報,code,sparse,False,1,[情報] 6790永豐實 Q1 EPS:0.93,2,True,True,621,"[代號] …[情報] 【6790】永豐實 Q1 EPS:0.93
2. 來源:公開資訊觀測站

3. 網址:
https://mops.twse.com.tw/mops/web/t05sr01_1
1.提報董事會或經董事會決議日期:113/05/08
2.審計委員會通過日期…
[簡稱(name_with_context)] …[情報] 6790【永豐實】 Q1 EPS:0.93
2. 來源:公開資訊觀測站

3. 網址:
https://mops.twse.com.tw/mops/web/t05sr01_1
1.提報董事會或經董事會決議日期:113/05/08
2.審計委員會通過日期:11…",,
collision:6790,6790,永豐實,M.1681957693.A.8AE,2023-04-20 10:28:13,新聞,code,sparse,False,7,[新聞] 總統蔡英文宣示籌設碳交易平台，華紙盤 中攻漲停，帶動紙類股走揚,1,True,False,853,"[代號] …觀。

此外,華紙昨(19)日也與早餐聯盟攜手合作,自5月開始於弘爺漢堡、東方美、吉得堡、
巨森早餐吧等四家早餐店,推動使用全紙回收容器,成為台灣首見的全紙回收容器供應鏈
國家隊。


心得/評論:
ESG碳權正夯 政府今年玩真的
內文獨漏【6790】五月花號

不過以往紙類爆噴一天隔天都不太妙..
※必需填寫滿30字,無意義者板規處分
--
台股三大股神
血中紅
昆蟲人
前妻王

--
※ 發信站: 批踢踢實業坊(ptt.cc), 來自: 60.248.1.64 (臺灣)
※ 文章網址…",,
collision:6790,6790,永豐實,M.1698305472.A.56A,2023-10-26 15:31:12,新聞,code,sparse,False,4,[新聞] 全球紙業第一家！永豐餘為何敢加入RE100 ？在於兩大關鍵原因,1,True,False,904,"[代號] …程,可以將製程中的餘料轉化為替代燃料,並進一步發
展沼氣發電。這一承諾將與全球400多家企業一同推動市場變革,並證明再生能源在商業
中的重要性。

永豐餘(1907)正式宣布,旗下子公司包括中華紙漿(1905)、永豐餘工業用紙以及永豐
實(【6790】)共同參與由氣候組織(The Climate Group)及CDP主導的全球再生能源倡議
RE100,成為全球紙業領域中首家參與RE100倡議的企業,展現積極投身永續發展的承諾。


明確再生能源目標:

2030年:達成60%的再生能源使…",,
collision:6790,6790,永豐實,M.1644234807.A.F09,2022-02-07 19:53:27,新聞,name_with_context,sparse,False,3,[新聞] 衛生紙漲定了 永豐餘：1串10包漲10元,1,False,True,1160,"[簡稱(name_with_context)] …化學品、能源價格及人力成本,近年大幅上漲,平均成本年
增超過4成,甚至部分漲幅近倍,永豐餘去年底就已決定要調整衛生紙零售價格,但在與
行政院多次會商,考量照顧消費者及配合政府穩定物價的措施後,決定延後至農曆年後調
整價格,平均漲幅8%。

【永豐實】今日證實,已與各通路談妥,預計2月下旬於各通路陸續調整,平均漲幅約8%,後
續銷售價格,將視各通路檔期而定。

至於另1家家用紙大廠正隆,今日仍表示「持續評估中」。正隆表示,該公司與永豐餘生
產規模、生產成本相差不大,因此面對漲價的壓力相同…",,
collision:6790,6790,永豐實,M.1683784712.A.8EA,2023-05-11 13:58:32,情報,code,sparse,False,1,[情報] 6790 永豐實 112年第一季 EPS:0.44,2,True,True,599,"[代號] …[情報] 【6790】 永豐實 112年第一季 EPS:0.44
1.提報董事會或經董事會決議日期:112/05/11
2.審計委員會通過日期:112/05/11
3.財務報告或年度自結財務資訊報導期間
起訖日期(XXX/XX/XX~XXX/XX/XX):112…
[簡稱(name_with_context)] …[情報] 6790 【永豐實】 112年第一季 EPS:0.44
1.提報董事會或經董事會決議日期:112/05/11
2.審計委員會通過日期:112/05/11
3.財務報告或年度自結財務資訊報導期間
起訖日期(XXX/XX/XX~XXX/XX/XX):112/01/…",,
collision:6790,6790,永豐實,M.1605688341.A.B68,2020-11-18 16:32:21,新聞,name_with_context,sparse,False,5,[新聞] 老牌企業大翻身的啟示（謝金河）,1,False,True,1800,"[簡稱(name_with_context)] …豐餘集團所有子公司看一遍,今年前3季永豐金控賺92.46億元
,EPS 0.82元;生產乳膠原料的申豐前3季大賺9.47億元,EPS 8.93元;生產電子紙顯示
器的元太科技前3季賺25.87億元,EPS 2.28元;還有生產紙類清潔用品的【永豐實】業,剛上
興櫃,上半年就交出EPS 2.62元;虧損累累的華紙,在永豐餘集團取得經營權之後,今年
第2季也開始轉盈。

有了業績成長掛保證,今年永豐餘旗下相關企業股價都出現顯著變化,例如,過去股價沉
寂在面額附近的永豐餘,今年從10元跑到2…",,
collision:6790,6790,永豐實,M.1657027451.A.D44,2022-07-05 21:24:11,新聞,code,sparse,False,2,[新聞] 好市多衛生紙半年連三漲 正隆、永豐實調 價壓力增 已刪文,1,True,True,868,"[代號] …網記者陳蕙綾 台北

好市多 (Costco) 自有品牌衛生紙半年三度漲價,衛生紙是否再掀漲價潮備受關注,正隆 (
1904-TW) 今 (4) 日表示,原料近年漲幅劇烈,衛生紙漲價「勢在必行」,但因目前不是賣
方市場,還須評估;永豐實 (【6790】-TW) 則坦承成本壓力沈重,會密切觀察原物料的趨勢 審
慎因應成本變化。

好市多旗下自有品牌 KIRKLAND 衛生紙,繼去年 11 月從每串 319 元漲到 335 元,今年 5
 月再從 335 元漲到 365 元,7 月再度調漲售…",,
collision:6790,6790,永豐實,M.1433809802.A.20C,2015-06-09 08:30:02,閒聊,code,sparse,False,2,[閒聊] 2015/06/09 盤中閒聊 已刪文,1,True,False,716,"[代號] …926
投信
-900
外資
-23791
----------------------------------------------------------------------
道瓊工業 17766
▼82 (0.46%)
英國  【6790】
▼ 14 (0.21%)
納期達克  5021
▼46 (0.92%)
法國  4857
▼ 63 (1.28%)
標普500  2079
▼13 (0.65%)
德國 11064
▼132 (1.18%)
費半導體   712
▼13…",,
collision:6790,6790,永豐實,M.1731084966.A.D87,2024-11-09 00:56:06,情報,code,sparse,False,2,[情報] 6790 永豐實 清水廠配電室火災事件,2,True,True,503,"[代號] …[情報] 【6790】 永豐實 清水廠配電室火災事件
標題:公告本公司清水廠火災事件

來源:臺灣證券交易所
(公司名、網站名)
網址:
(請善用縮網址工具)
https://www.twse.com.tw/IIH2/zh/company/information…
[代號] …火災事件
標題:公告本公司清水廠火災事件

來源:臺灣證券交易所
(公司名、網站名)
網址:
(請善用縮網址工具)
https://www.twse.com.tw/IIH2/zh/company/information.html?code=【6790】
內文:


1.事實發生日:113/11/08
2.公司名稱:永豐餘消費品實業股份有限公司
3.與公司關係(請輸入本公司或子公司):本公司
4.相互持股比例:不適用
5.發生緣由:本公司清水廠今日下午2點41分發生配電室火災事件
6.因應…",,
collision:6790,6790,永豐實,M.1640316356.A.0D7,2021-12-24 11:25:56,新聞,code,sparse,False,3,[新聞] 衛生紙和清潔用品漲價了！ 五月花、橘子工坊農曆年後變貴,3,True,True,803,"[代號] …後變貴

原文連結:
https://udn.com/news/story/7241/5984929?utm_source=news&utm_medium=webpush
發布時間:2021-12-24 11:01


原文內容:
永豐實(【6790】)宣布旗下產品調漲,包括衛生紙漲幅為5~20%,清潔用品的漲幅為5~8%。
永豐實表示,目前原物料佔比最高的漿、包材、能源均有年增長超過四成以上,甚至部份
近倍增,考量到配合政府穩定物價與照顧消費者的面向上,因此計畫在農曆年後進行適度
調漲…
[簡稱(name_with_context)] …聯、美廉社等零
售通路多表示仍未收到相關訊息。家樂福則表示,尚無相關的價格調整計畫,廠商應該有
陸續跟通路討論,但還不會馬上反應到價格上,因為檔期已有先安排,可能要再過一段時
間,但通路也會有相關優惠因應。

造紙類股今日反應漲價題材,包括【永豐實】、華紙(1905)、正隆(1904)股價皆上漲,其
中,華紙盤中漲幅逾3%,永豐實盤中站上50元關卡,來到50.7元,漲幅達4%。上市造紙類
股指數盤中來到412.33點,漲幅近2%,類股漲幅居上市類股之冠。


心得/評論:
原物料漲四成…
[簡稱(name_with_context)] …,廠商應該有
陸續跟通路討論,但還不會馬上反應到價格上,因為檔期已有先安排,可能要再過一段時
間,但通路也會有相關優惠因應。

造紙類股今日反應漲價題材,包括永豐實、華紙(1905)、正隆(1904)股價皆上漲,其
中,華紙盤中漲幅逾3%,【永豐實】盤中站上50元關卡,來到50.7元,漲幅達4%。上市造紙類
股指數盤中來到412.33點,漲幅近2%,類股漲幅居上市類股之冠。


心得/評論:
原物料漲四成
股價會不會也漲四成阿




--
※ 發信站: 批踢踢實業坊(ptt.cc),…",,
collision:6790,6790,永豐實,M.1605522059.A.2AC,2020-11-16 18:20:59,新聞,name_with_context,sparse,False,2,[新聞] 永豐餘進擊 獲利爆發,3,False,True,2001,"[簡稱(name_with_context)] …陰廠土地使用權利益入帳,第3季合計貢獻業外利益達17.34億元。

永豐餘總經理蔡維力表示,由於業內業外發功,推升今年前三季大賺41.17億元,年增
1.23倍,創同期新高。

在資產負債表方面,永豐餘轉型投控後,積極推動小金雞上市,子公司【永豐實】10月底登錄
興櫃,第3季完成釋股作業。

永豐實釋股標售價格達39.5元,對照永豐餘原本財報是按永豐實淨值12.7元列帳,中間價
差,透過釋股反映在永豐餘第3季財報上,推升每股淨值從去年底23.64元攀升至第3季的
25.14元。

育成…
[簡稱(name_with_context)] …7.34億元。

永豐餘總經理蔡維力表示,由於業內業外發功,推升今年前三季大賺41.17億元,年增
1.23倍,創同期新高。

在資產負債表方面,永豐餘轉型投控後,積極推動小金雞上市,子公司永豐實10月底登錄
興櫃,第3季完成釋股作業。

【永豐實】釋股標售價格達39.5元,對照永豐餘原本財報是按永豐實淨值12.7元列帳,中間價
差,透過釋股反映在永豐餘第3季財報上,推升每股淨值從去年底23.64元攀升至第3季的
25.14元。

育成+活化 實現公司價值
蔡維力說,永豐餘有近百年歷史…
[簡稱(name_with_context)] …發功,推升今年前三季大賺41.17億元,年增
1.23倍,創同期新高。

在資產負債表方面,永豐餘轉型投控後,積極推動小金雞上市,子公司永豐實10月底登錄
興櫃,第3季完成釋股作業。

永豐實釋股標售價格達39.5元,對照永豐餘原本財報是按【永豐實】淨值12.7元列帳,中間價
差,透過釋股反映在永豐餘第3季財報上,推升每股淨值從去年底23.64元攀升至第3季的
25.14元。

育成+活化 實現公司價值
蔡維力說,永豐餘有近百年歷史,「底子很厚」,公司正透過「育成」和「活化」等兩大
方…",,
collision:6790,6790,永豐實,M.1619711975.A.6E2,2021-04-29 23:59:35,新聞,code,sparse,False,2,[新聞] 永豐實挾市值最大民生消費股之勢 送件申 請上市,3,True,True,621,"[代號] …)
原文連結:
https://news.cnyes.com/news/id/4636028
(請善用縮網址工具)
發布時間:2021/04/29 19:35 鉅亨網記者陳蕙綾
(請以原文網頁/報紙之發布時間為準)
原文內容:

永豐實 (【6790】-TW) 穩居國內市值最大的民生消費股,今 (29) 日送件申請股票上市,為
今 (2021) 年度第 4 家國內公司 (不含國內創新板 1 家) 申請股票上市。

永豐餘消費品實業為負責人何奕達,公司實收資本額 24.49 億元,以今天收…
[簡稱(name_with_context)] …減原文標題)
原文連結:
https://news.cnyes.com/news/id/4636028
(請善用縮網址工具)
發布時間:2021/04/29 19:35 鉅亨網記者陳蕙綾
(請以原文網頁/報紙之發布時間為準)
原文內容:

【永豐實】 (6790-TW) 穩居國內市值最大的民生消費股,今 (29) 日送件申請股票上市,為
今 (2021) 年度第 4 家國內公司 (不含國內創新板 1 家) 申請股票上市。

永豐餘消費品實業為負責人何奕達,公司實收資本額 24.49 億…
[簡稱(name_with_context)] …(不含國內創新板 1 家) 申請股票上市。

永豐餘消費品實業為負責人何奕達,公司實收資本額 24.49 億元,以今天收盤價 69.1
元計算,市值超過 169 億元,超越超越花仙子、康那香、毛寶等,穩居國內市值最大的
民生消費品股。

【永豐實】主要產品包括家庭用紙及清絜用品等,去年稅後純益 14.87 億元、年增 132%,每
股稅後純益 (EPS) 為 6.12 元;今年營運延續動能,連三個月營收突破 9 億元大關。



心得/評論:…",,
collision:6790,6790,永豐實,M.1694413087.A.B2A,2023-09-11 14:18:07,情報,code,sparse,False,1,[情報] 6790永豐實 8月營收8.73億、年增3.97%,4,True,True,246,"[代號] …[情報] 【6790】永豐實 8月營收8.73億、年增3.97%
永豐實(6790)8月營收資料(單位千元)

           當月       本年累計
營收       873,455    6,650,643
去年同期   840,132    6,…
[代號] …[情報] 6790永豐實 8月營收8.73億、年增3.97%
永豐實(【6790】)8月營收資料(單位千元)

           當月       本年累計
營收       873,455    6,650,643
去年同期   840,132    6,497,392
增減       33,323  153,2…
[簡稱(name_with_context)] …[情報] 6790【永豐實】 8月營收8.73億、年增3.97%
永豐實(6790)8月營收資料(單位千元)

           當月       本年累計
營收       873,455    6,650,643
去年同期   840,132    6,497…",,
bulk_flag,2303,聯電,M.1439369135.A.3E1,2015-08-12 16:45:35,其他,code,dense,True,27,[其他] 8月12日外陸資買賣前50 已刪文,1,True,True,4506,"[代號] …中華電  10230   2215    8015
3       2888    新光金  23253   16464   6789
4       1216    統一    12156   5611    6545
5       【2303】    聯電    20749   17335   3414
6       9904    寶成    4360    1829    2531
7       2357    華碩    3923    1548    2375
8…",,
bulk_flag,1210,大成,M.1534864635.A.89A,2018-08-21 23:17:15,其他,code,sparse,True,23,[其他] 8/21 集中市場三大法人買賣超前30名 已刪文,1,True,True,3268,"[代號] …-45     -1205
5469    瀚宇博          -1271   -5      88      -1188
8163    達方            -866    30      -140    -976
【1210】    大成            -882    -12     -32     -926
3026    禾伸堂          -809    -1      -104    -914
3702    大聯大          -9…",,
bulk_flag,1102,亞泥,M.1733213129.A.36D,2024-12-03 16:05:29,情報,code,sparse,True,20,[情報] 1203 上市外資買賣超排行,1,True,True,4669,"[代號] …國產                    -2,291
2385            群光                    -2,260
4915            致伸                    -2,217
【1102】            亞泥                    -1,947
2474            可成                    -1,837
4906            正文…",,
bulk_flag,2308,台達電,M.1512196986.A.8BF,2017-12-02 14:43:06,標的,code,dense,True,207,[標的] 本週股票多空表 已刪文,1,True,False,42860,"[代號] …跌機率 0.952  空單漲破39.2出場
8114    下跌機率 0.951  空單漲破145.77出場
8044    下跌機率 0.948  空單漲破187.06出場
2451    下跌機率 0.946  空單漲破90.16出場
【2308】    下跌機率 0.945  空單漲破156.23出場
1262    下跌機率 0.945  空單漲破87.1出場
3632    下跌機率 0.941  空單漲破15.51出場
3587    下跌機率 0.938  空單漲破103.…",,
bulk_flag,2303,聯電,M.1721981295.A.E19,2024-07-26 16:08:15,情報,code,dense,True,20,[情報] 0726 上市外資買賣超排行,1,True,True,4632,"[代號] …台積電                  -43,660
2317            鴻海                    -30,322
3711            日月光投控              -27,954
【2303】            聯電                    -25,941
0050            元大台灣50              -19,546
0056            元大高股息…",,
bulk_flag,1101,台泥,M.1663142815.A.199,2022-09-14 16:06:55,情報,code,dense,True,28,[情報] 0914 上市外資買賣超排行,1,True,True,3059,"[代號] …746
38      1717    長興    738
39      6116    彩晶    731
40      1477    聚陽    723
41      6269    台郡    711
42      【1101】    台泥    704
43      3704    合勤控  690
44      3059    華晶科  653
45      2104    國際中橡        652
46      8114    振樺電  632…",,
bulk_flag,1752,南光,M.1675757945.A.E6C,2023-02-07 16:19:05,情報,code,sparse,True,24,[情報] 0207 上市外資買賣超排行,1,True,True,3060,"[代號] …國泰金  -2,417
26      1417    嘉裕    -2,344
27      00885   富邦越南        -2,179
28      00712   FH富時不動產    -2,023
29      【1752】    南光    -1,806
30      4960    誠美材  -1,633
31      00830   國泰費城半導體  -1,517
32      2889    國票金  -1,507
33      2890…",,
bulk_flag,1102,亞泥,M.1517165934.A.66B,2018-01-29 02:58:54,標的,code,sparse,True,216,[標的] 本週股票多空表 已刪文,1,True,False,65826,"[代號] …0.682       多單跌破14.22出場
2820    上漲機率PERCENTRANK 0.682       多單跌破15.15出場
4904    上漲機率PERCENTRANK 0.68        多單跌破72.7出場
【1102】    上漲機率PERCENTRANK 0.678       多單跌破27.11出場
3522    上漲機率PERCENTRANK 0.678       多單跌破38.98出場
4192    上漲機率PERCENTRANK 0.67…",,
bulk_flag,2712,遠雄來,M.1547471945.A.2A1,2019-01-14 21:19:05,其他,code,silent,True,231,[其他] 108/01/14 加權股價指數成分股暨市值比重 已刪文,2,True,True,33276,"[代號] ….0142%
86      1227    佳格    0.1600%         536     2405    浩鑫    0.0142%
87      2915    潤泰全  0.1581%         537     【2712】    遠雄來  0.0142%
88      1704    榮化    0.1559%         538     3583    辛耘    0.0142%
89      3532    台勝科  0.1515%…
[簡稱(name)] …6      1227    佳格    0.1600%         536     2405    浩鑫    0.0142%
87      2915    潤泰全  0.1581%         537     2712    【遠雄來】  0.0142%
88      1704    榮化    0.1559%         538     3583    辛耘    0.0142%
89      3532    台勝科  0.1515%         539…",,
bulk_flag,2367,燿華,M.1586782161.A.882,2020-04-13 20:49:21,其他,code,sparse,True,16,[其他] 4/13台灣集中市場三大法人買賣超前三十,1,True,True,3264,"[代號] …-10     1077
2201    裕隆            1133    -14     -79     1040
3545    敦泰            1025    0       0       1025
【2367】    燿華            1011    -3      -12     996
2603    長榮            -2002   2647    262     908
006205  富邦上証        -84…",,
bulk_flag,2347,聯強,M.1434553331.A.B80,2015-06-17 23:02:11,其他,code,sparse,True,21,[其他] 6/17 台灣集中市場外資買賣超前30名 已刪文,1,True,True,2203,"[代號] …626   20982   5.05 
3029 零壹      619   1104   1.16 
3673 F-TPK     600  247961  70.56 
9910 豐泰      576   88129  15.22 
【2347】 聯強      565  675789  42.54 
1414 東和      563   5350   2.43 
 
◆賣超 
代碼 股票名稱 賣超張數 持有張數 持股率% 
2002 中鋼    -12617  2391034…",,
bulk_flag,2603,長榮,M.1693987525.A.5AB,2023-09-06 16:05:25,情報,code,sparse,True,30,[情報] 0906 上市外資買賣超排行,1,True,False,3121,"[代號] …050    元大台灣50      -4,963
22      2002    中鋼    -4,947
23      2882    國泰金  -4,947
24      2363    矽統    -4,871
25      【2603】    長榮    -4,328
26      2356    英業達  -4,224
27      2801    彰銀    -3,999
28      2401    凌陽    -3,750
29      2609    陽…",,
bulk_flag,1309,台達化,M.1593620452.A.E22,2020-07-02 00:20:52,心得,code,sparse,True,236,[心得] 非擔任主管職務之全時員工薪資,2,True,True,44109,"[代號] …1,001   6188    廣明
0.893   999     8070    長華
0.893   999     3438    類比科
0.892   996     3706    神達
0.891   995     【1309】    台達化
0.891   995     6270    倍微
0.89    991     8032    光菱
0.89    991     3276    宇環
0.888   990     2374    佳能
0.88…
[簡稱(name)] …6188    廣明
0.893   999     8070    長華
0.893   999     3438    類比科
0.892   996     3706    神達
0.891   995     1309    【台達化】
0.891   995     6270    倍微
0.89    991     8032    光菱
0.89    991     3276    宇環
0.888   990     2374    佳能
0.888   990…",,
bulk_flag,2409,友達,M.1652684827.A.072,2022-05-16 15:07:07,情報,code,dense,True,32,[情報] 0516 上市投信買賣超排行,1,True,True,2853,"[代號] …-546
15      2308台達電      -470
16      2449京元電子    -412
17      1904正隆        -397
18      3035智原        -290
19      【2409】友達        -263
20      2239英利-KY     -243
21      2029盛餘        -220
22      8112至上        -198
23      2014中鴻        -1…",,
bulk_flag,2007,燁興,M.1543820171.A.EB0,2018-12-03 14:56:11,其他,code,silent,True,232,[其他] 107/12/03 加權股價指數成分股暨市值比重 已刪文,1,True,True,23348,"[代號] …0.0667%         2413    環科    0.0097%
2534    宏盛    0.0661%         8442    威宏-KY 0.0096%
3019    亞光    0.0650%         【2007】    燁興    0.0095%
2897    王道銀行0.0649%         2493    揚博    0.0095%
2849    安泰銀  0.0648%         9935    慶豐富  0.0095%
19…",,
bulk_flag,2409,友達,M.1526991075.A.54C,2018-05-22 20:11:15,其他,code,dense,True,21,[其他] 5/22 集中市場三大法人買賣超前30名 已刪文,1,True,True,3276,"[代號] …-66     -5648
2448    晶電            -3336   0       -2092   -5428
2885    元大金          -4324   0       -581    -4905
【2409】    友達            -4066   0       151     -3915
00636   國泰中國A50     -744    0       -2762   -3506
2456    奇力新          -…",,
bulk_flag,1711,永光,M.1652256989.A.ACD,2022-05-11 16:16:29,情報,code,sparse,True,26,[情報] 0511 上市外資買賣超排行,1,True,True,3089,"[代號] …18
32      1476    儒鴻    801
33      2354    鴻準    751
34      00903   富邦元宇宙      736
35      1723    中碳    731
36      【1711】    永光    715
37      00892   富邦台灣半導體  699
38      1402    遠東新  698
39      3062    建漢    639
40      2401    凌陽    638…",,
bulk_flag,1307,三芳,M.1521012529.A.6AC,2018-03-14 15:28:49,心得,code,silent,True,146,Re: [心得] 股東會紀念品 已刪文,1,True,True,9385,"[代號] …19    福壽
1220    台榮
1225    福懋油
1233    天仁
1234    黑松
1236    宏亞
1259    安心
1301    台塑
1303    南亞
1304    台聚
1305    華夏
【1307】    三芳
1308    亞聚
1309    台達化
1310    台苯
1312    國喬
1313    聯成
1314    中石化
1315    達新
1326    台化
1338    廣華-KY
1402    遠…",,
bulk_flag,2313,華通,M.1560776433.A.8F8,2019-06-17 21:00:33,其他,code,sparse,True,22,[其他] 6/17 台灣集中市場外資買賣超前30名,1,True,True,3222,"[代號] …2400378    37.70
2324   仁寶                  1339   2325301    52.76
9904   寶成                  1312   1698961    57.65
【2313】   華通                  1283    234368    19.66
9938   百和                  1269     90209    30.27
2301   光寶科…",,
bulk_flag,1310,台苯,M.1442843885.A.864,2015-09-21 21:58:05,其他,code,sparse,True,26,[其他] 9/21 台灣集中市場投信買賣超前30名 已刪文,1,True,True,2098,"[代號] …212  10.55   0.15 
2838 聯邦銀     204   9.43  -0.07 
1338 F-廣華     173  99.00   1.20 
2520 冠德      168  17.05  -0.55 
【1310】 台苯      155  13.30  -0.10 
9934 成霖      155  15.25   0.60 
2524 京城      148  18.80   0.05 
2801 彰銀      148  16.30  -0.…",,
bulk_flag,2351,順德,M.1634633711.A.4C4,2021-10-19 16:55:11,情報,code,sparse,True,27,[情報] 1019 上市公司投信買賣超,1,True,True,3836,"[代號] …04    17      3231緯創        -785    0.15
18      9945潤泰新      539     0.6     18      3045台灣大      -781    -0.2
19      【2351】順德        434     4.5     19      1434福懋        -716    0
20      1440南紡        400     1.05    20      2027大成鋼      -69…",,
bulk_flag,2014,中鴻,M.1702973469.A.D6D,2023-12-19 16:11:09,情報,code,sparse,True,34,[情報] 1219 上市外資買賣超排行,1,True,True,3157,"[代號] …6239    力成    2,508
21      3051    力特    2,487
22      00715L  期街口布蘭特正2 2,400
23      1514    亞力    2,295
24      【2014】    中鴻    2,249
25      2027    大成鋼  2,246
26      2363    矽統    2,220
27      2392    正崴    2,034
28      2476    鉅祥…",,
bulk_flag,2327,國巨*,M.1558700482.A.184,2019-05-24 20:21:22,其他,code,dense,True,34,[其他] 108年05月24日 外資累計10日買賣超排行,1,True,True,3468,"[代號] …0  38.30   0.45
1101    台泥    -6,216  42.35   0.00
2915    潤泰全  -5,962  68.70   0.00
2303    聯電    -5,824  12.95   0.10
【2327】    國巨    -5,522  242.00  -2.50
1504    東元    -5,463  21.95   -0.15
2421    建準    -5,422  29.05   -0.45
2458    義隆    -5…",,
bulk_flag,6505,台塑化,M.1456327968.A.693,2016-02-24 23:32:48,其他,code,sparse,True,18,[其他] 2/24 台灣集中市場外資買賣超前30名 已刪文,2,True,True,2204,"[代號] …333  276980   9.21 
3037 欣興     2842  258342  16.79 
6239 力成     2304  537666  69.00 
0050 台灣50    2299   21867   1.60 
【6505】 台塑化    2037  830276   8.71 
3049 和鑫     1905   52684   7.14 
2002 中鋼     1861  2115949  13.41 
1303 南亞     1813  221829…
[簡稱(name)] …276980   9.21 
3037 欣興     2842  258342  16.79 
6239 力成     2304  537666  69.00 
0050 台灣50    2299   21867   1.60 
6505 【台塑化】    2037  830276   8.71 
3049 和鑫     1905   52684   7.14 
2002 中鋼     1861  2115949  13.41 
1303 南亞     1813  2218298  2…",,
bulk_flag,2349,錸德,M.1724141107.A.E58,2024-08-20 16:05:07,情報,code,sparse,True,30,[情報] 0820 上市外資買賣超排行,1,True,True,4659,"[代號] …國泰台灣5G+             1,858
2633            台灣高鐵                1,788
3062            建漢                    1,707
【2349】            錸德                    1,664
2204            中華                    1,657
4938            和碩…",,
bulk_flag,2014,中鴻,M.1546494454.A.E68,2019-01-03 13:47:34,其他,code,sparse,True,231,[其他] 108/01/03 加權股價指數成分股暨市值比重 已刪文,1,True,True,33291,"[代號] ….0564%         660     3338    泰碩    0.0092%
211     1232    大統益  0.0554%         661     1506    正道    0.0091%
212     【2014】    中鴻    0.0543%         662     6251    定穎    0.0091%
213     5007    三星    0.0542%         663     6168    宏齊    0.00…",,
bulk_flag,1802,台玻,M.1627891761.A.551,2021-08-02 16:09:21,情報,code,sparse,True,29,[情報] 0802上市外資買賣超排行,1,True,True,3503,"[代號] …4291            29      2458義隆        -1454
30      2010春源        4066            30      2889國票金      -1429
31      【1802】台玻        4003            31      6176瑞儀        -1351
32      2890永豐金      3967            32      2349錸德        -1303
3…",,
bulk_flag,2409,友達,M.1703659983.A.C89,2023-12-27 14:53:03,情報,code,dense,True,22,[情報] 1227 上市投信買賣超排行,1,True,True,2918,"[代號] …2313    華通    -367
24      2892    第一金  -323
25      6505    台塑化  -312
26      00900   富邦特選高股息30        -300
27      【2409】    友達    -284
28      2882    國泰金  -267
29      4770    上品    -233
30      6670    復盛應用        -230
31      2330    台積電…",,
bulk_flag,2845,遠東銀,M.1724401305.A.49A,2024-08-23 16:21:45,情報,code,sparse,True,27,[情報] 0823 上市外資買賣超排行,1,True,True,3166,"[代號] …息        -13,369
6       2409    友達    -11,144
7       00878   國泰永續高股息  -10,307
8       00664R  國泰臺灣加權反1 -9,414
9       【2845】    遠東銀  -8,435
10      3189    景碩    -8,113
11      1409    新纖    -6,213
12      2834    臺企銀  -6,158,
13      2885    元…",,
bulk_flag,1717,長興,M.1635317147.A.272,2021-10-27 14:45:47,情報,code,sparse,True,23,[情報] 1027上市投信買賣超排行,1,True,True,3455,"[代號] …邦        57              23      8081致新        -123
24      6756威鋒電子    57              24      2891B中信金乙特 -100
25      【1717】長興        50              25      2383台光電      -98
26      4551智伸科      50              26      2351順德        -86
27…",,
bulk_flag,2104,國際中橡,M.1548169370.A.ED5,2019-01-22 23:02:50,其他,code,sparse,True,231,[其他] 108/01/22 加權股價指數成分股暨市值比重 已刪文,2,True,True,33316,"[代號] …1287%         549     2459    敦吉    0.0132%
100     1802    台玻    0.1282%         550     2348    海悅    0.0131%
101     【2104】    國際中橡0.1275%         551     1457    宜進    0.0131%
102     2812    台中銀  0.1249%         552     4976    佳凌    0.0131%…
[簡稱(name)] …549     2459    敦吉    0.0132%
100     1802    台玻    0.1282%         550     2348    海悅    0.0131%
101     2104    【國際中橡】0.1275%         551     1457    宜進    0.0131%
102     2812    台中銀  0.1249%         552     4976    佳凌    0.0131%
103…",,
bulk_flag,2337,旺宏,M.1504620071.A.419,2017-09-05 22:01:11,其他,code,dense,True,20,[其他] 9/5 台灣集中市場投信買賣超前30名 已刪文,1,True,True,2670,"[代號] …南亞科         571    63.50    -0.50
1326   台化           563    95.50     0.80
1515   力山           543    43.00     3.90
【2337】   旺宏           493    48.50     3.35
2345   智邦           424    89.50     3.60
00637L 元大滬深300正2 393    16.97     0.24
3…",,
bulk_flag,5203,訊連,M.1737127438.A.DAE,2025-01-17 23:23:58,新聞,code,sparse,True,23,[新聞] 四檔ETF成分股異動20日生效　00733更換,1,True,True,1860,"[代號] …80敦陽科、3019亞光、3035智原、3059華
晶科、3189景碩、3376新日興、3406玉晶光、3443創意、3450聯鈞、3645達邁、3694海華、
4576大銀微系統、4912聯德控股-KY、4952凌通、4977眾達-KY、【5203】訊連、5269祥碩、5522
遠雄、6112邁達特、6271同欣電、6442光聖、6526達發、6691洋基工程、6781AES-KY、6789
采鈺、8046南電、8374羅昇、9802鈺齊-KY。

00733成分股刪除45檔包括130…",,
bulk_flag,2915,潤泰全,M.1665994348.A.7E9,2022-10-17 16:12:28,情報,code,sparse,True,28,[情報] 1017 上市外資買賣超排行,1,True,True,3096,"[代號] …868
42      2347    聯強    852
43      6239    力成    842
44      00892   富邦台灣半導體  788
45      2492    華新科  772
46      【2915】    潤泰全  763
47      3062    建漢    761
48      4961    天鈺    696
49      2607    榮運    640,
50      3661    世芯-KY 621

賣…",,
bulk_flag,2303,聯電,M.1736837416.A.B45,2025-01-14 14:50:16,情報,code,dense,True,26,[情報] 0114 上市投信買賣超排行,1,True,True,4543,"[代號] …華南金                  6,027
2884            玉山金                  5,173
5876            上海商銀                4,695
【2303】            聯電                    3,633
2606            裕民                    3,315
2886            兆豐金…",,
bulk_flag,2616,山隆,M.1515312962.A.5A9,2018-01-07 16:16:02,標的,code,sparse,True,210,[標的] 本週股票多空表 已刪文,1,True,False,64638,"[代號] …0.09        多單跌破18.37出場
8924    上漲機率PERCENTRANK 0.088       多單跌破26.74出場
8905    上漲機率PERCENTRANK 0.087       多單跌破16.99出場
【2616】    上漲機率PERCENTRANK 0.087       多單跌破32.41出場
3299    上漲機率PERCENTRANK 0.085       多單跌破64.94出場
8176    上漲機率PERCENTRANK 0.08…",,
bulk_flag,2707,晶華,M.1679382149.A.B2E,2023-03-21 15:02:29,情報,code,sparse,True,25,[情報] 0321 上市投信買賣超排行,1,True,True,2813,"[代號] …273
24      2345智邦        272
25      1504東元        261
26      0056元大高股息  255
27      2883開發金      247
28      【2707】晶華        239
29      2885元大金      237
30      2330台積電      232
31      1101台泥        231
32      2645長榮航太    188
33…",,
bulk_flag,2915,潤泰全,M.1642512335.A.78D,2022-01-18 21:25:35,情報,code,sparse,True,18,[情報] 00733.TW 2022 年第 1 次成分股定期審核,1,True,True,1425,"[代號] …聯發、1476 儒鴻、
1612 宏泰、1722 台肥、1727 中華化、1776 展宇、1810 和成、
2201 裕隆、2358 廷鑫、2371 大同、2414 精技、2436 偉詮電、
2486 一詮、2597 潤弘、2905 三商、【2915】 潤泰全、3017 奇鋐、
3021 鴻名、3033 威健、3062 建漢、3167 大量、3305 昇貿、
3443 創意、3515 華擎、3518 柏騰、3653 健策、3661 世芯-KY、
3701 大眾控、3712 永崴投控、49…",,
bulk_flag,2002,中鋼,M.1545916677.A.B25,2018-12-27 21:17:57,其他,code,dense,True,20,[其他] 12/27 台灣集中市場三大法人買賣超前30名 已刪文,2,True,True,3264,"[代號] …50     -879    20832
00672L  元大S&P原油正2  15292   0       1360    16652
2330    台積電          8967    -34     24      8957
【2002】    中鋼            8839    0       -150    8689
3481    群創            7056    0       78      7134
2886    兆豐金          6…
[代號] …0       2171    2171
2892    第一金          2072    0       1       2073
00631L  元大台灣50正2   414     0       1588    【2002】



賣超
代碼    名稱            外資    投信    自營商  合計買賣超
00637L  元大滬深300正2  -7878   0       -4126   -12004
00632R  元大台灣50反1   3…",,
bulk_flag,2317,鴻海,M.1717570343.A.18E,2024-06-05 14:52:23,情報,code,dense,True,24,[情報] 0605 上市投信買賣超排行,1,True,True,4611,"[代號] …元大金                  -496
2404            漢唐                    -491
5388            中磊                    -456
【2317】            鴻海                    -366
2606            裕民                    -353
1722            台肥…",,
