week,n_names,q1,n_q1,q2,n_q2,q3,n_q3,q4,n_q4,q5,n_q5,long_short,turnover_long,turnover_short,turnover_avg,spec
2015-06-28,52,0.011958408804261689,11,-0.006275002886010761,10,-0.01409999145565909,10,0.01932729480224906,10,0.000777350682504356,11,-0.011181058121757332,1.0,1.0,1.0,等權・未篩選
2015-07-05,61,-0.02552515212836015,13,-0.04013810331477471,12,-0.04576330882656024,12,-0.03231777825299991,12,-0.0328224205409185,12,-0.007297268412558351,0.4166666666666667,0.38461538461538464,0.40064102564102566,等權・未篩選
2015-07-12,64,0.023295029685547284,13,0.002537669239921705,13,0.01815637794697063,12,-0.005017819165678202,13,0.0031340036563484077,13,-0.020161026029198878,0.8461538461538461,0.6153846153846154,0.7307692307692308,等權・未篩選
2015-07-19,69,-0.03503081913009991,14,-0.03226590462697922,14,-0.04920200245991584,13,-0.06846423115752147,14,-0.026114575346325053,14,0.008916243783774855,0.7142857142857143,0.5,0.6071428571428572,等權・未篩選
2015-07-26,71,-0.0024310675712449973,15,-0.02527445289410718,14,-0.019006182617199822,14,-0.020874772634019108,14,-0.0066421113528813734,14,-0.0042110437816363765,0.5,0.3333333333333333,0.41666666666666663,等權・未篩選
2015-08-02,81,-0.010891856474092946,17,-0.006561553530102668,16,0.015828690645103984,16,-0.005377801348362604,16,-0.012911663314444877,16,-0.002019806840351931,0.6875,0.5882352941176471,0.6378676470588236,等權・未篩選
2015-08-09,85,0.0014118645878667174,17,0.0057531802652702226,17,0.00930053359911193,17,0.013224655774154881,17,-0.008252874284580455,17,-0.009664738872447173,0.5294117647058824,0.29411764705882354,0.4117647058823529,等權・未篩選
2015-08-16,89,-0.0548161904735136,18,-0.03516216830673086,18,-0.0757398613865356,17,-0.052811534331769265,18,-0.06709969405815658,18,-0.012283503584642981,0.4444444444444444,0.3333333333333333,0.38888888888888884,等權・未篩選
2015-08-23,95,0.04186174953675755,19,0.02047867682639059,19,0.02663684009730077,19,0.05142172333655636,19,0.060457832624389404,19,0.018596083087631853,0.9473684210526315,0.47368421052631576,0.7105263157894737,等權・未篩選
2015-08-30,99,0.0018376906568958128,20,0.019643972704122846,20,0.002968768608282622,19,0.03505957142881182,20,0.017022550811634014,20,0.015184860154738201,0.7,0.7,0.7,等權・未篩選
2015-09-06,101,0.04057902157398036,21,0.05927385540635727,20,0.048091773321359485,20,0.05910103378283604,20,0.039423678344019955,20,-0.001155343229960408,0.55,0.3333333333333333,0.44166666666666665,等權・未篩選
2015-09-13,103,0.006061708150162757,21,0.015018944295768994,20,0.0118061808074429,21,0.016202464965934655,20,0.009352790762266387,21,0.00329108261210363,0.6190476190476191,0.38095238095238093,0.5,等權・未篩選
2015-09-20,108,-0.024890869570098076,22,-0.022331286439308134,21,-0.035597519071964005,22,-0.0033432816202869165,21,-0.020291354733325582,22,0.004599514836772494,0.22727272727272727,0.13636363636363635,0.18181818181818182,等權・未篩選
2015-09-27,111,0.028277040667635738,23,0.03680654395584839,22,0.03737379276410449,22,0.028787842680043342,22,0.033341480852508855,22,0.005064440184873117,0.36363636363636365,0.21739130434782608,0.29051383399209485,等權・未篩選
2015-10-04,115,0.00991922666666094,23,-0.003906584656690557,23,0.0065333274822644526,23,0.02060395557469987,23,0.003149301282790195,23,-0.006769925383870745,0.34782608695652173,0.21739130434782608,0.2826086956521739,等權・未篩選
2015-10-11,114,0.023896750665772633,23,0.011433237868753547,23,0.019399824714861024,22,0.013051947543696154,23,0.00957480367490744,23,-0.014321946990865192,0.21739130434782608,0.13043478260869565,0.17391304347826086,等權・未篩選
2015-10-18,116,-9.864468737019738e-06,24,0.015834792098799125,23,-0.0026704595259306823,23,0.0009347022485492149,23,0.006072345535681661,23,0.006082210004418681,0.2608695652173913,0.16666666666666666,0.213768115942029,等權・未篩選
2015-10-25,119,-0.02063216003513615,24,-0.012584276201839667,24,-0.010072876725840858,23,-0.009402505783960952,24,0.003724717633908234,24,0.024356877669044385,0.3333333333333333,0.5,0.41666666666666663,等權・未篩選
2015-11-01,120,0.013140254875265739,24,0.004911382687479635,24,0.015247780074520087,24,0.01496402355082982,24,0.01264686138213591,24,-0.0004933934931298286,0.25,0.4583333333333333,0.35416666666666663,等權・未篩選
2015-11-08,123,-0.042493571972137205,25,-0.040193248204493486,24,-0.05065219309473917,25,-0.04784022803785145,24,-0.03596711186033026,25,0.0065264601118069435,0.28,0.36,0.32,等權・未篩選
2015-11-15,126,0.023972598459553702,26,0.022572188878656207,25,0.03594545587396926,25,0.0404052795783862,25,0.01670869117380265,25,-0.007263907285751051,0.32,0.15384615384615385,0.23692307692307693,等權・未篩選
2015-11-22,131,-0.02327134926576208,27,-0.01249183021368924,26,-0.012565488095575882,26,-0.02480772155389932,26,-0.005945331154625353,26,0.017326018111136727,0.3076923076923077,0.2962962962962963,0.301994301994302,等權・未篩選
2015-11-29,134,0.010696037246965358,27,0.01124751746952776,27,-0.004944483298138189,26,0.01468571604281744,27,0.0051727913438239835,27,-0.005523245903141375,0.2962962962962963,0.2962962962962963,0.2962962962962963,等權・未篩選
2015-12-06,135,-0.033186708629830655,27,-0.048686978266335106,27,-0.04544567255131478,27,-0.03350087108538908,27,-0.03606162224110673,27,-0.002874913611276078,0.2962962962962963,0.25925925925925924,0.2777777777777778,等權・未篩選
2015-12-13,137,0.036964956101595656,28,0.026903466997606665,27,0.04429941747866592,27,0.036752873100237136,27,0.03219779958840395,28,-0.004767156513191706,0.35714285714285715,0.32142857142857145,0.3392857142857143,等權・未篩選
2015-12-20,141,0.03165010278114721,29,0.040483279611725216,28,0.011958311270760589,28,0.028564402284570193,28,0.011688835043837562,28,-0.01996126773730965,0.21428571428571427,0.1724137931034483,0.1933497536945813,等權・未篩選
2015-12-27,144,-0.008092131506204393,29,-0.0019473384739018657,29,-0.001977976874184844,28,0.0011781395485299087,29,-0.004641048381557793,29,0.0034510831246466,0.27586206896551724,0.20689655172413793,0.24137931034482757,等權・未篩選
2016-01-03,147,-0.039851905538713234,30,-0.03941544697759568,29,-0.04335516561714208,29,-0.04495286069334808,29,-0.04197373321421617,30,-0.002121827675502938,0.2,0.16666666666666666,0.18333333333333335,等權・未篩選
2016-01-10,147,-0.019598923018310767,30,-0.020435568025872927,29,-0.014177853067586356,29,-0.02681778534285439,29,-0.02410277631961562,30,-0.004503853301304855,0.26666666666666666,0.23333333333333334,0.25,等權・未篩選
2016-01-17,148,0.014568099728647125,30,0.01740695004908553,29,0.03631247932687745,30,0.04160234100429303,29,0.025662554877075396,30,0.011094455148428271,0.4,0.36666666666666664,0.3833333333333333,等權・未篩選
2016-01-24,149,0.035242886258392066,30,0.029656995732843864,30,0.02500892891873015,29,0.03775448037984737,30,0.030222883407122172,30,-0.005020002851269894,0.1,0.13333333333333333,0.11666666666666667,等權・未篩選
2016-01-31,149,-0.008688350717494934,30,-0.009576624582520699,30,-0.011994613442425238,29,-0.005429458169930171,30,-0.007887433366366318,30,0.0008009173511286157,0.36666666666666664,0.16666666666666666,0.26666666666666666,等權・未篩選
2016-02-14,150,0.029348222068743133,30,0.03560361003855179,30,0.028701338786943906,30,0.04160298163567115,30,0.03722980846247259,30,0.007881586393729458,0.4,0.4,0.4,等權・未篩選
2016-02-21,150,0.013304343803375173,30,0.01894016656351928,30,0.01255602196170873,30,0.009665805620932121,30,0.010087964393693935,30,-0.0032163794096812387,0.3,0.1,0.2,等權・未篩選
2016-02-28,151,0.03509383402674478,31,0.018188807441138898,30,0.02874483753592745,30,0.025872779567901787,30,0.020100192321635246,30,-0.014993641705109532,0.3333333333333333,0.3225806451612903,0.3279569892473118,等權・未篩選
2016-03-06,152,0.00617017534739376,31,-0.0017138651505769172,30,0.015209211097801718,30,-0.0004986604504848188,30,-0.0049284951182748315,31,-0.011098670465668592,0.45161290322580644,0.22580645161290322,0.3387096774193548,等權・未篩選
2016-03-13,152,-0.007368482473030809,31,-0.0031161184313633203,30,-0.011114700634566273,30,0.004135810258426446,30,-0.008699765008240141,31,-0.0013312825352093322,0.5483870967741935,0.5161290322580645,0.532258064516129,等權・未篩選
2016-03-20,153,-0.015852736036825892,31,-0.012004594330265416,30,-0.008408456298068264,31,-0.010075927960008413,30,-0.010506091501724314,31,0.005346644535101579,0.4838709677419355,0.3870967741935484,0.43548387096774194,等權・未篩選
2016-03-27,157,-0.006886096764854972,32,-0.007236204645593123,31,-0.006862791195282941,31,-0.022296699548076743,31,-0.009080437330378728,32,-0.0021943405655237558,0.53125,0.46875,0.5,等權・未篩選
2016-04-03,159,-0.004690730887430602,32,0.0012637696375803337,32,-0.0027452031551303394,31,0.001699462908857148,32,-0.007340869973290115,32,-0.002650139085859513,0.0625,0.09375,0.078125,等權・未篩選
2016-04-10,160,0.03165259678459617,32,0.014349107292305471,32,0.016264549695002326,32,0.00207619462722166,32,0.01067185343270001,32,-0.02098074335189616,0.40625,0.15625,0.28125,等權・未篩選
2016-04-17,160,-0.00886820272047386,32,-0.022886889671253036,32,-0.01846388508510069,32,-0.018043314252255322,32,-0.010513123435044198,32,-0.001644920714570338,0.5625,0.34375,0.453125,等權・未篩選
2016-04-24,161,-0.022505949707052775,33,-0.010908460935304898,32,-0.021066011474159953,32,-0.01347178459211961,32,-0.014829842212308823,32,0.007676107494743952,0.4375,0.3333333333333333,0.38541666666666663,等權・未篩選
2016-05-01,163,-0.021702547994179106,33,-0.02260438088894694,32,-0.025107933337337122,33,-0.026755642029043184,32,-0.007194268523958543,33,0.014508279470220563,0.36363636363636365,0.36363636363636365,0.36363636363636365,等權・未篩選
2016-05-08,162,-0.02389100632746547,33,-0.01833536584527317,32,-0.016847525915014396,32,-0.02625503401982675,32,-0.023575026307738136,33,0.0003159800197273348,0.2727272727272727,0.24242424242424243,0.25757575757575757,等權・未篩選
2016-05-15,156,0.0010748244745159632,32,0.011555508563095836,31,-1.034427850590914e-05,31,0.012026464641148258,31,0.010685929857492636,31,0.009611105382976673,0.22580645161290322,0.21875,0.22227822580645162,等權・未篩選
2016-05-22,155,0.029075921826910843,31,0.030420300052119358,31,0.024941764254986825,31,0.03703473473717185,31,0.023575742385653055,31,-0.005500179441257788,0.1935483870967742,0.16129032258064516,0.1774193548387097,等權・未篩選
2016-05-29,154,0.013297244651960404,31,-0.0011136765324123873,31,-0.0007436808421432165,30,0.008939375505853431,31,0.004146176738886487,31,-0.009151067913073917,0.0967741935483871,0.16129032258064516,0.12903225806451613,等權・未篩選
2016-06-05,152,-0.0012389762889273293,31,0.0028412588707188028,30,-7.925692401781944e-05,30,-0.0008050336477396835,30,0.00448866916715822,31,0.0057276454560855495,0.0967741935483871,0.03225806451612903,0.06451612903225806,等權・未篩選
2016-06-12,153,0.0008166126338490805,31,0.003358372218140826,30,-0.006246020150948281,31,-0.01380031284501723,30,0.0016147260953378738,31,0.0007981134614887933,0.12903225806451613,0.22580645161290322,0.1774193548387097,等權・未篩選
2016-06-19,151,-0.01002341240276458,31,-0.00018909306776238033,30,-0.004048982772172653,30,-0.00569359700904131,30,-0.009543563280607308,30,0.00047984912215727135,0.1,0.16129032258064516,0.13064516129032258,等權・未篩選
2016-06-26,151,0.03610157288586006,31,0.027970315440832085,30,0.02769669250296498,30,0.022619474552016253,30,0.036634282207070094,30,0.000532709321210037,0.23333333333333334,0.3548387096774194,0.2940860215053763,等權・未篩選
2016-07-03,150,-0.0037234297234968222,30,-0.001703480620301042,30,0.0006175136770018648,30,0.006722993819540964,30,-0.0028189335106644084,30,0.0009044962128324139,0.26666666666666666,0.23333333333333334,0.25,等權・未篩選
2016-07-10,150,0.019254602303182454,30,0.02164704090690876,30,0.012127839280088962,30,0.01817921002515347,30,0.010994485688586252,30,-0.008260116614596202,0.43333333333333335,0.4,0.4166666666666667,等權・未篩選
2016-07-17,152,0.007458295201494135,31,0.02078628612879149,30,0.006888064645008881,30,0.022641840000963368,30,0.006628535924899325,31,-0.0008297592765948098,0.5483870967741935,0.41935483870967744,0.4838709677419355,等權・未篩選
2016-07-24,152,-0.0017994840848957624,31,0.0006794085998108934,30,-0.006247827887720151,30,0.007729511417948084,30,-0.0017416008591061903,31,5.7883225789572045e-05,0.0967741935483871,0.06451612903225806,0.08064516129032258,等權・未篩選
2016-07-31,150,0.007942616951144465,30,0.01705633603727819,30,0.015118632976145012,30,0.00592497065938256,30,0.012129310942355975,30,0.0041866939912115105,0.3333333333333333,0.26666666666666666,0.3,等權・未篩選
2016-08-07,148,-0.012877578151799858,30,0.001032082253487506,29,-0.006252675872967321,30,-0.014768166835471223,29,0.00755151847436029,30,0.02042909662616015,0.26666666666666666,0.26666666666666666,0.26666666666666666,等權・未篩選
2016-08-14,148,0.0005942858893306036,30,-0.0010236136849213246,29,0.006527380305876237,30,0.001045683687216864,29,0.001105279603151695,30,0.0005109937138210915,0.2,0.13333333333333333,0.16666666666666669,等權・未篩選
2016-08-21,148,0.009186633413664054,30,0.003739625272014332,29,-0.001791744211582802,30,0.00806173410608837,29,0.004180655779868296,30,-0.005005977633795758,0.23333333333333334,0.3,0.26666666666666666,等權・未篩選
2016-08-28,144,-0.016281978217208892,29,-0.011383945505136505,29,-0.005407860605785845,28,0.006032882674583132,29,-0.011700140810967343,29,0.004581837406241549,0.20689655172413793,0.20689655172413793,0.20689655172413793,等權・未篩選
2016-09-04,143,0.0002157822347194925,29,0.012226732778258016,28,0.010398583340779768,29,0.0019814104891303524,28,-0.001325693981515646,29,-0.0015414762162351385,0.2413793103448276,0.1724137931034483,0.20689655172413796,等權・未篩選
2016-09-11,142,-0.019257358037772572,29,-0.009759985727372225,28,-0.012117988592981447,28,-0.012043868213701289,28,-0.004824296377123151,29,0.014433061660649421,0.3103448275862069,0.3448275862068966,0.3275862068965517,等權・未篩選
2016-09-18,141,0.021014381354119774,29,0.024388711700922584,28,0.022847183024350293,28,0.01300708713098062,28,0.0115196994297963,28,-0.009494681924323473,0.14285714285714285,0.1724137931034483,0.15763546798029557,等權・未篩選
2016-09-25,140,-0.006153092501856051,28,-0.002062032082166828,28,-0.00782806762336305,28,-0.012211368353320536,28,-0.0029275092627381078,28,0.0032255832391179435,0.14285714285714285,0.14285714285714285,0.14285714285714285,等權・未篩選
2016-10-02,139,-0.001116771604527936,28,0.00032465120167269956,28,0.0035999585079622624,27,-0.0044886905604776695,28,0.0003555199538418414,28,0.0014722915583697774,0.17857142857142858,0.17857142857142858,0.17857142857142858,等權・未篩選
2016-10-09,139,-0.04483469113878396,28,-0.019251926046748576,28,-0.020527705936365732,27,-0.037375427935592245,28,-0.023519742896572726,28,0.021314948242211234,0.17857142857142858,0.21428571428571427,0.19642857142857142,等權・未篩選
2016-10-16,139,0.017454823092779414,28,0.02331072859484332,28,0.0178780918382527,27,0.017547447240351368,28,0.013230740721966703,28,-0.004224082370812711,0.07142857142857142,0.17857142857142858,0.125,等權・未篩選
2016-10-23,136,-0.003976122388396159,28,-0.0025633874887018107,27,-0.012519847555502103,27,-0.012505405645400588,27,-0.0022610919731352462,27,0.001715030415260913,0.2222222222222222,0.17857142857142858,0.2003968253968254,等權・未篩選
2016-10-30,137,-0.028106391708913454,28,-0.02391041349425532,27,-0.02805135179593971,27,-0.02645683767056342,27,-0.007969708465578805,28,0.020136683243334647,0.14285714285714285,0.10714285714285714,0.125,等權・未篩選
2016-11-06,137,0.008124149468459189,28,0.004371804680564919,27,-0.009251620783322015,27,-0.012165450627077244,27,-0.00023604679747061503,28,-0.008360196265929805,0.32142857142857145,0.2857142857142857,0.3035714285714286,等權・未篩選
2016-11-13,134,0.0218991899035651,27,0.011875189837478073,27,-0.00038227147329664786,26,0.01822469207599052,27,0.005019240376760722,27,-0.01687994952680438,0.18518518518518517,0.18518518518518517,0.18518518518518517,等權・未篩選
2016-11-20,134,0.003009783575764231,27,0.0066333891388129914,27,0.005026187254325533,26,0.012983723435801309,27,0.015457953629004631,27,0.0124481700532404,0.3333333333333333,0.3333333333333333,0.3333333333333333,等權・未篩選
2016-11-27,130,0.006478587157571825,26,0.01665306181656662,26,0.02143531961242569,26,-0.0006214934874263756,26,0.008947479442704477,26,0.002468892285132652,0.3076923076923077,0.2692307692307692,0.28846153846153844,等權・未篩選
2016-12-04,130,0.019746274997651296,26,0.022558213482057974,26,0.006838786324613403,26,0.004112422795281196,26,-0.0018829740473625912,26,-0.021629249045013888,0.07692307692307693,0.038461538461538464,0.057692307692307696,等權・未篩選
2016-12-11,130,-0.012332559340658168,26,0.0021794656857589923,26,0.0011278579874328676,26,-0.005458570309706794,26,-0.011139450750602221,26,0.0011931085900559468,0.23076923076923078,0.07692307692307693,0.15384615384615385,等權・未篩選
2016-12-18,129,-0.02513415187689033,26,-0.024765907957996332,26,-0.02110290724497445,25,-0.013270394755659685,26,-0.018389459177627725,26,0.006744692699262606,0.15384615384615385,0.15384615384615385,0.15384615384615385,等權・未篩選
2016-12-25,129,0.016549188467294078,26,0.011970531254780122,26,0.002030738906897538,25,0.006827750425320544,26,0.018847954088879366,26,0.002298765621585288,0.15384615384615385,0.19230769230769232,0.17307692307692307,等權・未篩選
2017-01-01,129,0.02454082970165352,26,0.009269811836077882,26,0.015584386116836378,25,0.010033617852208354,26,0.0012542028996117517,26,-0.023286626802041768,0.15384615384615385,0.15384615384615385,0.15384615384615385,等權・未篩選
2017-01-08,129,0.00409961515533999,26,-0.006000538381426595,26,-0.0027416896115639664,25,0.008495679858335813,26,-0.0005438480153297595,26,-0.00464346317066975,0.11538461538461539,0.19230769230769232,0.15384615384615385,等權・未篩選
2017-01-15,127,0.012231173857097138,26,-0.0029715012505625495,25,0.018813855876014633,25,0.002796080465491384,25,-0.001897904432930791,26,-0.014129078290027929,0.3076923076923077,0.3076923076923077,0.3076923076923077,等權・未篩選
2017-01-22,126,0.008403418363388914,26,0.005635350980981628,25,0.007954516508305006,25,0.009223196634650427,25,0.014004933790376248,25,0.005601515426987334,0.32,0.2692307692307692,0.2946153846153846,等權・未篩選
2017-01-29,128,0.004513284335857446,26,0.017920679637230482,25,0.007264771814818194,26,0.02098603898314781,25,0.003969439648258479,26,-0.0005438446875989673,0.38461538461538464,0.38461538461538464,0.38461538461538464,等權・未篩選
2017-02-05,128,0.020904014117029468,26,-0.0004980562818168766,25,0.019190638454399927,26,0.007678813979211698,25,0.0048103273584173545,26,-0.016093686758612114,0.38461538461538464,0.23076923076923078,0.3076923076923077,等權・未篩選
2017-02-12,130,0.006101875312051325,26,0.004333225483077237,26,0.025277759461170536,26,0.023937023868734256,26,0.010189503732928297,26,0.0040876284208769716,0.3076923076923077,0.3076923076923077,0.3076923076923077,等權・未篩選
2017-02-19,136,0.008820431208264387,28,-0.011008075194439096,27,-0.010342556683955862,27,0.007998650369147976,27,-0.002702442591563348,27,-0.011522873799827735,0.4074074074074074,0.39285714285714285,0.4001322751322751,等權・未篩選
2017-02-26,137,0.004460114937981687,28,-0.011719544818285242,27,0.007616672684315729,27,-0.011147065635077724,27,-0.0031104524973684933,28,-0.007570567435350181,0.35714285714285715,0.21428571428571427,0.2857142857142857,等權・未篩選
2017-03-05,140,-0.011721792760749614,28,-0.005049445193771992,28,-0.01251485615877874,28,-0.008858160117624692,28,-0.015243052545744429,28,-0.0035212597849948145,0.25,0.25,0.25,等權・未篩選
2017-03-12,141,0.02211858241073001,29,0.01502801660264542,28,0.010212173857897602,28,0.01769840115666933,28,0.013195970904724876,28,-0.008922611506005134,0.25,0.20689655172413793,0.22844827586206895,等權・未篩選
2017-03-19,139,-0.013427003924892758,28,0.0008999005972838267,28,-0.011273315085402047,27,-0.005884628109543564,28,0.00329949949116353,28,0.016726503416056287,0.32142857142857145,0.2857142857142857,0.3035714285714286,等權・未篩選
2017-03-26,137,-0.0067299216506018856,28,-0.003740562522474879,27,-0.01339798062606028,27,-0.010786917517848767,27,1.0617369209419453e-05,28,0.006740539019811305,0.39285714285714285,0.25,0.3214285714285714,等權・未篩選
2017-04-02,137,0.00402552344934023,28,0.0031922455802721895,27,-0.004865367971218376,27,-0.0017864998164752485,27,-0.003215116297544614,28,-0.007240639746884844,0.5714285714285714,0.25,0.4107142857142857,等權・未篩選
2017-04-09,135,-0.03556846907010113,27,-0.030373155452455322,27,-0.03440082204926116,27,-0.030982169792278254,27,-0.020624824526405388,27,0.014943644543695744,0.4074074074074074,0.2962962962962963,0.35185185185185186,等權・未篩選
2017-04-16,134,-0.0049775580626249556,27,0.0008069277456032278,27,-0.00976884430367116,26,-0.006225575849513714,27,-0.003268076182845784,27,0.0017094818797791715,0.4444444444444444,0.2962962962962963,0.37037037037037035,等權・未篩選
2017-04-23,134,0.011393890730951144,27,0.0029370463280121635,27,0.005527098903724732,26,0.01554401759860037,27,0.010220978285222972,27,-0.0011729124457281713,0.48148148148148145,0.3333333333333333,0.4074074074074074,等權・未篩選
2017-04-30,132,-0.010440871340848068,27,-0.009172180609747449,26,-0.005027519879612837,26,-0.0056036616154498484,26,-0.0013697774422325654,27,0.009071093898615502,0.7037037037037037,0.6296296296296297,0.6666666666666667,等權・未篩選
2017-05-07,133,-0.005599248077253748,27,-0.010539894049141296,26,-0.0069705458903708065,27,-0.020404699841252188,26,-0.01167517076319595,27,-0.006075922685942202,0.48148148148148145,0.37037037037037035,0.42592592592592593,等權・未篩選
2017-05-14,136,0.015514367120706708,28,-0.005069919319526651,27,-0.002910195652337818,27,-0.006528744653017753,27,-0.004237880784317938,27,-0.019752247905024646,0.5555555555555556,0.39285714285714285,0.4742063492063492,等權・未篩選
2017-05-21,133,0.016559749567531104,27,0.011083666405607671,26,0.02660769714134451,27,0.01811936955831655,26,0.019824287646051944,27,0.00326453807852084,0.4074074074074074,0.3333333333333333,0.37037037037037035,等權・未篩選
2017-05-28,131,0.009287589713384047,27,0.010426045179307397,26,0.0017941922272321454,26,0.004460521907364119,26,-0.003567269568545579,26,-0.012854859281929625,0.5,0.4444444444444444,0.4722222222222222,等權・未篩選
2017-06-04,133,-0.00023221025759566927,27,-0.00769115777427695,26,-0.001971966840008201,27,-0.0040090223528027,26,0.001029190417981831,27,0.0012614006755775002,0.7407407407407407,0.2962962962962963,0.5185185185185185,等權・未篩選
2017-06-11,134,-0.001514640345410839,27,-0.006623051880881941,27,-0.0022224704725556034,26,0.01077139181709613,27,-0.008068493191621099,27,-0.00655385284621026,0.8518518518518519,0.48148148148148145,0.6666666666666666,等權・未篩選
2017-06-18,132,0.013657182173492342,27,0.010300511199055434,26,0.008614407791690166,26,0.011481941833769268,26,0.01091647370977756,27,-0.0027407084637147815,0.48148148148148145,0.3333333333333333,0.4074074074074074,等權・未篩選
2017-06-25,131,0.0037480613328511624,27,-0.003763321184535352,26,0.010384488154909307,26,0.01993262796469404,26,0.0027602672154325523,26,-0.0009877941174186102,0.4230769230769231,0.37037037037037035,0.3967236467236467,等權・未篩選
2017-07-02,132,0.0010544660425691485,27,-0.0048633000819818676,26,-0.0028302873479547075,26,-0.004317466006487158,26,-0.005834238303045961,27,-0.006888704345615109,0.2222222222222222,0.1111111111111111,0.16666666666666666,等權・未篩選
2017-07-09,130,0.022194724980859244,26,0.013870634763669313,26,0.017636468418347425,26,0.008397544843195817,26,0.010639841557902464,26,-0.01155488342295678,0.3076923076923077,0.19230769230769232,0.25,等權・未篩選
2017-07-16,130,-0.001578934419911539,26,0.007133692839209509,26,0.0028352979792831733,26,0.0022503360648078964,26,-0.0027847108835882517,26,-0.0012057764636767127,0.5,0.38461538461538464,0.4423076923076923,等權・未篩選
2017-07-23,129,-0.008769983626415722,26,-0.004758101907147243,26,-0.0002560550894243363,25,-0.0011288639003926208,26,0.00042300010479556354,26,0.009192983731211286,0.5769230769230769,0.4230769230769231,0.5,等權・未篩選
2017-07-30,129,0.011162721865457205,26,0.016888389519564635,26,0.03429729746928013,25,0.008654991634905048,26,0.009150081976289508,26,-0.002012639889167696,0.46153846153846156,0.34615384615384615,0.40384615384615385,等權・未篩選
2017-08-06,128,-0.024701502498280722,26,-0.022104237053361717,25,-0.024052195318165395,26,-0.02179303165214298,25,-0.00654671498123409,26,0.018154787517046633,0.5,0.34615384615384615,0.4230769230769231,等權・未篩選
2017-08-13,127,0.009531129339231243,26,0.003877811391294963,25,0.012316543001667752,25,0.005100016885534013,25,0.011328375832072511,26,0.0017972464928412684,0.46153846153846156,0.4230769230769231,0.4423076923076923,等權・未篩選
2017-08-20,122,0.019448103777014353,25,0.02216138813709077,24,0.02598795969804588,24,0.01854702570344272,24,0.010210319271933548,25,-0.009237784505080806,0.28,0.24,0.26,等權・未篩選
2017-08-27,121,0.007435841321763634,25,0.011880435952315796,24,0.01881529317531544,24,0.02810890215534043,24,0.013307327301132618,24,0.0058714859793689836,0.5833333333333334,0.28,0.4316666666666667,等權・未篩選
2017-09-03,123,0.01106013243446533,25,0.007333432303887448,24,-0.00041655017756205394,25,0.0109951683687221,24,-0.00035401121069692285,25,-0.011414143645162253,0.64,0.56,0.6000000000000001,等權・未篩選
2017-09-10,122,-0.008173065494058288,25,0.005326468208798433,24,0.014087759263333444,24,0.017266805299203578,24,-0.003874857959493645,25,0.004298207534564643,0.4,0.2,0.30000000000000004,等權・未篩選
2017-09-17,120,-0.024100716686395324,24,-0.01597086830533206,24,-0.023684556209512268,24,0.007335507944106474,24,-0.013338400570664636,24,0.010762316115730688,0.6666666666666666,0.20833333333333334,0.4375,等權・未篩選
2017-09-24,122,-0.02927075283947809,25,-0.01215156505575929,24,0.002421297797184488,24,-0.014214587198682002,24,-0.00922605515055737,25,0.02004469768892072,0.88,0.68,0.78,等權・未篩選
2017-10-01,124,0.010762494761844503,25,0.013307039112849387,25,0.005243945717204472,24,0.006398713447877102,25,0.004258033594713928,25,-0.0065044611671305754,0.28,0.24,0.26,等權・未篩選
2017-10-08,124,0.00148460289447506,25,0.007035319191083898,25,-0.0041728898838552615,24,-0.0038032015967407063,25,0.010411930875400035,25,0.008927327980924975,0.32,0.44,0.38,等權・未篩選
2017-10-15,127,-0.013355417458584843,26,-0.006754735756205381,25,-0.007226130128177455,25,-0.0028702700458996854,25,-0.005591270971695787,26,0.007764146486889056,0.4230769230769231,0.23076923076923078,0.3269230769230769,等權・未篩選
2017-10-22,127,-0.009917601138487556,26,0.0027955001090695796,25,0.003534189522774134,25,0.002204220771270653,25,-0.010794309205209419,26,-0.0008767080667218628,0.46153846153846156,0.4230769230769231,0.4423076923076923,等權・未篩選
2017-10-29,128,0.0043604701799142935,26,0.0043237490480905775,25,-0.004090969993013833,26,0.008939243381588757,25,0.0006689214855180592,26,-0.0036915486943962343,0.5,0.4230769230769231,0.46153846153846156,等權・未篩選
2017-11-05,124,-0.0013653716427142325,25,-0.0042895393481376986,25,0.004723211791148309,24,-0.004522142767972439,25,-0.0031535289094694807,25,-0.0017881572667552482,0.4,0.36,0.38,等權・未篩選
2017-11-12,124,0.0022660740815666535,25,-0.0011028468964964944,25,-0.01300623853472653,24,-0.01220759747729847,25,-0.009893779601708085,25,-0.012159853683274737,0.48,0.32,0.4,等權・未篩選
2017-11-19,125,0.01177268702266185,25,0.0184709762567594,25,0.006488140256027495,25,0.01271303247290279,25,0.013453535270982635,25,0.0016808482483207845,0.52,0.48,0.5,等權・未篩選
2017-11-26,127,-0.016718661625391356,26,-0.007141140058305506,25,-0.008948304969071667,25,-0.008658749368086931,25,-0.005762410912189153,26,0.010956250713202203,0.46153846153846156,0.34615384615384615,0.40384615384615385,等權・未篩選
2017-12-03,129,-0.011951149519948613,26,0.00038050824212860937,26,-0.013428432397959943,25,-0.02066153446303747,26,-0.015166462743791558,26,-0.003215313223842945,0.5384615384615384,0.34615384615384615,0.4423076923076923,等權・未篩選
2017-12-10,130,0.009982291679403907,26,0.0055946378297116245,26,0.0009785373380008682,26,0.0007537026259931518,26,0.009540965183122965,26,-0.00044132649628094225,0.38461538461538464,0.2692307692307692,0.3269230769230769,等權・未篩選
2017-12-17,131,0.0020629242863501357,27,0.0003838403085320574,26,0.011340134922684299,26,0.0014416890069529407,26,0.0036560904784613438,26,0.001593166192111208,0.6153846153846154,0.48148148148148145,0.5484330484330484,等權・未篩選
2017-12-24,133,0.006799829698752792,27,0.014089837938509443,26,0.02198842768573255,27,0.027931868401343856,26,0.00634805955992919,27,-0.0004517701388236017,0.5925925925925926,0.4444444444444444,0.5185185185185185,等權・未篩選
2017-12-31,134,0.028689306585289297,27,0.017654359163759435,27,0.005536102906561855,26,0.012173278995198543,27,0.010369956660347917,27,-0.01831934992494138,0.25925925925925924,0.1111111111111111,0.18518518518518517,等權・未篩選
2018-01-07,136,-0.02146332756993481,28,4.024916977429382e-05,27,0.0057742053635930395,27,0.01356641809885765,27,0.003979867644836023,27,0.02544319521477083,0.37037037037037035,0.2857142857142857,0.328042328042328,等權・未篩選
2018-01-14,136,-0.0025225968591365395,28,-0.003867392509199315,27,-0.013632459282908682,27,-0.013454868504356678,27,0.014740821969246273,27,0.017263418828382813,0.37037037037037035,0.25,0.3101851851851852,等權・未篩選
2018-01-21,132,-0.002968725092731733,27,-0.01433765787323495,26,-0.0004011294380964908,26,0.010306320476010263,26,-0.0017841131459743341,27,0.001184611946757399,0.4444444444444444,0.18518518518518517,0.31481481481481477,等權・未篩選
2018-01-28,132,-0.004222375767744844,27,-0.007249078749620031,26,-0.01508258929089305,26,-0.011799838289819845,26,5.649860662158989e-05,27,0.004278874374366434,0.4444444444444444,0.2962962962962963,0.37037037037037035,等權・未篩選
2018-02-04,131,-0.05246716224752084,27,-0.04529192346594815,26,-0.03814375050851581,26,-0.04663436126827588,26,-0.03661307132071225,26,0.01585409092680859,0.34615384615384615,0.4074074074074074,0.37678062678062674,等權・未篩選
2018-02-11,131,-0.010552235467370637,27,-0.005150457727771673,26,-0.0004809245849362512,26,-0.0014217193526877216,26,-0.0001247947975292186,26,0.010427440669841418,0.4230769230769231,0.4074074074074074,0.41524216524216523,等權・未篩選
2018-02-18,130,0.011745427493775063,26,0.01413459785157297,26,0.023496055327785113,26,0.03211453386366704,26,0.025733177298477513,26,0.01398774980470245,0.5,0.38461538461538464,0.4423076923076923,等權・未篩選
2018-02-25,133,0.003217447387573869,27,0.0019672862223985565,26,-0.014850636040215127,27,-0.01587374428374659,26,-0.014666552141357765,27,-0.017883999528931632,0.7777777777777778,0.5925925925925926,0.6851851851851851,等權・未篩選
2018-03-04,131,-0.004181277928151035,27,-0.011416832167082844,26,-0.009862845770947575,26,0.004927084092567113,26,0.00591213716413405,26,0.010093415092285084,0.7692307692307693,0.6296296296296297,0.6994301994301995,等權・未篩選
2018-03-11,133,0.006506443244772971,27,0.004393870286642787,26,0.0012227127784946456,27,-0.0032970221337117124,26,0.0016593860122135382,27,-0.004847057232559433,0.37037037037037035,0.3333333333333333,0.35185185185185186,等權・未篩選
2018-03-18,129,-0.018427066664981267,26,-0.01878400073546171,26,-0.02873559599972748,25,-0.01471474008460686,26,-0.017361893667098338,26,0.0010651729978829287,0.4230769230769231,0.3076923076923077,0.3653846153846154,等權・未篩選
2018-03-25,129,0.019728812123563075,26,0.029449966095947442,26,0.05023105008492958,25,0.00277216730198504,26,0.029362684374513927,26,0.009633872250950852,0.38461538461538464,0.2692307692307692,0.3269230769230769,等權・未篩選
2018-04-01,133,-0.0014429139299079062,27,0.00760832009660049,26,-0.005707871221930686,27,0.0010369139978747299,26,0.001502609731424403,27,0.0029455236613323095,0.9259259259259259,0.5555555555555556,0.7407407407407407,等權・未篩選
2018-04-08,134,0.01470578102190239,27,0.012998585947399699,27,0.0013448138582655273,26,0.026510618172930208,27,-0.006430842166180482,27,-0.021136623188082872,0.9629629629629629,0.6666666666666666,0.8148148148148148,等權・未篩選
2018-04-15,134,-0.004373040655117212,27,-0.0036190585986864646,27,-0.007124596469436964,26,-0.007739397451995597,27,-0.0030791748881589635,27,0.0012938657669582486,0.48148148148148145,0.25925925925925924,0.37037037037037035,等權・未篩選
2018-04-22,134,-0.030658019782159568,27,-0.03580490293267916,27,-0.029922574941955857,26,-0.030584790760123527,27,-0.021646815565394845,27,0.009011204216764723,0.3333333333333333,0.25925925925925924,0.2962962962962963,等權・未篩選
2018-04-29,133,-0.005941685545033653,27,-0.021483920452155688,26,-0.0006565363319177729,27,-0.0002809851613782811,26,-0.006988571352134031,27,-0.0010468858071003779,0.5555555555555556,0.48148148148148145,0.5185185185185185,等權・未篩選
2018-05-06,133,0.010148091633738742,27,0.013312518488660625,26,0.007934379032711871,27,0.03443018570655263,26,0.01374501424962774,27,0.0035969226158889984,0.3333333333333333,0.2962962962962963,0.31481481481481477,等權・未篩選
2018-05-13,131,-0.0010958035095654907,27,-0.009246362334199223,26,-0.0027210413830673864,26,-0.01043098944903643,26,-0.007874254355320678,26,-0.006778450845755187,0.4230769230769231,0.4074074074074074,0.41524216524216523,等權・未篩選
2018-05-20,133,-0.009641456850419776,27,-0.0089690901803098,26,-0.0028540226621047798,27,0.007816825322170155,26,0.002637375562616936,27,0.012278832413036712,0.6296296296296297,0.37037037037037035,0.5,等權・未篩選
2018-05-27,135,0.006869028428471981,27,0.007211441555565219,27,0.004043837176268274,27,0.05851578741630942,27,0.008040520802985805,27,0.0011714923745138241,0.5555555555555556,0.2962962962962963,0.42592592592592593,等權・未篩選
2018-06-03,137,0.016886417395598496,28,0.0027110415319382326,27,-0.0034390327778517113,27,0.011116860887085868,27,0.014260086109826296,28,-0.0026263312857722,0.35714285714285715,0.2857142857142857,0.3214285714285714,等權・未篩選
2018-06-10,136,-0.00012550833324357198,28,-0.006721519199423226,27,-0.009037913762066628,27,0.005931930434902921,27,-0.018361687236796213,27,-0.01823617890355264,0.5185185185185185,0.2857142857142857,0.4021164021164021,等權・未篩選
2018-06-17,137,-0.014725762240083604,28,-0.017601358505097912,27,-0.013299829787136409,27,-0.01932477268630823,27,0.006236154385445503,28,0.020961916625529105,0.5714285714285714,0.35714285714285715,0.4642857142857143,等權・未篩選
2018-06-24,137,0.002182946371798492,28,-0.006413307826146834,27,-0.007378165125001585,27,-0.01843591289572776,27,-0.02807968191607193,28,-0.03026262828787042,0.5714285714285714,0.39285714285714285,0.4821428571428571,等權・未篩選
2018-07-01,136,-0.03405975686673597,28,-0.03761021434396098,27,-0.03142792906991503,27,-0.041475015428355605,27,-0.017571616350097727,27,0.016488140516638244,0.5185185185185185,0.35714285714285715,0.4378306878306878,等權・未篩選
2018-07-08,135,0.03502704244489358,27,0.029769469854888483,27,0.026988908172125608,27,0.026382580424741255,27,0.020527914777935013,27,-0.014499127666958569,0.3333333333333333,0.2962962962962963,0.31481481481481477,等權・未篩選
2018-07-15,135,-0.03283871852373427,27,-0.003814277805436026,27,7.176493629172202e-06,27,-0.008381058922493252,27,-0.003152361956104149,27,0.029686356567630117,0.48148148148148145,0.2962962962962963,0.38888888888888884,等權・未篩選
2018-07-22,132,0.032456636072754265,27,0.014219669460075498,26,0.013214336364525327,26,0.009321315212158428,26,0.01640581645896416,27,-0.016050819613790106,0.5185185185185185,0.4444444444444444,0.48148148148148145,等權・未篩選
2018-07-29,132,-0.006961412757815087,27,0.011401058840768384,26,0.005454669578382886,26,-0.0026441437824356808,26,-0.00239064715154376,27,0.0045707656062713275,0.48148148148148145,0.4074074074074074,0.4444444444444444,等權・未篩選
2018-08-05,134,-0.0165299833578661,27,-0.003301928881263777,27,-0.0041000730212047976,26,-0.004982672897212836,27,-0.0017146503270666523,27,0.014815333030799446,0.5555555555555556,0.4444444444444444,0.5,等權・未篩選
2018-08-12,133,-0.01284097801231455,27,-0.03028931986215447,26,-0.021603826414695288,27,-0.030665322174890798,26,-0.02387409637562663,27,-0.011033118363312082,0.5925925925925926,0.2962962962962963,0.4444444444444444,等權・未篩選
2018-08-19,134,0.004412345972854403,27,0.004463369295979725,27,0.00772467722444129,26,0.017373823574181515,27,0.0065719710666127685,27,0.0021596250937583657,0.7037037037037037,0.3333333333333333,0.5185185185185185,等權・未篩選
2018-08-26,134,0.0021074596004409304,27,0.009388650608035624,27,0.0075762703313693,26,0.028711264463443024,27,0.006735429438540198,27,0.004627969838099268,0.37037037037037035,0.4444444444444444,0.4074074074074074,等權・未篩選
2018-09-02,135,-0.04995247312823827,27,-0.018919431619432252,27,-0.031231416488569832,27,-0.04809548595402229,27,-0.02873144109314614,27,0.02122103203509213,0.37037037037037035,0.2962962962962963,0.3333333333333333,等權・未篩選
2018-09-09,132,-0.002425933776796172,27,0.00575143518746668,26,-0.0008115552591813582,26,-0.0012828757003106124,26,0.012976950155935894,27,0.015402883932732066,0.2962962962962963,0.2222222222222222,0.25925925925925924,等權・未篩選
2018-09-16,131,0.019051375351788292,27,0.01152015808269029,26,0.007466704170061926,26,0.009925570861009139,26,0.010429639938035905,26,-0.008621735413752387,0.2692307692307692,0.2222222222222222,0.24572649572649571,等權・未篩選
2018-09-23,130,0.006895372338371692,26,-0.0019351798621202944,26,0.011099927690353664,26,0.00908292337888886,26,0.007328011993137446,26,0.00043263965476575406,0.5,0.3076923076923077,0.40384615384615385,等權・未篩選
2018-09-30,132,-0.05133612400786453,27,-0.04889069462486146,26,-0.04188886750102759,26,-0.04896039184726564,26,-0.031994317106610826,27,0.019341806901253707,0.5185185185185185,0.4074074074074074,0.4629629629629629,等權・未篩選
2018-10-07,134,-0.044957302567716004,27,-0.04608571482454242,27,-0.05828859474129226,26,-0.08662040206973118,27,-0.03498032728162736,27,0.009976975286088645,0.25925925925925924,0.2962962962962963,0.2777777777777778,等權・未篩選
2018-10-14,134,-0.012140497630350225,27,-0.03598598555442968,27,-0.001384875083007429,26,0.0061725977196064276,27,-0.013105053457855377,27,-0.0009645558275051518,0.6666666666666666,0.4074074074074074,0.537037037037037,等權・未篩選
2018-10-21,133,-0.0684099166684532,27,-0.049531213512307756,26,-0.04206192011691575,27,-0.05458322389676419,26,-0.030288293175732846,27,0.03812162349272035,0.7407407407407407,0.48148148148148145,0.611111111111111,等權・未篩選
2018-10-28,133,0.04576831702435732,27,0.05028612447579296,26,0.03747562913275279,27,0.04642993983740739,26,0.02802219697879212,27,-0.017746120045565198,0.25925925925925924,0.18518518518518517,0.2222222222222222,等權・未篩選
2018-11-04,131,0.0011356386643236625,27,0.01671856881067289,26,0.010061088793627607,26,-0.003008691708541225,26,0.0008774048060202467,26,-0.00025823385830341583,0.19230769230769232,0.14814814814814814,0.17022792022792022,等權・未篩選
2018-11-11,131,0.00637602031784758,27,0.023607112156189818,26,0.017284412823592214,26,0.015218676651946591,26,0.015005250235866109,26,0.008629229918018528,0.34615384615384615,0.2222222222222222,0.2841880341880342,等權・未篩選
2018-11-18,130,-0.021903992715580637,26,-0.006346823072643081,26,-0.010907926086698857,26,-0.010009634466547734,26,-0.014739184475127702,26,0.007164808240452935,0.34615384615384615,0.3076923076923077,0.3269230769230769,等權・未篩選
2018-11-25,129,0.008299309649419478,26,0.026560420398073215,26,0.029917738329831592,25,0.057258842107174586,26,0.023017059110119777,26,0.0147177494607003,0.3076923076923077,0.3076923076923077,0.3076923076923077,等權・未篩選
2018-12-02,125,-0.01657640585726853,25,-0.013696862688636267,25,-0.011141356407974414,25,-0.02351017960495824,25,-0.013413611904822518,25,0.0031627939524460115,0.4,0.16,0.28,等權・未篩選
2018-12-09,129,0.011345500340930027,26,0.0179831180097667,26,0.015744469499660293,25,0.006829696726584669,26,0.006470560083230825,26,-0.004874940257699202,0.5769230769230769,0.38461538461538464,0.4807692307692307,等權・未篩選
2018-12-16,131,-0.005668274724941095,27,-0.007490707921110336,26,-0.01886250819857085,26,-0.02832001753187716,26,-0.019599089078516322,26,-0.013930814353575228,0.7307692307692307,0.5555555555555556,0.6431623931623931,等權・未篩選
2018-12-23,131,-0.009820958375906496,27,-0.009670359770741304,26,0.0065973722644118455,26,-0.004517675959050367,26,-0.017044709638733058,26,-0.007223751262826561,0.8461538461538461,0.4074074074074074,0.6267806267806267,等權・未篩選
2018-12-30,132,-0.025092310526005853,27,-0.017654809818708386,26,-0.016507943897274852,26,-0.008881510396247402,26,-0.020427997895741488,27,0.004664312630264365,0.8888888888888888,0.48148148148148145,0.6851851851851851,等權・未篩選
2019-01-06,130,0.014617162455497844,26,0.01845350885830246,26,0.01376612453470949,26,0.002454195458356452,26,0.015315420008307977,26,0.0006982575528101335,0.2692307692307692,0.23076923076923078,0.25,等權・未篩選
2019-01-13,132,0.0067868732360840634,27,0.006199821338064908,26,0.00901508464787775,26,0.013238055828619652,26,0.012829570111188448,27,0.006042696875104384,0.5555555555555556,0.4074074074074074,0.4814814814814815,等權・未篩選
2019-01-20,130,0.0041159503784478635,26,-0.0037011526362677885,26,0.00845029331552875,26,-0.00550076505814777,26,0.023736000118133312,26,0.01962004973968545,0.5,0.4230769230769231,0.46153846153846156,等權・未篩選
2019-01-27,129,-0.005446315052324116,26,0.0017260722811543365,26,-0.005808083996783204,25,-0.009358037765868094,26,0.01095237137317551,26,0.016398686425499624,0.6153846153846154,0.34615384615384615,0.4807692307692308,等權・未篩選
2019-02-10,131,2.6340311546678584e-05,27,0.022399992452875946,26,0.014792864445926103,26,0.02960587686053987,26,0.0048861271444453755,26,0.004859786832898697,0.23076923076923078,0.25925925925925924,0.245014245014245,等權・未篩選
2019-02-17,129,0.016117727082747873,26,0.012812266621857974,26,0.0016212471372166303,25,0.007953203003719366,26,0.011408008753939559,26,-0.004709718328808314,0.34615384615384615,0.15384615384615385,0.25,等權・未篩選
2019-02-24,129,-0.002624783443592601,26,-0.001030930732451414,26,-0.00298602289907151,25,0.005402690001082635,26,0.004273494475407296,26,0.0068982779189998965,0.38461538461538464,0.19230769230769232,0.2884615384615385,等權・未篩選
2019-03-03,128,-0.018838852833752605,26,-0.007205157378672009,25,-0.004465465391347516,26,-0.00714524762994794,25,-0.005220935282912227,26,0.013617917550840377,0.38461538461538464,0.2692307692307692,0.3269230769230769,等權・未篩選
2019-03-10,128,0.006964198142538543,26,0.009477916966594297,25,0.015265449902169907,26,0.007861816755929136,25,0.01680924024263628,26,0.009845042100097736,0.34615384615384615,0.11538461538461539,0.23076923076923078,等權・未篩選
2019-03-17,130,0.00777122755707542,26,0.0007968915177738285,26,-0.0010468999877392181,26,0.005977257755661576,26,0.0035679068331024985,26,-0.0042033207239729215,0.3076923076923077,0.2692307692307692,0.28846153846153844,等權・未篩選
2019-03-24,130,0.004706566028689006,26,0.006271998951288015,26,0.013219826640172247,26,-0.0017879699578714193,26,0.010075914620855523,26,0.0053693485921665176,0.34615384615384615,0.34615384615384615,0.34615384615384615,等權・未篩選
2019-03-31,126,-7.978842111230685e-05,26,0.003470118225376355,25,-0.003474443811788337,25,-0.005815285914485129,25,0.0028075997236723625,25,0.0028873881447846693,0.48,0.2692307692307692,0.3746153846153846,等權・未篩選
2019-04-07,126,-0.009920713067694896,26,-0.01124836146204693,25,0.0019271693199119744,25,-0.007971875894231388,25,0.0029004863436973816,25,0.012821199411392278,0.68,0.4230769230769231,0.5515384615384615,等權・未篩選
2019-04-14,130,0.015303362052973998,26,0.0050977865215782354,26,-0.008259100777557316,26,0.0017776618681257324,26,-0.0071042334406232885,26,-0.022407595493597287,0.4230769230769231,0.34615384615384615,0.3846153846153846,等權・未篩選
2019-04-21,129,0.0018328909384250998,26,0.011084629367310677,26,-0.00648356772555771,25,-0.024997915595155358,26,-0.0028960782611771253,26,-0.004728969199602225,0.4230769230769231,0.2692307692307692,0.34615384615384615,等權・未篩選
2019-04-28,130,0.0104717690794089,26,0.005780183516210269,26,0.006481471498004692,26,0.008156905235294703,26,0.005065962497936795,26,-0.005405806581472105,0.38461538461538464,0.19230769230769232,0.2884615384615385,等權・未篩選
2019-05-05,131,-0.03914028170709132,27,-0.012345192555668346,26,-0.01216282926744296,26,-0.04270776336096774,26,-0.018911985991652072,26,0.02022829571543925,0.2692307692307692,0.2222222222222222,0.24572649572649571,等權・未篩選
2019-05-12,131,-0.019904082946538514,27,-0.006589585393869079,26,0.005086670967678009,26,-0.014144101160520728,26,-0.026094726516385905,26,-0.006190643569847391,0.2692307692307692,0.25925925925925924,0.26424501424501423,等權・未篩選
2019-05-19,131,-0.009225335669964592,27,0.000661228906956515,26,0.007872248418606457,26,-0.0013601176358319666,26,0.0036112369298511283,26,0.01283657259981572,0.7307692307692307,0.4444444444444444,0.5876068376068375,等權・未篩選
2019-05-26,134,0.02105677307842219,27,0.00796476029043095,27,0.006713063679563536,26,0.013415744527362687,27,0.007586983960323999,27,-0.01346978911809819,0.6666666666666666,0.5185185185185185,0.5925925925925926,等權・未篩選
2019-06-02,136,0.00545209656822456,28,-0.008646376617605577,27,0.00040288590225206415,27,0.00024274006553305072,27,-0.0034860839852529513,27,-0.00893818055347751,0.4074074074074074,0.35714285714285715,0.38227513227513227,等權・未篩選
2019-06-09,137,0.001226832219455441,28,0.006949795805078957,27,-0.003532045733676229,27,0.010571897167129996,27,0.0077098705707927895,28,0.006483038351337348,0.5357142857142857,0.35714285714285715,0.4464285714285714,等權・未篩選
2019-06-16,138,0.027427559816237474,28,0.006967832010320885,27,0.009118160127209242,28,0.015619670685075523,27,0.022884457989744138,28,-0.004543101826493336,0.35714285714285715,0.2857142857142857,0.3214285714285714,等權・未篩選
2019-06-23,138,0.0029108153492909843,28,0.0031564142544124874,27,0.0016513421836903328,28,-0.0028276729896063468,27,0.009254351211665068,28,0.0063435358623740844,0.14285714285714285,0.25,0.19642857142857142,等權・未篩選
2019-06-30,139,-0.0018367778062335122,28,0.010280457337807343,28,0.003467018968325583,27,0.019200932564468053,28,0.00875013066183277,28,0.010586908468066281,0.4642857142857143,0.2857142857142857,0.375,等權・未篩選
2019-07-07,138,0.006933641511922265,28,0.011322115766516863,27,0.00653095345718817,28,0.0028538378789323086,27,0.0028229109445733836,28,-0.004110730567348881,0.39285714285714285,0.35714285714285715,0.375,等權・未篩選
2019-07-14,141,0.006350239084232409,29,-0.0006581404070489159,28,0.0026558917616384564,28,0.006025903534019978,28,-0.0008575147952428831,28,-0.007207753879475292,0.35714285714285715,0.27586206896551724,0.31650246305418717,等權・未篩選
2019-07-21,141,0.006360581632119324,29,0.001258650817302456,28,-0.0066967011189251625,28,0.008957774934067813,28,-0.0015345667567202253,28,-0.007895148388839549,0.35714285714285715,0.27586206896551724,0.31650246305418717,等權・未篩選
2019-07-28,139,-0.02730314883423501,28,-0.019711724257524182,28,-0.023041310060827897,27,-0.04010505711669674,28,-0.013083150100325664,28,0.014219998733909346,0.39285714285714285,0.35714285714285715,0.375,等權・未篩選
2019-08-04,136,-0.004785096214012281,28,-0.013550154604143981,27,-0.00617661883768068,27,-0.0037180985151335807,27,0.005479907424602137,27,0.010265003638614418,0.37037037037037035,0.42857142857142855,0.3994708994708994,等權・未篩選
2019-08-11,135,-0.005843767209485934,27,-0.010296323487819416,27,-0.009763367498406787,27,2.3518810491863074e-05,27,-0.003435569195031329,27,0.0024081980144546053,0.4444444444444444,0.37037037037037035,0.4074074074074074,等權・未篩選
2019-08-18,131,0.002946283031739831,27,0.0066311183346252295,26,0.001116180489570432,26,0.012185829966126348,26,0.01044657796723302,26,0.007500294935493189,0.2692307692307692,0.25925925925925924,0.26424501424501423,等權・未篩選
2019-08-25,131,0.030621504694149836,27,0.011837769744638729,26,0.01089879680399643,26,0.01958940842165168,26,0.014894992457479213,26,-0.015726512236670622,0.23076923076923078,0.14814814814814814,0.18945868945868946,等權・未篩選
2019-09-01,131,0.021661083978104276,27,0.02335352962955673,26,0.009784558085291392,26,0.016789690223483974,26,0.020317381498507016,26,-0.00134370247959726,0.2692307692307692,0.2222222222222222,0.24572649572649571,等權・未篩選
2019-09-08,130,0.0018077692196320706,26,-0.002979880604988524,26,-0.004762705757303647,26,0.0013590372267408856,26,0.003911840465829119,26,0.0021040712461970483,0.3076923076923077,0.23076923076923078,0.2692307692307693,等權・未篩選
2019-09-15,129,0.0027663418806816655,26,0.007369312844327651,26,0.0010747179263977014,25,0.0042515275932744154,26,0.00899567996863328,26,0.006229338087951616,0.38461538461538464,0.34615384615384615,0.3653846153846154,等權・未篩選
2019-09-22,129,-0.016909253471633023,26,-0.0228669987969004,26,-0.02577609604623313,25,-0.02719752596325868,26,-0.02027337207161806,26,-0.0033641185999850366,0.46153846153846156,0.38461538461538464,0.42307692307692313,等權・未篩選
2019-09-29,130,-0.0011575623690168008,26,-0.004888677753316832,26,0.0034875102427071934,26,-0.0056034632450397415,26,-0.010682330671730403,26,-0.009524768302713602,0.46153846153846156,0.34615384615384615,0.40384615384615385,等權・未篩選
2019-10-06,130,-0.010832039792402966,26,-0.008625804707734198,26,-0.0062734997234747914,26,-0.014743284216636284,26,-0.0031398656459444116,26,0.007692174146458555,0.5769230769230769,0.5,0.5384615384615384,等權・未篩選
2019-10-13,130,0.01805879902334153,26,0.011221677556460722,26,0.006569296578130084,26,0.010125979957813823,26,0.009596249048310447,26,-0.008462549975031083,0.3076923076923077,0.2692307692307692,0.28846153846153844,等權・未篩選
2019-10-20,131,0.005389852243877619,27,0.004646940768553794,26,0.0067320211425498,26,0.008790064498743358,26,0.0014776298206759008,26,-0.003912222423201718,0.3076923076923077,0.2222222222222222,0.26495726495726496,等權・未篩選
2019-10-27,133,-0.002176875699632307,27,-0.0034090953816252514,26,-0.0017017019246659691,27,-0.011852965044170409,26,-0.006903433224621749,27,-0.004726557524989442,0.37037037037037035,0.2962962962962963,0.3333333333333333,等權・未篩選
2019-11-03,134,-0.0056623358077244204,27,0.010811022415531299,27,0.004678658538240343,26,-0.010716389532096806,27,0.003454123141819871,27,0.009116458949544291,0.37037037037037035,0.2222222222222222,0.2962962962962963,等權・未篩選
2019-11-10,135,-0.008266978291449215,27,-0.007309632774753638,27,-0.0114296669386312,27,-0.012483917313962388,27,0.00034496282448625713,27,0.008611941115935473,0.4074074074074074,0.25925925925925924,0.3333333333333333,等權・未篩選
2019-11-17,136,0.0018859585175999085,28,0.006078781632814969,27,0.009370748257926827,27,0.0046635962237248415,27,0.0012883426287525809,27,-0.0005976158888473277,0.2222222222222222,0.2857142857142857,0.25396825396825395,等權・未篩選
2019-11-24,136,-0.001642122101928854,28,-0.00019163112022994814,27,-0.006998130414690888,27,-0.0027206385877275923,27,-0.002816171598618931,27,-0.001174049496690077,0.37037037037037035,0.21428571428571427,0.2923280423280423,等權・未篩選
2019-12-01,138,0.004921412007223501,28,0.005918246475295531,27,0.0007202256671690213,28,0.00032152204019123926,27,-0.0038064465857430363,28,-0.008727858592966539,0.5357142857142857,0.35714285714285715,0.4464285714285714,等權・未篩選
2019-12-08,139,0.0022859123827712164,28,0.0035623605902265526,28,-0.011442621538591016,27,-0.0040275972186963925,28,0.0017091361790724593,28,-0.0005767762036987571,0.5,0.42857142857142855,0.4642857142857143,等權・未篩選
2019-12-15,137,0.007967739481833682,28,0.012392725982915541,27,0.008014897581674537,27,0.011397206922473861,27,0.009345089361830598,28,0.0013773498799969155,0.5,0.39285714285714285,0.4464285714285714,等權・未篩選
2019-12-22,138,0.008975375438897945,28,0.0014063513862328082,27,-2.9258558425266603e-07,28,0.002290528439629674,27,-0.00046975161156777897,28,-0.009445127050465723,0.2857142857142857,0.25,0.26785714285714285,等權・未篩選
2019-12-29,138,0.007264191011279191,28,0.006046069214431145,27,0.0033314113078725077,28,0.0021093328623676597,27,0.006541817137148508,28,-0.0007223738741306829,0.5357142857142857,0.35714285714285715,0.4464285714285714,等權・未篩選
2020-01-05,139,-0.008823966435191288,28,-0.01280012291726911,28,-0.007943122840132606,27,-0.004890554987723629,28,-0.0011832959283002828,28,0.007640670506891005,0.4642857142857143,0.32142857142857145,0.3928571428571429,等權・未篩選
2020-01-12,140,0.011390979309104944,28,0.0035372382130930175,28,0.006797505311716503,28,0.008554606165589942,28,0.005252521915991836,28,-0.006138457393113108,0.5714285714285714,0.35714285714285715,0.4642857142857143,等權・未篩選
2020-01-19,141,0.0014174401939953903,29,0.0031132155564227515,28,0.0002958150758701047,28,-0.0012691231926621313,28,0.0037779894227239963,28,0.002360549228728606,0.5357142857142857,0.3103448275862069,0.42302955665024633,等權・未篩選
2020-01-26,138,-0.011630456038079254,28,-0.007735783601398458,27,-0.012694274876897445,28,-0.012612979519033252,27,-0.019291111747049117,28,-0.007660655708969863,0.32142857142857145,0.25,0.2857142857142857,等權・未篩選
2020-02-02,138,0.032751535557203164,28,0.01751263641891215,27,0.01267845266018851,28,0.023671542912754213,27,0.024042134821323898,28,-0.008709400735879266,0.25,0.2857142857142857,0.26785714285714285,等權・未篩選
2020-02-09,141,0.020737644037370735,29,0.017806061232855202,28,0.012967967687822114,28,0.03341942849154453,28,0.011963590658429918,28,-0.008774053378940817,0.39285714285714285,0.3448275862068966,0.3688423645320197,等權・未篩選
2020-02-16,140,0.013736574211118806,28,0.012831763300657337,28,0.008189831910632979,28,0.004375505211191614,28,0.002515506339065534,28,-0.011221067872053271,0.42857142857142855,0.2857142857142857,0.3571428571428571,等權・未篩選
2020-02-23,138,-0.01897190433914298,28,-0.01887688884087335,27,-0.023652649869236975,28,-0.020041280860340197,27,-0.021275648653528025,28,-0.0023037443143850457,0.2857142857142857,0.17857142857142858,0.23214285714285715,等權・未篩選
2020-03-01,137,0.021112854140564165,28,0.027462430976081146,27,0.021362239531356426,27,0.019790820047122532,27,0.023930721552282503,28,0.002817867411718338,0.42857142857142855,0.32142857142857145,0.375,等權・未篩選
2020-03-08,139,-0.13120432830600787,28,-0.11844723346305987,28,-0.13252885185178803,27,-0.11755842628168837,28,-0.12283244339900164,28,0.00837188490700623,0.42857142857142855,0.32142857142857145,0.375,等權・未篩選
2020-03-15,141,-0.11461793296868641,29,-0.08712600161282394,28,-0.09236567409575584,28,-0.10650355045222303,28,-0.08594185679963677,28,0.028676076169049644,0.35714285714285715,0.3103448275862069,0.33374384236453203,等權・未篩選
2020-03-22,143,0.09918231663872533,29,0.0966090829237087,28,0.08377494459379538,29,0.10699943881444582,28,0.08719950294585845,29,-0.011982813692866884,0.6206896551724138,0.3793103448275862,0.5,等權・未篩選
2020-03-29,145,0.041469932187936105,29,0.03257946448569031,29,0.014289276110547545,29,0.0330418464895112,29,0.02852361916696223,29,-0.012946313020973876,0.5517241379310345,0.41379310344827586,0.48275862068965514,等權・未篩選
2020-04-05,141,0.05537745138329719,29,0.05689403240450403,28,0.06251251331432853,28,0.06912427601917023,28,0.04689055347536092,28,-0.008486897907936268,0.6071428571428571,0.3448275862068966,0.47598522167487683,等權・未篩選
2020-04-12,143,0.024346421382950945,29,0.03829270033922945,28,0.026690549069561646,29,0.01975626362731384,28,0.018196362925669656,29,-0.006150058457281289,0.3448275862068966,0.27586206896551724,0.3103448275862069,等權・未篩選
2020-04-19,141,-0.006177212469663808,29,-0.01158201055144987,28,-0.011086212704741314,28,-0.017826665609625487,28,-0.011006637150482909,28,-0.0048294246808191004,0.21428571428571427,0.1724137931034483,0.1933497536945813,等權・未篩選
2020-04-26,140,0.04836759096937655,28,0.0563063356749452,28,0.05954753991856642,28,0.06032063639920231,28,0.04659267630686031,28,-0.0017749146625162457,0.21428571428571427,0.17857142857142858,0.19642857142857142,等權・未篩選
2020-05-03,139,0.03368403339028043,28,0.04606918079369758,28,0.021678818901180234,27,0.012935763981370696,28,0.021642338459482463,28,-0.012041694930797965,0.35714285714285715,0.21428571428571427,0.2857142857142857,等權・未篩選
2020-05-10,139,-0.019706326226962705,28,-0.016597549864057815,28,-0.030160657961185434,27,0.0009265893853890039,28,-0.011233009112315713,28,0.008473317114646993,0.5,0.35714285714285715,0.4285714285714286,等權・未篩選
2020-05-17,136,0.010562123724035382,28,0.01642941301644272,27,0.018710587866710513,27,0.00747851174016383,27,-0.002679324519421462,27,-0.013241448243456844,0.4074074074074074,0.32142857142857145,0.3644179894179894,等權・未篩選
2020-05-24,138,-0.004310926099454299,28,0.004032480641198622,27,0.016658025136910885,28,0.01668836723809201,27,0.009187504561338758,28,0.013498430660793056,0.35714285714285715,0.32142857142857145,0.3392857142857143,等權・未篩選
2020-05-31,136,0.02884715639349814,28,0.037519222006929864,27,0.034996945959545195,27,0.0322776627780739,27,0.02637574299060496,27,-0.0024714134028931793,0.5185185185185185,0.32142857142857145,0.419973544973545,等權・未篩選
2020-06-07,138,-0.017827282279981014,28,-0.018542076523937103,27,-0.03007781614933031,28,-0.035836207224440496,27,-0.023850850006542218,28,-0.006023567726561204,0.5714285714285714,0.35714285714285715,0.4642857142857143,等權・未篩選
2020-06-14,138,0.021400473769539748,28,0.025181172546075516,27,0.03504077852568225,28,0.012387535648656245,27,0.008347632078104973,28,-0.013052841691434775,0.21428571428571427,0.21428571428571427,0.21428571428571427,等權・未篩選
2020-06-21,140,-0.004486264011001452,28,-0.007929378945301435,28,-0.01072418239323114,28,-0.005834831337600682,28,0.0035285623849660086,28,0.00801482639596746,0.35714285714285715,0.25,0.3035714285714286,等權・未篩選
2020-06-28,146,0.021590515426250387,30,0.020335437550397562,29,0.033619648294619435,29,0.018923275924035886,29,0.023731231810148624,29,0.002140716383898237,0.4827586206896552,0.26666666666666666,0.37471264367816093,等權・未篩選
2020-07-05,145,-0.012992956211078942,29,0.007016753969197439,29,-0.0007958376670364763,29,0.0019309439442298103,29,0.0002469689301763906,29,0.013239925141255333,0.4482758620689655,0.27586206896551724,0.3620689655172414,等權・未篩選
2020-07-12,144,0.012659527482041171,29,-0.009013989073660245,29,-0.003459295419580332,28,-0.015968225213061234,29,-0.0037802304045162836,29,-0.016439757886557455,0.41379310344827586,0.3793103448275862,0.39655172413793105,等權・未篩選
2020-07-19,145,-0.004937357600485488,29,-0.004576766092306977,29,0.0034177535085766065,29,0.001658115111877473,29,0.011445499840082312,29,0.016382857440567798,0.3103448275862069,0.2413793103448276,0.27586206896551724,等權・未篩選
2020-07-26,144,-0.010868918150396758,29,-0.009275384087189673,29,-0.01287635240943441,28,-0.006718449928672716,29,-0.0003446714756280268,29,0.010524246674768731,0.3103448275862069,0.2413793103448276,0.27586206896551724,等權・未篩選
2020-08-02,143,0.01735988961805833,29,0.017761584443042277,28,0.021390156140195585,29,2.8932240995673186e-05,28,0.027081577890768174,29,0.009721688272709843,0.3103448275862069,0.3793103448275862,0.3448275862068966,等權・未篩選
2020-08-09,143,0.007006543504132158,29,0.024947997108004976,28,0.01777642210023144,29,0.031184974603595286,28,0.0058514345099261586,29,-0.0011551089942059998,0.3448275862068966,0.27586206896551724,0.3103448275862069,等權・未篩選
2020-08-16,142,-0.017199615174021656,29,-0.0006737643316365251,28,0.004440930559945909,28,-0.006703138010786718,28,-0.0016730590865498992,29,0.015526556087471758,0.20689655172413793,0.20689655172413793,0.20689655172413793,等權・未篩選
2020-08-23,143,0.02175993382797403,29,0.00829378386639898,28,0.03214098486638175,29,0.015015162107945694,28,0.030895935756226636,29,0.009136001928252608,0.5172413793103449,0.3103448275862069,0.4137931034482759,等權・未篩選
2020-08-30,144,0.008204132556637614,29,0.024494556270755027,29,0.00550302120810662,28,0.007368596610453327,29,-0.007909173090768646,29,-0.016113305647406262,0.4827586206896552,0.4482758620689655,0.4655172413793104,等權・未篩選
2020-09-06,143,-0.005836187767876606,29,0.004682085745492761,28,-0.005300501699017845,29,0.003079637518523038,28,-0.004031569519407338,29,0.0018046182484692678,0.3103448275862069,0.27586206896551724,0.2931034482758621,等權・未篩選
2020-09-13,143,0.013498343061069049,29,0.006270481432255385,28,0.008487155463991366,29,0.013011104480981287,28,0.011151048968243149,29,-0.0023472940928258995,0.3793103448275862,0.3103448275862069,0.3448275862068966,等權・未篩選
2020-09-20,145,-0.07286151407200327,29,-0.06515376663471556,29,-0.0710873553312232,29,-0.04326831687615045,29,-0.06447323216568625,29,0.008388281906317019,0.5517241379310345,0.20689655172413793,0.3793103448275862,等權・未篩選
2020-09-27,146,0.011944578979959205,30,0.010866605441337244,29,0.011461990806416167,29,0.011515970632182767,29,0.015481101530647386,29,0.003536522550688181,0.5862068965517241,0.43333333333333335,0.5097701149425287,等權・未篩選
2020-10-04,151,0.021505201092240862,31,0.02599269048198011,30,0.022128565131775267,30,0.024653438260323193,30,0.015591386998017953,30,-0.005913814094222909,0.7333333333333333,0.6129032258064516,0.6731182795698925,等權・未篩選
2020-10-11,152,-0.009543647022647404,31,-0.007584603899842061,30,0.00078401243992318,30,-0.0032926237283725382,30,-0.016266799432241772,31,-0.0067231524095943684,0.25806451612903225,0.25806451612903225,0.25806451612903225,等權・未篩選
2020-10-18,152,0.016769409995780703,31,0.008173319468614937,30,0.017616316105646738,30,0.017433796287218566,30,0.005910722221336434,31,-0.01085868777444427,0.2903225806451613,0.16129032258064516,0.22580645161290325,等權・未篩選
2020-10-25,151,-0.028627620064860457,31,0.0035175180037047967,30,-0.016014785289711047,30,-0.020808966305618706,30,-0.02194902761796831,30,0.006678592446892145,0.36666666666666664,0.25806451612903225,0.3123655913978495,等權・未篩選
2020-11-01,150,0.018168647608967314,30,0.0055637671074896585,30,0.01830759941128358,30,0.03028537761933685,30,0.015676999606650036,30,-0.0024916480023172774,0.3,0.23333333333333334,0.26666666666666666,等權・未篩選
2020-11-08,150,-0.002871425772406581,30,0.008610781253096788,30,0.004520706576110534,30,0.029152886542734013,30,0.008545641122881708,30,0.011417066895288288,0.3,0.23333333333333334,0.26666666666666666,等權・未篩選
2020-11-15,149,0.00392787353400517,30,0.023261543817152067,30,0.005690120352311144,29,0.030425647416391137,30,0.016079349378703308,30,0.012151475844698138,0.3333333333333333,0.3333333333333333,0.3333333333333333,等權・未篩選
2020-11-22,149,0.03365171888600413,30,0.005928523516595463,30,0.022978349288877202,29,0.014240336434006311,30,0.012686552003599897,30,-0.020965166882404233,0.3333333333333333,0.3,0.31666666666666665,等權・未篩選
2020-11-29,149,0.018842388951419653,30,-0.008762255918720825,30,-0.002631147854979134,29,0.005816281661672891,30,0.013634404736821381,30,-0.005207984214598272,0.3,0.5,0.4,等權・未篩選
2020-12-06,150,-0.01027218937530165,30,-0.020562701996509027,30,-0.01546434287919326,30,-0.010652432889176515,30,-0.015658913379912532,30,-0.005386724004610882,0.4,0.23333333333333334,0.31666666666666665,等權・未篩選
2020-12-13,150,0.002509056767058567,30,0.008295201198025518,30,0.027841493655213476,30,0.006320275053365491,30,0.009721013496114043,30,0.007211956729055476,0.3333333333333333,0.2,0.26666666666666666,等權・未篩選
2020-12-20,150,0.020907600340257005,30,0.02391542853330564,30,0.01162117490656877,30,-0.0029226734261799557,30,0.015324422701756308,30,-0.005583177638500697,0.43333333333333335,0.36666666666666664,0.4,等權・未篩選
2020-12-27,149,0.01861795909559903,30,0.0069282944171167905,30,0.015422287523625813,29,0.009153704069852412,30,0.03726747256035188,30,0.01864951346475285,0.5,0.26666666666666666,0.3833333333333333,等權・未篩選
2021-01-03,153,-0.018677454926507495,31,-0.015438923039130588,30,-0.03012475816531397,31,-0.0014883520476840866,30,0.011504294540380119,31,0.030181749466887613,0.45161290322580644,0.3225806451612903,0.3870967741935484,等權・未篩選
2021-01-10,153,-0.025171316451771075,31,-0.031477363609898876,30,-0.04551224322406082,31,-0.02062746514259436,30,-0.021324819572813243,31,0.0038464968789578315,0.5161290322580645,0.3225806451612903,0.4193548387096774,等權・未篩選
2021-01-17,154,-0.017144272669036873,31,-0.021615630524134004,31,-0.028345369736653525,30,-0.021124096985113056,31,0.003973401355711537,31,0.02111767402474841,0.3548387096774194,0.25806451612903225,0.3064516129032258,等權・未篩選
2021-01-24,151,-0.029826103087828862,31,-0.024664132590113005,30,-0.02394732900416816,30,-0.027362715410729387,30,-0.03822197209987507,30,-0.008395869012046211,0.36666666666666664,0.3548387096774194,0.360752688172043,等權・未篩選
2021-01-31,150,0.022694363374720618,30,0.018175225835260926,30,0.02476873187977833,30,0.01812102405694405,30,0.02178107738689463,30,-0.0009132859878259875,0.43333333333333335,0.36666666666666664,0.4,等權・未篩選
2021-02-14,153,0.030908648607240304,31,0.0299915710286763,30,0.033915879242694416,31,0.03851863951958003,30,0.031983684893430044,31,0.00107503628618974,0.6774193548387096,0.5161290322580645,0.596774193548387,等權・未篩選
2021-02-21,152,0.0004919524971197234,31,0.016777166401070458,30,0.006876452058411168,30,0.03667780112858634,30,0.023987151955843063,31,0.02349519945872334,0.3548387096774194,0.3225806451612903,0.33870967741935487,等權・未篩選
2021-02-28,153,-0.0351141286177592,31,-0.018677133807328977,30,-0.006776975740378632,31,-0.010444731434634646,30,-0.008251432586797695,31,0.026862696030961503,0.2903225806451613,0.1935483870967742,0.24193548387096775,等權・未篩選
2021-03-07,151,0.016510945882231422,31,0.013422734604242703,30,0.01600952565454516,30,0.004870200877236882,30,0.025042754514952352,30,0.00853180863272093,0.43333333333333335,0.1935483870967742,0.3134408602150538,等權・未篩選
2021-03-14,153,0.0048127854363660605,31,-0.006180716388089136,30,0.0021177870011962977,31,0.0045493302066451965,30,0.004642631047520052,31,-0.00017015438884600883,0.2903225806451613,0.2903225806451613,0.2903225806451613,等權・未篩選
2021-03-21,153,0.010575858293683117,31,0.025173811777397127,30,0.0234912520651184,31,0.017947366834902213,30,0.004615197672762979,31,-0.005960660620920138,0.6451612903225806,0.45161290322580644,0.5483870967741935,等權・未篩選
2021-03-28,158,0.007050812303923581,32,0.015614291944815648,31,0.010249358327610567,32,0.017045893524821883,31,0.01757192490450261,32,0.01052111260057903,0.5625,0.4375,0.5,等權・未篩選
2021-04-04,159,0.040623313962804046,32,0.015435401165362659,32,0.024144288491091615,31,0.02577611745668407,32,0.02639867199378426,32,-0.014224641969019788,0.6875,0.5,0.59375,等權・未篩選
2021-04-11,158,0.030622245554655907,32,0.04068627492763579,31,0.034553810198490006,32,0.011146581246295447,31,0.06265741195622988,32,0.03203516640157397,0.5625,0.34375,0.453125,等權・未篩選
2021-04-18,162,0.014036529723006905,33,0.030330250054275903,32,0.008877065442806462,32,0.022698934747578524,32,0.01998797193283395,33,0.005951442209827044,0.45454545454545453,0.2727272727272727,0.36363636363636365,等權・未篩選
2021-04-25,165,0.03242487250802868,33,0.01778885816241878,33,0.02335557359484827,33,-0.004589055223419633,33,0.03404520173945115,33,0.0016203292314224682,0.36363636363636365,0.3333333333333333,0.3484848484848485,等權・未篩選
2021-05-02,166,-0.0392967186011269,34,-0.033916490192247364,33,-0.04408633959318159,33,-0.0429829088908321,33,-0.024417925457458075,33,0.014878793143668825,0.30303030303030304,0.23529411764705882,0.26916221033868093,等權・未篩選
2021-05-09,169,-0.11137934521696505,34,-0.10518560642453352,34,-0.10239604630030157,33,-0.11656531335116442,34,-0.10979458199146601,34,0.001584763225499039,0.20588235294117646,0.14705882352941177,0.1764705882352941,等權・未篩選
2021-05-16,170,0.0835500962210513,34,0.08075469622207378,34,0.09564808119097981,34,0.08990355005627733,34,0.09349545154783147,34,0.009945355326780161,0.7058823529411765,0.29411764705882354,0.5,等權・未篩選
2021-05-23,173,0.04611440206320999,35,0.03442546867579891,34,0.04133110957285475,35,0.06416350244678737,34,0.05402640551424709,35,0.007912003451037097,0.8,0.6285714285714286,0.7142857142857143,等權・未篩選
2021-05-30,174,0.021917963958038703,35,0.01937135425619892,35,0.022010664749782253,34,0.015920511152298446,35,0.026782173165509595,35,0.0048642092074708924,0.6285714285714286,0.4857142857142857,0.5571428571428572,等權・未篩選
2021-06-06,175,-0.016156715600510317,35,-0.023535678738715222,35,-0.00645101041329077,35,-0.003471884142085803,35,-0.0071043602137898015,35,0.009052355386720515,0.5142857142857142,0.34285714285714286,0.42857142857142855,等權・未篩選
2021-06-13,175,0.005820928560060528,35,0.014056909209559433,35,-0.013746962403133143,35,0.0003556928993896718,35,0.014478247368257804,35,0.008657318808197277,0.5142857142857142,0.4,0.45714285714285713,等權・未篩選
2021-06-20,174,0.031531905138099725,35,0.03418989356574287,35,0.04382110234702895,34,0.025693565180628385,35,0.06198222743644953,35,0.030450322298349805,0.6285714285714286,0.34285714285714286,0.4857142857142857,等權・未篩選
2021-06-27,174,0.009670890407756854,35,0.022938347932880195,35,0.024856688004055577,34,0.004509594135974423,35,0.021035419930354925,35,0.01136452952259807,0.45714285714285713,0.34285714285714286,0.4,等權・未篩選
2021-07-04,176,-0.01105929650257556,36,0.003901546950508867,35,-0.015112531662113996,35,0.009490609057132025,35,-0.01571461718758568,35,-0.004655320685010119,0.4857142857142857,0.2777777777777778,0.3817460317460317,等權・未篩選
2021-07-11,178,-0.019262026390371643,36,-0.00793385907346459,35,-0.020579969161582664,36,-0.0037665213006777133,35,-0.021789935740657143,36,-0.0025279093502855003,0.4722222222222222,0.3333333333333333,0.4027777777777778,等權・未篩選
2021-07-18,177,-0.01638534299582035,36,0.011805003725196661,35,-0.010541848720299481,35,-0.003506857568738529,35,-0.026405628100619645,36,-0.010020285104799295,0.5,0.5,0.5,等權・未篩選
2021-07-25,178,-0.030523023322272597,36,-0.02681584105000408,35,-0.022785743270139602,36,-0.025269675956643114,35,-0.024695987020787135,36,0.005827036301485462,0.5,0.3611111111111111,0.4305555555555556,等權・未篩選
2021-08-01,178,0.006505049755226724,36,0.0016546388046352904,35,0.009427033323025549,36,0.0031169789098019944,35,0.006041652888361285,36,-0.0004633968668654384,0.4444444444444444,0.3055555555555556,0.375,等權・未篩選
2021-08-08,180,-0.03581360590028146,36,-0.02682551146259589,36,-0.04509062620089515,36,-0.044811261976457066,36,-0.03410693970168473,36,0.0017066661985967319,0.3888888888888889,0.2777777777777778,0.33333333333333337,等權・未篩選
2021-08-15,179,-0.032811936727186145,36,-0.03856388360005652,36,-0.04208551994588073,35,-0.03710000495648535,36,-0.031370014453229476,36,0.0014419222739566681,0.3333333333333333,0.2222222222222222,0.2777777777777778,等權・未篩選
2021-08-22,179,0.045320773725036005,36,0.04201793084216376,36,0.03575016161981684,35,0.04127154079102735,36,0.031334385174942796,36,-0.01398638855009321,0.3055555555555556,0.4166666666666667,0.36111111111111116,等權・未篩選
2021-08-29,177,-0.021126954409905075,36,0.009871892415814022,35,-0.0009558917111978855,35,0.0032531293586853137,35,0.004325095546963652,36,0.025452049956868728,0.5277777777777778,0.4722222222222222,0.5,等權・未篩選
2021-09-05,175,-0.005449448022719786,35,-0.014729549494253822,35,-0.012273733399380767,35,-0.013450852430138775,35,-0.01276960945971359,35,-0.0073201614369938035,0.37142857142857144,0.2571428571428571,0.3142857142857143,等權・未篩選
2021-09-12,176,-0.002043733605196172,36,0.009839785718224896,35,0.0037661367586861974,35,-0.0035195803576403063,35,-0.010344410804393595,35,-0.008300677199197424,0.45714285714285713,0.3611111111111111,0.4091269841269841,等權・未篩選
2021-09-19,175,0.024319378907246652,35,0.010612610585955471,35,0.013553601296912039,35,0.016934085141152595,35,0.022103724104605135,35,-0.0022156548026415167,0.5142857142857142,0.4,0.45714285714285713,等權・未篩選
2021-09-26,177,-0.03283835263869326,36,-0.033066177794682045,35,-0.016399293040801347,35,-0.024910514776902815,35,-0.012364538907980525,36,0.020473813730712734,0.19444444444444445,0.19444444444444445,0.19444444444444445,等權・未篩選
2021-10-03,179,-0.005357899901125923,36,-0.007085191922023754,36,-0.020148269952632452,35,0.004397307766750982,36,-0.012519744756174409,36,-0.007161844855048486,0.5,0.3333333333333333,0.41666666666666663,等權・未篩選
2021-10-10,180,-0.0106204983576826,36,0.0012901835602416064,36,0.005370214710636648,36,-0.007248339331377717,36,-0.004905030909351408,36,0.005715467448331192,0.4722222222222222,0.3333333333333333,0.4027777777777778,等權・未篩選
2021-10-17,181,-0.0230568145007793,37,-0.007356184433548478,36,0.007279081345887105,36,0.004664588200339582,36,0.0073005444351852905,36,0.030357358935964588,0.3333333333333333,0.2972972972972973,0.3153153153153153,等權・未篩選
2021-10-24,180,0.01426074343968668,36,0.0067935875622095005,36,0.00838808756306138,36,0.021690046670999448,36,0.00830602208759446,36,-0.005954721352092221,0.2777777777777778,0.1388888888888889,0.20833333333333334,等權・未篩選
2021-10-31,180,0.009742357884916064,36,0.0029493303564670937,36,0.009086727103064312,36,0.005494971595343768,36,0.008670668489438725,36,-0.001071689395477339,0.2777777777777778,0.19444444444444445,0.2361111111111111,等權・未篩選
2021-11-07,180,-0.0009588132819097761,36,0.024455369671676868,36,0.01762477814126044,36,-0.001433143804273374,36,0.00637917742465002,36,0.007337990706559796,0.3333333333333333,0.19444444444444445,0.2638888888888889,等權・未篩選
2021-11-14,184,-0.003060890203522032,37,-0.0009023545286439141,37,-0.014152309267482871,36,0.002789558904321364,37,-0.0014446926017959761,37,0.0016161976017260557,0.4864864864864865,0.3783783783783784,0.43243243243243246,等權・未篩選
2021-11-21,185,-0.020085687677407586,37,-0.008191364022993313,37,-0.0003043398354351148,37,-0.02285161412347283,37,-0.01452014141017345,37,0.005565546267234137,0.24324324324324326,0.13513513513513514,0.1891891891891892,等權・未篩選
2021-11-28,184,0.03311261155669567,37,0.011517414612297125,37,0.015436837312511501,36,0.030609526620063606,37,0.01677209794469122,37,-0.016340513612004448,0.21621621621621623,0.1891891891891892,0.20270270270270271,等權・未篩選
2021-12-05,188,0.012739140444356653,38,0.003516744710005443,37,0.0027804293805056587,38,0.011824792833298485,37,0.0013860285310908188,38,-0.011353111913265835,0.3684210526315789,0.2894736842105263,0.32894736842105265,等權・未篩選
2021-12-12,187,-0.008317469581849707,38,-0.0019181904952644809,37,-0.0060153438285749225,37,-0.009020599806292847,37,-0.006083545337817733,38,0.0022339242440319734,0.47368421052631576,0.3157894736842105,0.39473684210526316,等權・未篩選
2021-12-19,189,0.02456374668468717,38,0.015510372799777624,38,0.0041912600306757055,37,0.02371637839052876,38,0.0010161223196990766,38,-0.02354762436498809,0.2894736842105263,0.2631578947368421,0.2763157894736842,等權・未篩選
2021-12-26,189,0.008701941001119423,38,0.00664799332544703,38,0.012481686936627857,37,0.011850077503985744,38,0.009402935337065058,38,0.0007009943359456341,0.21052631578947367,0.13157894736842105,0.17105263157894735,等權・未篩選
2022-01-02,189,-0.017888363748507944,38,-0.016982716592453834,38,-0.019989379874245438,37,-0.02985570728738757,38,-0.017652324320118585,38,0.0002360394283893591,0.18421052631578946,0.2631578947368421,0.22368421052631576,等權・未篩選
2022-01-09,189,-0.012073264074447823,38,-0.006807874405345214,38,-0.008334557545528282,37,-0.0194538735844617,38,0.005390566635974148,38,0.01746383071042197,0.3157894736842105,0.3157894736842105,0.3157894736842105,等權・未篩選
2022-01-16,190,-0.017042320782536168,38,-0.009190157422256496,38,-0.017957086319734125,38,-0.005415563262200163,38,-0.02195947818528092,38,-0.004917157402744753,0.3157894736842105,0.3157894736842105,0.3157894736842105,等權・未篩選
2022-01-23,189,-0.008277641319846681,38,-0.018642714197202252,38,-0.01930356815114114,37,-0.021030794636997495,38,-0.009143807315591246,38,-0.0008661659957445653,0.2894736842105263,0.21052631578947367,0.25,等權・未篩選
2022-02-06,191,0.04651855125281918,39,0.034620310153728275,38,0.04149295627951201,38,0.03939048154983929,38,0.023112733498090357,38,-0.023405817754728823,0.34210526315789475,0.4358974358974359,0.3890013495276653,等權・未篩選
2022-02-13,191,0.026632505289345437,39,0.005635552921394957,38,0.003799678243942506,38,0.017159166512908875,38,0.007620419289939801,38,-0.019012085999405636,0.2894736842105263,0.2564102564102564,0.27294197031039136,等權・未篩選
2022-02-20,190,-0.019421889081097682,38,-0.014579209335791295,38,-0.01545567658832017,38,-0.02429516414197457,38,-0.01480073732932431,38,0.004621151751773371,0.3684210526315789,0.34210526315789475,0.35526315789473684,等權・未篩選
2022-02-27,190,0.008425797393321935,38,0.006745212453215071,38,0.014069718906173055,38,0.014065998143855226,38,0.005840719855310028,38,-0.0025850775380119066,0.21052631578947367,0.13157894736842105,0.17105263157894735,等權・未篩選
2022-03-06,191,-0.008326705813376392,39,-0.015671039247532367,38,-0.014268459977547537,38,-0.019563376055909718,38,-0.0120587973707692,38,-0.003732091557392807,0.2894736842105263,0.1794871794871795,0.23448043184885292,等權・未篩選
2022-03-13,192,0.010872140280922777,39,0.009170486055565922,38,0.006768373957347409,38,0.01291299347402132,38,0.008534248578663304,39,-0.0023378917022594727,0.3333333333333333,0.3076923076923077,0.3205128205128205,等權・未篩選
2022-03-20,191,-0.002397265902791295,39,0.007330638148068874,38,0.015748259900591782,38,0.0008764311965053346,38,0.004129502021759966,38,0.006526767924551261,0.18421052631578946,0.15384615384615385,0.16902834008097167,等權・未篩選
2022-03-27,191,0.01117465829094618,39,0.00698813988016278,38,-0.00028381561914111276,38,0.004559576978768264,38,-0.00036169620337280596,38,-0.011536354494318987,0.5263157894736842,0.3333333333333333,0.4298245614035088,等權・未篩選
2022-04-03,190,-0.011718191447683485,38,-0.005348591474551824,38,-0.0003836276649180304,38,-0.01728407712732929,38,-0.0004680427382911085,38,0.011250148709392376,0.5526315789473685,0.42105263157894735,0.4868421052631579,等權・未篩選
2022-04-10,193,-0.010491532067974901,39,0.010113521999670664,38,0.004893162407839811,39,-0.017931071817309466,38,-0.01622473269467135,39,-0.005733200626696449,0.20512820512820512,0.1282051282051282,0.16666666666666666,等權・未篩選
2022-04-17,191,0.0006647493016507614,39,0.012520175819813555,38,0.02134136416297118,38,0.01464153593446624,38,0.00336548116488851,38,0.0027007318632377487,0.2631578947368421,0.23076923076923078,0.24696356275303644,等權・未篩選
2022-04-24,194,-0.027898575204674782,39,-0.017036821409123874,39,-0.04978716764511385,38,-0.027111696537284607,39,-0.024063997561529903,39,0.00383457764314488,0.28205128205128205,0.1282051282051282,0.20512820512820512,等權・未篩選
2022-05-01,195,-0.017665887623103966,39,-0.01384308321498593,39,-0.005824092698209328,39,-0.0006783911326233144,39,-0.0020945678463533124,39,0.015571319776750654,0.28205128205128205,0.23076923076923078,0.2564102564102564,等權・未篩選
2022-05-08,193,-0.04456340676396643,39,-0.04993153253012389,38,-0.040645238391159105,39,-0.026480291386732305,38,-0.03813666112011183,39,0.006426745643854599,0.3333333333333333,0.28205128205128205,0.3076923076923077,等權・未篩選
2022-05-15,190,0.021006289390693572,38,0.021011490360539686,38,0.019911024932405832,38,0.007045945615514351,38,0.004632218057201876,38,-0.016374071333491697,0.39473684210526316,0.2894736842105263,0.34210526315789475,等權・未篩選
2022-05-22,187,0.003767757149732192,38,-0.0011727671882201791,37,0.006802063198407338,37,0.00833021728506098,37,0.010975720385347677,38,0.007207963235615485,0.39473684210526316,0.3157894736842105,0.35526315789473684,等權・未篩選
2022-05-29,190,8.509644066190844e-06,38,0.012281857873723689,38,0.0019723079905677836,38,0.019281450458885508,38,0.0022921973791987294,38,0.0022836877351325386,0.21052631578947367,0.23684210526315788,0.22368421052631576,等權・未篩選
2022-06-05,190,-0.011972430014302891,38,0.003495122988689165,38,0.006607770431842814,38,-0.006520103066165362,38,0.00483163240025942,38,0.01680406241456231,0.23684210526315788,0.23684210526315788,0.23684210526315788,等權・未篩選
2022-06-12,191,-0.031208714656368233,39,-0.024283086319063053,38,-0.022364348352589217,38,-0.030623892947402795,38,-0.029049786104000826,38,0.0021589285523674062,0.21052631578947367,0.23076923076923078,0.22064777327935223,等權・未篩選
2022-06-19,193,-0.03189039198302804,39,-0.00742568357066488,38,-0.008306232500680943,39,-0.011287917312686547,38,-0.0049229285414739915,39,0.026967463441554047,0.28205128205128205,0.2564102564102564,0.2692307692307692,等權・未篩選
2022-06-26,190,-0.05834357957322775,38,-0.04737421426732704,38,-0.05483086947135587,38,-0.07472263096382153,38,-0.06383808322282332,38,-0.00549450364959557,0.21052631578947367,0.23684210526315788,0.22368421052631576,等權・未篩選
2022-07-03,189,0.007143598860134262,38,0.0004236711817343729,38,0.013966438044652602,37,0.02002044484939261,38,0.036457257519639095,38,0.029313658659504832,0.7631578947368421,0.2631578947368421,0.5131578947368421,等權・未篩選
2022-07-10,188,-0.012055103011044933,38,-0.007494415287083305,37,-0.012471095520915038,38,-0.009473505584139298,37,-0.002592858192849507,38,0.009462244818195426,0.8947368421052632,0.5789473684210527,0.736842105263158,等權・未篩選
2022-07-17,187,0.0322006491962183,38,0.024247831061363762,37,0.03330184581428644,37,0.025981382723457885,37,0.0300583131244624,38,-0.002142336071755905,0.34210526315789475,0.2631578947368421,0.3026315789473684,等權・未篩選
2022-07-24,183,0.02588030880263701,37,0.004291408205383003,36,0.005658204253984259,37,0.015095915992804746,36,0.0026674921690207475,37,-0.02321281663361626,0.21621621621621623,0.08108108108108109,0.14864864864864866,等權・未篩選
2022-07-31,183,-0.013544925725452812,37,-0.019310806711821768,36,-0.014666501276493781,37,-0.0018527012093299668,36,-0.0022329035976155417,37,0.01131202212783727,0.21621621621621623,0.1891891891891892,0.20270270270270271,等權・未篩選
2022-08-07,183,0.027577498809536468,37,0.02094669050370086,36,0.029082503799619144,37,0.023731564891130298,36,0.020348414750965164,37,-0.007229084058571304,0.32432432432432434,0.35135135135135137,0.33783783783783783,等權・未篩選
2022-08-14,186,0.015483501445032565,38,0.011394101655291524,37,0.017520070693207584,37,0.020656315373344218,37,0.006334019101631641,37,-0.009149482343400923,0.3783783783783784,0.3684210526315789,0.37339971550497864,等權・未篩選
2022-08-21,187,0.020919351835155215,38,0.012901115730745299,37,0.022603677048683015,37,0.010327130683214444,37,0.012044182894865488,38,-0.008875168940289727,0.42105263157894735,0.2631578947368421,0.3421052631578947,等權・未篩選
2022-08-28,187,-0.003026225163444114,38,-0.00809412712743382,37,0.0026138707304608003,37,0.0051413747531748695,37,0.001544184166827214,38,0.004570409330271329,0.39473684210526316,0.34210526315789475,0.368421052631579,等權・未篩選
2022-09-04,186,-0.0057916777662406155,38,-0.016150179493016004,37,-0.016255527789001988,37,-0.019103159288127457,37,-0.004368902192862138,37,0.0014227755733784778,0.4864864864864865,0.5,0.49324324324324326,等權・未篩選
2022-09-11,186,-0.006593807471976085,38,-0.0076901672017057375,37,-0.007197865681464369,37,0.013687264257231732,37,-0.0074498564940858915,37,-0.0008560490221098064,0.35135135135135137,0.3157894736842105,0.33357041251778097,等權・未篩選
2022-09-18,186,-0.02200691218135609,38,-0.0272737309069924,37,-0.03488023418937751,37,-0.041069520155786486,37,-0.02140763076945102,37,0.0005992814119050692,0.21621621621621623,0.18421052631578946,0.20021337126600286,等權・未篩選
2022-09-25,184,-0.030401701932360393,37,-0.026333072798612293,37,-0.03772041287332623,36,-0.04088994129403554,37,-0.03230197306138542,37,-0.0019002711290250288,0.13513513513513514,0.13513513513513514,0.13513513513513514,等權・未篩選
2022-10-02,181,0.027745518126287682,37,0.007379294201196284,36,0.025879394154095025,36,0.02599840673135929,36,0.018770046543055408,36,-0.008975471583232274,0.16666666666666666,0.13513513513513514,0.15090090090090091,等權・未篩選
2022-10-09,183,-0.02189426273231864,37,-0.012950585498232282,36,-0.028121672057008495,37,-0.02466071297546517,36,-0.014770771710837849,37,0.007123491021480792,0.2972972972972973,0.2702702702702703,0.28378378378378377,等權・未篩選
2022-10-16,180,-0.0007988735149057007,36,-0.007194463675417175,36,-0.01168732306594911,36,-0.007175520137440016,36,-0.018571350954968972,36,-0.017772477440063272,0.3333333333333333,0.16666666666666666,0.25,等權・未篩選
2022-10-23,181,-0.01607971022403988,37,-0.009607687624624738,36,-0.004069573099387424,36,-0.02374110117104299,36,-0.007626398382171797,36,0.008453311841868084,0.3055555555555556,0.43243243243243246,0.368993993993994,等權・未篩選
2022-10-30,181,0.021335521663736076,37,0.012723132612108522,36,0.02596759009875081,36,0.03959378586254112,36,0.013145651387593478,36,-0.008189870276142599,0.3611111111111111,0.3783783783783784,0.3697447447447447,等權・未篩選
2022-11-06,181,0.030490177434068004,37,0.010390851445395992,36,0.018657997775149652,36,0.02113891230713264,36,0.024847091681027687,36,-0.005643085753040317,0.2222222222222222,0.2702702702702703,0.24624624624624625,等權・未篩選
2022-11-13,178,0.0011004378599695436,36,0.004746694081660209,35,0.017715442956083623,36,0.02339698959221973,35,0.014858168302702812,36,0.01375773044273327,0.19444444444444445,0.16666666666666666,0.18055555555555555,等權・未篩選
2022-11-20,178,0.035168017951978985,36,0.016034642404897735,35,0.007375573719003554,36,0.004181439477404918,35,0.0068782730380124325,36,-0.028289744913966554,0.19444444444444445,0.19444444444444445,0.19444444444444445,等權・未篩選
2022-11-27,179,0.032911863254697686,36,0.038410706734878196,36,0.061225392138617274,35,0.04483850232733227,36,0.03660120363413917,36,0.0036893403794414845,0.1111111111111111,0.1111111111111111,0.1111111111111111,等權・未篩選
2022-12-04,180,-0.0030621166947950706,36,-0.011766284847060144,36,-0.015235783563244053,36,-0.021744329955978234,36,-0.0069413477841563966,36,-0.003879231089361326,0.2777777777777778,0.19444444444444445,0.2361111111111111,等權・未篩選
2022-12-11,180,-0.00017690602612497084,36,0.005198370853847645,36,0.010154706048294203,36,-0.007785635961787496,36,-0.0032014813702368073,36,-0.0030245753441118365,0.2222222222222222,0.3055555555555556,0.2638888888888889,等權・未篩選
2022-12-18,179,-0.007146719791588747,36,-0.008932197243268741,36,0.0031865348658709617,35,-0.010293070374585786,36,-0.004679014594998347,36,0.0024677051965904,0.16666666666666666,0.2222222222222222,0.19444444444444442,等權・未篩選
2022-12-25,179,-0.01091674156315194,36,-0.0006844464730880524,36,-0.015710341207487318,35,-0.006068343092540177,36,-0.008113863084292258,36,0.0028028784788596828,0.3333333333333333,0.25,0.29166666666666663,等權・未篩選
2023-01-01,182,0.0008420393180739142,37,0.013576615404553424,36,0.005330590078683941,36,0.013187016655216995,36,0.005258200354091533,37,0.0044161610360176195,0.32432432432432434,0.32432432432432434,0.32432432432432434,等權・未篩選
2023-01-08,179,-0.0008080745843227889,36,-0.003787702501136969,36,-0.007249441384392652,35,-0.003840523501897178,36,0.0027615115075768698,36,0.0035695860918996585,0.3055555555555556,0.2777777777777778,0.2916666666666667,等權・未篩選
2023-01-15,179,0.002888509730202308,36,0.0038994784636924235,36,0.0009855340696953453,35,-0.0032756572428515626,36,0.0006960723607712105,36,-0.0021924373694310975,0.25,0.25,0.25,等權・未篩選
2023-01-29,175,0.014383713515672381,35,0.02552584932082776,35,0.03721555065738758,35,0.03280552546546724,35,0.012189911370843179,35,-0.0021938021448292024,0.22857142857142856,0.22857142857142856,0.22857142857142856,等權・未篩選
2023-02-05,174,-0.008073460822703377,35,-0.0024886841302689923,35,-0.011978071933997574,34,0.004921088122302043,35,0.005328994305426152,35,0.013402455128129528,0.2571428571428571,0.2571428571428571,0.2571428571428571,等權・未篩選
2023-02-12,174,0.01820954716117161,35,0.02679221599838675,35,0.015377454156299838,34,0.0238988805311648,35,0.023844421189918048,35,0.005634874028746437,0.2,0.08571428571428572,0.14285714285714285,等權・未篩選
2023-02-19,176,0.01996029891047945,36,0.01450283866646088,35,0.011461961363867165,35,0.007676188292819356,35,0.019457825307471123,35,-0.0005024736030083271,0.34285714285714286,0.2777777777777778,0.3103174603174603,等權・未篩選
2023-02-26,175,0.010324377192017661,35,0.007426475588825048,35,0.007546604397124912,35,0.005763772255092957,35,0.007895896276838621,35,-0.0024284809151790404,0.42857142857142855,0.37142857142857144,0.4,等權・未篩選
2023-03-05,175,-0.015694046013945223,35,-0.015641324083389817,35,-0.01204449963876225,35,-0.0010093411599180235,35,-0.013824921331472345,35,0.0018691246824728783,0.2571428571428571,0.14285714285714285,0.19999999999999998,等權・未篩選
2023-03-12,176,-0.001649593760449196,36,-0.004151110564034245,35,-0.02078862119176385,35,-0.016922534513786686,35,-0.018251995702870158,35,-0.016602401942420963,0.3142857142857143,0.16666666666666666,0.24047619047619045,等權・未篩選
2023-03-19,179,0.02029060314900928,36,0.017689083002079192,36,0.02331409471385965,35,0.03004428930162115,36,0.020334774735077762,36,4.417158606848104e-05,0.2222222222222222,0.19444444444444445,0.20833333333333331,等權・未篩選
2023-03-26,180,-0.005549479556092359,36,-0.0047434756208604495,36,-0.003215576858490804,36,-0.00024038340254982823,36,-0.001737423526814438,36,0.003812056029277921,0.3611111111111111,0.2222222222222222,0.29166666666666663,等權・未篩選
2023-04-02,177,0.0011841937617144108,36,0.0008336634919744774,35,0.013252104584737192,35,0.0040455840052578546,35,0.005240328406082462,36,0.004056134644368051,0.3888888888888889,0.3333333333333333,0.3611111111111111,等權・未篩選
2023-04-09,173,0.01754044895156671,35,0.0037653096219964293,34,0.04928925697328248,35,0.012517096788324153,34,0.01655434270363985,35,-0.00098610624792686,0.2,0.11428571428571428,0.15714285714285714,等權・未篩選
2023-04-16,172,-0.023086238606683854,35,-0.02477439954769199,34,-0.01576056245490237,34,-0.03445535255027609,34,-0.016037936599558645,35,0.0070483020071252095,0.3142857142857143,0.2,0.2571428571428571,等權・未篩選
2023-04-23,173,0.002885466494745002,35,0.010439815774394352,34,0.02010084475741945,35,0.004607826107247268,34,0.007361594161719772,35,0.0044761276669747704,0.3142857142857143,0.34285714285714286,0.32857142857142857,等權・未篩選
2023-04-30,177,0.006091499285093508,36,0.0001331420224432524,35,0.0029844902672857775,35,0.0006661390707345711,35,0.008891466071699652,36,0.002799966786606144,0.3611111111111111,0.2777777777777778,0.3194444444444444,等權・未篩選
2023-05-07,178,-0.022247524967340514,36,-0.025533052644731262,35,-0.04410239487563018,36,-0.018235515953868464,35,-0.018426810557088218,36,0.0038207144102522968,0.25,0.2777777777777778,0.2638888888888889,等權・未篩選
2023-05-14,175,0.029021057531393415,35,0.016387364321699124,35,0.016737442341187177,35,0.042472419706046476,35,0.023440333560293767,35,-0.005580723971099648,0.2571428571428571,0.17142857142857143,0.21428571428571427,等權・未篩選
2023-05-21,177,0.006004593905919154,36,-0.0021423636702436522,35,0.000528891305275847,35,0.009442119944313149,35,0.00549165837172691,36,-0.0005129355341922442,0.3055555555555556,0.2222222222222222,0.2638888888888889,等權・未篩選
2023-05-28,175,0.008546574479279749,35,0.013952353803280996,35,0.020836507677760636,35,0.021039460166744343,35,0.01788579155460554,35,0.009339217075325791,0.2,0.2,0.2,等權・未篩選
2023-06-04,176,0.020449550569461572,36,0.008316942509904713,35,0.009279622495081522,35,0.013360384352320454,35,-0.000941078926560514,35,-0.021390629496022086,0.34285714285714286,0.3055555555555556,0.3242063492063492,等權・未篩選
2023-06-11,175,0.020258349776961882,35,0.016224786746156634,35,0.005147925166466554,35,0.02070043872828082,35,-0.002083054934862719,35,-0.0223414047118246,0.45714285714285713,0.45714285714285713,0.45714285714285713,等權・未篩選
2023-06-18,177,0.011348254594963957,36,0.007494432294451589,35,0.010318085718149517,35,0.008095506908182913,35,0.0006326106314312833,36,-0.010715643963532674,0.5277777777777778,0.4722222222222222,0.5,等權・未篩選
2023-06-25,177,-0.010294498471659938,36,-0.0036552022000120184,35,0.006889573303928384,35,-0.020424591353125833,35,-0.0010877591336901577,36,0.00920673933796978,0.5,0.5,0.5,等權・未篩選
2023-07-02,175,-0.02236617501786895,35,-0.013516338817464685,35,-0.02189244800260038,35,-0.01130829234721204,35,-0.008192643125910783,35,0.014173531891958168,0.14285714285714285,0.17142857142857143,0.15714285714285714,等權・未篩選
2023-07-09,174,0.01593706806750579,35,-0.010058752692504114,35,-0.0203838452252281,34,0.0026294528081539266,35,-0.005324594395866453,35,-0.021261662463372244,0.11428571428571428,0.17142857142857143,0.14285714285714285,等權・未篩選
2023-07-16,172,-0.011619688975475542,35,0.0058402978437126956,34,0.0022262388631905956,34,-0.025803395047623842,34,0.0040910890112386845,35,0.015710777986714226,0.17142857142857143,0.17142857142857143,0.17142857142857143,等權・未篩選
2023-07-23,173,0.022050639974160898,35,0.014424382328149655,34,0.007926949405550644,35,0.010326673384042166,34,0.015843962187231476,35,-0.006206677786929422,0.22857142857142856,0.22857142857142856,0.22857142857142856,等權・未篩選
2023-07-30,171,-0.02225270371295598,35,0.0004080728503047428,34,-0.011810716967007296,34,-0.028076311324122635,34,-0.009042673923242725,34,0.013210029789713256,0.23529411764705882,0.2571428571428571,0.24621848739495797,等權・未篩選
2023-08-06,171,-0.03243826786864548,35,-0.026128582234900367,34,-0.04263154790247142,34,-0.029818297555315613,34,-0.0164674597363971,34,0.015970808132248382,0.29411764705882354,0.2857142857142857,0.2899159663865546,等權・未篩選
2023-08-13,169,-0.005918319320024251,34,-0.016257710342228112,34,-0.02276824481554604,33,-0.012481606512287058,34,-0.022519229199375868,34,-0.016600909879351616,0.2647058823529412,0.2647058823529412,0.2647058823529412,等權・未篩選
2023-08-20,169,-0.006955431453117359,34,-0.002333759249653596,34,-0.007448184543135013,33,0.012506914527196312,34,0.0022218367213136625,34,0.009177268174431022,0.23529411764705882,0.3235294117647059,0.27941176470588236,等權・未篩選
2023-08-27,168,0.003923613342945618,34,0.01617905015958799,33,0.033033931002197585,34,-0.0016608730971687735,33,0.008804647239377343,34,0.004881033896431725,0.17647058823529413,0.20588235294117646,0.19117647058823528,等權・未篩選
2023-09-03,167,-0.004659882376660605,34,0.004814120345433274,33,-0.011838542680037836,33,-0.002884079165740183,33,-0.005033571719115034,34,-0.0003736893424544285,0.20588235294117646,0.20588235294117646,0.20588235294117646,等權・未篩選
2023-09-10,168,0.015874375126450197,34,0.012280168741574527,33,0.0043140839336664495,34,0.006752778307350307,33,0.005324467589083122,34,-0.010549907537367075,0.23529411764705882,0.23529411764705882,0.23529411764705882,等權・未篩選
2023-09-17,169,-0.015249589613799781,34,-0.011723791193742398,34,-0.017212535015626973,33,-0.006759544878129438,34,-0.015955662224488076,34,-0.0007060726106882954,0.20588235294117646,0.20588235294117646,0.20588235294117646,等權・未篩選
2023-09-24,170,-0.0018002317944545594,34,0.0026812299707351726,34,0.00859209831208503,34,-0.0028776663076892084,34,-0.003472580829876004,34,-0.0016723490354214447,0.23529411764705882,0.23529411764705882,0.23529411764705882,等權・未篩選
2023-10-01,167,-0.0011352798116105716,34,-0.006902198839110511,33,-0.005213481811534733,33,0.0016769793159336843,33,0.00021590613692137393,34,0.0013511859485319455,0.20588235294117646,0.17647058823529413,0.19117647058823528,等權・未篩選
2023-10-08,166,-0.006224869824401428,34,-0.010301680163905693,33,-0.014061360626186233,33,-0.016458363983637238,33,-0.002159287106515402,33,0.0040655827178860265,0.15151515151515152,0.17647058823529413,0.16399286987522282,等權・未篩選
2023-10-15,167,-0.018661545698358067,34,-0.032817550614271225,33,-0.03351648655326468,33,-0.044850101880115095,33,-0.02218820048747477,34,-0.003526654789116703,0.14705882352941177,0.17647058823529413,0.16176470588235295,等權・未篩選
2023-10-22,169,0.0007828633908664532,34,0.007213388684319063,34,0.012688528720638264,33,0.007994247647656879,34,-0.001021792300790685,34,-0.0018046556916571383,0.20588235294117646,0.14705882352941177,0.1764705882352941,等權・未篩選
2023-10-29,167,0.017709380954882465,34,0.003437432284160908,33,-0.004848605802461798,33,0.014396076734613045,33,0.007946252353313555,34,-0.00976312860156891,0.2647058823529412,0.2647058823529412,0.2647058823529412,等權・未篩選
2023-11-05,165,-0.0033188719504251285,33,0.0010907239301203365,33,0.0015862648788059494,33,-0.008110110211715331,33,0.006106193694858982,33,0.00942506564528411,0.09090909090909091,0.15151515151515152,0.12121212121212122,等權・未篩選
2023-11-12,165,0.021592076105921346,33,0.03609317794338942,33,0.021024149930185417,33,0.029098610090001416,33,0.013555218214483918,33,-0.008036857891437429,0.18181818181818182,0.2727272727272727,0.22727272727272727,等權・未篩選
2023-11-19,166,0.0063737432054144895,34,0.012757086420717625,33,0.016501865949858592,33,0.00396356348589311,33,0.002710644783481103,33,-0.0036630984219333867,0.18181818181818182,0.20588235294117646,0.19385026737967914,等權・未篩選
2023-11-26,163,0.018258223114799018,33,0.0038676198611359187,32,0.0065414737352415524,33,0.007490072919823076,32,0.010079489750592367,33,-0.008178733364206651,0.18181818181818182,0.12121212121212122,0.15151515151515152,等權・未篩選
2023-12-03,162,0.007619440603713839,33,0.021938237329828556,32,-0.009625046027991375,32,0.006765436797980102,32,0.001041640900238909,33,-0.00657779970347493,0.36363636363636365,0.15151515151515152,0.25757575757575757,等權・未篩選
2023-12-10,165,-0.0023855308510700285,33,-0.0061074468576085795,33,0.01101023854978138,33,0.001620583397521728,33,0.010911843248945355,33,0.013297374100015384,0.36363636363636365,0.30303030303030304,0.33333333333333337,等權・未篩選
2023-12-17,166,-0.00835249291310847,34,-0.005176093062030384,33,-0.02695399974377445,33,-0.006729438429156712,33,-0.01500093357799973,33,-0.00664844066489126,0.45454545454545453,0.4117647058823529,0.4331550802139037,等權・未篩選
2023-12-24,165,0.0033441477052799265,33,-0.004067923837282457,33,-0.00010975990806780329,33,0.006319599857779362,33,0.009685546089226406,33,0.006341398383946479,0.24242424242424243,0.21212121212121213,0.2272727272727273,等權・未篩選
2023-12-31,165,-0.005526201136650457,33,-0.0057945280615685595,33,-0.0055809716727736455,33,-0.005407597797057953,33,-0.005160592356341519,33,0.00036560878030893803,0.45454545454545453,0.21212121212121213,0.3333333333333333,等權・未篩選
2024-01-07,163,-0.012395677944670844,33,-0.021976259378178254,32,-0.032425607276070245,33,-0.018676201328810794,32,-0.019767601538416203,33,-0.007371923593745359,0.5151515151515151,0.30303030303030304,0.40909090909090906,等權・未篩選
2024-01-14,163,-0.013180266526544979,33,-0.015078651150068869,32,-0.028287921732000707,33,-0.018615598563203144,32,-0.014851208748840848,33,-0.0016709422222958691,0.2727272727272727,0.21212121212121213,0.24242424242424243,等權・未篩選
2024-01-21,162,0.007713559049850753,33,0.009503541009546326,32,0.017447146683232752,32,0.003850562491273836,32,0.008811165942472467,33,0.0010976068926217145,0.21212121212121213,0.09090909090909091,0.15151515151515152,等權・未篩選
2024-01-28,163,0.010806405589952864,33,-0.0020247492467923636,32,0.000610956821796773,33,-0.010692040751768838,32,0.007083190361327456,33,-0.003723215228625408,0.15151515151515152,0.18181818181818182,0.16666666666666669,等權・未篩選
2024-02-04,163,-0.005831370234585219,33,0.000797739781145064,32,-0.005201583797498355,33,-0.0020025925398421927,32,-0.004668224077224505,33,0.0011631461573607142,0.12121212121212122,0.30303030303030304,0.21212121212121213,等權・未篩選
2024-02-11,165,0.01947826239503638,33,0.01278475937428715,33,0.02653664898659241,33,0.019665466551149327,33,0.015641818815072435,33,-0.0038364435799639433,0.18181818181818182,0.15151515151515152,0.16666666666666669,等權・未篩選
2024-02-18,164,0.02138622386240455,33,0.004606182292431815,33,-0.004776468508867357,32,0.01129199218977563,33,0.0026777000722614072,33,-0.018708523790143143,0.09090909090909091,0.18181818181818182,0.13636363636363635,等權・未篩選
2024-02-25,165,0.009194830491076503,33,0.017767775633506566,33,0.0033037487742026837,33,0.0030514822764682414,33,0.002640263382484333,33,-0.006554567108592171,0.18181818181818182,0.15151515151515152,0.16666666666666669,等權・未篩選
2024-03-03,161,-0.0013318792694036413,33,-0.0336581701235712,32,-0.010321861001700995,32,0.005450170909050232,32,-0.01069416837700625,32,-0.009362289107602608,0.3125,0.5151515151515151,0.41382575757575757,等權・未篩選
2024-03-10,162,0.012522265885835859,33,0.024090084203085924,32,0.0029672107826882836,32,0.008597306113908732,32,0.019005752317072758,33,0.006483486431236899,0.3333333333333333,0.30303030303030304,0.3181818181818182,等權・未篩選
2024-03-17,163,0.018504545191073436,33,0.017098049000224366,32,0.02989066871891141,33,0.004347920889842583,32,0.030568067310018147,33,0.012063522118944712,0.5757575757575758,0.30303030303030304,0.43939393939393945,等權・未篩選
2024-03-24,162,-0.003176760242093467,33,0.015610831118504791,32,0.011198662462190555,32,0.007771975950182246,32,0.0004901268037066331,33,0.0036668870458001,0.5454545454545454,0.5454545454545454,0.5454545454545454,等權・未篩選
2024-03-31,163,0.002247307483599847,33,-0.01065528634898108,32,0.0020851867568122172,33,-0.002703117805278956,32,0.016047687685733208,33,0.013800380202133361,0.5454545454545454,0.36363636363636365,0.45454545454545453,等權・未篩選
2024-04-07,167,0.03267705006521821,34,0.012624852153170182,33,0.029263315758814457,33,0.025079382062964634,33,0.022398211458494695,34,-0.010278838606723517,0.7058823529411765,0.5294117647058824,0.6176470588235294,等權・未篩選
2024-04-14,170,-0.024196108940598097,34,-0.018605922721517988,34,-0.022337148036541292,34,-0.01952309159377302,34,-0.010190482293006642,34,0.014005626647591455,0.6176470588235294,0.3235294117647059,0.47058823529411764,等權・未篩選
2024-04-21,168,0.012921626408801502,34,0.0005540057076956501,33,0.0066697840198525595,34,0.01223268181621559,33,0.020395005219572306,34,0.007473378810770804,0.6470588235294118,0.47058823529411764,0.5588235294117647,等權・未篩選
2024-04-28,170,-0.0034078812198750836,34,0.006458529233798109,34,0.014698233303198275,34,0.004758660976848406,34,0.013757015365291007,34,0.01716489658516609,0.2647058823529412,0.2647058823529412,0.2647058823529412,等權・未篩選
2024-05-05,172,-0.009979746048311498,35,0.008872640291240652,34,-0.005063665515968315,34,-0.0019526419216708705,34,0.0056286399679358464,35,0.015608386016247346,0.22857142857142856,0.2,0.2142857142857143,等權・未篩選
2024-05-12,170,0.004531057546552018,34,0.010147662915534627,34,0.011097313670552578,34,0.02757332129515487,34,0.01608408234475891,34,0.011553024798206891,0.29411764705882354,0.23529411764705882,0.2647058823529412,等權・未篩選
2024-05-19,171,-0.011638603863400133,35,-0.007102461881434524,34,-0.022051724905154373,34,-0.011593820975986428,34,-0.014241062212057927,34,-0.002602458348657794,0.3235294117647059,0.2571428571428571,0.2903361344537815,等權・未篩選
2024-05-26,174,-0.004269125624985464,35,0.012694141500234827,35,0.014549141927131533,34,0.017713594208814548,35,-0.0034003613627401246,35,0.0008687642622453393,0.4,0.34285714285714286,0.37142857142857144,等權・未篩選
2024-06-02,171,0.008653372364434178,35,0.001096054360528006,34,0.0008777953303862982,34,-0.002290578296392509,34,0.010536624254794376,34,0.0018832518903601977,0.35294117647058826,0.34285714285714286,0.34789915966386553,等權・未篩選
2024-06-09,170,0.0101723782226731,34,-0.007941897047270764,34,-0.005353249928269446,34,-0.010295110894766597,34,0.0013663415427008546,34,-0.008806036679972245,0.3235294117647059,0.29411764705882354,0.3088235294117647,等權・未篩選
2024-06-16,170,0.03211890962075881,34,0.00925907180998576,34,0.00017828099174287536,34,0.018251933650509665,34,0.0216478305939418,34,-0.010471079026817015,0.29411764705882354,0.29411764705882354,0.29411764705882354,等權・未篩選
2024-06-23,170,-0.009963522227966492,34,-0.012421052464380652,34,-0.001503100094326464,34,-0.0002497304423474596,34,0.002070796181628466,34,0.012034318409594957,0.29411764705882354,0.2647058823529412,0.27941176470588236,等權・未篩選
2024-06-30,172,0.013347240608945026,35,0.028138151199145575,34,0.02996499055513789,34,0.030262769976413084,34,0.008709211708035292,35,-0.004638028900909735,0.37142857142857144,0.22857142857142856,0.3,等權・未篩選
2024-07-07,174,0.010235472224229606,35,-0.0020569397595664833,35,-0.0056504377093880825,34,-0.024932750244520994,35,0.011500900816091111,35,0.001265428591861505,0.4,0.3142857142857143,0.35714285714285715,等權・未篩選
2024-07-14,174,-0.022222749458435925,35,-0.016889672171315036,35,-0.020620725939678407,34,-0.04172077134625522,35,-0.021249479076965023,35,0.0009732703814709018,0.2,0.2571428571428571,0.22857142857142856,等權・未篩選
2024-07-21,176,-0.016143817362919203,36,-0.01691847475564918,35,-0.015023264132029285,35,-0.024643920004383375,35,-0.016084218644047094,35,5.959871887210866e-05,0.22857142857142856,0.2222222222222222,0.22539682539682537,等權・未篩選
2024-07-28,176,-0.02047370997351418,36,-0.027202453525423737,35,-0.01884510874886895,35,-0.003709960153007292,35,-0.02630837758101563,35,-0.00583466760750145,0.3142857142857143,0.25,0.28214285714285714,等權・未篩選
2024-08-04,176,0.00976314469176745,36,-0.02734420295861385,35,-0.00866271109452632,35,-0.022726530470894832,35,0.005334680605439589,35,-0.0044284640863278615,0.3142857142857143,0.3055555555555556,0.30992063492063493,等權・未篩選
2024-08-11,177,0.013775059848427465,36,0.011766614358092503,35,0.027131717865091578,35,0.032954068830325096,35,0.02483757046188407,36,0.011062510613456604,0.3055555555555556,0.25,0.2777777777777778,等權・未篩選
2024-08-18,176,0.0013401245680516778,36,0.003405511136767379,35,0.0175050115404332,35,0.0047632845827098634,35,0.007463465914988213,35,0.006123341346936535,0.34285714285714286,0.3611111111111111,0.35198412698412695,等權・未篩選
2024-08-25,176,0.002658109469231334,36,-0.0016374632280871232,35,0.006491314825878414,35,0.010238260710523698,35,0.008555345453730927,35,0.005897235984499593,0.22857142857142856,0.25,0.23928571428571427,等權・未篩選
2024-09-01,176,-0.06880015402461398,36,-0.04343536179623425,35,-0.04518016882636783,35,-0.04935417806333947,35,-0.03298083271771823,35,0.03581932130689575,0.22857142857142856,0.2777777777777778,0.25317460317460316,等權・未篩選
2024-09-08,172,0.02969378675597748,35,0.03442932800312287,34,0.0258757103104895,34,0.030801119107330313,34,0.02423572923337735,35,-0.005458057522600129,0.22857142857142856,0.2,0.2142857142857143,等權・未篩選
2024-09-15,173,0.011090547770675932,35,0.01692971608157365,34,0.017325473628628737,35,0.012496332028710285,34,0.016491902822126384,35,0.005401355051450452,0.3142857142857143,0.2857142857142857,0.3,等權・未篩選
2024-09-22,172,0.025274543692930734,35,0.018944444246287755,34,0.034852058709991536,34,0.01362862829665488,34,0.013647393935041873,35,-0.01162714975788886,0.2857142857142857,0.2,0.24285714285714285,等權・未篩選
2024-09-29,175,-0.02328637315750883,35,-0.01680249037705382,35,-0.00651501844103345,35,-0.018491596062131674,35,-0.02222263885095548,35,0.0010637343065533524,0.17142857142857143,0.22857142857142856,0.2,等權・未篩選
2024-10-06,175,-0.03465728174377078,35,-0.02947360567048241,35,-0.0484654801863341,35,-0.017139018889998168,35,-0.013445891242967,35,0.021211390500803777,0.17142857142857143,0.17142857142857143,0.17142857142857143,等權・未篩選
2024-10-13,173,0.018372639609104298,35,0.0024241805292852378,34,0.0031450899642163285,35,0.013664488707522512,34,0.014976337635992442,35,-0.003396301973111856,0.2571428571428571,0.2,0.22857142857142856,等權・未篩選
2024-10-20,178,-0.014332021045384308,36,-0.004587635420114489,35,-0.0022834868497172145,36,0.0008066837194138904,35,-0.004329447122318903,36,0.010002573923065404,0.19444444444444445,0.19444444444444445,0.19444444444444445,等權・未篩選
2024-10-27,180,-0.011448207755957403,36,-0.007076194194877924,36,-0.007842080113256952,36,-0.009841020977755181,36,-0.011487605151302696,36,-3.9397395345293004e-05,0.1388888888888889,0.1388888888888889,0.1388888888888889,等權・未篩選
2024-11-03,180,0.007420953096486087,36,0.0027346879911497373,36,0.0037310867703255635,36,-0.0007877797929419968,36,-0.005128476625369218,36,-0.012549429721855306,0.1388888888888889,0.08333333333333333,0.1111111111111111,等權・未篩選
2024-11-10,181,-0.023807962492806145,37,-0.012035409319468813,36,-0.03496771014445946,36,-0.013252572765612909,36,-0.023412929316095194,36,0.0003950331767109509,0.2222222222222222,0.2702702702702703,0.24624624624624625,等權・未篩選
2024-11-17,180,0.007140980779562119,36,0.003949513891567539,36,0.01681903484617291,36,0.0013584562537191586,36,0.008269569305269413,36,0.0011285885257072944,0.2777777777777778,0.2777777777777778,0.2777777777777778,等權・未篩選
2024-11-24,180,-0.025157201078814112,36,-0.017972028889640664,36,-0.024664986417811802,36,-0.014991664126720369,36,-0.022247809235421398,36,0.002909391843392714,0.16666666666666666,0.16666666666666666,0.16666666666666666,等權・未篩選
2024-12-01,180,0.008905103912898393,36,-0.009422316377098798,36,0.008504556383209414,36,0.021003095503281357,36,0.01664439157956431,36,0.007739287666665918,0.2222222222222222,0.2222222222222222,0.2222222222222222,等權・未篩選
2024-12-08,182,-0.02103342344488528,37,-0.0326684345638405,36,-0.034350397512929086,36,-0.019365704581958382,36,-0.03919920127400985,37,-0.018165777829124572,0.21621621621621623,0.1891891891891892,0.20270270270270271,等權・未篩選
2024-12-15,183,-0.03191310876151745,37,-0.025977266466557628,36,-0.024738429671324256,37,-0.009590626619508233,36,-0.02086498065750623,37,0.01104812810401122,0.16216216216216217,0.16216216216216217,0.16216216216216217,等權・未篩選
2024-12-22,182,0.005408191681854466,37,0.007298092361526938,36,0.0093073088398331,36,0.0017365177870799714,36,0.006180976461137175,37,0.000772784779282709,0.24324324324324326,0.10810810810810811,0.17567567567567569,等權・未篩選
2024-12-29,181,-0.022311780069130288,37,-0.013861188411898413,36,-0.02642931290802283,36,-0.005813470765794702,36,-0.008056580654800385,36,0.014255199414329903,0.2777777777777778,0.2972972972972973,0.2875375375375375,等權・未篩選
2015-06-28,47,0.011104135789471448,10,-0.0018440203006957231,9,-0.014851211045008429,9,0.02147477200249896,9,0.0006432213439751422,10,-0.010460914445496305,1.0,1.0,1.0,等權・可交易性篩選後
2015-07-05,57,-0.026415566251690014,12,-0.04378702179793604,11,-0.04892019802953671,11,-0.03205710489552853,11,-0.034873617262657856,12,-0.008458051010967842,0.4166666666666667,0.4166666666666667,0.4166666666666667,等權・可交易性篩選後
2015-07-12,59,0.020827111083505156,12,0.009221326366473057,12,0.020222542175916024,11,-0.0017157326675799704,12,0.004107421339961476,12,-0.01671968974354368,0.8333333333333334,0.6666666666666666,0.75,等權・可交易性篩選後
2015-07-19,64,-0.03782883522099339,13,-0.03887606034068915,13,-0.045835667328346395,12,-0.07097113821103208,13,-0.029855890567005636,13,0.007972944653987752,0.7692307692307693,0.46153846153846156,0.6153846153846154,等權・可交易性篩選後
2015-07-26,65,-0.002522229018361325,13,-0.02566136610407433,13,-0.015038970331168163,13,-0.022819392555375375,13,-0.008296494138861833,13,-0.005774265120500508,0.46153846153846156,0.23076923076923078,0.34615384615384615,等權・可交易性篩選後
2015-08-02,74,-0.012606055542937308,15,-0.00017674138110771823,15,0.02002347953937684,14,-0.006918354535180156,15,-0.013362684902601308,15,-0.000756629359664,0.7333333333333333,0.6,0.6666666666666666,等權・可交易性篩選後
2015-08-09,75,-0.001774265307926363,15,0.012255505891714025,15,0.009373434234591723,15,0.012986590945664907,15,-0.008686545268695197,15,-0.006912279960768834,0.4666666666666667,0.26666666666666666,0.3666666666666667,等權・可交易性篩選後
2015-08-16,81,-0.05712867956201485,17,-0.05755890616155876,16,-0.07569128082345794,16,-0.05302660369753256,16,-0.06781246614386947,16,-0.01068378658185462,0.4375,0.4117647058823529,0.42463235294117646,等權・可交易性篩選後
2015-08-23,87,0.04400405062029946,18,0.026667910174590817,17,0.032297791049807144,17,0.0698021389450594,17,0.05453671988600174,18,0.010532669265702281,1.0,0.5,0.75,等權・可交易性篩選後
2015-08-30,94,0.0019344112177850663,19,0.014098359751541412,19,0.002688745207222127,18,0.037201366287514206,19,0.01791847453856212,19,0.015984063320777054,0.6842105263157895,0.7368421052631579,0.7105263157894737,等權・可交易性篩選後
2015-09-06,88,0.0425140869634745,18,0.054900767869214086,17,0.057165645708818956,18,0.06036644491385673,17,0.0395011896539084,18,-0.0030128973095661024,0.5555555555555556,0.2777777777777778,0.4166666666666667,等權・可交易性篩選後
2015-09-13,90,0.009950780720644438,18,0.010486703524841497,18,0.011948728222492508,18,0.016428843527143182,18,0.013912728060811778,18,0.003961947340167341,0.6666666666666666,0.4444444444444444,0.5555555555555556,等權・可交易性篩選後
2015-09-20,95,-0.024946030548001187,19,-0.021966450608903242,19,-0.038471315538131524,19,0.00010614506746419698,19,-0.02718237188066618,19,-0.002236341332664992,0.21052631578947367,0.15789473684210525,0.18421052631578946,等權・可交易性篩選後
2015-09-27,95,0.03046094111425333,19,0.041644169353732365,19,0.035255781996485214,19,0.03772653020721123,19,0.033670982951932146,19,0.0032100418376788155,0.42105263157894735,0.21052631578947367,0.3157894736842105,等權・可交易性篩選後
2015-10-04,88,0.004786305291175075,18,0.0022289017177300344,17,0.004476093372363654,18,0.017530104998339447,17,0.0012065085135721674,18,-0.003579796777602907,0.3888888888888889,0.2222222222222222,0.3055555555555556,等權・可交易性篩選後
2015-10-11,94,0.019729448319926023,19,0.00014053624459419098,19,0.023104111736243653,18,0.018431054255140012,19,0.007977372203325762,19,-0.011752076116600261,0.3157894736842105,0.21052631578947367,0.2631578947368421,等權・可交易性篩選後
2015-10-18,99,-0.004231344534280729,20,0.010997170961012503,20,0.005059244276665346,19,0.007098841733317473,20,0.0033277107288317066,20,0.007559055263112435,0.35,0.2,0.275,等權・可交易性篩選後
2015-10-25,100,-0.019284949114072813,20,-0.016516623739071496,20,-0.0063055113525379404,20,-0.01253262463159408,20,-0.009386120047137453,20,0.00989882906693536,0.35,0.55,0.45,等權・可交易性篩選後
2015-11-01,102,0.013952523424954868,21,0.0024251433160197788,20,0.01574523231711889,20,0.012463116120617169,20,0.014855775387423734,21,0.0009032519624688658,0.38095238095238093,0.5238095238095238,0.4523809523809524,等權・可交易性篩選後
2015-11-08,108,-0.04290621303000369,22,-0.04496529923734861,21,-0.053269472868492616,22,-0.041698259533528556,21,-0.0447064698725603,22,-0.001800256842556608,0.3181818181818182,0.4090909090909091,0.36363636363636365,等權・可交易性篩選後
2015-11-15,103,0.027877201830436498,21,0.02533602680732906,20,0.0357904798358155,21,0.04651427465534373,20,0.017817795159290432,21,-0.010059406671146066,0.3333333333333333,0.19047619047619047,0.26190476190476186,等權・可交易性篩選後
2015-11-22,107,-0.02034566111312939,22,-0.012535914268590423,21,-0.017854928335972173,21,-0.01890369795790805,21,-0.010024302441359368,22,0.01032135867177002,0.4090909090909091,0.2727272727272727,0.34090909090909094,等權・可交易性篩選後
2015-11-29,105,0.013594966950388511,21,0.011797531992864433,21,-0.0027819534525676034,21,0.0183448789178249,21,0.0068987513193838786,21,-0.006696215631004632,0.23809523809523808,0.2857142857142857,0.26190476190476186,等權・可交易性篩選後
2015-12-06,105,-0.041723426160097776,21,-0.056954847168269165,21,-0.052111170931988623,21,-0.03605617821811648,21,-0.04469005218209348,21,-0.002966626021995704,0.42857142857142855,0.3333333333333333,0.38095238095238093,等權・可交易性篩選後
2015-12-13,109,0.03625392507028137,22,0.037407126751699424,22,0.04802484772598697,21,0.04550562016583901,22,0.03989124183884591,22,0.00363731676856454,0.45454545454545453,0.45454545454545453,0.45454545454545453,等權・可交易性篩選後
2015-12-20,111,0.02361032270322989,23,0.04186836202808727,22,0.0060869242073144725,22,0.02436719359064798,22,0.014631287419438633,22,-0.008979035283791258,0.18181818181818182,0.21739130434782608,0.19960474308300397,等權・可交易性篩選後
2015-12-27,109,-0.010859254769289091,22,2.310105824946093e-05,22,-0.003397752079730635,21,-0.0038476065528187334,22,-0.014301142441809224,22,-0.0034418876725201327,0.3181818181818182,0.22727272727272727,0.2727272727272727,等權・可交易性篩選後
2016-01-03,106,-0.03691599152125433,22,-0.04612264252917569,21,-0.04748768710818504,21,-0.04786905782229726,21,-0.0447458252114829,21,-0.00782983369022857,0.19047619047619047,0.18181818181818182,0.18614718614718614,等權・可交易性篩選後
2016-01-10,117,-0.023156063273943695,24,-0.01923361333518573,23,-0.014895766590733139,23,-0.0329457441976306,23,-0.028823286659594907,24,-0.005667223385651211,0.375,0.25,0.3125,等權・可交易性篩選後
2016-01-17,115,0.014388738537388009,23,0.017202405361225453,23,0.04802840067800231,23,0.04932552543915662,23,0.0317077341420216,23,0.01731899560463359,0.391304347826087,0.2608695652173913,0.32608695652173914,等權・可交易性篩選後
2016-01-24,112,0.04001076514854975,23,0.034863355430734516,22,0.031638408746566975,22,0.038819834624359194,22,0.03372754316659253,23,-0.006283221981957222,0.2608695652173913,0.17391304347826086,0.21739130434782608,等權・可交易性篩選後
2016-01-31,116,-0.012201502332127185,24,-0.013206597539187766,23,-0.016087045696978778,23,-0.009542313779182706,23,-0.00891640350252396,23,0.003285098829603225,0.5652173913043478,0.25,0.4076086956521739,等權・可交易性篩選後
2016-02-21,116,0.019800939315321578,24,0.02171716380397942,23,0.012370132271671226,23,0.012904318038791164,23,0.009042053142205027,23,-0.010758886173116551,0.5217391304347826,0.4583333333333333,0.490036231884058,等權・可交易性篩選後
2016-02-28,119,0.0378798689614962,24,0.02516532539505278,24,0.028309038055739862,23,0.025219661864702106,24,0.023235611588799245,24,-0.014644257372696954,0.375,0.2916666666666667,0.33333333333333337,等權・可交易性篩選後
2016-03-06,121,0.009607846511140767,25,-0.006815978895008248,24,0.01240899605056899,24,-0.00011553245934436036,24,-0.00917570034519335,24,-0.018783546856334116,0.5416666666666666,0.32,0.4308333333333333,等權・可交易性篩選後
2016-03-13,130,-0.008772477695640614,26,-0.003020452758731294,26,-0.016429915744055747,26,0.005726089926270712,26,-0.008988741240799663,26,-0.00021626354515904937,0.6923076923076923,0.6153846153846154,0.6538461538461539,等權・可交易性篩選後
2016-03-20,130,-0.018249916709482686,26,-0.012640912906636194,26,-0.005462203517231974,26,-0.011212043251813072,26,-0.013336518844434798,26,0.004913397865047887,0.5769230769230769,0.46153846153846156,0.5192307692307692,等權・可交易性篩選後
2016-03-27,125,-0.0064102734269386955,25,-0.015528155191374054,25,-0.004671675292920883,25,-0.024811629805710902,25,-0.012740983776195933,25,-0.0063307103492572375,0.6,0.52,0.56,等權・可交易性篩選後
2016-04-03,130,-0.006965971832729618,26,0.005861084491009356,26,-0.001499084155911874,26,0.0007179717192500623,26,-0.007667884514839223,26,-0.0007019126821096048,0.15384615384615385,0.15384615384615385,0.15384615384615385,等權・可交易性篩選後
2016-04-10,106,0.042288393746328264,22,0.024086496878949096,21,0.013450988717672691,21,0.005467477431423628,21,0.014764028751935901,21,-0.027524364994392363,0.6666666666666666,0.09090909090909091,0.3787878787878788,等權・可交易性篩選後
2016-04-17,129,-0.009637360461888528,26,-0.03007982097996006,26,-0.017109846827465403,25,-0.017143171933382703,26,-0.014786745444677934,26,-0.005149384982789405,0.8846153846153846,0.38461538461538464,0.6346153846153846,等權・可交易性篩選後
2016-04-24,126,-0.018044903429513908,26,-0.01565812509425153,25,-0.02486860732600261,25,-0.014976604939622376,25,-0.0159585790577618,25,0.0020863243717521088,0.52,0.2692307692307692,0.3946153846153846,等權・可交易性篩選後
2016-05-01,119,-0.01956240541038032,24,-0.022895483255299966,24,-0.02904796704546232,23,-0.03323911909030161,24,-0.01470148235380247,24,0.004860923056577851,0.4583333333333333,0.4583333333333333,0.4583333333333333,等權・可交易性篩選後
2016-05-08,108,-0.023385977859987864,22,-0.02936594947565428,21,-0.009526820864720918,22,-0.02711051938281292,21,-0.024723246497573827,22,-0.0013372686375859623,0.3181818181818182,0.2727272727272727,0.2954545454545454,等權・可交易性篩選後
2016-05-15,110,0.007643081225466627,22,0.008419058394014821,22,0.006478913792112371,22,0.015920676191396244,22,0.008697058361970161,22,0.0010539771365035344,0.36363636363636365,0.22727272727272727,0.29545454545454547,等權・可交易性篩選後
2016-05-22,112,0.026644801387156462,23,0.03449443507462657,22,0.025413824249122256,22,0.046140152844146076,22,0.027617216410018946,23,0.0009724150228624835,0.391304347826087,0.21739130434782608,0.30434782608695654,等權・可交易性篩選後
2016-05-29,114,0.01234746244995912,23,0.008229108752251888,23,-0.004117854842006496,22,0.004459547090676588,23,0.010392885300734938,23,-0.0019545771492241824,0.21739130434782608,0.17391304347826086,0.19565217391304346,等權・可交易性篩選後
2016-06-05,121,-0.0017227366498862918,25,0.003019862464355122,24,5.440288995644157e-05,24,-0.0003059419898533931,24,0.006376649114837245,24,0.008099385764723537,0.2916666666666667,0.08,0.18583333333333335,等權・可交易性篩選後
2016-06-12,92,0.0014290268284328981,19,0.0027477070031771502,18,-0.003879811157226921,18,-0.008713743596902265,18,-0.010747897147688406,19,-0.012176923976121305,0.3157894736842105,0.2631578947368421,0.2894736842105263,等權・可交易性篩選後
2016-06-19,106,-0.008366871775406898,22,-0.005810591412255632,21,0.003361743332888803,21,-0.006860166673458002,21,-0.014044632837893182,21,-0.005677761062486283,0.2857142857142857,0.22727272727272727,0.2564935064935065,等權・可交易性篩選後
2016-06-26,116,0.04088917272823887,24,0.03023707670538721,23,0.03011463224904798,23,0.027719796765258743,23,0.04523272819286559,23,0.004343555464626718,0.43478260869565216,0.375,0.40489130434782605,等權・可交易性篩選後
2016-07-03,111,-0.0054030050282754035,23,-0.0045558651201772545,22,-0.00124637995888054,22,0.006559781351380209,22,-0.00747247911153169,22,-0.0020694740832562864,0.3181818181818182,0.2608695652173913,0.28952569169960474,等權・可交易性篩選後
2016-07-10,108,0.026491710231354337,22,0.022229299856622704,21,0.005438263583481298,22,0.019440281662964305,21,0.013903113866932448,22,-0.012588596364421889,0.6363636363636364,0.36363636363636365,0.5,等權・可交易性篩選後
2016-07-17,123,0.008167277419368832,25,0.02210855805518028,24,0.010719286731051216,25,0.025117336267362362,24,0.007411041056179206,25,-0.0007562363631896255,0.72,0.44,0.58,等權・可交易性篩選後
2016-07-24,124,-0.0013310579387042808,25,-0.0003225387351686271,25,-0.010556226419313938,24,0.012606372332425661,25,-0.009968972334818731,25,-0.00863791439611445,0.16,0.04,0.1,等權・可交易性篩選後
2016-07-31,117,0.00837979020416165,24,0.019578195916092382,23,0.01302455379859886,23,0.006755014760008393,23,0.011143194582621732,24,0.0027634043784600833,0.4583333333333333,0.2916666666666667,0.375,等權・可交易性篩選後
2016-08-07,113,-0.013389550011490526,23,-0.0010700188636011056,22,-0.006113962582702822,23,-0.018242647574753187,22,0.0073561104173951114,23,0.020745660428885638,0.34782608695652173,0.30434782608695654,0.32608695652173914,等權・可交易性篩選後
2016-08-14,119,0.0009717348524908437,24,-0.005186401487238164,24,0.007098252254985668,23,0.0006137882409436302,24,-0.00044881718588550096,24,-0.0014205520383763447,0.2916666666666667,0.20833333333333334,0.25,等權・可交易性篩選後
2016-08-21,120,0.012259559840533974,24,-0.0004341135933399927,24,0.0013617880432321428,24,0.00982655778431723,24,0.005828461988830302,24,-0.006431097851703671,0.3333333333333333,0.2916666666666667,0.3125,等權・可交易性篩選後
2016-08-28,109,-0.01908834888344861,22,-0.007342527093780012,22,-0.013742225625039753,21,0.008473833172122998,22,-0.02122751705099606,22,-0.0021391681675474485,0.3181818181818182,0.2727272727272727,0.2954545454545454,等權・可交易性篩選後
2016-09-04,113,-0.0013585526740948748,23,0.0023761151902940854,22,0.0231532432612499,23,0.001316786157195165,22,-0.0016717997550729756,23,-0.00031324708097810075,0.34782608695652173,0.17391304347826086,0.2608695652173913,等權・可交易性篩選後
2016-09-11,114,-0.01982742850798481,23,-0.013623836444398612,23,-0.011354508315074714,22,-0.014613296963369413,23,-0.006570076408001909,23,0.013257352099982902,0.34782608695652173,0.30434782608695654,0.32608695652173914,等權・可交易性篩選後
2016-09-18,91,0.02575926919154439,19,0.020465755369656953,18,0.027065934111665888,18,0.01229496503753335,18,0.008939457578224515,18,-0.016819811613319875,0.3333333333333333,0.15789473684210525,0.24561403508771928,等權・可交易性篩選後
2016-09-25,109,-0.00951318931430779,22,0.0026631966170291895,22,-0.01018954614564235,21,-0.01265390425862341,22,-0.004406961871560685,22,0.005106227442747105,0.36363636363636365,0.22727272727272727,0.29545454545454547,等權・可交易性篩選後
2016-10-02,97,-0.0024308350179319538,20,0.010837375043771013,19,-0.004853472908827515,19,-0.008010583156270942,19,0.003379400275623762,20,0.005810235293555716,0.35,0.2,0.275,等權・可交易性篩選後
2016-10-09,106,-0.04610834568704283,22,-0.021263967215621564,21,-0.018130435281316516,21,-0.04269228100616646,21,-0.023565838162414563,21,0.022542507524628264,0.38095238095238093,0.36363636363636365,0.3722943722943723,等權・可交易性篩選後
2016-10-16,103,0.015396951955872323,21,0.021658416954683977,20,0.023443883443664253,21,0.024668269782874848,20,0.018663676186087545,21,0.0032667242302152222,0.19047619047619047,0.19047619047619047,0.19047619047619047,等權・可交易性篩選後
2016-10-23,110,-0.0054680556618841355,22,-0.00658385394408502,22,-0.008881857116519766,22,-0.013933313415407862,22,-0.0031066682560188822,22,0.0023613874058652532,0.36363636363636365,0.2727272727272727,0.3181818181818182,等權・可交易性篩選後
2016-10-30,103,-0.02722337511278385,21,-0.023636156487343234,20,-0.028300054787027573,21,-0.0325535873383586,20,-0.008935001985392887,21,0.018288373127390962,0.19047619047619047,0.14285714285714285,0.16666666666666666,等權・可交易性篩選後
2016-11-06,103,0.005966808344514531,21,-0.006341253719986617,20,-0.00873657974679927,21,-0.026403016999703106,20,0.0012041289816276523,21,-0.004762679362886879,0.47619047619047616,0.3333333333333333,0.40476190476190477,等權・可交易性篩選後
2016-11-13,115,0.025643346990770755,23,0.010914656290241527,23,0.0004601393533240217,23,0.018416267130833948,23,0.006788576585251729,23,-0.018854770405519024,0.30434782608695654,0.30434782608695654,0.30434782608695654,等權・可交易性篩選後
2016-11-20,111,0.0031479571259068364,23,0.0032815275137778295,22,0.004740747196476905,22,0.01226890574889885,22,0.01931851718649156,22,0.016170560060584722,0.36363636363636365,0.391304347826087,0.37747035573122534,等權・可交易性篩選後
2016-11-27,109,0.0009859266933229147,22,0.021153922072222463,22,0.020809906346022672,21,0.0018539586220953036,22,0.002892093472324336,22,0.0019061667790014212,0.4090909090909091,0.22727272727272727,0.3181818181818182,等權・可交易性篩選後
2016-12-04,112,0.01688739001426424,23,0.019966677397172672,22,0.008341857174195756,22,0.004711296321383482,22,-0.0003729870545578085,23,-0.01726037706882205,0.17391304347826086,0.08695652173913043,0.13043478260869565,等權・可交易性篩選後
2016-12-11,110,-0.010583780937402002,22,-0.0081921918155525,22,-0.0008698419141808648,22,-0.0036526219707331427,22,-0.013910915819044089,22,-0.0033271348816420864,0.22727272727272727,0.13636363636363635,0.18181818181818182,等權・可交易性篩選後
2016-12-18,112,-0.02331957429945776,23,-0.02926778827701804,22,-0.026468812142154876,22,-0.015066811856490085,22,-0.020584188441671217,23,0.002735385857786543,0.21739130434782608,0.17391304347826086,0.19565217391304346,等權・可交易性篩選後
2016-12-25,110,0.016251445203229634,22,0.016111467572766856,22,-0.0015577379995367043,22,0.008502610405404782,22,0.014177947100380868,22,-0.002073498102848766,0.18181818181818182,0.18181818181818182,0.18181818181818182,等權・可交易性篩選後
2017-01-01,97,0.029449185513095177,20,0.010221136401127266,19,0.017966277260201214,19,0.008288832768329386,19,0.00047989636769961154,20,-0.028969289145395566,0.2,0.2,0.2,等權・可交易性篩選後
2017-01-08,99,0.004280546529135465,20,-0.002240902397530509,20,-0.007717931008976892,19,0.00760791821253134,20,0.0038481313262910266,20,-0.0004324152028444385,0.25,0.2,0.225,等權・可交易性篩選後
2017-01-15,107,0.014472012256949628,22,-0.00882145591148172,21,0.026423678381404823,21,0.0020130918659467915,21,-0.00277361870368967,22,-0.0172456309606393,0.45454545454545453,0.45454545454545453,0.45454545454545453,等權・可交易性篩選後
2017-01-22,99,0.010552245578060454,20,0.0057165303027239215,20,0.00709871901440334,19,0.010054575989447489,20,0.014559683808105201,20,0.0040074382300447475,0.4,0.2,0.30000000000000004,等權・可交易性篩選後
2017-01-29,89,0.013260770712326805,18,0.005357351849454535,18,0.008060924060880333,17,0.020359689060995542,18,0.0048179825479553896,18,-0.008442788164371415,0.4444444444444444,0.4444444444444444,0.4444444444444444,等權・可交易性篩選後
2017-02-05,99,0.02210160726702725,20,0.0035431080697250874,20,0.02319605013934741,19,0.01072978220000686,20,0.003775369735858325,20,-0.018326237531168924,0.45,0.35,0.4,等權・可交易性篩選後
2017-02-12,120,0.005570891303292168,24,0.0029593837620591665,24,0.022702784852211094,24,0.026047762202230054,24,0.011481631996683941,24,0.005910740693391773,0.4166666666666667,0.3333333333333333,0.375,等權・可交易性篩選後
2017-02-19,127,0.01042600930545529,26,-0.011095367108228915,25,-0.007823707787257685,25,0.004074494704779555,25,-0.003152981370348712,26,-0.013578990675804002,0.46153846153846156,0.34615384615384615,0.40384615384615385,等權・可交易性篩選後
2017-02-26,124,0.006365150848236545,25,-0.0091231039763308,25,0.003924851716794552,24,-0.00851240793005733,25,-0.0038906684086768184,25,-0.010255819256913363,0.32,0.24,0.28,等權・可交易性篩選後
2017-03-05,113,-0.012973477801362807,23,-0.006445467002486297,22,-0.010496868273502873,23,-0.016657992056451944,22,-0.01687671464924456,23,-0.003903236847881752,0.43478260869565216,0.30434782608695654,0.3695652173913043,等權・可交易性篩選後
2017-03-12,124,0.020690984788708438,25,0.021200382285402344,25,0.010769790475760996,24,0.020421634153714573,25,0.011200071333875785,25,-0.009490913454832653,0.44,0.28,0.36,等權・可交易性篩選後
2017-03-19,120,-0.014785016604987928,24,-0.004598741417401038,24,-0.00913964450823486,24,-0.009360406991158568,24,0.004910762562151468,24,0.019695779167139396,0.5,0.2916666666666667,0.39583333333333337,等權・可交易性篩選後
2017-03-26,121,-0.0008664269461781649,25,-0.011755183235332742,24,-0.013869885368443274,24,-0.011460619723530163,24,0.0014617751043228266,24,0.0023282020505009915,0.4583333333333333,0.28,0.36916666666666664,等權・可交易性篩選後
2017-04-02,123,0.00588871454936434,25,0.004194675697521262,24,-0.0036562874593507066,25,-0.001111461852501286,24,-4.0344864804859884e-05,25,-0.0059290594141692,0.56,0.28,0.42000000000000004,等權・可交易性篩選後
2017-04-09,111,-0.037965288334137454,23,-0.031002043118602794,22,-0.03143718894663893,22,-0.03705549289980273,22,-0.020921278894212178,22,0.017044009439925276,0.45454545454545453,0.34782608695652173,0.40118577075098816,等權・可交易性篩選後
2017-04-16,121,-0.009286383855098203,25,0.0038680871508009564,24,-0.008723306684855372,24,-0.007546902643842057,24,-0.0034836844711336004,24,0.005802699383964603,0.5,0.36,0.43,等權・可交易性篩選後
2017-04-23,115,0.007610271213959624,23,0.011450214721311773,23,-0.0018048478780216223,23,0.023446607589785277,23,0.01141566144071561,23,0.003805390226755986,0.5217391304347826,0.30434782608695654,0.41304347826086957,等權・可交易性篩選後
2017-04-30,107,-0.00891032767505574,22,-0.014890983647347856,21,-0.0031840882598910903,21,-0.0032760709284497627,21,-8.285988009801041e-05,22,0.008827467794957728,0.7727272727272727,0.5909090909090909,0.6818181818181819,等權・可交易性篩選後
2017-05-07,107,-0.004680189908055147,22,-0.012201804902406674,21,-0.005845891031249805,21,-0.01838051628712428,21,-0.013615557488795383,22,-0.008935367580740237,0.45454545454545453,0.3181818181818182,0.38636363636363635,等權・可交易性篩選後
2017-05-14,114,0.019224108219797694,23,-0.005696050094436141,23,-0.0019097843693636964,22,-0.01161128560034514,23,-0.00499751474748776,23,-0.024221622967285455,0.5217391304347826,0.34782608695652173,0.43478260869565216,等權・可交易性篩選後
2017-05-21,114,0.010938179908453718,23,0.017831872772823817,23,0.025743693683597035,22,0.017038365993005383,23,0.020947283875441897,23,0.010009103966988179,0.43478260869565216,0.34782608695652173,0.3913043478260869,等權・可交易性篩選後
2017-05-28,113,0.008997243950293839,23,0.012652433746343828,22,0.0027895563243402646,23,0.00449093168914986,22,-0.004000926662947312,23,-0.01299817061324115,0.5652173913043478,0.4782608695652174,0.5217391304347826,等權・可交易性篩選後
2017-06-04,106,-0.0013320119323460252,22,-0.0067250202874632355,21,-0.0014222917922762275,21,-0.005285906294593801,21,0.0005354439286084341,21,0.0018674558609544593,0.7619047619047619,0.4090909090909091,0.5854978354978355,等權・可交易性篩選後
2017-06-11,119,-0.001516115515429924,24,-0.0044389707830622405,24,-0.0025876746714598455,23,0.0019737729229526344,24,-0.008808710201787459,24,-0.007292594686357535,0.9166666666666666,0.5416666666666666,0.7291666666666666,等權・可交易性篩選後
2017-06-18,114,0.0158257044092164,23,0.008111874140482186,23,0.009403498101853409,22,0.012248008753076517,23,0.01476383504118573,23,-0.0010618693680306702,0.5217391304347826,0.34782608695652173,0.43478260869565216,等權・可交易性篩選後
2017-06-25,114,0.0029898329307890704,23,-0.003115720209000238,23,0.003807541621463391,22,0.02206438987815773,23,0.0036273580937288565,23,0.0006375251629397861,0.5217391304347826,0.391304347826087,0.4565217391304348,等權・可交易性篩選後
2017-07-02,116,0.0025570381622028785,24,-0.005665320592167593,23,-0.0019453914458482174,23,-0.005801900538457209,23,-0.0048578857202172185,23,-0.007414923882420097,0.30434782608695654,0.125,0.21467391304347827,等權・可交易性篩選後
2017-07-09,117,0.023531719258364715,24,0.014196369302674509,23,0.019314592430531994,23,0.008295650896123767,23,0.011366463353343534,24,-0.012165255905021181,0.3333333333333333,0.20833333333333334,0.2708333333333333,等權・可交易性篩選後
2017-07-16,115,-0.0011354900823080999,23,0.005810991476890165,23,-0.0015937736386760144,23,0.006377754340517412,23,-0.002807564155576476,23,-0.0016720740732683761,0.5652173913043478,0.43478260869565216,0.5,等權・可交易性篩選後
2017-07-23,115,-0.00841936377653635,23,-0.006000028210131545,23,0.0009535530303697172,23,-0.0024855638469280877,23,0.0027318466185446326,23,0.011151210395080983,0.6956521739130435,0.43478260869565216,0.5652173913043478,等權・可交易性篩選後
2017-07-30,117,0.014609902260870241,24,0.017165542878410208,23,0.03968184948409592,23,0.009956801665931941,23,0.009808012528602675,24,-0.004801889732267566,0.5416666666666666,0.375,0.4583333333333333,等權・可交易性篩選後
2017-08-06,109,-0.027339117752551587,22,-0.026215443438194822,22,-0.023627557836504345,21,-0.023570350432877866,22,-0.003565063566086546,22,0.02377405418646504,0.6363636363636364,0.3181818181818182,0.4772727272727273,等權・可交易性篩選後
2017-08-13,112,0.008992297031933532,23,0.004876336141658378,22,0.013349019145610047,22,0.006050836348474556,22,0.011099137373541883,23,0.0021068403416083514,0.6086956521739131,0.4782608695652174,0.5434782608695652,等權・可交易性篩選後
2017-08-20,107,0.019463438445886348,22,0.022243017258273177,21,0.029996948349055613,21,0.015730630755795942,21,0.011641161255587174,22,-0.007822277190299175,0.2727272727272727,0.22727272727272727,0.25,等權・可交易性篩選後
2017-08-27,103,0.0068561834038355415,21,0.010422067788073763,20,0.020635855611008707,21,0.014087560493629758,20,0.004893005518525657,21,-0.0019631778853098844,0.6190476190476191,0.2857142857142857,0.4523809523809524,等權・可交易性篩選後
2017-09-03,108,0.009481379599246604,22,0.011553390643376512,21,-0.00034739951634396837,22,0.01363447722939878,21,-0.0016605607877062717,22,-0.011141940386952875,0.7727272727272727,0.5909090909090909,0.6818181818181819,等權・可交易性篩選後
2017-09-10,109,-0.009184268470304584,22,0.0031100093953547233,22,0.013958686484696886,21,0.01969897020466688,22,-0.005029254187144097,22,0.0041550142831604875,0.45454545454545453,0.18181818181818182,0.3181818181818182,等權・可交易性篩選後
2017-09-17,109,-0.02618409970188983,22,-0.01563785372701716,22,-0.028401573924139938,21,0.008161807366315417,22,-0.014214041448103848,22,0.011970058253785982,0.7272727272727273,0.2727272727272727,0.5,等權・可交易性篩選後
2017-09-24,108,-0.032821112637139646,22,-0.011486146307960944,21,-0.006481274731005061,22,-0.00897398460405831,21,-0.010611346539235818,22,0.02220976609790383,0.8636363636363636,0.6818181818181818,0.7727272727272727,等權・可交易性篩選後
2017-10-01,107,0.012656413695006252,22,0.016339115775294826,21,0.0066576048229602044,21,0.010029853410468158,21,0.003086897612947362,22,-0.009569516082058891,0.3181818181818182,0.3181818181818182,0.3181818181818182,等權・可交易性篩選後
2017-10-08,101,0.0020129053783745922,21,0.008689868963238733,20,-0.00314456050023284,20,-0.0032757379452507673,20,0.012545141206727006,20,0.010532235828352414,0.4,0.42857142857142855,0.41428571428571426,等權・可交易性篩選後
2017-10-15,102,-0.01733429567555254,21,-0.004950177156707231,20,-0.005889955000430635,20,-0.0020361463983482597,20,-0.007920877546353918,21,0.009413418129198622,0.5714285714285714,0.2857142857142857,0.42857142857142855,等權・可交易性篩選後
2017-10-22,108,-0.011289792885885431,22,0.0032136803579421963,21,0.0053086228960889555,22,0.0006365126561512991,21,-0.01340086975959768,22,-0.0021110768737122483,0.5454545454545454,0.45454545454545453,0.5,等權・可交易性篩選後
2017-10-29,110,0.006138806422894393,22,0.00745780803790748,22,-0.0051734954105845535,22,0.0046045682033319275,22,0.0016350600294071094,22,-0.004503746393487284,0.5454545454545454,0.45454545454545453,0.5,等權・可交易性篩選後
2017-11-05,102,0.007748373702561169,21,-0.007924211416848875,20,0.007642350753572447,20,-0.004279462394904965,20,-0.002631678726847616,21,-0.010380052429408785,0.3333333333333333,0.38095238095238093,0.3571428571428571,等權・可交易性篩選後
2017-11-12,109,0.003972577295789526,22,-0.003250618003061413,22,-0.010651756726732343,21,-0.013070227740163275,22,-0.011155900653980382,22,-0.015128477949769908,0.5909090909090909,0.4090909090909091,0.5,等權・可交易性篩選後
2017-11-19,111,0.01295731778429009,23,0.017925193635239367,22,0.007508305831718046,22,0.017676642727170577,22,0.010826078881540958,22,-0.002131238902749133,0.5454545454545454,0.5217391304347826,0.5335968379446641,等權・可交易性篩選後
2017-11-26,112,-0.017493451427771242,23,-0.010455236717603456,22,-0.004274541309858109,22,-0.009038073985913563,22,-0.006661002401690536,23,0.010832449026080706,0.5217391304347826,0.391304347826087,0.4565217391304348,等權・可交易性篩選後
2017-12-03,115,-0.013786925567203184,23,0.0022847898186903735,23,-0.012225574115137439,23,-0.023386829869271236,23,-0.01641573684873748,23,-0.002628811281534296,0.5652173913043478,0.391304347826087,0.4782608695652174,等權・可交易性篩選後
2017-12-10,113,0.007531217847861878,23,0.007973014673288158,22,-0.002527433260424198,23,2.044994771309806e-05,22,0.011995618595344376,23,0.004464400747482498,0.43478260869565216,0.30434782608695654,0.3695652173913043,等權・可交易性篩選後
2017-12-17,112,0.000661781095144162,23,0.0012460115189479365,22,0.012335826603988843,22,-0.0032708965112635195,22,0.006316932227177224,23,0.005655151132033062,0.6521739130434783,0.5217391304347826,0.5869565217391304,等權・可交易性篩選後
2017-12-24,109,0.011644174836280325,22,0.01816199116253198,22,0.02195532164959127,21,0.029723503710136503,22,0.005532650105760378,22,-0.006111524730519947,0.6818181818181818,0.5,0.5909090909090908,等權・可交易性篩選後
2017-12-31,116,0.018118005596771323,24,0.01744583873705208,23,0.006885388470185137,23,0.008955173871100525,23,0.01146496812156116,23,-0.006653037475210163,0.30434782608695654,0.20833333333333334,0.25634057971014496,等權・可交易性篩選後
2018-01-07,121,-0.022009670494325336,25,-0.0020367231017070406,24,0.005728536623278453,24,0.003036652838700809,24,0.004592368682026994,24,0.02660203917635233,0.5,0.28,0.39,等權・可交易性篩選後
2018-01-14,126,-0.0047168241937290455,26,-0.0017680849008181233,25,-0.016173465446106802,25,-0.015555643459831514,25,0.01521249147288379,25,0.019929315666612834,0.44,0.34615384615384615,0.3930769230769231,等權・可交易性篩選後
2018-01-21,122,-0.008568326274753452,25,-0.016299789072233766,24,0.0013082970395369986,24,0.003462321625739941,24,-0.0009332387861384195,25,0.007635087488615033,0.44,0.24,0.33999999999999997,等權・可交易性篩選後
2018-01-28,124,-0.010974244504112668,25,-0.010040476770466454,25,-0.012585996752238773,24,-0.012506539519763087,25,-0.001216307311478828,25,0.009757937192633839,0.44,0.32,0.38,等權・可交易性篩選後
2018-02-04,115,-0.05453583860112294,23,-0.04917886269691197,23,-0.035679183392119285,23,-0.05178180343247927,23,-0.0366130222864356,23,0.01792281631468734,0.391304347826087,0.391304347826087,0.391304347826087,等權・可交易性篩選後
2018-02-11,126,-0.009559489279052723,26,-0.00751262469784082,25,-0.00023815282055410946,25,-8.567240218646522e-05,25,-0.00035835801800181865,25,0.009201131261050904,0.48,0.5,0.49,等權・可交易性篩選後
2018-02-18,84,0.014881626455541514,17,0.010977096159878708,17,0.014325229025213354,16,0.03133014840481555,17,0.04000411976925339,17,0.02512249331371187,0.5294117647058824,0.47058823529411764,0.5,等權・可交易性篩選後
2018-02-25,112,0.003791682649134219,23,-0.002035844076439828,22,-0.01200901848722336,22,-0.020523238076858706,22,-0.013674589219011782,23,-0.017466271868146,0.8260869565217391,0.782608695652174,0.8043478260869565,等權・可交易性篩選後
2018-03-04,115,-0.002953167352297506,23,-0.013829079308376416,23,-0.011236289705053555,23,0.005014424334380297,23,0.006133977827522843,23,0.00908714517982035,0.8260869565217391,0.7391304347826086,0.7826086956521738,等權・可交易性篩選後
2018-03-11,117,0.006754333053308424,24,0.0028935543788622905,23,-0.0009648610556015142,23,-0.0023959044456738064,23,-0.0010506496314909668,24,-0.007804982684799391,0.4583333333333333,0.4166666666666667,0.4375,等權・可交易性篩選後
2018-03-18,115,-0.020115513362261722,23,-0.017312279598365555,23,-0.030457265734041828,23,-0.015102956650921023,23,-0.017714447398086686,23,0.002401065964175036,0.4782608695652174,0.34782608695652173,0.41304347826086957,等權・可交易性篩選後
2018-03-25,116,0.02135156105577436,24,0.03256090678687961,23,0.03352234518114189,23,0.004920635931600955,23,0.03108364506290541,23,0.009732084007131051,0.43478260869565216,0.25,0.34239130434782605,等權・可交易性篩選後
2018-04-01,118,-0.001395357514145712,24,0.009660846679325864,23,-0.007055392039188206,24,-0.0009106703848106784,23,0.004119850529431747,24,0.005515208043577459,0.9166666666666666,0.5416666666666666,0.7291666666666666,等權・可交易性篩選後
2018-04-08,101,0.015427537816419427,21,0.009772003102129057,20,0.006710018867654105,20,0.030960490537336037,20,-0.010853714029613565,20,-0.026281251846032992,0.95,0.7142857142857143,0.8321428571428571,等權・可交易性篩選後
2018-04-15,121,-0.0034266439156344264,25,-0.004225652960564069,24,-0.004073401359123078,24,-0.010353269678457566,24,-0.0037916482649973196,24,-0.00036500434936289315,0.5416666666666666,0.44,0.49083333333333334,等權・可交易性篩選後
2018-04-22,119,-0.029627335823530707,24,-0.040043832632174536,24,-0.03015888477688353,23,-0.03716829218074173,24,-0.022919959091879077,24,0.006707376731651629,0.375,0.2916666666666667,0.33333333333333337,等權・可交易性篩選後
2018-04-29,121,-0.006621426475395378,25,-0.011557451526478765,24,-0.010945192809707382,24,-0.001440718419201334,24,-0.005750418008164865,24,0.0008710084672305133,0.5833333333333334,0.52,0.5516666666666667,等權・可交易性篩選後
2018-05-06,109,0.012833052858466455,22,0.017622053608852915,22,0.010576942692042532,21,0.04167669847325691,22,0.012998021426559309,22,0.00016496856809285372,0.36363636363636365,0.36363636363636365,0.36363636363636365,等權・可交易性篩選後
2018-05-13,116,0.005948820917100532,24,-0.01783574711142086,23,0.005153375099254355,23,-0.006439689372261909,23,-0.012408355896750533,23,-0.018357176813851066,0.4782608695652174,0.4583333333333333,0.4682971014492754,等權・可交易性篩選後
2018-05-20,121,-0.010119733105413066,25,-0.00963355228676272,24,-0.0027006592349063754,24,0.007901959537594544,24,0.0031328241506558413,24,0.013252557256068907,0.7083333333333334,0.44,0.5741666666666667,等權・可交易性篩選後
2018-05-27,120,0.010085276020270623,24,0.00860294215131431,24,0.001508556658642075,24,0.06273099450173508,24,0.012654533942242854,24,0.0025692579219722313,0.625,0.3333333333333333,0.47916666666666663,等權・可交易性篩選後
2018-06-03,124,0.019822198090370245,25,0.0020348197204151795,25,-0.003999948458961585,24,0.010013914766308103,25,0.013859406564664587,25,-0.005962791525705658,0.44,0.32,0.38,等權・可交易性篩選後
2018-06-10,124,0.005831703942225266,25,-0.010084194449502086,25,-0.012350120237272819,24,0.007424001055255163,25,-0.016994422698192634,25,-0.0228261266404179,0.56,0.32,0.44000000000000006,等權・可交易性篩選後
2018-06-17,120,-0.015913042772067565,24,-0.01821755048783205,24,-0.014556336765892472,24,-0.020125569901453467,24,0.007600749856577119,24,0.023513792628644684,0.5833333333333334,0.375,0.4791666666666667,等權・可交易性篩選後
2018-06-24,118,0.0035283549662978677,24,-0.007926307926889276,23,-0.007200836623663276,24,-0.02146991138176882,23,-0.030875867575705682,24,-0.03440422254200355,0.625,0.4166666666666667,0.5208333333333334,等權・可交易性篩選後
2018-07-01,116,-0.03446256852420815,24,-0.04013246122228428,23,-0.036225682684055786,23,-0.04723290696380932,23,-0.015620458257287683,23,0.018842110266920467,0.6086956521739131,0.4166666666666667,0.5126811594202899,等權・可交易性篩選後
2018-07-08,116,0.038061557022928745,24,0.03020592932360956,23,0.0225672344317232,23,0.030367331728138058,23,0.023301840590977282,23,-0.014759716431951463,0.43478260869565216,0.3333333333333333,0.38405797101449274,等權・可交易性篩選後
2018-07-15,119,-0.030105409239557387,24,-0.010187160674010426,24,-0.0056052899720691485,23,-0.008428496744974886,24,-0.004206665572024967,24,0.02589874366753242,0.5833333333333334,0.25,0.4166666666666667,等權・可交易性篩選後
2018-07-22,113,0.03485266037204943,23,0.02127083855613601,22,0.011078889711913774,23,0.011795605644808622,22,0.0143660204804556,23,-0.020486639891593827,0.5652173913043478,0.391304347826087,0.4782608695652174,等權・可交易性篩選後
2018-07-29,112,-0.0075280639961950325,23,0.01638652723744456,22,0.003488689033306645,22,-0.004629992757744642,22,0.0001642846257487186,23,0.007692348621943751,0.5652173913043478,0.43478260869565216,0.5,等權・可交易性篩選後
2018-08-05,112,-0.01730907578523886,23,-0.006942672852420098,22,-0.004770649241285053,22,-0.007184285299342649,22,-0.003842211531032031,23,0.01346686425420683,0.6086956521739131,0.4782608695652174,0.5434782608695652,等權・可交易性篩選後
2018-08-12,112,-0.014391487689907998,23,-0.03330145397073948,22,-0.02315003746781197,22,-0.029456604394948807,22,-0.020882962790155075,23,-0.006491475100247076,0.6086956521739131,0.34782608695652173,0.4782608695652174,等權・可交易性篩選後
2018-08-19,119,0.0036879915374382205,24,0.003343886181488851,24,0.006123879516228358,23,0.02436358205093711,24,0.006254005804859917,24,0.002566014267421697,0.6666666666666666,0.3333333333333333,0.5,等權・可交易性篩選後
2018-08-26,112,-0.0012949581325341847,23,0.0103885226034948,22,0.00772135226937373,22,0.032652125324186015,22,0.007797023678715159,23,0.009091981811249344,0.4782608695652174,0.43478260869565216,0.4565217391304348,等權・可交易性篩選後
2018-09-02,114,-0.055141523614524415,23,-0.02329930899168607,23,-0.037534150283553176,22,-0.04675469900675143,23,-0.0359083057148047,23,0.019233217899719712,0.43478260869565216,0.34782608695652173,0.3913043478260869,等權・可交易性篩選後
2018-09-09,114,-0.008101286521432174,23,0.009847167637144091,23,0.00038641218114535895,22,-0.0025562265257122584,23,0.013857833823706533,23,0.021959120345138708,0.34782608695652173,0.30434782608695654,0.32608695652173914,等權・可交易性篩選後
2018-09-16,114,0.015805677851011647,23,0.014331906262859948,23,0.020202678280949637,22,0.00992182145919165,23,0.009865736645358112,23,-0.005939941205653535,0.34782608695652173,0.2608695652173913,0.30434782608695654,等權・可交易性篩選後
2018-09-23,108,0.008056960045340188,22,-0.0009479886462952899,21,0.012553320263804573,22,0.012233676253712062,21,0.006249028669382786,22,-0.001807931375957402,0.6363636363636364,0.36363636363636365,0.5,等權・可交易性篩選後
2018-09-30,107,-0.056671445477973696,22,-0.05753457677956421,21,-0.048055521477613654,21,-0.057097966475206686,21,-0.040441740717196376,22,0.01622970476077732,0.5909090909090909,0.45454545454545453,0.5227272727272727,等權・可交易性篩選後
2018-10-07,112,-0.04001617177884618,23,-0.04805155653972635,22,-0.058171029903565014,22,-0.08926211034764477,22,-0.040524638848950724,23,-0.0005084670701045457,0.30434782608695654,0.30434782608695654,0.30434782608695654,等權・可交易性篩選後
2018-10-14,120,-0.01445208407282556,24,-0.03380798797599886,24,-0.0002588885985692624,24,0.0027443542923858144,24,-0.011727151290923263,24,0.0027249327819022975,0.6666666666666666,0.375,0.5208333333333333,等權・可交易性篩選後
2018-10-21,114,-0.06719485879173491,23,-0.05873116657773611,23,-0.0418434598035809,22,-0.06037658243598336,23,-0.03048949108982452,23,0.036705367701910394,0.7391304347826086,0.5217391304347826,0.6304347826086956,等權・可交易性篩選後
2018-10-28,115,0.04731362293692237,23,0.05294558343258522,23,0.03554046169129796,23,0.05820055726888354,23,0.024054768113392234,23,-0.02325885482353014,0.30434782608695654,0.21739130434782608,0.2608695652173913,等權・可交易性篩選後
2018-11-04,109,-0.0005312892511040824,22,0.007105441231381389,22,0.025516265792610387,21,-0.005993474733210894,22,-0.0006255837742164487,22,-9.429452311236633e-05,0.3181818181818182,0.18181818181818182,0.25,等權・可交易性篩選後
2018-11-11,105,0.006884601937019278,21,0.014057896966871678,21,0.03388713088675742,21,0.014262689764503204,21,0.01817361590587688,21,0.011289013968857602,0.42857142857142855,0.2857142857142857,0.3571428571428571,等權・可交易性篩選後
2018-11-18,104,-0.02286470883923828,21,-0.010469077732762516,21,-0.010369819160600207,20,-0.01057536287874802,21,-0.016622515618580042,21,0.006242193220658238,0.42857142857142855,0.3333333333333333,0.38095238095238093,等權・可交易性篩選後
2018-11-25,101,0.01299588754236317,21,0.024741620343221665,20,0.030292450939521202,20,0.06418359033926618,20,0.034024401497190014,20,0.021028513954826845,0.3,0.3333333333333333,0.31666666666666665,等權・可交易性篩選後
2018-12-02,104,-0.022618943136710482,21,-0.010305870098398414,21,-0.009765993954654512,20,-0.02511512227115777,21,-0.012378160265535953,21,0.010240782871174529,0.5238095238095238,0.19047619047619047,0.35714285714285715,等權・可交易性篩選後
2018-12-09,108,0.01096927998581179,22,0.025088833903664603,21,0.010189454433661411,22,0.0032624800238984903,21,0.00670299044123466,22,-0.00426628954457713,0.5909090909090909,0.45454545454545453,0.5227272727272727,等權・可交易性篩選後
2018-12-16,111,-0.003922189595029725,23,-0.013068055644999405,22,-0.026307834749227363,22,-0.025979820254541996,22,-0.02095505396326721,22,-0.017032864368237484,0.8636363636363636,0.6086956521739131,0.7361660079051384,等權・可交易性篩選後
2018-12-23,113,-0.010771754045782803,23,-0.01213750679159162,22,0.002559674234936565,23,-0.005556235074183236,22,-0.020102527439716647,23,-0.009330773393933844,0.8260869565217391,0.4782608695652174,0.6521739130434783,等權・可交易性篩選後
2018-12-30,106,-0.02846655394557589,22,-0.025005255913385052,21,-0.019155962046931718,21,-0.012468784150485251,21,-0.020138453074662898,21,0.008328100870912993,0.9047619047619048,0.5454545454545454,0.725108225108225,等權・可交易性篩選後
2019-01-06,92,0.015924329764098195,19,0.019804252251001592,18,0.019488432264315608,18,0.003515411214830825,18,0.015289722489197594,19,-0.0006346072749006011,0.5263157894736842,0.3157894736842105,0.42105263157894735,等權・可交易性篩選後
2019-01-13,103,0.010458328162364926,21,0.011125075474276441,20,0.007774707382536214,21,0.015882642393032755,20,0.007935499959277151,21,-0.0025228282030877753,0.7142857142857143,0.42857142857142855,0.5714285714285714,等權・可交易性篩選後
2019-01-20,103,0.005461856080706151,21,-0.0011328612856116083,20,0.008678156189766644,21,-0.005617408547048725,20,0.024702118180432792,21,0.01924026209972664,0.6190476190476191,0.47619047619047616,0.5476190476190477,等權・可交易性篩選後
2019-01-27,104,-0.004067125111802617,21,0.001707867764465457,21,-0.008949351631279384,20,-0.01095546755369817,21,0.011047943244263624,21,0.015115068356066241,0.5714285714285714,0.42857142857142855,0.5,等權・可交易性篩選後
2019-02-17,109,0.018373753187088847,22,0.013426925124606338,22,0.005672355879811509,21,0.0075274129499510985,22,0.012679479557987922,22,-0.0056942736291009256,0.45454545454545453,0.36363636363636365,0.40909090909090906,等權・可交易性篩選後
2019-02-24,111,-0.0020649111482517347,23,-0.0015483646332747096,22,-0.00499232606904845,22,0.007227774179007455,22,0.004960791178259003,22,0.007025702326510738,0.36363636363636365,0.2608695652173913,0.31225296442687744,等權・可交易性篩選後
2019-03-03,99,-0.022843563531066296,20,-0.009460197209336075,20,-0.005213448516962675,19,-0.004405841054429932,20,-0.00743742314807041,20,0.015406140382995885,0.5,0.2,0.35,等權・可交易性篩選後
2019-03-10,105,0.008607650922327362,21,0.00899543531947615,21,0.018495307285845603,21,0.0066364225225076495,21,0.019852017812651557,21,0.011244366890324195,0.42857142857142855,0.14285714285714285,0.2857142857142857,等權・可交易性篩選後
2019-03-17,111,0.00768163780332389,23,0.0009612207634988399,22,-0.003977784534778181,22,0.0072639608348598365,22,0.0028254774644804496,22,-0.00485616033884344,0.36363636363636365,0.30434782608695654,0.3339920948616601,等權・可交易性篩選後
2019-03-24,113,0.004916371243377337,23,0.00967399022966063,22,0.013918843816555967,23,-0.0010596877128646826,22,0.011803451193315037,23,0.0068870799499377005,0.43478260869565216,0.2608695652173913,0.34782608695652173,等權・可交易性篩選後
2019-03-31,109,0.003248983414617061,22,0.00029824686043797033,22,0.00023011057440933786,21,-0.006617081518329132,22,0.0032921299502885067,22,4.314653567144555e-05,0.5,0.18181818181818182,0.34090909090909094,等權・可交易性篩選後
2019-04-07,103,-0.017320878554709773,21,-0.0032303627329764275,20,-0.006619227025831477,21,-0.00876040105869651,20,0.005080947590395822,21,0.022401826145105594,0.7619047619047619,0.5238095238095238,0.6428571428571428,等權・可交易性篩選後
2019-04-14,112,0.01834237494075259,23,-0.001999228355133972,22,0.0007735286341284196,22,-0.005397599677168069,22,-0.0032867322748467227,23,-0.02162910721559931,0.5217391304347826,0.34782608695652173,0.43478260869565216,等權・可交易性篩選後
2019-04-21,111,0.003441444976499974,23,0.011707806031974627,22,-0.008169985912951332,22,-0.030051361413478864,22,-0.005956387663631915,22,-0.009397832640131889,0.5,0.34782608695652173,0.42391304347826086,等權・可交易性篩選後
2019-04-28,111,0.010048481371023668,23,0.00904732126248104,22,0.005605929437819865,22,0.007652839427192143,22,0.003958994246303426,22,-0.006089487124720242,0.45454545454545453,0.21739130434782608,0.3359683794466403,等權・可交易性篩選後
2019-05-05,105,-0.03200591675783664,21,-0.023234314770202776,21,-0.01431260072550872,21,-0.05476511507010556,21,-0.019311035066706807,21,0.012694881691129836,0.38095238095238093,0.23809523809523808,0.30952380952380953,等權・可交易性篩選後
2019-05-12,113,-0.020873289958369186,23,-0.012924297624462809,22,0.008791707289048312,23,-0.01172120358422827,22,-0.03031762274480609,23,-0.009444332786436905,0.391304347826087,0.391304347826087,0.391304347826087,等權・可交易性篩選後
2019-05-19,118,-0.009585621309008452,24,-0.003473228114701521,23,0.01206750814902234,24,-0.0037079260572248376,23,0.003854302970301695,24,0.013439924279310147,0.7916666666666666,0.4583333333333333,0.625,等權・可交易性篩選後
2019-05-26,111,0.020400535560705334,23,0.011858650029440344,22,0.004053816663763663,22,0.01061524310718284,22,0.01066342971467909,22,-0.009737105846026243,0.6818181818181818,0.5652173913043478,0.6235177865612648,等權・可交易性篩選後
2019-06-02,114,0.005239014219281196,23,-0.007658912414898747,23,-0.0019185622030914854,22,0.0014027704603179602,23,-0.0016189638376092209,23,-0.006857978056890417,0.5217391304347826,0.391304347826087,0.4565217391304348,等權・可交易性篩選後
2019-06-09,110,0.00023703766940334138,22,0.005815095237762393,22,3.9488955535112296e-05,22,0.006938004481955806,22,0.010842304652562796,22,0.010605266983159455,0.5909090909090909,0.36363636363636365,0.4772727272727273,等權・可交易性篩選後
2019-06-16,113,0.03066996841596956,23,0.006362976120102196,22,0.010470615268886842,23,0.01640259228619057,22,0.025412680459885935,23,-0.005257287956083625,0.43478260869565216,0.2608695652173913,0.34782608695652173,等權・可交易性篩選後
2019-06-23,118,0.0034661163144206614,24,0.0017718184436796944,23,0.002596956032180256,24,-0.0034081666999750512,23,0.00906291647489447,24,0.005596800160473809,0.16666666666666666,0.2916666666666667,0.22916666666666669,等權・可交易性篩選後
2019-06-30,120,-0.0022146054712520965,24,0.010432112029432705,24,0.006763636844177208,24,0.02128889064080665,24,0.009503134671098007,24,0.011717740142350103,0.5,0.3333333333333333,0.41666666666666663,等權・可交易性篩選後
2019-07-07,122,0.0075039648251818344,25,0.013632390350378531,24,0.0011533269318793754,24,0.0013861169179573095,24,0.0022766785761460183,25,-0.005227286249035816,0.52,0.4,0.46,等權・可交易性篩選後
2019-07-14,127,0.007637775737918928,26,-0.002416515480312409,25,0.0012779083514443013,25,0.005527623520461997,25,-0.0008493251099400092,26,-0.008487100847858937,0.4230769230769231,0.3076923076923077,0.3653846153846154,等權・可交易性篩選後
2019-07-21,129,0.007202110034443005,26,-0.0011398294904743432,26,-0.0013313198204545974,25,0.010134579263442654,26,-0.0026353000869940003,26,-0.009837410121437006,0.38461538461538464,0.3076923076923077,0.34615384615384615,等權・可交易性篩選後
2019-07-28,123,-0.029155329748426093,25,-0.018699720871036978,24,-0.022080697453668714,25,-0.047798875091367654,24,-0.01444979006055501,25,0.014705539687871083,0.52,0.4,0.46,等權・可交易性篩選後
2019-08-04,119,-0.007516059010892848,24,-0.009758944075546916,24,-0.007927266442693892,23,-0.0018651215534573606,24,0.004095768405739997,24,0.011611827416632844,0.4166666666666667,0.4166666666666667,0.4166666666666667,等權・可交易性篩選後
2019-08-11,117,-0.00410543423228107,24,-0.013172877014300439,23,-0.014001376544506824,23,0.0010143884745723488,23,-0.006060500009737633,24,-0.0019550657774565633,0.5416666666666666,0.4166666666666667,0.47916666666666663,等權・可交易性篩選後
2019-08-18,113,0.0004475761522701436,23,0.01041017465034405,22,0.002512013897829469,23,0.01475594655199345,22,0.01117376506277305,23,0.010726188910502905,0.34782608695652173,0.2608695652173913,0.30434782608695654,等權・可交易性篩選後
2019-08-25,111,0.034200686156636045,23,0.015538367098990829,22,0.009696437983039903,22,0.020926395982376052,22,0.018759926101820004,22,-0.015440760054816042,0.2727272727272727,0.17391304347826086,0.22332015810276679,等權・可交易性篩選後
2019-09-01,110,0.02468631158425932,22,0.023454405215142447,22,0.007510402004242952,22,0.01943788376514489,22,0.022245737850412183,22,-0.0024405737338471373,0.4090909090909091,0.22727272727272727,0.3181818181818182,等權・可交易性篩選後
2019-09-08,116,-0.0002752785114905898,24,-0.0010029414690102593,23,-0.005149600973830114,23,-0.0010804168312203361,23,0.004684393008227911,23,0.004959671519718501,0.43478260869565216,0.375,0.40489130434782605,等權・可交易性篩選後
2019-09-15,110,0.004862164724566278,22,0.00738536495422859,22,0.0008529299713722779,22,0.004827378398829155,22,0.010025073027518665,22,0.005162908302952387,0.45454545454545453,0.3181818181818182,0.38636363636363635,等權・可交易性篩選後
2019-09-22,112,-0.018640757210964143,23,-0.017170709214412983,22,-0.027630870429910245,22,-0.031514175856532683,22,-0.021228237647342805,23,-0.002587480436378662,0.5652173913043478,0.391304347826087,0.4782608695652174,等權・可交易性篩選後
2019-09-29,113,0.0012924087696142574,23,-0.0054024816772593135,22,0.0018476607640821113,23,-0.0069409778165371,22,-0.006755190781276886,23,-0.008047599550891144,0.4782608695652174,0.43478260869565216,0.4565217391304348,等權・可交易性篩選後
2019-10-06,106,-0.009771735441497766,22,-0.011899527978429192,21,-0.00919202432469837,21,-0.01599655366750656,21,-0.0038874527045026047,21,0.0058842827369951604,0.6190476190476191,0.5454545454545454,0.5822510822510822,等權・可交易性篩選後
2019-10-13,98,0.0174475831412391,20,0.013192411216533431,19,0.0031572293469381285,20,0.005494098369403826,19,0.010357541920323326,20,-0.007090041220915774,0.35,0.35,0.35,等權・可交易性篩選後
2019-10-20,113,0.00717995784303688,23,0.0018162796775807151,22,0.002379398559409182,23,0.006387773687477888,22,8.664909788718531e-05,23,-0.007093308745149694,0.43478260869565216,0.2608695652173913,0.34782608695652173,等權・可交易性篩選後
2019-10-27,114,-0.004759358634394926,23,-0.0027550975942809224,23,-0.0010774846380530168,22,-0.0162381456255163,23,-0.005272013162373227,23,-0.0005126545279783004,0.391304347826087,0.34782608695652173,0.3695652173913043,等權・可交易性篩選後
2019-11-03,115,-0.007826663228111912,23,0.012325706132060328,23,0.005117785124183705,23,-0.012552539975898717,23,0.003465340077119174,23,0.011292003305231085,0.43478260869565216,0.30434782608695654,0.3695652173913043,等權・可交易性篩選後
2019-11-10,117,-0.007395213016128457,24,-0.005825391081553043,23,-0.017777308821782647,23,-0.00821407028874819,23,-0.005930790110564822,24,0.0014644229055636353,0.4583333333333333,0.25,0.35416666666666663,等權・可交易性篩選後
2019-11-17,121,0.002436066888095416,25,0.007553668216281039,24,0.006478573713042048,24,0.006985889189892361,24,-0.0002832856744152494,24,-0.002719352562510665,0.25,0.28,0.265,等權・可交易性篩選後
2019-11-24,117,0.004295392950250078,24,-0.0005356047888707959,23,-0.002280609956552838,23,-0.001970379006855589,23,-0.0021754254991226732,24,-0.0064708184493727505,0.4166666666666667,0.25,0.33333333333333337,等權・可交易性篩選後
2019-12-01,116,0.004607730487048753,24,-0.00014467639462115278,23,-0.0011962618517160097,23,0.0015198429374136473,23,-0.005540326216151806,23,-0.01014805670320056,0.6086956521739131,0.3333333333333333,0.47101449275362317,等權・可交易性篩選後
2019-12-08,117,0.0009412193054789594,24,0.005334709396033291,23,-0.01129971866220649,23,0.0002762367714654299,23,-0.0006659644786846339,24,-0.0016071837841635933,0.5833333333333334,0.4583333333333333,0.5208333333333334,等權・可交易性篩選後
2019-12-15,119,0.0092406303188654,24,0.010734623125781753,24,0.007558979530329589,23,0.011260344797723129,24,0.005415005741732967,24,-0.0038256245771324335,0.5,0.4166666666666667,0.45833333333333337,等權・可交易性篩選後
2019-12-22,123,0.009188113216144154,25,0.00015721089838451977,24,-0.0003482493984457768,25,0.00016632410344653847,24,-0.0007041482488446471,25,-0.0098922614649888,0.36,0.28,0.32,等權・可交易性篩選後
2019-12-29,118,0.007428827628489583,24,0.010507689834049648,23,0.0037267078223573447,24,-1.663778292422837e-06,23,0.006422259897143415,24,-0.0010065677313461684,0.5416666666666666,0.2916666666666667,0.41666666666666663,等權・可交易性篩選後
2020-01-05,119,-0.007879865483320527,24,-0.0163838685048259,24,-0.009620747550490501,23,-0.00419582042039382,24,-0.0022369248714134335,24,0.0056429406119070935,0.5,0.3333333333333333,0.41666666666666663,等權・可交易性篩選後
2020-01-12,122,0.010583849896946274,25,0.007336121522780477,24,0.007787268413230547,24,0.007942446072214343,24,0.006122753022529772,25,-0.004461096874416501,0.64,0.4,0.52,等權・可交易性篩選後
2020-01-19,123,0.0019891815604046893,25,0.0008406425424574426,24,0.0005863672659392405,25,-0.000944138679353182,24,0.0034577078978466737,25,0.0014685263374419845,0.56,0.36,0.46,等權・可交易性篩選後
2020-01-26,77,-0.01531279921422174,16,-0.01127985175289757,15,-0.01245036464207548,15,-0.009318753505819085,15,-0.013311679371308352,16,0.0020011198429133875,0.5,0.375,0.4375,等權・可交易性篩選後
2020-02-02,118,0.03972157034388446,24,0.013183040144628417,23,0.014802031493871945,24,0.023924688149551777,23,0.03131188533521685,24,-0.008409685008667608,0.625,0.5,0.5625,等權・可交易性篩選後
2020-02-09,124,0.025280570453054887,25,0.014269354472407186,25,0.01359066832750784,24,0.03380382694733915,25,0.011047371246029374,25,-0.014233199207025513,0.4,0.36,0.38,等權・可交易性篩選後
2020-02-16,121,0.01566988289850605,25,0.0125717398961701,24,0.01104714580988809,24,0.00381947523122055,24,0.003348278494584698,24,-0.012321604403921353,0.4583333333333333,0.4,0.4291666666666667,等權・可交易性篩選後
2020-02-23,117,-0.01912082309198691,24,-0.0216994711699378,23,-0.024516914220364318,23,-0.02037949520843626,23,-0.022252225575211476,24,-0.0031314024832245664,0.375,0.25,0.3125,等權・可交易性篩選後
2020-03-01,114,0.0247151947887408,23,0.027924283538977766,23,0.01816082209884863,22,0.021588416868360886,23,0.02889624458628099,23,0.004181049797540189,0.43478260869565216,0.391304347826087,0.41304347826086957,等權・可交易性篩選後
2020-03-08,116,-0.13822167693692664,24,-0.11911330731771895,23,-0.1387442169860849,23,-0.12219690630272746,23,-0.13673389497093857,23,0.001487781965988061,0.5217391304347826,0.375,0.4483695652173913,等權・可交易性篩選後
2020-03-15,132,-0.11917439984301213,27,-0.08412118604864648,26,-0.10760666699761104,26,-0.1039316635258282,26,-0.0876818870899552,27,0.03149251275305694,0.5185185185185185,0.4074074074074074,0.4629629629629629,等權・可交易性篩選後
2020-03-22,131,0.09816644862969064,27,0.09648503108980042,26,0.08702809483744958,26,0.1039838745675856,26,0.09060118892815988,26,-0.007565259701530755,0.6923076923076923,0.37037037037037035,0.5313390313390314,等權・可交易性篩選後
2020-03-29,131,0.04376163506625283,27,0.036284997856937534,26,0.013141174818352235,26,0.0337382977222485,26,0.03039523392918606,26,-0.013366401137066771,0.5769230769230769,0.4074074074074074,0.49216524216524216,等權・可交易性篩選後
2020-04-05,106,0.05880611097721682,22,0.05868668381303613,21,0.05485368997606901,21,0.0797539940146792,21,0.05626738693472988,21,-0.0025387240424869437,0.7142857142857143,0.45454545454545453,0.5844155844155844,等權・可交易性篩選後
2020-04-12,125,0.024022797768570636,25,0.035969228668181454,25,0.03250917176665208,25,0.015967809565380672,25,0.016154652954790558,25,-0.007868144813780079,0.52,0.36,0.44,等權・可交易性篩選後
2020-04-19,123,-0.005183686881413218,25,-0.01270294452187839,24,-0.01034599997391521,25,-0.013930744409539078,24,-0.00981393886690086,25,-0.004630251985487641,0.32,0.2,0.26,等權・可交易性篩選後
2020-04-26,116,0.0470576245780678,24,0.05987056442551584,23,0.06407664621933819,23,0.05287301640038169,23,0.06033510817857259,23,0.013277483600504791,0.30434782608695654,0.20833333333333334,0.25634057971014496,等權・可交易性篩選後
2020-05-03,120,0.025940628933510516,24,0.049573162059407865,24,0.02238532140198651,24,0.012254871412675514,24,0.0249374208607455,24,-0.0010032080727650147,0.4166666666666667,0.25,0.33333333333333337,等權・可交易性篩選後
2020-05-10,124,-0.02004646901687244,25,-0.029155270110398424,25,-0.026874176563858234,24,-0.0009735005204531033,25,-0.011167455486506906,25,0.008879013530365536,0.52,0.44,0.48,等權・可交易性篩選後
2020-05-17,121,0.010205952197293247,25,0.012738045836170669,24,0.02595473071938721,24,0.004455882513245311,24,0.001665242164276659,24,-0.008540710033016588,0.4583333333333333,0.36,0.4091666666666667,等權・可交易性篩選後
2020-05-24,124,-0.0027603737723704215,25,0.0051566828744859135,25,0.010089773426158485,24,0.013324727092237122,25,0.008563037979084785,25,0.011323411751455206,0.44,0.28,0.36,等權・可交易性篩選後
2020-05-31,121,0.03291614116804392,25,0.03818882866038975,24,0.03876543974257785,24,0.03587056914165243,24,0.025576189730436932,24,-0.00733995143760699,0.5833333333333334,0.36,0.4716666666666667,等權・可交易性篩選後
2020-06-07,126,-0.0224928628813694,26,-0.019443806326636174,25,-0.03284390159208115,25,-0.04028783625800632,25,-0.024414380375276296,25,-0.0019215174939068956,0.64,0.38461538461538464,0.5123076923076924,等權・可交易性篩選後
2020-06-14,126,0.02178800919330809,26,0.02352095551154936,25,0.03422783379874138,25,0.011920843786402582,25,0.008603562282902981,25,-0.013184446910405108,0.24,0.19230769230769232,0.21615384615384614,等權・可交易性篩選後
2020-06-21,127,-0.002679012374939607,26,-0.009152209825197937,25,-0.012346757768498393,25,-0.006426375225090193,25,0.004220294468500909,26,0.006899306843440516,0.4230769230769231,0.2692307692307692,0.34615384615384615,等權・可交易性篩選後
2020-06-28,117,0.02194320537175801,24,0.01926846334227967,23,0.033563115485518887,23,0.0268377544377077,23,0.02540321356837971,24,0.0034600081966216986,0.4583333333333333,0.2916666666666667,0.375,等權・可交易性篩選後
2020-07-05,131,-0.013129164378825449,27,0.003173635324925321,26,0.00051118583402604,26,0.004271981169048187,26,-0.003639410199648427,26,0.009489754179177022,0.5384615384615384,0.2962962962962963,0.41737891737891736,等權・可交易性篩選後
2020-07-12,134,-0.008322049044715361,27,-0.011875761584913325,27,-0.001253234112327592,26,-0.013441892920480522,27,-0.0034298571627123715,27,0.00489219188200299,0.4444444444444444,0.4074074074074074,0.42592592592592593,等權・可交易性篩選後
2020-07-19,134,-0.008425364152198864,27,-0.00233987390051145,27,0.0023079561913101555,26,0.00031458066040873027,27,0.011168135444539597,27,0.01959349959673846,0.2962962962962963,0.25925925925925924,0.2777777777777778,等權・可交易性篩選後
2020-07-26,128,-0.001888989648647908,26,-0.009304559597900273,25,-0.014974652430331359,26,-0.006130189436086262,25,0.0024953978538558167,26,0.004384387502503724,0.38461538461538464,0.2692307692307692,0.3269230769230769,等權・可交易性篩選後
2020-08-02,127,0.016589587744554636,26,0.01706787439486285,25,0.025282410829362986,25,0.002880497441495593,25,0.03360961601990887,26,0.017020028275354232,0.38461538461538464,0.34615384615384615,0.3653846153846154,等權・可交易性篩選後
2020-08-09,126,0.006461051928146448,26,0.023370781907228588,25,0.024357473867991416,25,0.03329835784613437,25,0.0048907895957097615,25,-0.001570262332436687,0.4,0.3076923076923077,0.35384615384615387,等權・可交易性篩選後
2020-08-16,129,-0.025688104987354247,26,-0.001165564464657662,26,0.008174735465395298,25,-0.0036507813034391844,26,-0.0029508412690624807,26,0.022737263718291767,0.2692307692307692,0.23076923076923078,0.25,等權・可交易性篩選後
2020-08-23,130,0.02441506892571954,26,0.0028882349191308677,26,0.03880555023482319,26,0.013654272741896994,26,0.03447326197300984,26,0.010058193047290297,0.5384615384615384,0.34615384615384615,0.4423076923076923,等權・可交易性篩選後
2020-08-30,130,0.0022543523384316736,26,0.021884812103373095,26,0.01971033288185486,26,0.00942411474431707,26,-0.008508637020263127,26,-0.0107629893586948,0.5,0.5,0.5,等權・可交易性篩選後
2020-09-06,129,-0.004781197264740893,26,0.0022423557215969394,26,-0.009798591447385428,25,0.007060586853845299,26,-0.0041828421036969555,26,0.0005983551610439378,0.34615384615384615,0.2692307692307692,0.3076923076923077,等權・可交易性篩選後
2020-09-13,133,0.010992278207196159,27,0.004758388563499305,26,0.015442218544075036,27,0.00979465563125418,26,0.01177924806174457,27,0.0007869698545484114,0.4074074074074074,0.3333333333333333,0.37037037037037035,等權・可交易性篩選後
2020-09-20,132,-0.06987757797490311,27,-0.07111060937631643,26,-0.07840124901872587,26,-0.04744702790774866,26,-0.06687371115852095,27,0.003003866816382164,0.5925925925925926,0.18518518518518517,0.38888888888888884,等權・可交易性篩選後
2020-09-27,133,0.011377403721150628,27,0.012988210026140236,26,0.008370747909036805,27,0.01371913958091675,26,0.015737865538052093,27,0.004360461816901464,0.5925925925925926,0.4444444444444444,0.5185185185185185,等權・可交易性篩選後
2020-10-04,112,0.02483534966768423,23,0.02122087740852483,22,0.029697082525357296,22,0.028120995931911544,22,0.015024050213765058,23,-0.009811299453919172,0.7391304347826086,0.7391304347826086,0.7391304347826086,等權・可交易性篩選後
2020-10-11,125,-0.010852812613055516,25,0.00022459183598531497,25,0.0026509139730867925,25,-0.009435769839941592,25,-0.01841684097542342,25,-0.0075640283623679035,0.4,0.36,0.38,等權・可交易性篩選後
2020-10-18,129,0.019231555469087138,26,0.01053997053512372,26,0.018214046050453327,25,0.019219241810742995,26,0.0051708873933249706,26,-0.014060668075762167,0.38461538461538464,0.23076923076923078,0.3076923076923077,等權・可交易性篩選後
2020-10-25,132,-0.031376871647989316,27,-0.006328676151091155,26,-0.015641214569540644,26,-0.023042190143858263,26,-0.02295576702657162,27,0.008421104621417697,0.48148148148148145,0.2962962962962963,0.38888888888888884,等權・可交易性篩選後
2020-11-01,134,0.02024615428364103,27,0.003856217642475309,27,0.02136629638394444,26,0.02895012772735806,27,0.02066030551294966,27,0.00041415122930862913,0.3333333333333333,0.25925925925925924,0.2962962962962963,等權・可交易性篩選後
2020-11-08,133,-0.0018137126109466412,27,-0.0007564847978448091,26,0.004257973647621063,27,0.032736492527478664,26,0.007627491846520973,27,0.009441204457467614,0.2962962962962963,0.2222222222222222,0.25925925925925924,等權・可交易性篩選後
2020-11-15,136,0.004551412550754007,28,0.02125055313573152,27,0.00464530836143288,27,0.031168819674133035,27,0.01726288971968821,27,0.012711477168934202,0.37037037037037035,0.39285714285714285,0.3816137566137566,等權・可交易性篩選後
2020-11-22,137,0.03561078930088722,28,0.010249238828278646,27,0.0224377404321403,27,0.015317458895575384,27,0.009478892152356656,28,-0.026131897148530564,0.35714285714285715,0.2857142857142857,0.3214285714285714,等權・可交易性篩選後
2020-11-29,136,0.018705354621862673,28,-0.004475995988967015,27,-0.010027123432105893,27,0.010266405642148367,27,0.01577459640796614,27,-0.0029307582138965345,0.37037037037037035,0.5,0.4351851851851852,等權・可交易性篩選後
2020-12-06,137,-0.014821495381510844,28,-0.013051983918655771,27,-0.01575977084146131,27,-0.010920458631963744,27,-0.016514109802720594,28,-0.0016926144212097496,0.42857142857142855,0.25,0.3392857142857143,等權・可交易性篩選後
2020-12-13,136,0.003129660964230995,28,0.008459352567640032,27,0.024056477717979394,27,0.013510145421473939,27,0.009657921347436479,27,0.006528260383205484,0.37037037037037035,0.21428571428571427,0.2923280423280423,等權・可交易性篩選後
2020-12-20,133,0.022906922285734592,27,0.021841212475111234,26,0.011840102658665098,27,-0.003786544171969591,26,0.01736432638289786,27,-0.005542595902836733,0.48148148148148145,0.37037037037037035,0.42592592592592593,等權・可交易性篩選後
2020-12-27,139,0.016235314988267437,28,0.007072025366114565,28,0.01423642219154008,27,0.005938702932948284,28,0.04036563990244897,28,0.024130324914181534,0.5357142857142857,0.32142857142857145,0.4285714285714286,等權・可交易性篩選後
2021-01-03,142,-0.017199577144216542,29,-0.016788468199212092,28,-0.026807654254485093,28,-0.000775808193146789,28,0.012146010474907296,29,0.02934558761912384,0.4482758620689655,0.3448275862068966,0.39655172413793105,等權・可交易性篩選後
2021-01-10,143,-0.020699124827632174,29,-0.039503211198571815,28,-0.049220949016236644,29,-0.018897971966199068,28,-0.021705765987626132,29,-0.0010066411599939581,0.5172413793103449,0.3448275862068966,0.4310344827586207,等權・可交易性篩選後
2021-01-17,145,-0.017957559778285295,29,-0.019736259052597536,29,-0.029000105661208673,29,-0.01965818009939921,29,0.006828398444739733,29,0.02478595822302503,0.3448275862068966,0.2413793103448276,0.2931034482758621,等權・可交易性篩選後
2021-01-24,138,-0.03289655377089679,28,-0.02594886578046874,27,-0.020547659799706273,28,-0.03322075330591106,27,-0.03770050429872239,28,-0.004803950527825597,0.42857142857142855,0.32142857142857145,0.375,等權・可交易性篩選後
2021-01-31,133,0.02375346934310902,27,0.02182343195430384,26,0.02632659986376611,27,0.01857689765020496,26,0.02442201280261947,27,0.0006685434595104511,0.4444444444444444,0.4074074074074074,0.42592592592592593,等權・可交易性篩選後
2021-02-21,129,-0.0003761848493664378,26,0.011467616566802376,26,0.009904950398252206,25,0.036076785032392394,26,0.030592902852499857,26,0.030969087701866294,0.5769230769230769,0.46153846153846156,0.5192307692307692,等權・可交易性篩選後
2021-02-28,144,-0.03770070066421548,29,-0.017323342987492177,29,-0.006842490321747112,28,-0.010973103166190601,29,-0.008036797843567436,29,0.02966390282064804,0.41379310344827586,0.27586206896551724,0.3448275862068966,等權・可交易性篩選後
2021-03-07,130,0.0170599594245255,26,0.013329680304116605,26,0.01804284745400557,26,0.0040517450837295405,26,0.02765570438990392,26,0.01059574496537842,0.46153846153846156,0.19230769230769232,0.3269230769230769,等權・可交易性篩選後
2021-03-14,137,0.008530349007160083,28,-0.01137300951692185,27,-0.0009452047696724924,27,-7.126283789433203e-05,27,-0.0016410609773192808,28,-0.010171409984479364,0.35714285714285715,0.32142857142857145,0.3392857142857143,等權・可交易性篩選後
2021-03-21,140,0.012596068408160077,28,0.025241011227895235,28,0.025387393800355457,28,0.019426427005277972,28,0.0038705246795477733,28,-0.008725543728612305,0.7142857142857143,0.5,0.6071428571428572,等權・可交易性篩選後
2021-03-28,143,0.007224381462262697,29,0.014033263254430325,28,0.01015465581485031,29,0.019055250290830848,28,0.01905819523693694,29,0.011833813774674242,0.6206896551724138,0.4482758620689655,0.5344827586206897,等權・可交易性篩選後
2021-04-04,142,0.037494165654362976,29,0.022209656397186806,28,0.02609162687773702,28,0.027885477790664276,28,0.029884859611242365,29,-0.007609306043120611,0.7586206896551724,0.5517241379310345,0.6551724137931034,等權・可交易性篩選後
2021-04-11,143,0.02769783895713715,29,0.044590281561829995,28,0.03722467904906765,29,0.011742961860898364,28,0.06902503723386479,29,0.041327198276727636,0.5862068965517241,0.27586206896551724,0.43103448275862066,等權・可交易性篩選後
2021-04-18,154,0.018671710581142042,31,0.018939728193542418,31,0.006145274374221658,30,0.0238556066664308,31,0.021154220401440653,31,0.002482509820298611,0.4838709677419355,0.25806451612903225,0.3709677419354839,等權・可交易性篩選後
2021-04-25,158,0.03300941501780702,32,0.018822803550546725,31,0.02642042490255118,32,-0.006718312884727222,31,0.03621906140191207,32,0.00320964638410505,0.46875,0.34375,0.40625,等權・可交易性篩選後
2021-05-02,157,-0.038480178040024904,32,-0.040910601643028795,31,-0.04436630584191981,31,-0.04249975484888015,31,-0.027885240127454393,32,0.010594937912570511,0.3125,0.21875,0.265625,等權・可交易性篩選後
2021-05-09,159,-0.11097427984073038,32,-0.10694451078710791,32,-0.11725519872938775,31,-0.10983666957066239,32,-0.11498853727529496,32,-0.004014257434564572,0.21875,0.15625,0.1875,等權・可交易性篩選後
2021-05-16,165,0.08794991233733887,33,0.07283713594684264,33,0.09716169199279184,33,0.09777578499834605,33,0.09076134613314278,33,0.002811433795803911,0.7575757575757576,0.3333333333333333,0.5454545454545454,等權・可交易性篩選後
2021-05-23,160,0.044388730111928155,32,0.03897714175560933,32,0.040676697238325225,32,0.06799716909245704,32,0.057725623582104646,32,0.01333689347017649,0.8125,0.6875,0.75,等權・可交易性篩選後
2021-05-30,161,0.02019622510384317,33,0.0224323784076846,32,0.02153676629778047,32,0.009542126469941615,32,0.029918907554441158,32,0.00972268245059799,0.6875,0.5151515151515151,0.6013257575757576,等權・可交易性篩選後
2021-06-06,165,-0.012857029608591765,33,-0.025340126320572393,33,-0.011982137029447762,33,-0.003133863721915547,33,-0.007534927499474032,33,0.005322102109117733,0.5757575757575758,0.36363636363636365,0.4696969696969697,等權・可交易性篩選後
2021-06-13,164,0.001278113403111529,33,0.02153222187070216,33,-0.017016416395743333,32,0.001554428970949696,33,0.01202947758032029,33,0.010751364177208761,0.5454545454545454,0.42424242424242425,0.48484848484848486,等權・可交易性篩選後
2021-06-20,159,0.028908775961881697,32,0.03275238817523307,32,0.04261225963051301,31,0.02043579230489491,32,0.06802217331004654,32,0.03911339734816484,0.6875,0.3125,0.5,等權・可交易性篩選後
2021-06-27,164,0.009706586886373575,33,0.025110994341224147,33,0.02301173681560688,32,0.006841587455251615,33,0.02216934953853711,33,0.012462762652163534,0.5151515151515151,0.36363636363636365,0.4393939393939394,等權・可交易性篩選後
2021-07-04,168,-0.010192967035971874,34,0.002457258961689663,33,-0.01697516676321406,34,0.010818851600529837,33,-0.016023045359122877,34,-0.005830078323151003,0.5,0.29411764705882354,0.3970588235294118,等權・可交易性篩選後
2021-07-11,171,-0.018343745168414305,35,-0.008709109578958948,34,-0.0237266249364195,34,-0.004099157322705764,34,-0.02172229116033228,34,-0.003378545991917975,0.47058823529411764,0.3142857142857143,0.39243697478991596,等權・可交易性篩選後
2021-07-18,168,-0.015731937894480852,34,0.010878467500743255,33,-0.011725094168479744,34,-0.00414601221761607,33,-0.02944825986037792,34,-0.013716321965897067,0.5,0.5,0.5,等權・可交易性篩選後
2021-07-25,171,-0.030685050531311337,35,-0.02739551488305894,34,-0.023039291134746297,34,-0.02495194597496946,34,-0.02505675836015714,34,0.0056282921711541985,0.5,0.37142857142857144,0.4357142857142857,等權・可交易性篩選後
2021-08-01,167,0.00503108488459235,34,0.0065542920589792796,33,0.008873129143781272,33,0.0029636784655490537,33,0.00663808920829785,34,0.0016070043237055003,0.47058823529411764,0.2647058823529412,0.36764705882352944,等權・可交易性篩選後
2021-08-08,160,-0.03820422292813766,32,-0.027677268120708795,32,-0.046263765960450634,32,-0.046774888211951006,32,-0.0388872675436258,32,-0.0006830446154881403,0.46875,0.3125,0.390625,等權・可交易性篩選後
2021-08-15,160,-0.035434940631622086,32,-0.03832546773701609,32,-0.04149658267883241,32,-0.04289617271455677,32,-0.03308607297564188,32,0.002348867655980205,0.40625,0.25,0.328125,等權・可交易性篩選後
2021-08-22,164,0.0468689436698848,33,0.04460293956531963,33,0.039718560389994766,32,0.034296266860287486,33,0.032772749796885575,33,-0.014096193872999221,0.36363636363636365,0.42424242424242425,0.3939393939393939,等權・可交易性篩選後
2021-08-29,154,-0.0221225619906664,31,0.004143174551984913,31,0.002261318099452203,30,-0.0013401581172476362,31,0.003824243057184529,31,0.025946805047850928,0.6451612903225806,0.4838709677419355,0.564516129032258,等權・可交易性篩選後
2021-09-05,153,-0.0026987667957357204,31,-0.015602791870313337,30,-0.009246811448643413,31,-0.013209548754136798,30,-0.01003047525792772,31,-0.007331708462191999,0.45161290322580644,0.3548387096774194,0.4032258064516129,等權・可交易性篩選後
2021-09-12,151,-0.0021248895497776275,31,0.009320717224600865,30,-0.0014279656383873519,30,-0.005622971191477292,30,-0.015489650988660368,30,-0.01336476143888274,0.43333333333333335,0.3225806451612903,0.3779569892473118,等權・可交易性篩選後
2021-09-19,152,0.02397639837494473,31,0.014511268943847714,30,0.011417551530120536,30,0.01834508603399293,30,0.022923149516343264,31,-0.0010532488586014674,0.6129032258064516,0.41935483870967744,0.5161290322580645,等權・可交易性篩選後
2021-09-26,143,-0.034029469486264896,29,-0.04166168806442004,28,-0.018367055307888708,29,-0.02345780108032889,28,-0.018852211711989995,29,0.0151772577742749,0.2413793103448276,0.2413793103448276,0.2413793103448276,等權・可交易性篩選後
2021-10-03,159,-0.005576563407824895,32,-0.0065392034602127155,32,-0.02215800865263202,31,0.004379205346681975,32,-0.01644701996473155,32,-0.010870456556906653,0.65625,0.4375,0.546875,等權・可交易性篩選後
2021-10-10,159,-0.008524617847172473,32,-0.0036021964350778264,32,0.004113420897870758,31,-0.002887109812611262,32,-0.009497890936038752,32,-0.0009732730888662791,0.53125,0.28125,0.40625,等權・可交易性篩選後
2021-10-17,153,-0.026516940082541338,31,-0.011363162116637,30,0.002948018513667392,31,0.0032924893623735296,30,0.005663206827458144,31,0.032180146909999485,0.3870967741935484,0.3548387096774194,0.3709677419354839,等權・可交易性篩選後
2021-10-24,161,0.015348899661882512,33,0.007347615978707835,32,0.00805968622016142,32,0.020566079616358035,32,0.00922390415135321,32,-0.006124995510529302,0.34375,0.24242424242424243,0.2930871212121212,等權・可交易性篩選後
2021-10-31,156,0.005283233070989324,32,0.0011485863417872255,31,0.012779391499554616,31,0.003884539210030202,31,0.008692983842883393,31,0.003409750771894069,0.2903225806451613,0.21875,0.2545362903225806,等權・可交易性篩選後
2021-11-07,161,-0.0036289561942204306,33,0.02678684774603804,32,0.013835792028967557,32,0.0020440838898583696,32,0.0050997715855901765,32,0.008728727779810607,0.34375,0.2727272727272727,0.30823863636363635,等權・可交易性篩選後
2021-11-14,168,-0.0016459613200378847,34,-0.0020879562633889927,33,-0.01015308750862665,34,0.0014146367866929139,33,-0.007447030806011008,34,-0.0058010694859731236,0.5,0.4117647058823529,0.45588235294117646,等權・可交易性篩選後
2021-11-21,169,-0.024571399165712056,34,-0.005495817314718563,34,-0.00533247772493122,33,-0.022947519017603297,34,-0.015424921639936221,34,0.009146477525775834,0.29411764705882354,0.14705882352941177,0.22058823529411764,等權・可交易性篩選後
2021-11-28,161,0.03804111628611565,33,0.014910739124592315,32,0.017025569480675632,32,0.035009407691364014,32,0.021475898248507357,32,-0.016565218037608295,0.34375,0.18181818181818182,0.26278409090909094,等權・可交易性篩選後
2021-12-05,165,0.008801127360388527,33,0.0012801179425037349,33,-0.00031700376091347454,33,0.013934304328346941,33,0.0020916718687136317,33,-0.006709455491674895,0.5151515151515151,0.2727272727272727,0.3939393939393939,等權・可交易性篩選後
2021-12-12,164,-0.008278482063425185,33,-0.0019713553630759813,33,-0.008340678680815762,32,-0.007939367047207449,33,-0.007644937997905941,33,0.0006335440655192443,0.6060606060606061,0.36363636363636365,0.48484848484848486,等權・可交易性篩選後
2021-12-19,165,0.023633330618686738,33,0.021383209007904046,33,-0.0003526293893633899,33,0.03049780118466662,33,-0.0004446311292911889,33,-0.024077961747977928,0.30303030303030304,0.2727272727272727,0.28787878787878785,等權・可交易性篩選後
2021-12-26,159,0.007521254697311915,32,0.007007989378332392,32,0.012405937673830705,31,0.01437671202347763,32,0.005186704921558323,32,-0.0023345497757535916,0.28125,0.1875,0.234375,等權・可交易性篩選後
2022-01-02,161,-0.014607934431122101,33,-0.020398227277550793,32,-0.024200666264855702,32,-0.031126412394422345,32,-0.02216036762122665,32,-0.007552433190104549,0.3125,0.30303030303030304,0.3077651515151515,等權・可交易性篩選後
2022-01-09,165,-0.019499394055085863,33,-0.00048470347312397144,33,-0.009190390761440018,33,-0.01845115007364219,33,0.0049430114971742,33,0.024442405552260064,0.42424242424242425,0.3333333333333333,0.3787878787878788,等權・可交易性篩選後
2022-01-16,166,-0.01776320477580843,34,-0.010949104445743617,33,-0.02392511603029131,33,-0.003879689504145802,33,-0.023685334771616374,33,-0.005922129995807945,0.36363636363636365,0.29411764705882354,0.32887700534759357,等權・可交易性篩選後
2022-01-23,161,-0.008214735644830114,33,-0.020807882658502728,32,-0.01893977963096616,32,-0.02199664431973549,32,-0.011941232596945815,32,-0.0037264969521157015,0.34375,0.21212121212121213,0.2779356060606061,等權・可交易性篩選後
2022-02-13,164,0.03126250707538697,33,0.005644042846173749,33,0.0026091019155307614,32,0.016532061264484664,33,0.008571775092909661,33,-0.022690731982477307,0.5151515151515151,0.5454545454545454,0.5303030303030303,等權・可交易性篩選後
2022-02-20,161,-0.021142148393633976,33,-0.014511922043558546,32,-0.01632861471018965,32,-0.027106634309731946,32,-0.015194431960767675,32,0.0059477164328663006,0.4375,0.3939393939393939,0.41571969696969696,等權・可交易性篩選後
2022-02-27,167,0.010796236096647469,34,0.005745440240540477,33,0.015481619571557309,33,0.016324416776723378,33,0.006622819018541272,34,-0.0041734170781061964,0.29411764705882354,0.17647058823529413,0.23529411764705882,等權・可交易性篩選後
2022-03-06,157,-0.008576270847074383,32,-0.020034536441517446,31,-0.014370180793977793,31,-0.018801682868653462,31,-0.008431068749417688,32,0.00014520209765669576,0.34375,0.125,0.234375,等權・可交易性篩選後
2022-03-13,171,0.011781886230613844,35,0.007612050456138151,34,0.00692648762712146,34,0.010976171609171678,34,0.0096855007958635,34,-0.0020963854347503443,0.47058823529411764,0.34285714285714286,0.40672268907563025,等權・可交易性篩選後
2022-03-20,162,-0.0005337098846102757,33,0.00043591917649888484,32,0.0180614494611588,32,0.00022635884146485902,32,0.004903499831562322,33,0.005437209716172598,0.2727272727272727,0.15151515151515152,0.2121212121212121,等權・可交易性篩選後
2022-03-27,166,0.012075172729445768,34,0.008171888793347543,33,-0.0006255369678983143,33,0.005975053526095815,33,-0.0032300568447929086,33,-0.015305229574238677,0.5757575757575758,0.35294117647058826,0.464349376114082,等權・可交易性篩選後
2022-04-03,166,-0.009846639995737757,34,-0.009625939152029842,33,0.0003944679527186037,33,-0.018845715693150914,33,-0.0002384969767464233,33,0.009608143018991334,0.6666666666666666,0.4117647058823529,0.5392156862745098,等權・可交易性篩選後
2022-04-10,158,-0.00957837564600272,32,0.007466795325338464,31,0.0056348589515890606,32,-0.022925787783488465,31,-0.01568286900707774,32,-0.00610449336107502,0.28125,0.125,0.203125,等權・可交易性篩選後
2022-04-17,172,0.004142157615453258,35,0.011204156239684172,34,0.017283631010050534,34,0.01486425827864661,34,0.005223468779043304,35,0.0010813111635900458,0.42857142857142855,0.3142857142857143,0.37142857142857144,等權・可交易性篩選後
2022-04-24,171,-0.03029297237786028,35,-0.015602664018890489,34,-0.05005251717064266,34,-0.028329243369104622,34,-0.024632458674480773,34,0.005660513703379506,0.3235294117647059,0.2,0.26176470588235295,等權・可交易性篩選後
2022-05-01,177,-0.021456470239749514,36,-0.014584939807278716,35,-0.000983449096179055,35,-0.0023331002217447834,35,-0.0009203433368690845,36,0.02053612690288043,0.3611111111111111,0.25,0.3055555555555556,等權・可交易性篩選後
2022-05-08,158,-0.04124631909369536,32,-0.05391872605718049,31,-0.04408512889382034,32,-0.031180940562484213,31,-0.04090725060711517,32,0.00033906848658019073,0.4375,0.28125,0.359375,等權・可交易性篩選後
2022-05-15,171,0.014830937683253567,35,0.020266679572914496,34,0.01921908678704545,34,0.008333825398843893,34,0.004574361511094536,34,-0.01025657617215903,0.5,0.37142857142857144,0.4357142857142857,等權・可交易性篩選後
2022-05-22,161,0.0049398610845301305,33,-0.00379088269267161,32,0.006930054460288281,32,0.005448913557484943,32,0.010135003412524438,32,0.005195142327994308,0.40625,0.3333333333333333,0.36979166666666663,等權・可交易性篩選後
2022-05-29,157,0.00035901256513637403,32,0.004989418370960746,31,0.002817539842753777,31,0.01761387274422137,31,0.0029691030036625918,32,0.0026100904385262177,0.3125,0.21875,0.265625,等權・可交易性篩選後
2022-06-05,156,-0.01183677813500246,32,0.001653354789685603,31,0.0025738916717631686,31,-0.005282967059429376,31,0.0032621881020737536,31,0.015098966237076213,0.3548387096774194,0.25,0.3024193548387097,等權・可交易性篩選後
2022-06-12,157,-0.032471253158035424,32,-0.02858828651155116,31,-0.025050687178559315,31,-0.03580429204922922,31,-0.033819156927403685,32,-0.001347903769368261,0.34375,0.25,0.296875,等權・可交易性篩選後
2022-06-19,168,-0.03781310873451034,34,-0.005320444133805152,33,-0.008890675205011134,34,-0.011024447974188606,33,-0.010316665295707683,34,0.027496443438802656,0.35294117647058826,0.3235294117647059,0.3382352941176471,等權・可交易性篩選後
2022-06-26,173,-0.058197041852516763,35,-0.052455669128638104,34,-0.05413258251435085,35,-0.0796339886637183,34,-0.06382329569090492,35,-0.005626253838388155,0.2571428571428571,0.3142857142857143,0.2857142857142857,等權・可交易性篩選後
2022-07-03,169,0.006270070471585457,34,0.004018616445172785,34,0.017377149096214493,33,0.015948730272935793,34,0.03932329152416879,34,0.033053221052583334,0.7058823529411765,0.29411764705882354,0.5,等權・可交易性篩選後
2022-07-10,161,-0.009838172332390954,33,-0.007407611581414633,32,-0.013781648479992671,32,-0.010241740218164042,32,-0.0004456143767538785,32,0.009392557955637076,0.90625,0.6060606060606061,0.756155303030303,等權・可交易性篩選後
2022-07-17,157,0.03243168317211035,32,0.030512878884891702,31,0.020119854002881573,31,0.029435527812037,31,0.035406211105572474,32,0.0029745279334621247,0.46875,0.3125,0.390625,等權・可交易性篩選後
2022-07-24,157,0.02769746774805069,32,0.008799589166623227,31,0.002338591275680576,31,0.013748039317182081,31,0.001256372038105344,32,-0.026441095709945347,0.28125,0.15625,0.21875,等權・可交易性篩選後
2022-07-31,153,-0.012521538099134161,31,-0.014573684310518772,30,-0.03586460566023822,31,-0.0050427793249033315,30,-0.001295829596511053,31,0.011225708502623109,0.22580645161290322,0.1935483870967742,0.2096774193548387,等權・可交易性篩選後
2022-08-07,162,0.028383724207915007,33,0.02143996518027959,32,0.03015275927051022,32,0.0301396494946209,32,0.02013089592858442,33,-0.008252828279330587,0.3939393939393939,0.45454545454545453,0.4242424242424242,等權・可交易性篩選後
2022-08-14,158,0.020572145776052726,32,0.012623589908483768,31,0.01410196427279714,32,0.022897696275515755,31,0.008486798628481694,32,-0.012085347147571032,0.4375,0.40625,0.421875,等權・可交易性篩選後
2022-08-21,162,0.022678005838433116,33,0.012232934967560293,32,0.026524733311768824,32,0.008094921688232271,32,0.01760995898982503,33,-0.005068046848608086,0.48484848484848486,0.30303030303030304,0.3939393939393939,等權・可交易性篩選後
2022-08-28,160,-0.003185981461299274,32,-0.008316302257945087,32,0.005089442367198604,32,0.0060042277150472445,32,-0.0011868121831194109,32,0.001999169278179863,0.5,0.375,0.4375,等權・可交易性篩選後
2022-09-04,158,-0.00671946995057849,32,-0.014289744787368849,31,-0.021818769036268202,32,-0.02091301452410634,31,-0.0029176776467282235,32,0.003801792303850266,0.53125,0.53125,0.53125,等權・可交易性篩選後
2022-09-11,155,-0.0047307834938919635,31,-0.012150204008145482,31,-0.008705524502036124,31,0.007746541382067131,31,-6.783663992143875e-05,31,0.004662946853970525,0.3548387096774194,0.2903225806451613,0.32258064516129037,等權・可交易性篩選後
2022-09-18,151,-0.020830268717052403,31,-0.029928363314968884,30,-0.03296800322361734,30,-0.046412414897196705,30,-0.02086434596081664,30,-3.4077243764238374e-05,0.26666666666666666,0.22580645161290322,0.24623655913978493,等權・可交易性篩選後
2022-09-25,153,-0.026984688167781223,31,-0.031022215386812952,30,-0.03867269202435339,31,-0.0503280564856964,30,-0.038021000424288846,31,-0.011036312256507624,0.1935483870967742,0.16129032258064516,0.1774193548387097,等權・可交易性篩選後
2022-10-02,157,0.025069472634374552,32,0.008616551943547168,31,0.030721697352715273,31,0.030930773253646227,31,0.025611459072491887,32,0.0005419864381173353,0.21875,0.21875,0.21875,等權・可交易性篩選後
2022-10-09,153,-0.024131776354621836,31,-0.019448445325417996,30,-0.029421575609752323,31,-0.028466246018350315,30,-0.014189527059202962,31,0.009942249295418874,0.3225806451612903,0.1935483870967742,0.25806451612903225,等權・可交易性篩選後
2022-10-16,153,-0.0011205553421920092,31,-0.0024586867125606206,30,-0.01578328018455528,31,-0.006456200462845311,30,-0.018998173981342868,31,-0.01787761863915086,0.3548387096774194,0.22580645161290322,0.2903225806451613,等權・可交易性篩選後
2022-10-23,150,-0.019020092378888902,30,-0.013061116100842755,30,-0.004144558119026931,30,-0.027017179665006552,30,-0.010693558946784042,30,0.00832653343210486,0.4,0.43333333333333335,0.4166666666666667,等權・可交易性篩選後
2022-10-30,146,0.01579136108680303,30,0.021979963089529198,29,0.024884344216361563,29,0.04636377371482878,29,0.014292078198900698,29,-0.0014992828879023326,0.41379310344827586,0.43333333333333335,0.4235632183908046,等權・可交易性篩選後
2022-11-06,136,0.031450442488388054,28,0.013094151658987148,27,0.022709477934497485,27,0.019541627913027243,27,0.026088959743233886,27,-0.005361482745154168,0.3333333333333333,0.32142857142857145,0.3273809523809524,等權・可交易性篩選後
2022-11-13,153,0.0019430823030544535,31,0.01092039210854681,30,0.015871516357901894,31,0.022489115636021042,30,0.020557731506079632,31,0.018614649203025177,0.3225806451612903,0.3225806451612903,0.3225806451612903,等權・可交易性篩選後
2022-11-20,155,0.03265424465375651,31,0.017877364042351657,31,0.0073913921606477305,31,0.005068025059804229,31,0.006543803115903302,31,-0.02611044153785321,0.22580645161290322,0.1935483870967742,0.2096774193548387,等權・可交易性篩選後
2022-11-27,151,0.034008009229708404,31,0.04171287360565452,30,0.06009293930324129,30,0.04520628726844591,30,0.04494018496230615,30,0.010932175732597749,0.13333333333333333,0.16129032258064516,0.14731182795698924,等權・可交易性篩選後
2022-12-04,153,-0.002691934571787599,31,-0.011447186322532617,30,-0.016819540915493383,31,-0.021407377787792354,30,-0.007503517226359751,31,-0.004811582654572152,0.3225806451612903,0.1935483870967742,0.25806451612903225,等權・可交易性篩選後
2022-12-11,152,0.0026515069354627633,31,-0.006418338326124244,30,0.012509083570121326,30,-0.010634319202017533,30,-0.003332922727403537,31,-0.0059844296628663,0.3225806451612903,0.2903225806451613,0.3064516129032258,等權・可交易性篩選後
2022-12-18,148,-0.009323071989454495,30,-0.007257978171845817,29,0.0034201915437984936,30,-0.01590498201995034,29,-0.006475262794103242,30,0.0028478091953512523,0.23333333333333334,0.16666666666666666,0.2,等權・可交易性篩選後
2022-12-25,146,-0.015704202176463174,30,0.0007870711866821327,29,-0.016445158280949026,29,-0.01052120852177227,29,-0.011011655485101695,29,0.004692546691361479,0.3793103448275862,0.3,0.33965517241379306,等權・可交易性篩選後
2023-01-01,148,-0.0012023524041193186,30,0.015223079891493695,29,0.005687805413020075,30,0.017355744787621405,29,0.004468403516499931,30,0.005670755920619249,0.4,0.3333333333333333,0.3666666666666667,等權・可交易性篩選後
2023-01-08,136,-0.0009631002836864419,28,-0.002589533836831725,27,-0.005749978975506352,27,-0.00581480770807899,27,0.004984547102562522,27,0.005947647386248964,0.4444444444444444,0.21428571428571427,0.32936507936507936,等權・可交易性篩選後
2023-01-15,153,0.0027413471924387527,31,0.0041951555605758434,30,0.0013909395449179472,31,-0.00407863697771822,30,0.000496251061309654,31,-0.0022450961311290987,0.41935483870967744,0.3225806451612903,0.3709677419354839,等權・可交易性篩選後
2023-02-05,148,-0.009915864806664725,30,0.0008225291361983524,29,-0.012149908511893992,30,-0.00338169662330363,29,0.005274698621784442,30,0.015190563428449166,0.16666666666666666,0.3,0.23333333333333334,等權・可交易性篩選後
2023-02-12,150,0.016642137649192392,30,0.029678787426334216,30,0.016506466220330692,30,0.02874677982724785,30,0.026268150735518206,30,0.009626013086325814,0.26666666666666666,0.13333333333333333,0.2,等權・可交易性篩選後
2023-02-19,149,0.01016232243396705,30,0.02890898670680451,30,0.007000143147116481,29,0.008533525667670183,30,0.01723040800359687,30,0.007068085569629819,0.4,0.26666666666666666,0.33333333333333337,等權・可交易性篩選後
2023-02-26,151,0.009959531548881356,31,0.006795906444209787,30,0.008402305580267059,30,0.0047386026371575,30,0.008502855918323256,30,-0.0014566756305580998,0.4,0.3548387096774194,0.3774193548387097,等權・可交易性篩選後
2023-03-05,147,-0.01836404775357455,30,-0.019878417351558528,29,-0.016556102846646117,29,-0.006315621126411057,29,-0.015857663526663093,30,0.0025063842269114588,0.3,0.2,0.25,等權・可交易性篩選後
2023-03-12,158,0.00030274967964877275,32,-0.006420282187793117,31,-0.01902877291726152,32,-0.020119107558262513,31,-0.016460783033259867,32,-0.01676353271290864,0.375,0.28125,0.328125,等權・可交易性篩選後
2023-03-19,156,0.01847631895152075,32,0.023752086871362852,31,0.021581314564767872,31,0.035145761343267766,31,0.01776701421826031,31,-0.0007093047332604394,0.22580645161290322,0.25,0.23790322580645162,等權・可交易性篩選後
2023-03-26,156,-0.00559305557095445,32,-0.004418550607416507,31,-0.0007266771345272101,31,-0.001130919440992199,31,-0.001953258477788152,31,0.0036397970931662978,0.41935483870967744,0.28125,0.35030241935483875,等權・可交易性篩選後
2023-04-02,152,0.0012013899588245724,31,0.00046137522057621374,30,0.014396095855310946,30,0.003613153661817703,30,0.005621353639818452,31,0.004419963680993879,0.3870967741935484,0.3225806451612903,0.3548387096774194,等權・可交易性篩選後
2023-04-09,124,0.022052037448728096,25,-0.002429493336476494,25,0.051320065398331866,24,0.012465782086088333,25,0.014666689136129172,25,-0.007385348312598924,0.28,0.12,0.2,等權・可交易性篩選後
2023-04-16,158,-0.02483678341938513,32,-0.026486305487950387,31,-0.014540831647735342,32,-0.03674266976257134,31,-0.017771405432715083,32,0.0070653779866700454,0.4375,0.40625,0.421875,等權・可交易性篩選後
2023-04-23,157,0.002740306428400518,32,0.01372397686177074,31,0.01965930908430118,31,0.004412513026281772,31,0.00800046187184357,32,0.005260155443443052,0.34375,0.375,0.359375,等權・可交易性篩選後
2023-04-30,156,0.004586071991777015,32,0.0011515286913994396,31,0.004124227007000468,31,-0.0009152303138238109,31,0.009533813758633266,31,0.004947741766856251,0.3225806451612903,0.3125,0.31754032258064513,等權・可交易性篩選後
2023-05-07,152,-0.026341694444195797,31,-0.027021642001057895,30,-0.04800579790700931,30,-0.01897874059300591,30,-0.01863631347026361,31,0.007705380973932186,0.2903225806451613,0.25806451612903225,0.27419354838709675,等權・可交易性篩選後
2023-05-14,158,0.029368164310173098,32,0.017484135513947147,31,0.017474061317182602,32,0.04301521048534783,31,0.022859461504324406,32,-0.0065087028058486915,0.3125,0.21875,0.265625,等權・可交易性篩選後
2023-05-21,161,0.00589100674568971,33,0.0009916586876398924,32,0.00010273834941594909,32,0.00864733180532757,32,0.004720474472179489,32,-0.0011705322735102216,0.3125,0.2727272727272727,0.29261363636363635,等權・可交易性篩選後
2023-05-28,155,0.009567950729596564,31,0.019209817202844946,31,0.023267926781421106,31,0.020192213475311464,31,0.019883950022510942,31,0.010315999292914378,0.25806451612903225,0.1935483870967742,0.22580645161290322,等權・可交易性篩選後
2023-06-04,155,0.02097316496074961,31,0.009372360201268555,31,0.006137154619429348,31,0.012917968927716773,31,-0.0017885883768412674,31,-0.022761753337590878,0.45161290322580644,0.3225806451612903,0.3870967741935484,等權・可交易性篩選後
2023-06-11,159,0.023184462820997988,32,0.017079029699075616,32,0.0059710604017537226,31,0.021625862045887255,32,-0.0022367117473941246,32,-0.025421174568392112,0.53125,0.5,0.515625,等權・可交易性篩選後
2023-06-18,163,0.011048222148518033,33,0.009885645178362375,32,0.010324410253648029,33,0.008990286351871615,32,0.0012974410497987193,33,-0.009750781098719314,0.5757575757575758,0.48484848484848486,0.5303030303030303,等權・可交易性篩選後
2023-06-25,149,-0.011811922532663258,30,-0.001402488192034194,30,0.00699529460039398,29,-0.023970772456317912,30,0.001067794536918565,30,0.012879717069581824,0.5333333333333333,0.5,0.5166666666666666,等權・可交易性篩選後
2023-07-02,155,-0.028100226056522074,31,-0.00857975017497339,31,-0.020507221354628947,31,-0.010178330603922972,31,-0.008723800681503358,31,0.019376425375018717,0.22580645161290322,0.16129032258064516,0.1935483870967742,等權・可交易性篩選後
2023-07-09,159,0.017476666123194234,32,-0.006059876393304298,32,-0.025465459708934466,31,-0.0006433196627680764,32,-0.0052788431903493145,32,-0.02275550931354355,0.125,0.21875,0.171875,等權・可交易性篩選後
2023-07-16,158,-0.013081561547048415,32,0.006200443193250784,31,-0.0002410003443839813,32,-0.02709016915459837,31,0.005129064875640209,32,0.018210626422688624,0.1875,0.15625,0.171875,等權・可交易性篩選後
2023-07-23,156,0.02181358666008917,32,0.01713857557114581,31,0.006600512985668048,31,0.011635878706688463,31,0.017991384295016778,31,-0.0038222023650723927,0.25806451612903225,0.25,0.2540322580645161,等權・可交易性篩選後
2023-07-30,155,-0.020239243852090277,31,-0.00459114286884746,31,-0.013250308054680183,31,-0.029954048569064546,31,-0.01019168673358152,31,0.010047557118508757,0.2903225806451613,0.25806451612903225,0.27419354838709675,等權・可交易性篩選後
2023-08-06,149,-0.0271522856467935,30,-0.03670757489145983,30,-0.04687398517063406,29,-0.0344729527627587,30,-0.015947530862438674,30,0.011204754784354825,0.36666666666666664,0.26666666666666666,0.31666666666666665,等權・可交易性篩選後
2023-08-13,153,-0.00480845936907972,31,-0.019023715422525334,30,-0.02263479154462576,31,-0.009578826361192302,30,-0.02706903141172152,31,-0.0222605720426418,0.3548387096774194,0.25806451612903225,0.3064516129032258,等權・可交易性篩選後
2023-08-20,153,-0.008155291865439776,31,-0.003404489041328536,30,-0.00884245598133287,31,0.014494826046279533,30,0.0008114684377556523,31,0.008966760303195428,0.2903225806451613,0.3225806451612903,0.3064516129032258,等權・可交易性篩選後
2023-08-27,144,0.004513507150422532,29,0.013985964783771175,29,0.03494322771896057,28,0.0005306788125263574,29,0.006562489786320121,29,0.0020489826358975893,0.2413793103448276,0.1724137931034483,0.20689655172413796,等權・可交易性篩選後
2023-09-03,139,-0.0028018815570232114,28,0.0032120813845761026,28,-0.017234352683244678,27,-0.003122262379862299,28,-0.005379027885611287,28,-0.002577146328588076,0.2857142857142857,0.17857142857142858,0.23214285714285715,等權・可交易性篩選後
2023-09-10,145,0.01590996390498322,29,0.014459268057457567,29,0.0034895485535848497,29,0.009306933620761541,29,0.005060472667332312,29,-0.010849491237650909,0.27586206896551724,0.27586206896551724,0.27586206896551724,等權・可交易性篩選後
2023-09-17,146,-0.016952285059906928,30,-0.011726735189092879,29,-0.01671530297242494,29,-0.00867338620088327,29,-0.018202528314515937,29,-0.001250243254609009,0.2413793103448276,0.23333333333333334,0.23735632183908045,等權・可交易性篩選後
2023-09-24,146,-0.0003102768829997678,30,0.008605156054893563,29,0.005051346570989877,29,-0.0018998961275839804,29,-0.00407450519954148,29,-0.003764228316541712,0.2413793103448276,0.23333333333333334,0.23735632183908045,等權・可交易性篩選後
2023-10-01,132,-0.00552559023497588,27,-0.007691054625743385,26,-0.00477920030450707,26,0.0065329547536957565,26,-3.833093000894229e-05,27,0.005487259304966938,0.18518518518518517,0.18518518518518517,0.18518518518518517,等權・可交易性篩選後
2023-10-08,139,-0.00810059318593411,28,-0.01120416731101924,28,-0.01605411963315351,27,-0.017692453707827394,28,-0.003398300209183049,28,0.0047022929767510605,0.2857142857142857,0.2857142857142857,0.2857142857142857,等權・可交易性篩選後
2023-10-15,130,-0.028469765557442222,26,-0.039951999506943295,26,-0.036087893732080774,26,-0.047118272594283396,26,-0.02808767674315838,26,0.0003820888142838409,0.23076923076923078,0.23076923076923078,0.23076923076923078,等權・可交易性篩選後
2023-10-22,145,0.0005495760583324556,29,0.009510006215140072,29,0.01517459424176317,29,0.006557157968192317,29,0.0013843088124256486,29,0.000834732754093193,0.3103448275862069,0.2413793103448276,0.27586206896551724,等權・可交易性篩選後
2023-10-29,138,0.019722853345180404,28,0.0021029386341892614,27,-0.006800938273188649,28,0.01026092699965383,27,0.01569601372426977,28,-0.004026839620910633,0.32142857142857145,0.32142857142857145,0.32142857142857145,等權・可交易性篩選後
2023-11-05,139,-0.00563543760482441,28,0.0027303014042707858,28,-0.0005408040971631188,27,-0.00775898707859124,28,0.003045392160788934,28,0.008680829765613345,0.17857142857142858,0.21428571428571427,0.19642857142857142,等權・可交易性篩選後
2023-11-12,144,0.02392114500434609,29,0.03371223344861985,29,0.020588944551344173,28,0.0309277653799268,29,0.009842469029024243,29,-0.014078675975321848,0.2413793103448276,0.3793103448275862,0.3103448275862069,等權・可交易性篩選後
2023-11-19,152,0.007495058982759251,31,0.01490485517938647,30,0.016639472767108723,30,0.006455854044659944,30,0.00047325119844852535,31,-0.007021807784310726,0.25806451612903225,0.22580645161290322,0.24193548387096775,等權・可交易性篩選後
2023-11-26,149,0.020741265540184666,30,0.0035611721232833775,30,0.007051585358907555,29,0.007335816343236119,30,0.010579615323655988,30,-0.010161650216528678,0.26666666666666666,0.13333333333333333,0.2,等權・可交易性篩選後
2023-12-03,146,0.009127653320801643,30,0.02382273898009076,29,-0.013848441497609722,29,0.00821465886762861,29,-0.0017962670568731909,29,-0.010923920377674834,0.3793103448275862,0.16666666666666666,0.2729885057471264,等權・可交易性篩選後
2023-12-10,153,-0.0022297515491277453,31,-0.01067060906359593,30,0.010259200075255213,31,-0.0005635399009622955,30,0.008677198057099187,31,0.010906949606226932,0.45161290322580644,0.3548387096774194,0.4032258064516129,等權・可交易性篩選後
2023-12-17,153,-0.002222450718217114,31,-0.01787745126726138,30,-0.026570290281319447,31,-0.00609102924013402,30,-0.01421532435704856,31,-0.011992873638831447,0.4838709677419355,0.3870967741935484,0.43548387096774194,等權・可交易性篩選後
2023-12-24,150,0.002390895355413007,30,-0.001784915094265993,30,-0.0001392115060272888,30,0.004922425434566154,30,0.013374034599248682,30,0.010983139243835675,0.26666666666666666,0.2,0.23333333333333334,等權・可交易性篩選後
2023-12-31,146,-0.005962373856361994,30,-0.004145006339663863,29,-0.0107344700259223,29,-0.004550828129718532,29,-0.004629080445975075,29,0.001333293410386919,0.3793103448275862,0.23333333333333334,0.30632183908045973,等權・可交易性篩選後
2024-01-07,137,-0.00854366263860595,28,-0.029312154373274495,27,-0.04005941067440881,27,-0.020186410175013277,27,-0.02255444814286873,28,-0.014010785504262779,0.5,0.35714285714285715,0.4285714285714286,等權・可交易性篩選後
2024-01-14,149,-0.013599369534316178,30,-0.01736522841509419,30,-0.02801353624070302,29,-0.017258932393769577,30,-0.016624912657980804,30,-0.0030255431236646257,0.3,0.16666666666666666,0.23333333333333334,等權・可交易性篩選後
2024-01-21,147,0.008088591000622255,30,0.013864424732787085,29,0.0180890915128136,29,0.003934698898751023,29,0.009731153812755633,30,0.001642562812133378,0.2,0.13333333333333333,0.16666666666666669,等權・可交易性篩選後
2024-01-28,136,0.012740240297341629,28,-0.004097751849061064,27,0.0019138955657137112,27,-0.01235062148201403,27,0.006966057735584946,27,-0.005774182561756683,0.2222222222222222,0.14285714285714285,0.18253968253968253,等權・可交易性篩選後
2024-02-04,139,-0.005422275257569965,28,0.002054450583143939,28,-0.0074464860487072106,27,-0.0024276170217529297,28,-0.004153752449181853,28,0.0012685228083881119,0.21428571428571427,0.2857142857142857,0.25,等權・可交易性篩選後
2024-02-11,92,0.006116877668719571,19,0.03262562433108111,18,0.027481510395548674,18,0.020576197168790618,18,0.016359227412049714,19,0.010242349743330144,0.2631578947368421,0.2631578947368421,0.2631578947368421,等權・可交易性篩選後
2024-02-18,137,0.027699858850242013,28,0.005867840636305599,27,-0.004325985212979687,27,0.01372267736121578,27,0.0028755760789792783,28,-0.024824282771262734,0.42857142857142855,0.42857142857142855,0.42857142857142855,等權・可交易性篩選後
2024-02-25,151,0.009740333216982193,31,0.021003816667040636,30,0.0038100640829405413,30,0.001912812348131924,30,0.002951792593906133,30,-0.00678854062307606,0.26666666666666666,0.25806451612903225,0.26236559139784943,等權・可交易性篩選後
2024-03-03,146,-0.0032962667701096054,30,-0.032651221510491255,29,-0.011730597937810464,29,0.008390555911304148,29,-0.011684553225047755,29,-0.00838828645493815,0.3793103448275862,0.5,0.4396551724137931,等權・可交易性篩選後
2024-03-10,150,0.01285836823095707,30,0.024563062639029576,30,0.0010231238977858456,30,0.011306442908576157,30,0.02014900443456816,30,0.007290636203611091,0.4,0.36666666666666664,0.3833333333333333,等權・可交易性篩選後
2024-03-17,153,0.01823914348619539,31,0.01773052409529546,30,0.03191510510323442,31,0.005315065462416191,30,0.031329871549815085,31,0.013090728063619696,0.6129032258064516,0.3225806451612903,0.467741935483871,等權・可交易性篩選後
2024-03-24,150,-0.004144038329252054,30,0.016696223793108998,30,0.0068228359684876505,30,0.008106124799500366,30,0.0004641010851897054,30,0.004608139414441759,0.5666666666666667,0.5666666666666667,0.5666666666666667,等權・可交易性篩選後
2024-03-31,153,0.0028104253200268653,31,-0.011213125718797809,30,0.0029681585376830633,31,-0.0028355470862746813,30,0.016894401669693342,31,0.014083976349666478,0.5806451612903226,0.41935483870967744,0.5,等權・可交易性篩選後
2024-04-07,143,0.03768359372188696,29,0.01449943636532323,28,0.03555204439454175,29,0.024699817825837373,28,0.017330512300786315,29,-0.020353081421100646,0.7241379310344828,0.5862068965517241,0.6551724137931034,等權・可交易性篩選後
2024-04-14,156,-0.02510460297983067,32,-0.013798534602221644,31,-0.026348761498481057,31,-0.020121431992567218,31,-0.009136745441133699,31,0.01596785753869697,0.6129032258064516,0.4375,0.5252016129032258,等權・可交易性篩選後
2024-04-21,160,0.013106276968255864,32,0.0006136347900226741,32,0.0038581492555660735,32,0.014308373982554367,32,0.020365611240150582,32,0.007259334271894718,0.6875,0.5,0.59375,等權・可交易性篩選後
2024-04-28,157,-0.0037960907299273254,32,0.006475750584119383,31,0.013903692670807202,31,0.004795743426105491,31,0.01358896526221972,32,0.017385055992147045,0.28125,0.3125,0.296875,等權・可交易性篩選後
2024-05-05,159,-0.010837658172375912,32,0.010804725659991916,32,-0.00554957515012153,31,-0.002016811671404932,32,0.004711585484660892,32,0.015549243657036804,0.21875,0.15625,0.1875,等權・可交易性篩選後
2024-05-12,158,0.005524193687735841,32,0.011014214938380474,31,0.012091807486008316,32,0.0274013299963788,31,0.018853671567523347,32,0.013329477879787506,0.3125,0.25,0.28125,等權・可交易性篩選後
2024-05-19,158,-0.01152165318668609,32,-0.005443966060987784,31,-0.027938215029837194,32,-0.01017361060682696,31,-0.01453700793495822,32,-0.0030153547482721296,0.28125,0.21875,0.25,等權・可交易性篩選後
2024-05-26,163,-0.0027675558782805417,33,0.014480939352694826,32,0.014495526711174102,33,0.0207713422116663,32,-0.008371071275709699,33,-0.005603515397429157,0.42424242424242425,0.3939393939393939,0.40909090909090906,等權・可交易性篩選後
2024-06-02,162,0.008991654684935972,33,0.0005756142569563368,32,0.0006884749191361818,32,-0.0015747836458798702,32,0.010747612986837823,33,0.001755958301901851,0.3333333333333333,0.3333333333333333,0.3333333333333333,等權・可交易性篩選後
2024-06-09,156,0.011865660285231006,32,-0.008516497359486423,31,-0.003437490331822122,31,-0.012108397588504464,31,-0.002020122937854413,31,-0.013885783223085419,0.25806451612903225,0.28125,0.2696572580645161,等權・可交易性篩選後
2024-06-16,156,0.032113843335157315,32,0.0023007652925127633,31,0.01024013700278694,31,0.017935557830640585,31,0.021469936730733337,31,-0.010643906604423978,0.3225806451612903,0.34375,0.33316532258064513,等權・可交易性篩選後
2024-06-23,159,-0.010112887656571548,32,-0.014322614142687293,32,-0.0035981852724378226,31,0.002688339356752386,32,0.0037378652037413154,32,0.013850752860312864,0.3125,0.28125,0.296875,等權・可交易性篩選後
2024-06-30,161,0.011915186868823223,33,0.029646083824865607,32,0.029967813060903795,32,0.031542575009012655,32,0.010148573485939626,32,-0.0017666133828835966,0.34375,0.24242424242424243,0.2930871212121212,等權・可交易性篩選後
2024-07-07,164,0.010548913912120532,33,-0.007942730542056712,33,-0.008479145855578196,32,-0.023969924169853725,33,0.013757546054712032,33,0.0032086321425915006,0.3939393939393939,0.30303030303030304,0.3484848484848485,等權・可交易性篩選後
2024-07-14,164,-0.022456164565092057,33,-0.019556442422259186,33,-0.023758145531780284,32,-0.04097518268574518,33,-0.024775769848103552,33,-0.002319605283011495,0.21212121212121213,0.24242424242424243,0.2272727272727273,等權・可交易性篩選後
2024-07-21,165,-0.015703124434163322,33,-0.018931242726263283,33,-0.015719182754393286,33,-0.025585632701238814,33,-0.016543868071341873,33,-0.0008407436371785509,0.24242424242424243,0.24242424242424243,0.24242424242424243,等權・可交易性篩選後
2024-07-28,160,-0.022649751413924616,32,-0.04042032817709364,32,-0.015450566018645404,32,-0.001767432443112376,32,-0.02618782723688242,32,-0.0035380758229578042,0.34375,0.21875,0.28125,等權・可交易性篩選後
2024-08-04,166,0.010744701986752552,34,-0.02826952449315414,33,-0.0075431273499204175,33,-0.022194833902803187,33,0.002511737353132058,33,-0.008232964633620493,0.36363636363636365,0.3235294117647059,0.3435828877005348,等權・可交易性篩選後
2024-08-11,167,0.01567246697151256,34,0.01036967272566298,33,0.02749607798667743,33,0.03399590186215928,33,0.026991049173959593,34,0.011318582202447032,0.3235294117647059,0.2647058823529412,0.29411764705882354,等權・可交易性篩選後
2024-08-18,163,0.001849362343475059,33,0.001369702542930576,32,0.013373319003363545,33,0.005061930789843197,32,0.004818068843421798,33,0.0029687064999467387,0.36363636363636365,0.3333333333333333,0.3484848484848485,等權・可交易性篩選後
2024-08-25,162,0.002938075110726392,33,0.0021281782019498888,32,0.006476728207095467,32,0.009167828673824787,32,0.008851808220226232,33,0.005913733109499841,0.24242424242424243,0.2727272727272727,0.25757575757575757,等權・可交易性篩選後
2024-09-01,158,-0.06437371579752353,32,-0.058508329244094735,31,-0.04326729856967288,32,-0.05268785528238601,31,-0.033399055909639666,32,0.030974659887883865,0.21875,0.28125,0.25,等權・可交易性篩選後
2024-09-08,158,0.028033218575405108,32,0.042121900432794325,31,0.025580162252731575,32,0.031444697290774946,31,0.026323195353314153,32,-0.0017100232220909548,0.25,0.28125,0.265625,等權・可交易性篩選後
2024-09-15,157,0.012179734907208424,32,0.0186385530465797,31,0.018475169595553488,31,0.014374675622102696,31,0.01576682885543956,32,0.0035870939482311355,0.28125,0.28125,0.28125,等權・可交易性篩選後
2024-09-22,150,0.026028092900524318,30,0.020461318096173742,30,0.0331195672541473,30,0.012791080124512362,30,0.01236652396209615,30,-0.013661568938428167,0.26666666666666666,0.2,0.23333333333333334,等權・可交易性篩選後
2024-09-29,159,-0.022828458727472394,32,-0.02188973741450659,32,-0.0029067686792706975,31,-0.02067769030191152,32,-0.025050573142431077,32,-0.0022221144149586827,0.25,0.28125,0.265625,等權・可交易性篩選後
2024-10-06,149,-0.036016978505181534,30,-0.035640845224981454,30,-0.05512761524420712,29,-0.014583490080232187,30,-0.016047124970262658,30,0.019969853534918876,0.2,0.16666666666666666,0.18333333333333335,等權・可交易性篩選後
2024-10-13,153,0.01320324462761966,31,0.005312807369100362,30,0.004322968203003077,31,0.01430294133373798,30,0.017804424395226136,31,0.004601179767606475,0.2903225806451613,0.25806451612903225,0.27419354838709675,等權・可交易性篩選後
2024-10-20,158,-0.013428358550754443,32,-0.004603080068360872,31,-0.0016393865160239732,32,0.0016132763856171605,31,-0.0008419572003069871,32,0.012586401350447456,0.21875,0.1875,0.203125,等權・可交易性篩選後
2024-10-27,156,-0.011634830194083502,32,-0.008566182090873443,31,-0.0132958258171929,31,-0.005202212974707569,31,-0.014980736474980105,31,-0.0033459062808966038,0.16129032258064516,0.15625,0.15877016129032256,等權・可交易性篩選後
2024-11-03,156,0.0050368909688963265,32,0.0008645059167113424,31,0.005879172320089982,31,-6.735491183899654e-05,31,-0.008066450379564973,31,-0.013103341348461299,0.12903225806451613,0.0625,0.09576612903225806,等權・可交易性篩選後
2024-11-10,156,-0.02239789998080905,32,-0.014965589048263573,31,-0.030763635045503585,31,-0.017471674456522375,31,-0.02596618867654297,31,-0.0035682886957339177,0.2903225806451613,0.25,0.2701612903225806,等權・可交易性篩選後
2024-11-17,164,0.007422812924484821,33,-0.0007984684913474896,33,0.02043776211630034,32,-0.00012129493157901501,33,0.006418269367842931,33,-0.0010045435566418898,0.3333333333333333,0.3333333333333333,0.3333333333333333,等權・可交易性篩選後
2024-11-24,150,-0.029780434672908567,30,-0.018759432226231124,30,-0.028360093664140013,30,-0.016482654810801016,30,-0.023572301301755118,30,0.006208133371153449,0.16666666666666666,0.16666666666666666,0.16666666666666666,等權・可交易性篩選後
2024-12-01,155,0.011141506412931348,31,-0.010164042819688484,31,0.009385583645406708,31,0.023694368450424098,31,0.022662915260018558,31,0.01152140884708721,0.25806451612903225,0.25806451612903225,0.25806451612903225,等權・可交易性篩選後
2024-12-08,157,-0.025008444566523822,32,-0.040896889152881366,31,-0.0357439594773533,31,-0.015592126088204261,31,-0.040469887930712475,32,-0.015461443364188653,0.25,0.21875,0.234375,等權・可交易性篩選後
2024-12-15,164,-0.032785595108946276,33,-0.02612795067414892,33,-0.025107690939157257,32,-0.011337816283270446,33,-0.019364598210056982,33,0.013420996898889294,0.21212121212121213,0.24242424242424243,0.2272727272727273,等權・可交易性篩選後
2024-12-22,164,0.004126430077480117,33,0.0036130496484313972,33,0.011837839460823181,32,-7.310986180428667e-05,33,0.004475841752338929,33,0.00034941167485881205,0.24242424242424243,0.15151515151515152,0.19696969696969696,等權・可交易性篩選後
2024-12-29,154,-0.023207692639293596,31,-0.01671943368286995,31,-0.025075185676502253,30,-0.008460265351181918,31,-0.00720288897558157,31,0.016004803663712028,0.2903225806451613,0.2903225806451613,0.2903225806451613,等權・可交易性篩選後
2015-06-28,52,0.008741274100528265,11,0.006021450736745891,10,-0.01668601382266255,10,0.022396045258375862,10,0.008212499194073842,11,-0.0005287749064544229,1.0,1.0,1.0,市值加權・未篩選
2015-07-05,61,-0.022817701420961647,13,-0.029875430459238638,12,-0.04397634765619489,12,-0.031008838863554475,12,-0.03000324116981343,12,-0.007185539748851784,0.4166666666666667,0.38461538461538464,0.40064102564102566,市值加權・未篩選
2015-07-12,64,0.019553614760832238,13,0.014399204555621834,13,0.023073950988805197,12,-0.00784562820638106,13,0.002393492897572354,13,-0.017160121863259884,0.8461538461538461,0.6153846153846154,0.7307692307692308,市值加權・未篩選
2015-07-19,69,-0.051386390246624336,14,-0.04023082699150608,14,-0.02058056802429334,13,-0.0531471090384424,14,-0.0253524938297639,14,0.026033896416860436,0.7142857142857143,0.5,0.6071428571428572,市值加權・未篩選
2015-07-26,71,-0.0049985310533356975,15,-0.014948757574133392,14,-0.012229850963098202,14,-0.015094352205510362,14,0.02116127020014799,14,0.02615980125348369,0.5,0.3333333333333333,0.41666666666666663,市值加權・未篩選
2015-08-02,81,-0.010484739306595927,17,-0.0033101352433738056,16,0.007043512708215838,16,-0.012260179136282136,16,-0.03612023280571481,16,-0.02563549349911888,0.6875,0.5882352941176471,0.6378676470588236,市值加權・未篩選
2015-08-09,85,-0.021589127507433515,17,0.036705496737464975,17,-0.02402349753865056,17,-0.005524286486166082,17,-0.023680002942349152,17,-0.002090875434915637,0.5294117647058824,0.29411764705882354,0.4117647058823529,市值加權・未篩選
2015-08-16,89,-0.03953772778278883,18,-0.07273773226235702,18,-0.05305495827726436,17,-0.05748743920178443,18,-0.06225723554543736,18,-0.022719507762648534,0.4444444444444444,0.3333333333333333,0.38888888888888884,市值加權・未篩選
2015-08-23,95,0.03270750752094786,19,0.0034144171259689908,19,0.057039471778406715,19,0.06293860406564689,19,0.05618203214640233,19,0.02347452462545447,0.9473684210526315,0.47368421052631576,0.7105263157894737,市值加權・未篩選
2015-08-30,99,-0.006381314749259484,20,0.009866217658163012,20,-0.018270318905844227,19,0.013727023803306577,20,0.014380792075256266,20,0.02076210682451575,0.7,0.7,0.7,市值加權・未篩選
2015-09-06,101,0.0420732392097366,21,0.06546654243253855,20,0.03019650594087285,20,0.07085652186747785,20,0.02447030449056685,20,-0.017602934719169752,0.55,0.3333333333333333,0.44166666666666665,市值加權・未篩選
2015-09-13,103,0.019872054621678608,21,-0.009503773106086974,20,-0.0062492253992825555,21,0.02513202327158908,20,0.013653102676518479,21,-0.006218951945160129,0.6190476190476191,0.38095238095238093,0.5,市值加權・未篩選
2015-09-20,108,-0.02258805942219842,22,-0.023240259680549248,21,-0.013631487926700976,22,-0.029108723700844413,21,-0.021429996240272746,22,0.0011580631819256733,0.22727272727272727,0.13636363636363635,0.18181818181818182,市值加權・未篩選
2015-09-27,111,0.02932010978319141,23,0.04656110295029641,22,0.030719425289589933,22,0.041005826731879164,22,0.036464874897454744,22,0.007144765114263332,0.36363636363636365,0.21739130434782608,0.29051383399209485,市值加權・未篩選
2015-10-04,115,0.02382974241989294,23,0.014424860717724404,23,0.02581687803781042,23,0.04611088016484966,23,0.017764629049251073,23,-0.006065113370641868,0.34782608695652173,0.21739130434782608,0.2826086956521739,市值加權・未篩選
2015-10-11,114,0.0072255615646148914,23,-0.003755956096325945,23,0.01186309864934846,22,-0.011013641373416158,23,0.0037515303492232635,23,-0.003474031215391628,0.21739130434782608,0.13043478260869565,0.17391304347826086,市值加權・未篩選
2015-10-18,116,0.0062304590307978875,24,0.01648012120373206,23,0.009303545034434056,23,0.004527835327513997,23,-0.004607172012036795,23,-0.010837631042834682,0.2608695652173913,0.16666666666666666,0.213768115942029,市值加權・未篩選
2015-10-25,119,-0.029759043440428207,24,-0.028129892881320735,24,-0.012653710943998673,23,-0.017708308154886783,24,-0.021547978065259075,24,0.008211065375169132,0.3333333333333333,0.5,0.41666666666666663,市值加權・未篩選
2015-11-01,120,0.009188922940551951,24,0.004421071595803408,24,0.021273861581326412,24,0.007272284849030702,24,0.008374560303675494,24,-0.0008143626368764569,0.25,0.4583333333333333,0.35416666666666663,市值加權・未篩選
2015-11-08,123,-0.036897701705057594,25,-0.04380488170987549,24,-0.0570767094473502,25,-0.05566647321489076,24,-0.03754148633128417,25,-0.000643784626226579,0.28,0.36,0.32,市值加權・未篩選
2015-11-15,126,0.0418224146606922,26,0.01691157019108671,25,0.01968577879842515,25,0.025733215111515217,25,0.008784025659707068,25,-0.03303838900098513,0.32,0.15384615384615385,0.23692307692307693,市值加權・未篩選
2015-11-22,131,-0.014846526032660616,27,-0.016137101988435237,26,-0.012735722100112094,26,-0.016023396995566794,26,-0.014545916806043481,26,0.00030060922661713507,0.3076923076923077,0.2962962962962963,0.301994301994302,市值加權・未篩選
2015-11-29,134,0.008442219058248537,27,0.014002916042422557,27,0.017212810261656497,26,0.006006795233483819,27,0.01890559219839583,27,0.010463373140147293,0.2962962962962963,0.2962962962962963,0.2962962962962963,市值加權・未篩選
2015-12-06,135,-0.02196005039667385,27,-0.04206085897538378,27,-0.03972655097037815,27,-0.02855601094498057,27,-0.034800878805914794,27,-0.012840828409240945,0.2962962962962963,0.25925925925925924,0.2777777777777778,市值加權・未篩選
2015-12-13,137,0.0121811455223556,28,0.030050555351028158,27,0.04908907885810141,27,0.034636305506225894,27,0.03614405379343077,28,0.023962908271075167,0.35714285714285715,0.32142857142857145,0.3392857142857143,市值加權・未篩選
2015-12-20,141,0.01476232208301345,29,0.02857774025980604,28,0.006777132825517032,28,0.04627234511727204,28,0.030380394090861327,28,0.015618072007847877,0.21428571428571427,0.1724137931034483,0.1933497536945813,市值加權・未篩選
2015-12-27,144,-0.0027053338782067225,29,0.009179111589253577,29,-0.0025063776853340796,28,-0.01030706850251496,29,-0.008624318603883217,29,-0.005918984725676494,0.27586206896551724,0.20689655172413793,0.24137931034482757,市值加權・未篩選
2016-01-03,147,-0.048428055468506474,30,-0.03920472662498689,29,-0.0544156869864054,29,-0.049531588122401306,29,-0.0476354227648996,30,0.0007926327036068756,0.2,0.16666666666666666,0.18333333333333335,市值加權・未篩選
2016-01-10,147,0.013057367348645692,30,0.0008160071628850916,29,-0.005174719054025147,29,-0.011632191353771453,29,0.017247859618737947,30,0.004190492270092255,0.26666666666666666,0.23333333333333334,0.25,市值加權・未篩選
2016-01-17,148,0.0012828707381731298,30,0.010712193881356545,29,0.049459843181329025,30,0.00427435716039494,29,0.024903469412517473,30,0.023620598674344344,0.4,0.36666666666666664,0.3833333333333333,市值加權・未篩選
2016-01-24,149,0.0203029411103693,30,0.03105554355778562,30,0.02650087410939985,29,0.0520939733453468,30,0.030519230356098197,30,0.010216289245728899,0.1,0.13333333333333333,0.11666666666666667,市值加權・未篩選
2016-01-31,149,0.0023330539825527023,30,0.0026220546908522708,30,-0.04063463824300666,29,-0.004910762759073454,30,-0.02348652217419636,30,-0.025819576156749062,0.36666666666666664,0.16666666666666666,0.26666666666666666,市值加權・未篩選
2016-02-14,150,0.029348222068743133,30,0.03560361003855179,30,0.028701338786943906,30,0.04160298163567115,30,0.03722980846247259,30,0.007881586393729458,0.4,0.4,0.4,市值加權・未篩選
2016-02-21,150,0.00848345777610889,30,0.01880590814545558,30,0.010987261977910391,30,-0.009892303595688778,30,0.016377843979260745,30,0.007894386203151854,0.3,0.1,0.2,市值加權・未篩選
2016-02-28,151,0.032609976393058515,31,0.030620201005228682,30,0.022628427499882947,30,0.029948743140086217,30,0.03777251979204969,30,0.005162543398991172,0.3333333333333333,0.3225806451612903,0.3279569892473118,市值加權・未篩選
2016-03-06,152,0.006532274140737111,31,0.0016567303729252485,30,0.011033603690417839,30,-0.001897880498249635,30,0.007056473707475595,31,0.0005241995667384846,0.45161290322580644,0.22580645161290322,0.3387096774193548,市值加權・未篩選
2016-03-13,152,0.012814861579587446,31,0.011283896527739364,30,-0.016576959527093944,30,0.012106008869253856,30,0.017698092146470213,31,0.004883230566882767,0.5483870967741935,0.5161290322580645,0.532258064516129,市值加權・未篩選
2016-03-20,153,-0.014448334216446358,31,-0.018932079854394795,30,-0.008751163410875552,31,-0.011896196014129992,30,-0.010696288519140841,31,0.003752045697305516,0.4838709677419355,0.3870967741935484,0.43548387096774194,市值加權・未篩選
2016-03-27,157,0.0018853446552981206,32,-0.015306488208049623,31,-0.02464598414140191,31,-0.021439975049119066,31,0.003854669469128501,32,0.0019693248138303804,0.53125,0.46875,0.5,市值加權・未篩選
2016-04-03,159,0.003509507026470771,32,-0.005824045567698688,32,-0.002076309372656358,31,0.008421445981963415,32,-0.019343327642400248,32,-0.02285283466887102,0.0625,0.09375,0.078125,市值加權・未篩選
2016-04-10,160,0.0310740542813845,32,0.039238098361148936,32,0.023032989402508214,32,0.012875188445093366,32,0.03066535258374488,32,-0.0004087016976396206,0.40625,0.15625,0.28125,市值加權・未篩選
2016-04-17,160,-0.014283059727612879,32,-0.023596326483233433,32,-0.01908094872323191,32,-0.015253557675922885,32,-0.008184689955418064,32,0.006098369772194814,0.5625,0.34375,0.453125,市值加權・未篩選
2016-04-24,161,-0.02850640471553039,33,-0.005291474181263583,32,-0.022055898540738476,32,-0.01020049552750398,32,-0.03857104967894275,32,-0.010064644963412361,0.4375,0.3333333333333333,0.38541666666666663,市值加權・未篩選
2016-05-01,163,-0.0398063284424361,33,-0.038649875561278565,32,-0.016507598722002855,33,-0.04376440515052575,32,-0.010156822115624143,33,0.02964950632681195,0.36363636363636365,0.36363636363636365,0.36363636363636365,市值加權・未篩選
2016-05-08,162,-0.021346416939686863,33,-0.018934071045369972,32,0.009873373600218267,32,-0.012747410137307364,32,-0.010157056641261509,33,0.011189360298425354,0.2727272727272727,0.24242424242424243,0.25757575757575757,市值加權・未篩選
2016-05-15,156,0.02503857163807859,32,0.00841247037175908,31,-0.0005311089898579072,31,0.015147693938706679,31,2.6334553897029727e-06,31,-0.025035938182688885,0.22580645161290322,0.21875,0.22227822580645162,市值加權・未篩選
2016-05-22,155,0.04032815816509877,31,0.03257783273007433,31,0.021292686871919143,31,0.036045025695855853,31,0.019811580422114682,31,-0.02051657774298409,0.1935483870967742,0.16129032258064516,0.1774193548387097,市值加權・未篩選
2016-05-29,154,0.018944205047482583,31,0.01355383220157157,31,-0.0027061596310644907,30,0.007676229981986129,31,0.016626709338628736,31,-0.0023174957088538464,0.0967741935483871,0.16129032258064516,0.12903225806451613,市值加權・未篩選
2016-06-05,152,0.011590325578472678,31,-0.002911439513167146,30,0.005172071384565838,30,0.0020186689175377814,30,0.02418560359638587,31,0.012595278017913193,0.0967741935483871,0.03225806451612903,0.06451612903225806,市值加權・未篩選
2016-06-12,153,0.0014097923503533238,31,0.002277913847362468,30,-0.0012088596440806194,31,-0.01578441803821146,30,-0.019678269806146054,31,-0.021088062156499377,0.12903225806451613,0.22580645161290322,0.1774193548387097,市值加權・未篩選
2016-06-19,151,-0.020208462318511512,31,-0.009517184077640134,30,-0.004745654285486256,30,-0.005095296168308654,30,-0.009371894366567544,30,0.010836567951943968,0.1,0.16129032258064516,0.13064516129032258,市值加權・未篩選
2016-06-26,151,0.03387715773744731,31,0.028027379790433966,30,0.02549530519080242,30,0.019187403056450697,30,0.06577814706797531,30,0.031900989330528005,0.23333333333333334,0.3548387096774194,0.2940860215053763,市值加權・未篩選
2016-07-03,150,0.003926549731198481,30,-0.010545302190954306,30,-0.012266330520867355,30,-0.002209225899003474,30,-0.008765860147490482,30,-0.012692409878688964,0.26666666666666666,0.23333333333333334,0.25,市值加權・未篩選
2016-07-10,150,0.01083112152456328,30,0.037111297379777294,30,0.013622009582948787,30,0.020261119712750977,30,0.022286205122409707,30,0.011455083597846426,0.43333333333333335,0.4,0.4166666666666667,市值加權・未篩選
2016-07-17,152,0.014593511339898786,31,0.018292732170411982,30,0.008536099703012815,30,0.011657696264565563,30,0.016304527086205233,31,0.001711015746306447,0.5483870967741935,0.41935483870967744,0.4838709677419355,市值加權・未篩選
2016-07-24,152,8.64028659004895e-05,31,-0.01146769726676266,30,-0.007856874412764637,30,-0.0030151544437819104,30,0.00011900195544856736,31,3.259908954807786e-05,0.0967741935483871,0.06451612903225806,0.08064516129032258,市值加權・未篩選
2016-07-31,150,0.00961529509356274,30,0.011431029426650488,30,0.025292408713764206,30,0.006230180567292348,30,0.009930705350208846,30,0.00031541025664610575,0.3333333333333333,0.26666666666666666,0.3,市值加權・未篩選
2016-08-07,148,-0.008201250552404265,30,0.005182965714442375,29,-0.007955196580069997,30,-0.00728262779122868,29,0.041303343648958254,30,0.04950459420136252,0.26666666666666666,0.26666666666666666,0.26666666666666666,市值加權・未篩選
2016-08-14,148,-0.01789741060035357,30,-0.022493347701778497,29,0.004319615434261056,30,0.005634718780704974,29,-0.024659271836712886,30,-0.006761861236359315,0.2,0.13333333333333333,0.16666666666666669,市值加權・未篩選
2016-08-21,148,0.02285965358541645,30,0.01859042407079069,29,0.004609882999585455,30,0.016631176069793273,29,0.012032961239912947,30,-0.010826692345503501,0.23333333333333334,0.3,0.26666666666666666,市值加權・未篩選
2016-08-28,144,-0.008979064892666262,29,-0.013537136368868408,29,0.0005678318559131249,28,0.006171388885591195,29,-0.017157153912807754,29,-0.008178089020141492,0.20689655172413793,0.20689655172413793,0.20689655172413793,市值加權・未篩選
2016-09-04,143,-0.007518746910912058,29,0.01390992796522399,28,0.009316123607895233,29,-0.0028698639186351825,28,0.007672112391255264,29,0.015190859302167323,0.2413793103448276,0.1724137931034483,0.20689655172413796,市值加權・未篩選
2016-09-11,142,-0.0223238474182108,29,0.00013526006030294577,28,-0.010534754582409019,28,-0.018096389894043177,28,-0.020060764155297943,29,0.0022630832629128572,0.3103448275862069,0.3448275862068966,0.3275862068965517,市值加權・未篩選
2016-09-18,141,0.04123849339414658,29,0.03107910839714178,28,0.019866490486127344,28,0.017875265662955196,28,0.01887173630312506,28,-0.022366757091021518,0.14285714285714285,0.1724137931034483,0.15763546798029557,市值加權・未篩選
2016-09-25,140,-0.0030965643953080107,28,-0.0015971977722019318,28,-0.010254050040193181,28,-0.005177972205697257,28,-0.004176139035435388,28,-0.0010795746401273771,0.14285714285714285,0.14285714285714285,0.14285714285714285,市值加權・未篩選
2016-10-02,139,0.010860510226406486,28,0.0011968096674835112,28,0.002825128168321424,27,-0.007300864437145547,28,0.012780597406498966,28,0.00192008718009248,0.17857142857142858,0.17857142857142858,0.17857142857142858,市值加權・未篩選
2016-10-09,139,-0.025117859835925304,28,-0.008917057009557246,28,-0.019022490451797044,27,-0.030533622486466773,28,-0.008469960407893579,28,0.016647899428031725,0.17857142857142858,0.21428571428571427,0.19642857142857142,市值加權・未篩選
2016-10-16,139,0.021178178679271232,28,0.023717978669448404,28,0.01718281269370743,27,0.021506989757746772,28,0.02398459753572057,28,0.0028064188564493366,0.07142857142857142,0.17857142857142858,0.125,市值加權・未篩選
2016-10-23,136,-0.004414613038059554,28,-0.0022145152132191414,27,-0.013068853438807558,27,-0.006914512700444153,27,-0.001833759283295518,27,0.002580853754764036,0.2222222222222222,0.17857142857142858,0.2003968253968254,市值加權・未篩選
2016-10-30,137,-0.024882773655304873,28,-0.007284246509442787,27,-0.014276862932565491,27,-0.017738637126075506,27,-0.01072481090813002,28,0.014157962747174853,0.14285714285714285,0.10714285714285714,0.125,市值加權・未篩選
2016-11-06,137,-0.0005264903975027687,28,-0.0038387852350754655,27,-0.038488440436249605,27,-0.015216695714179353,27,-0.023547363501755476,28,-0.023020873104252708,0.32142857142857145,0.2857142857142857,0.3035714285714286,市值加權・未篩選
2016-11-13,134,0.004750306941634959,27,0.001126203327269306,27,-0.014176854005862133,26,0.007971151002566903,27,-0.00038944321552473576,27,-0.005139750157159695,0.18518518518518517,0.18518518518518517,0.18518518518518517,市值加權・未篩選
2016-11-20,134,0.004366053811457263,27,0.017267037856985915,27,0.006198543482380961,26,0.014230943179215097,27,0.03884223657434868,27,0.03447618276289142,0.3333333333333333,0.3333333333333333,0.3333333333333333,市值加權・未篩選
2016-11-27,130,-0.0025139882450314196,26,0.026751815185053186,26,0.014790070817903364,26,-0.012010577964746005,26,-0.0024965785223736354,26,1.7409722657784222e-05,0.3076923076923077,0.2692307692307692,0.28846153846153844,市值加權・未篩選
2016-12-04,130,0.03813778861788517,26,0.03166952967042487,26,0.006034089847351181,26,0.012001883902054254,26,0.026795849424262518,26,-0.011341939193622655,0.07692307692307693,0.038461538461538464,0.057692307692307696,市值加權・未篩選
2016-12-11,130,-0.014959903718192915,26,-0.007844660018052035,26,-0.010466109106064237,26,-0.001680595419159254,26,-0.024748721068095402,26,-0.009788817349902487,0.23076923076923078,0.07692307692307693,0.15384615384615385,市值加權・未篩選
2016-12-18,129,-0.02633717691784388,26,-0.0289254321400327,26,-0.016525538992606847,25,-0.014351450853013249,26,-0.017959826375725064,26,0.008377350542118817,0.15384615384615385,0.15384615384615385,0.15384615384615385,市值加權・未篩選
2016-12-25,129,0.026147536881161764,26,0.00993582120138209,26,0.008399787807278222,25,0.008192631787857153,26,0.01577600288487516,26,-0.010371533996286604,0.15384615384615385,0.19230769230769232,0.17307692307692307,市值加權・未篩選
2017-01-01,129,0.006552139868896264,26,0.016246650290797346,26,0.007490570757103549,25,0.021068768364134627,26,0.003367782543468563,26,-0.0031843573254277014,0.15384615384615385,0.15384615384615385,0.15384615384615385,市值加權・未篩選
2017-01-08,129,-0.004917554674576813,26,-0.0005838890143757878,26,-0.0009714302825156556,25,0.012118908585083073,26,0.012495109331843089,26,0.0174126640064199,0.11538461538461539,0.19230769230769232,0.15384615384615385,市值加權・未篩選
2017-01-15,127,-0.017551357831534765,26,-0.005999580774720059,25,0.007224103458441529,25,-0.002562880095068069,25,0.0028041833992066756,26,0.02035554123074144,0.3076923076923077,0.3076923076923077,0.3076923076923077,市值加權・未篩選
2017-01-22,126,0.005007350731894576,26,0.013322593543307315,25,-0.0027368514199235952,25,0.01378986310426774,25,0.012978006082428243,25,0.007970655350533668,0.32,0.2692307692307692,0.2946153846153846,市值加權・未篩選
2017-01-29,128,-0.018127136652992305,26,0.008565647262197976,25,0.010419024743429163,26,0.006729609687669009,25,-0.010513597496079129,26,0.007613539156913176,0.38461538461538464,0.38461538461538464,0.38461538461538464,市值加權・未篩選
2017-02-05,128,0.022405018672815635,26,0.007744787663292569,25,0.022670370136485762,26,0.0015356457469305883,25,0.020705731301552843,26,-0.001699287371262792,0.38461538461538464,0.23076923076923078,0.3076923076923077,市值加權・未篩選
2017-02-12,130,0.00509016462359919,26,0.002777510079221509,26,0.023886184385126713,26,0.010246767707538983,26,0.011485160020072393,26,0.006394995396473203,0.3076923076923077,0.3076923076923077,0.3076923076923077,市值加權・未篩選
2017-02-19,136,-0.009661060568500942,28,-0.008576593603283129,27,0.0015997949725844803,27,0.023918803424932255,27,-0.005966205141977155,27,0.0036948554265237863,0.4074074074074074,0.39285714285714285,0.4001322751322751,市值加權・未篩選
2017-02-26,137,-0.012370893342210016,28,-0.020402156480118835,27,0.00035244969753274344,27,-0.005413169997501388,27,-0.015295734869750032,28,-0.002924841527540016,0.35714285714285715,0.21428571428571427,0.2857142857142857,市值加權・未篩選
2017-03-05,140,-0.0032035333875454716,28,-0.01143710710150094,28,-0.007466489729831995,28,-0.008507280455874436,28,-0.00863216090925007,28,-0.005428627521704598,0.25,0.25,0.25,市值加權・未篩選
2017-03-12,141,0.029408058124173547,29,0.0317329273490345,28,0.017084870500673314,28,0.014801954859689905,28,0.0268974682224274,28,-0.002510589901746147,0.25,0.20689655172413793,0.22844827586206895,市值加權・未篩選
2017-03-19,139,0.0008836932906520789,28,-0.0030962198609812493,28,-0.01637007483839207,27,-0.006828067540032889,28,0.0015358845034858547,28,0.0006521912128337759,0.32142857142857145,0.2857142857142857,0.3035714285714286,市值加權・未篩選
2017-03-26,137,-0.0072348794311071565,28,0.005002489288534503,27,-0.009273699876827652,27,-0.011323665185739238,27,-0.020856211019953604,28,-0.013621331588846448,0.39285714285714285,0.25,0.3214285714285714,市值加權・未篩選
2017-04-02,137,0.007785194023989306,28,-0.003358362844853815,27,-0.010716547619728107,27,0.01010660572470044,27,0.0028987959825797997,28,-0.004886398041409506,0.5714285714285714,0.25,0.4107142857142857,市值加權・未篩選
2017-04-09,135,-0.011808837078332909,27,-0.002158854106990757,27,-0.03747443334961675,27,-0.012791489557457581,27,-0.003574383014103818,27,0.008234454064229091,0.4074074074074074,0.2962962962962963,0.35185185185185186,市值加權・未篩選
2017-04-16,134,-0.007655920430099559,27,-0.0019742746139353355,27,-0.0010848729348872338,26,-0.004887066033845217,27,-0.000759706385869674,27,0.006896214044229886,0.4444444444444444,0.2962962962962963,0.37037037037037035,市值加權・未篩選
2017-04-23,134,0.0037663994371861134,27,0.012113551957397557,27,0.003703895767967741,26,0.016838461971109893,27,0.014897857832962417,27,0.011131458395776303,0.48148148148148145,0.3333333333333333,0.4074074074074074,市值加權・未篩選
2017-04-30,132,-0.005428210728215481,27,-0.0010568351188307186,26,-0.020768673160449138,26,-0.009514245826147783,26,-0.005596773090566794,27,-0.00016856236235131272,0.7037037037037037,0.6296296296296297,0.6666666666666667,市值加權・未篩選
2017-05-07,133,-0.001462424360874551,27,-0.001164310545984176,26,-0.013790120059215955,27,-0.02094098325551945,26,0.02532649225183534,27,0.026788916612709893,0.48148148148148145,0.37037037037037035,0.42592592592592593,市值加權・未篩選
2017-05-14,136,-0.0019632493872104514,28,-0.010433107600846068,27,-0.00201105465194846,27,-0.008613982349732126,27,-0.012019246418097207,27,-0.010055997030886756,0.5555555555555556,0.39285714285714285,0.4742063492063492,市值加權・未篩選
2017-05-21,133,0.014905148486104322,27,0.007020652719834617,26,0.027875537225254526,27,0.022403728975399433,26,0.015043601131342453,27,0.000138452645238131,0.4074074074074074,0.3333333333333333,0.37037037037037035,市值加權・未篩選
2017-05-28,131,-8.49001636858224e-05,27,0.005505427069702643,26,0.0064324111523754455,26,0.006728148118206366,26,0.007727726035988519,26,0.007812626199674341,0.5,0.4444444444444444,0.4722222222222222,市值加權・未篩選
2017-06-04,133,0.0020713280684075412,27,-0.004435885469561708,26,-0.003384881136904416,27,-0.0008477429181097903,26,0.007980927340656304,27,0.005909599272248763,0.7407407407407407,0.2962962962962963,0.5185185185185185,市值加權・未篩選
2017-06-11,134,-0.004221788154564017,27,0.010342507236928278,27,-0.0048762255409310895,26,-0.004745063082185831,27,0.01833671404072411,27,0.022558502195288127,0.8518518518518519,0.48148148148148145,0.6666666666666666,市值加權・未篩選
2017-06-18,132,0.035684637886399036,27,0.01488559664357872,26,0.015523405577214414,26,0.027064015321609704,26,0.02732811375113812,27,-0.008356524135260914,0.48148148148148145,0.3333333333333333,0.4074074074074074,市值加權・未篩選
2017-06-25,131,0.013405814830566165,27,0.0047367203736251,26,0.013666582529865311,26,0.05011481458375233,26,-0.003185033930921177,26,-0.01659084876148734,0.4230769230769231,0.37037037037037035,0.3967236467236467,市值加權・未篩選
2017-07-02,132,-0.004737553858030493,27,-0.007208534060319591,26,-0.011574353960895628,26,-0.00951660409735716,26,-0.011380367359401984,27,-0.006642813501371491,0.2222222222222222,0.1111111111111111,0.16666666666666666,市值加權・未篩選
2017-07-09,130,0.031655973991744454,26,0.005564319297666374,26,0.013102141704214601,26,0.018743734131050238,26,0.00880675870810169,26,-0.022849215283642765,0.3076923076923077,0.19230769230769232,0.25,市值加權・未篩選
2017-07-16,130,-0.0037435457688086648,26,0.004872799965939544,26,0.0019416431923808847,26,-0.002558534155789576,26,-0.0008751506782827979,26,0.002868395090525867,0.5,0.38461538461538464,0.4423076923076923,市值加權・未篩選
2017-07-23,129,0.013374009986913226,26,-0.005280109312642293,26,-0.0007333041066070227,25,-0.00045376477742503966,26,0.003390763990375737,26,-0.00998324599653749,0.5769230769230769,0.4230769230769231,0.5,市值加權・未篩選
2017-07-30,129,0.01396823104759919,26,0.00696481834443429,26,0.020313964952771803,25,0.010129099611849247,26,0.016459596902202705,26,0.0024913658546035153,0.46153846153846156,0.34615384615384615,0.40384615384615385,市值加權・未篩選
2017-08-06,128,-0.010294227342252032,26,-0.014394330277481859,25,-0.014041439779213983,26,-0.02133654960861383,25,-0.01774574461654615,26,-0.00745151727429412,0.5,0.34615384615384615,0.4230769230769231,市值加權・未篩選
2017-08-13,127,0.0046155553694076125,26,0.0031238743822956847,25,0.0001443826984966622,25,0.01438814533836223,25,-0.005050002365203909,26,-0.009665557734611523,0.46153846153846156,0.4230769230769231,0.4423076923076923,市值加權・未篩選
2017-08-20,122,0.021539711460245983,25,0.023029142761477273,24,0.012620725379584278,24,0.008923058291890025,24,0.020711958130792445,25,-0.0008277533294535379,0.28,0.24,0.26,市值加權・未篩選
2017-08-27,121,0.00960784481014321,25,0.004088363141054943,24,0.012282593553206222,24,0.013108754461882215,24,0.006625461059968111,24,-0.002982383750175099,0.5833333333333334,0.28,0.4316666666666667,市值加權・未篩選
2017-09-03,123,0.0077903994519680575,25,0.007084287195944102,24,0.002622155237243827,25,0.01623538994818652,24,0.008431722110198388,25,0.0006413226582303302,0.64,0.56,0.6000000000000001,市值加權・未篩選
2017-09-10,122,-0.004103726701492421,25,-0.011273252256767416,24,0.008477915127261067,24,0.0038073497865948303,24,-0.015972954673041828,25,-0.011869227971549406,0.4,0.2,0.30000000000000004,市值加權・未篩選
2017-09-17,120,-0.008620034570288006,24,-0.006601786472482048,24,-0.010698183570929493,24,-0.009283270081678468,24,-0.03698679167773799,24,-0.028366757107449982,0.6666666666666666,0.20833333333333334,0.4375,市值加權・未篩選
2017-09-24,122,-0.01602398736187164,25,-0.015900643680840775,24,-0.013448460524614186,24,-0.004414753224899262,24,-0.0018541259394995258,25,0.014169861422372115,0.88,0.68,0.78,市值加權・未篩選
2017-10-01,124,0.01187578214907631,25,0.0029808460275913824,25,-0.007315783899413367,24,0.009167941376817994,25,0.013000850290040255,25,0.0011250681409639453,0.28,0.24,0.26,市值加權・未篩選
2017-10-08,124,0.03697167484577496,25,0.007938751202609666,25,0.0017251222425743332,24,-0.003979953689658838,25,-0.005451957810739321,25,-0.04242363265651428,0.32,0.44,0.38,市值加權・未篩選
2017-10-15,127,-0.02053568351950707,26,0.008497537810712753,25,0.0016050870411590595,25,-0.004078181327338034,25,0.002921277156439329,26,0.0234569606759464,0.4230769230769231,0.23076923076923078,0.3269230769230769,市值加權・未篩選
2017-10-22,127,-0.014824790037277498,26,0.00017298076823720027,25,-0.002245997513090029,25,0.0015512021735340962,25,-0.005532133722882292,26,0.009292656314395206,0.46153846153846156,0.4230769230769231,0.4423076923076923,市值加權・未篩選
2017-10-29,128,-0.008494734552277028,26,0.004612014013988029,25,0.004027288848017961,26,0.001942360823151894,25,0.009658367091632787,26,0.018153101643909816,0.5,0.4230769230769231,0.46153846153846156,市值加權・未篩選
2017-11-05,124,0.0045386526209348025,25,-0.005971894033494743,25,-0.011331291210919981,24,-0.003066323234230074,25,-0.02820412000890206,25,-0.03274277262983686,0.4,0.36,0.38,市值加權・未篩選
2017-11-12,124,-0.0012540745945698517,25,0.011832545775071104,25,-0.016231099887010658,24,-0.012938502709755658,25,0.0003578484388912719,25,0.0016119230334611235,0.48,0.32,0.4,市值加權・未篩選
2017-11-19,125,0.007001730521636075,25,0.014668060532495916,25,-0.005305937920672472,25,-0.0008668647729467326,25,0.010649870798335475,25,0.0036481402766993997,0.52,0.48,0.5,市值加權・未篩選
2017-11-26,127,-0.019406486266025855,26,-0.028136086502032174,25,-0.015067809476206786,25,-0.013778879168165541,25,-0.03353650485961718,26,-0.014130018593591323,0.46153846153846156,0.34615384615384615,0.40384615384615385,市值加權・未篩選
2017-12-03,129,-0.00912495788011571,26,-0.001335015858566142,26,-0.00683139076169893,25,-0.010019004954147486,26,-0.02803645372398057,26,-0.01891149584386486,0.5384615384615384,0.34615384615384615,0.4423076923076923,市值加權・未篩選
2017-12-10,130,0.011890008550272484,26,0.008561821331162697,26,0.005084508217306829,26,-0.0028496603854908696,26,0.001171018754491864,26,-0.01071898979578062,0.38461538461538464,0.2692307692307692,0.3269230769230769,市值加權・未篩選
2017-12-17,131,-0.0002391125922392002,27,0.005901295907696851,26,0.0038874195279611917,26,-0.0028246472010707104,26,0.000680623759915534,26,0.0009197363521547342,0.6153846153846154,0.48148148148148145,0.5484330484330484,市值加權・未篩選
2017-12-24,133,0.01820411916694391,27,0.023186485062361407,26,0.018885018729925106,27,0.021914393498297383,26,0.007450120252763281,27,-0.010753998914180631,0.5925925925925926,0.4444444444444444,0.5185185185185185,市值加權・未篩選
2017-12-31,134,0.02060001854222689,27,0.016340482116526785,27,-0.0017097202203806066,26,-0.0021217551317873526,27,0.008711545785651472,27,-0.011888472756575418,0.25925925925925924,0.1111111111111111,0.18518518518518517,市值加權・未篩選
2018-01-07,136,-0.01639354196718552,28,0.0077139942022787945,27,-0.009797674971788935,27,0.010309743364489468,27,-0.001079988369250034,27,0.015313553597935486,0.37037037037037035,0.2857142857142857,0.328042328042328,市值加權・未篩選
2018-01-14,136,0.04531780801930719,28,0.002228830401377776,27,-0.010803983538341826,27,-0.017580657824987328,27,0.02596547212759346,27,-0.01935233589171373,0.37037037037037035,0.25,0.3101851851851852,市值加權・未篩選
2018-01-21,132,-0.00532744305201956,27,-0.002832866895183768,26,-0.004240293011455181,26,0.007865003002622226,26,-0.0020175526625052826,27,0.0033098903895142774,0.4444444444444444,0.18518518518518517,0.31481481481481477,市值加權・未篩選
2018-01-28,132,-0.0023196894865675447,27,0.0016739649072660839,26,-0.019499219261783794,26,0.003649898557617692,26,-0.019177517210250305,27,-0.01685782772368276,0.4444444444444444,0.2962962962962963,0.37037037037037035,市值加權・未篩選
2018-02-04,131,-0.041235052846632744,27,-0.06821206456626079,26,-0.04069336368013857,26,-0.0542479181276215,26,-0.0408349183920186,26,0.0004001344546141414,0.34615384615384615,0.4074074074074074,0.37678062678062674,市值加權・未篩選
2018-02-11,131,-0.008004632437368752,27,-0.0022946050485999113,26,-0.0009433773026332287,26,-0.005127947141717738,26,3.8543518371160964e-05,26,0.008043175955739912,0.4230769230769231,0.4074074074074074,0.41524216524216523,市值加權・未篩選
2018-02-18,130,0.0035238051466879874,26,0.012134667536620241,26,0.02549528869517983,26,0.03562472527883418,26,0.020693427558002193,26,0.017169622411314207,0.5,0.38461538461538464,0.4423076923076923,市值加權・未篩選
2018-02-25,133,-0.006864209468037547,27,-0.00998924780410239,26,-0.023778840900133248,27,-0.03675582117771548,26,-0.024865530966239602,27,-0.018001321498202057,0.7777777777777778,0.5925925925925926,0.6851851851851851,市值加權・未篩選
2018-03-04,131,0.011595834106380059,27,-0.0020140040501236316,26,0.0011836870667087244,26,0.00474273652914182,26,0.029814387117274434,26,0.018218553010894374,0.7692307692307693,0.6296296296296297,0.6994301994301995,市值加權・未篩選
2018-03-11,133,0.009629394750794358,27,0.00931051328200687,26,0.0026431485177606795,27,0.0075391480386304,26,-0.0023779153347459636,27,-0.012007310085540322,0.37037037037037035,0.3333333333333333,0.35185185185185186,市值加權・未篩選
2018-03-18,129,0.0015628201345361968,26,-0.025955806383214,26,-0.027878311727339917,25,-0.002544698298143715,26,-0.020299868962571077,26,-0.021862689097107275,0.4230769230769231,0.3076923076923077,0.3653846153846154,市值加權・未篩選
2018-03-25,129,0.022080871701893646,26,0.007492946036063972,26,0.03027384370257508,25,-0.002844622217574331,26,0.0005144823938163218,26,-0.021566389308077322,0.38461538461538464,0.2692307692307692,0.3269230769230769,市值加權・未篩選
2018-04-01,133,-0.015275149860616089,27,-0.005376584284210989,26,-0.005882712609344601,27,-0.01593917787566107,26,-0.01436210618673534,27,0.0009130436738807486,0.9259259259259259,0.5555555555555556,0.7407407407407407,市值加權・未篩選
2018-04-08,134,0.015359227995868231,27,0.012569065044061028,27,-0.007711090990405446,26,0.01638644679569994,27,-0.010677721085686109,27,-0.02603694908155434,0.9629629629629629,0.6666666666666666,0.8148148148148148,市值加權・未篩選
2018-04-15,134,-0.006438574817442768,27,-0.007274545781836889,27,0.0016434788093501293,26,-0.0029679522746685998,27,-0.04352317695306885,27,-0.03708460213562608,0.48148148148148145,0.25925925925925924,0.37037037037037035,市值加權・未篩選
2018-04-22,134,-0.015226069200020372,27,-0.021009968126709168,27,-0.016356603515168,26,-0.031570997696487135,27,-0.016723781125984254,27,-0.0014977119259638825,0.3333333333333333,0.25925925925925924,0.2962962962962963,市值加權・未篩選
2018-04-29,133,-0.013776904520906552,27,-0.011638098814170534,26,0.005498538749237693,27,0.006013703848249286,26,-0.004489048954530078,27,0.009287855566376475,0.5555555555555556,0.48148148148148145,0.5185185185185185,市值加權・未篩選
2018-05-06,133,0.031475340673965894,27,0.019001200756095384,26,0.020319080408225502,27,0.0221777380335683,26,0.03632730209340461,27,0.004851961419438715,0.3333333333333333,0.2962962962962963,0.31481481481481477,市值加權・未篩選
2018-05-13,131,-0.02787757145018646,27,0.003180401577095845,26,0.022256634895008936,26,-0.01960893326887292,26,-0.03276333523808212,26,-0.00488576378789566,0.4230769230769231,0.4074074074074074,0.41524216524216523,市值加權・未篩選
2018-05-20,133,-0.004089926018380613,27,-0.003134258489084565,26,-0.006883452112159455,27,0.011154836091343814,26,0.015247666190846599,27,0.019337592209227213,0.6296296296296297,0.37037037037037035,0.5,市值加權・未篩選
2018-05-27,135,-0.009539963909951077,27,-0.017244386551074707,27,-0.003372132686955034,27,0.055078936885542135,27,0.0028359360092683914,27,0.012375899919219467,0.5555555555555556,0.2962962962962963,0.42592592592592593,市值加權・未篩選
2018-06-03,137,0.006408157810666363,28,0.005462669820844574,27,0.001979122702357874,27,0.014792739835324913,27,0.013666726118555223,28,0.00725856830788886,0.35714285714285715,0.2857142857142857,0.3214285714285714,市值加權・未篩選
2018-06-10,136,0.016075175363128726,28,0.01584093375305417,27,-0.010938288518311889,27,-0.0056037894375356775,27,-0.02434999789362524,27,-0.04042517325675397,0.5185185185185185,0.2857142857142857,0.4021164021164021,市值加權・未篩選
2018-06-17,137,0.002071596427044875,28,-0.02061168696204553,27,-0.014478990659024013,27,-0.022498592970886876,27,0.008243313814812026,28,0.00617171738776715,0.5714285714285714,0.35714285714285715,0.4642857142857143,市值加權・未篩選
2018-06-24,137,0.022099832559217422,28,0.001104167005625079,27,-0.008476712031759745,27,-0.008089815837064824,27,-0.014742862668157657,28,-0.03684269522737508,0.5714285714285714,0.39285714285714285,0.4821428571428571,市值加權・未篩選
2018-07-01,136,-0.01371216520176478,28,-0.035703020852670776,27,-0.030843624295340544,27,-0.0394637009446969,27,-0.006295102035538044,27,0.007417063166226736,0.5185185185185185,0.35714285714285715,0.4378306878306878,市值加權・未篩選
2018-07-08,135,0.02258829608255135,27,0.029833649773846962,27,0.025424094049358085,27,0.03877099392770056,27,0.026371017268508157,27,0.0037827211859568083,0.3333333333333333,0.2962962962962963,0.31481481481481477,市值加權・未篩選
2018-07-15,135,-0.020957425746286715,27,0.01723710265091928,27,0.0016959574737895906,27,-0.007580013254881297,27,0.04615503184983878,27,0.0671124575961255,0.48148148148148145,0.2962962962962963,0.38888888888888884,市值加權・未篩選
2018-07-22,132,0.037847931100783,27,0.018604587955109518,26,0.026375577518515794,26,0.013936591882823295,26,0.014533128960881273,27,-0.023314802139901728,0.5185185185185185,0.4444444444444444,0.48148148148148145,市值加權・未篩選
2018-07-29,132,-0.015690617401843063,27,0.011918218956129338,26,-0.00011933256729918465,26,-0.0009868895721762594,26,0.007988155034446064,27,0.023678772436289127,0.48148148148148145,0.4074074074074074,0.4444444444444444,市值加權・未篩選
2018-08-05,134,0.0038330477384517785,27,0.0029567595870945264,27,-0.0005978701914932977,26,-0.007220959193013853,27,-0.0049591668588296,27,-0.008792214597281378,0.5555555555555556,0.4444444444444444,0.5,市值加權・未篩選
2018-08-12,133,-0.011775491025599615,27,-0.010581646613509924,26,-0.020036461330277148,27,-0.030692405378974913,26,-0.008657700376380898,27,0.0031177906492187175,0.5925925925925926,0.2962962962962963,0.4444444444444444,市值加權・未篩選
2018-08-19,134,0.015238028098686296,27,0.0313282159868821,27,0.02030969230359481,26,0.006020926845954343,27,0.002839355825194717,27,-0.01239867227349158,0.7037037037037037,0.3333333333333333,0.5185185185185185,市值加權・未篩選
2018-08-26,134,-0.0028482331709931428,27,0.03858581102353612,27,0.0116677596845538,26,0.023367182724854812,27,0.012282956378469712,27,0.015131189549462853,0.37037037037037035,0.4444444444444444,0.4074074074074074,市值加權・未篩選
2018-09-02,135,-0.041914906762878824,27,-0.022609006138379496,27,-0.04433303901553838,27,-0.048561840013705504,27,0.003478374364067577,27,0.0453932811269464,0.37037037037037035,0.2962962962962963,0.3333333333333333,市值加權・未篩選
2018-09-09,132,0.013580474569646133,27,0.011555586536723778,26,0.01467963734124644,26,-0.005076568943344051,26,-0.017503703037721047,27,-0.031084177607367182,0.2962962962962963,0.2222222222222222,0.25925925925925924,市值加權・未篩選
2018-09-16,131,0.01778761168802135,27,0.0120658220524484,26,0.027212493347447044,26,-0.0017569434425910376,26,-0.012299570635829192,26,-0.03008718232385054,0.2692307692307692,0.2222222222222222,0.24572649572649571,市值加權・未篩選
2018-09-23,130,0.01352863259197504,26,-0.004171241833152172,26,-0.002558769376480749,26,0.0073627587296910485,26,0.0029864635964184415,26,-0.0105421689955566,0.5,0.3076923076923077,0.40384615384615385,市值加權・未篩選
2018-09-30,132,-0.047692506489155344,27,-0.06283842997728709,26,-0.04297535019833594,26,-0.05028095940467273,26,-0.08226725564029015,27,-0.03457474915113481,0.5185185185185185,0.4074074074074074,0.4629629629629629,市值加權・未篩選
2018-10-07,134,-0.038166892905067695,27,-0.03475772467602698,27,-0.04952304585443292,26,-0.07195028107879883,27,-0.03304413834710991,27,0.005122754557957784,0.25925925925925924,0.2962962962962963,0.2777777777777778,市值加權・未篩選
2018-10-14,134,-0.020035709974146172,27,-0.0006215632385821888,27,-0.009622618884834106,26,0.012345606838452991,27,-0.007127748904802399,27,0.012907961069343773,0.6666666666666666,0.4074074074074074,0.537037037037037,市值加權・未篩選
2018-10-21,133,-0.04905751067449995,27,-0.014151830340245721,26,-0.04409996936181441,27,-0.05917936665485304,26,-0.024889353348308534,27,0.024168157326191413,0.7407407407407407,0.48148148148148145,0.611111111111111,市值加權・未篩選
2018-10-28,133,0.03456316455991302,27,0.04972500912932035,26,0.0421290236078389,27,0.036981437676740156,26,0.04399853438132318,27,0.009435369821410161,0.25925925925925924,0.18518518518518517,0.2222222222222222,市值加權・未篩選
2018-11-04,131,-0.016211073114447114,27,-0.011295544117534828,26,0.005548452434183061,26,-0.007395014018058644,26,-0.015114911778093178,26,0.001096161336353936,0.19230769230769232,0.14814814814814814,0.17022792022792022,市值加權・未篩選
2018-11-11,131,-0.00572538848026782,27,0.013927531099145456,26,-0.020553429914698943,26,0.008290969308977525,26,-0.009490277634367968,26,-0.003764889154100148,0.34615384615384615,0.2222222222222222,0.2841880341880342,市值加權・未篩選
2018-11-18,130,-0.016885403782069004,26,-0.0017209145251886164,26,-0.01573378855859453,26,-0.009009750341846253,26,-0.030238092738290517,26,-0.013352688956221513,0.34615384615384615,0.3076923076923077,0.3269230769230769,市值加權・未篩選
2018-11-25,129,0.018303429580810146,26,0.018319798955696676,26,0.009731373473102232,25,0.04421957641183777,26,0.01363648402397681,26,-0.004666945556833337,0.3076923076923077,0.3076923076923077,0.3076923076923077,市值加權・未篩選
2018-12-02,125,-0.020605835868587396,25,-0.02270132602994941,25,-0.006502883527183444,25,-0.01169604190437862,25,-0.040028752287883516,25,-0.01942291641929612,0.4,0.16,0.28,市值加權・未篩選
2018-12-09,129,0.004816457810101392,26,0.03161398079497946,26,0.015460761642692456,25,0.005465594738125394,26,0.010096098938422426,26,0.005279641128321034,0.5769230769230769,0.38461538461538464,0.4807692307692307,市值加權・未篩選
2018-12-16,131,-0.005950202930317107,27,-0.005975589528758117,26,-0.02194140063894422,26,-0.02402661588051459,26,-0.015842046466980734,26,-0.009891843536663628,0.7307692307692307,0.5555555555555556,0.6431623931623931,市值加權・未篩選
2018-12-23,131,0.007328920725036596,27,0.006919298538846312,26,0.0017891227420931152,26,0.014887043852464053,26,0.004281900919625446,26,-0.00304701980541115,0.8461538461538461,0.4074074074074074,0.6267806267806267,市值加權・未篩選
2018-12-30,132,-0.06653435637795388,27,-0.01357497334763337,26,-0.023459639308400688,26,-0.011228422660215873,26,-0.03227124532891615,27,0.03426311104903773,0.8888888888888888,0.48148148148148145,0.6851851851851851,市值加權・未篩選
2019-01-06,130,0.03470783542768842,26,0.01956241944356148,26,0.02441155658772228,26,0.008373911369374092,26,0.031552408138097454,26,-0.0031554272895909646,0.2692307692307692,0.23076923076923078,0.25,市值加權・未篩選
2019-01-13,132,0.011130168688898635,27,0.010689420640276108,26,0.009842892979519237,26,0.0100412862414514,26,0.003507261119203691,27,-0.007622907569694944,0.5555555555555556,0.4074074074074074,0.4814814814814815,市值加權・未篩選
2019-01-20,130,-0.0024524739233922513,26,0.0006095377610096555,26,-0.0014402093616671938,26,0.0008888406992824052,26,0.01815661575057891,26,0.02060908967397116,0.5,0.4230769230769231,0.46153846153846156,市值加權・未篩選
2019-01-27,129,-0.025610726864275363,26,-0.003700600591737882,26,-0.001539043882780747,25,-0.002696667155418915,26,0.0029698777215672635,26,0.028580604585842627,0.6153846153846154,0.34615384615384615,0.4807692307692308,市值加權・未篩選
2019-02-10,131,2.6340311546678584e-05,27,0.022399992452875946,26,0.014792864445926103,26,0.02960587686053987,26,0.0048861271444453755,26,0.004859786832898697,0.23076923076923078,0.25925925925925924,0.245014245014245,市值加權・未篩選
2019-02-17,129,0.027932642471496266,26,0.021641472157134488,26,0.013737577541923288,25,0.01421149224025657,26,0.0076951226818458875,26,-0.02023751978965038,0.34615384615384615,0.15384615384615385,0.25,市值加權・未篩選
2019-02-24,129,0.0010893974922486468,26,-0.005068805071507057,26,0.0008299595719022918,25,0.00871931575680621,26,0.005253267574334166,26,0.004163870082085519,0.38461538461538464,0.19230769230769232,0.2884615384615385,市值加權・未篩選
2019-03-03,128,-0.03196851166902631,26,-0.014360305184981638,25,-0.00689794339477606,26,-0.015583187926931972,25,-0.016385789631492488,26,0.015582722037533824,0.38461538461538464,0.2692307692307692,0.3269230769230769,市值加權・未篩選
2019-03-10,128,0.0100305947682096,26,0.014829240495116806,25,0.013987597017423326,26,0.0028334368641789475,25,0.03368678627762558,26,0.023656191509415978,0.34615384615384615,0.11538461538461539,0.23076923076923078,市值加權・未篩選
2019-03-17,130,0.02158701093861953,26,0.004851062653778862,26,0.006298057329494911,26,0.008441679538348424,26,0.028535597590089987,26,0.006948586651470457,0.3076923076923077,0.2692307692307692,0.28846153846153844,市值加權・未篩選
2019-03-24,130,0.019513401766769547,26,0.011249065466056892,26,0.0061466272494308085,26,-0.004123248494781246,26,0.019828100608562223,26,0.0003146988417926759,0.34615384615384615,0.34615384615384615,0.34615384615384615,市值加權・未篩選
2019-03-31,126,0.02123787075530577,26,-0.004653855766206697,25,-0.0015660285990748276,25,-0.007340498364933185,25,-0.014227139113408279,25,-0.03546500986871405,0.48,0.2692307692307692,0.3746153846153846,市值加權・未篩選
2019-04-07,126,0.016899335983416024,26,0.0006681267947885945,25,-0.0006391734446094467,25,-0.007534526559444503,25,-0.002611532382255898,25,-0.01951086836567192,0.68,0.4230769230769231,0.5515384615384615,市值加權・未篩選
2019-04-14,130,0.024993160976365628,26,-0.0015596768754562278,26,-0.010299216127841614,26,0.00013430444781658906,26,0.004946831287276586,26,-0.02004632968908904,0.4230769230769231,0.34615384615384615,0.3846153846153846,市值加權・未篩選
2019-04-21,129,0.009946702636609154,26,0.009640380307031014,26,-0.007164916456699408,25,-0.020961654172632533,26,-0.020888261152748295,26,-0.030834963789357447,0.4230769230769231,0.2692307692307692,0.34615384615384615,市值加權・未篩選
2019-04-28,130,0.01195024526708103,26,0.008297813761384654,26,0.01198720457297811,26,0.007890609784122649,26,0.015965725376965032,26,0.004015480109884001,0.38461538461538464,0.19230769230769232,0.2884615384615385,市值加權・未篩選
2019-05-05,131,-0.02338154740744895,27,-0.046611170919266254,26,0.010258941450909186,26,-0.04644176205680391,26,-0.016514349084758538,26,0.0068671983226904106,0.2692307692307692,0.2222222222222222,0.24572649572649571,市值加權・未篩選
2019-05-12,131,-0.015705548790085656,27,0.03253050402308943,26,0.0064689165392110845,26,-0.038873286190119746,26,-0.0497897347458119,26,-0.034084185955726244,0.2692307692307692,0.25925925925925924,0.26424501424501423,市值加權・未篩選
2019-05-19,131,-0.004762553164770502,27,-0.007561025089855332,26,0.01569284666364161,26,0.014548307921973848,26,-0.03420525543045105,26,-0.029442702265680545,0.7307692307692307,0.4444444444444444,0.5876068376068375,市值加權・未篩選
2019-05-26,134,0.019592795165255358,27,0.011179269556965113,27,0.011292085043054666,26,0.021910523714230423,27,0.008939742191431522,27,-0.010653052973823835,0.6666666666666666,0.5185185185185185,0.5925925925925926,市值加權・未篩選
2019-06-02,136,0.006641787065171895,28,-0.00325161798924755,27,-0.0015019428094239882,27,0.00828808315898451,27,-0.011572872933209936,27,-0.01821465999838183,0.4074074074074074,0.35714285714285715,0.38227513227513227,市值加權・未篩選
2019-06-09,137,0.0014118529304909515,28,0.003318947660745334,27,-0.0034653489068909612,27,0.006905463535837848,27,0.006605859334220076,28,0.005194006403729124,0.5357142857142857,0.35714285714285715,0.4464285714285714,市值加權・未篩選
2019-06-16,138,0.02826079317249038,28,0.06785535788278241,27,0.011997805251944861,28,0.022103114353259998,27,0.020280538579317494,28,-0.007980254593172885,0.35714285714285715,0.2857142857142857,0.3214285714285714,市值加權・未篩選
2019-06-23,138,-0.0059518717586453905,28,0.009374512992084779,27,-0.00023093200290958882,28,-0.0021773180524510003,27,0.01010832183423221,28,0.0160601935928776,0.14285714285714285,0.25,0.19642857142857142,市值加權・未篩選
2019-06-30,139,-0.01778734717597486,28,-0.00779329344788474,28,0.005944375758814149,27,0.011643362335926775,28,0.008961966741062184,28,0.026749313917037047,0.4642857142857143,0.2857142857142857,0.375,市值加權・未篩選
2019-07-07,138,0.028599344667233646,28,0.005737717049240475,27,0.006156705772651807,28,0.011933951547586363,27,-0.007803404486930385,28,-0.03640274915416403,0.39285714285714285,0.35714285714285715,0.375,市值加權・未篩選
2019-07-14,141,0.022183843474313878,29,-0.007191144822792657,28,-0.0031263746416294604,28,0.006815302380182557,28,-0.011116188018297387,28,-0.033300031492611265,0.35714285714285715,0.27586206896551724,0.31650246305418717,市值加權・未篩選
2019-07-21,141,0.009029251472169708,29,-0.00452262638819971,28,-0.0008586209634898034,28,0.01436693852379687,28,-0.007291083301648984,28,-0.016320334773818692,0.35714285714285715,0.27586206896551724,0.31650246305418717,市值加權・未篩選
2019-07-28,139,-0.02748024056802155,28,-0.023325475562510852,28,-0.025227652637674135,27,-0.04035657842977909,28,-0.024640617608694102,28,0.0028396229593274473,0.39285714285714285,0.35714285714285715,0.375,市值加權・未篩選
2019-08-04,136,-0.009227964277219577,28,-0.01755529943524934,27,0.002235314928841309,27,0.003508539277964053,27,0.005110088936475922,27,0.014338053213695499,0.37037037037037035,0.42857142857142855,0.3994708994708994,市值加權・未篩選
2019-08-11,135,-0.013482908115839031,27,-0.010364487237984409,27,-0.0074139702818805655,27,0.007704457152515979,27,-0.015356822139946477,27,-0.001873914024107446,0.4444444444444444,0.37037037037037035,0.4074074074074074,市值加權・未篩選
2019-08-18,131,0.004897915074004641,27,0.00027411062572857745,26,0.0028564542531848798,26,0.012645296588944685,26,0.007440320953658572,26,0.0025424058796539306,0.2692307692307692,0.25925925925925924,0.26424501424501423,市值加權・未篩選
2019-08-25,131,0.024037721067407713,27,0.035957980358626664,26,0.016644061575384776,26,0.01938599051771651,26,0.01751559158891808,26,-0.006522129478489631,0.23076923076923078,0.14814814814814814,0.18945868945868946,市值加權・未篩選
2019-09-01,131,0.019082449674713464,27,0.015288068452661483,26,0.008154484562381678,26,0.011866497282350102,26,0.011917428974268392,26,-0.007165020700445071,0.2692307692307692,0.2222222222222222,0.24572649572649571,市值加權・未篩選
2019-09-08,130,-0.00887589224917726,26,0.003963420015413756,26,-0.005157241329015402,26,0.009133413764441874,26,0.0021359764779660365,26,0.011011868727143296,0.3076923076923077,0.23076923076923078,0.2692307692307693,市值加權・未篩選
2019-09-15,129,0.0019736759760316017,26,0.0013765104387770748,26,0.0008675589739533596,25,0.017820967079369306,26,0.0076766047151739505,26,0.005702928739142349,0.38461538461538464,0.34615384615384615,0.3653846153846154,市值加權・未篩選
2019-09-22,129,-0.022988047689697252,26,-0.018017206085690237,26,-0.026693687443210955,25,-0.024228058461307194,26,0.014238695430083012,26,0.03722674311978026,0.46153846153846156,0.38461538461538464,0.42307692307692313,市值加權・未篩選
2019-09-29,130,-0.005064836476841283,26,-0.005633152573389324,26,0.004156238907010489,26,-0.004043567420199703,26,0.003955181542467099,26,0.009020018019308382,0.46153846153846156,0.34615384615384615,0.40384615384615385,市值加權・未篩選
2019-10-06,130,-0.004681028583136072,26,-0.005500271470559731,26,-0.008564302043251351,26,-0.008656700921681968,26,0.005267113347802902,26,0.009948141930938974,0.5769230769230769,0.5,0.5384615384615384,市值加權・未篩選
2019-10-13,130,0.029673152691489926,26,0.014527015505918724,26,0.003477587351915397,26,0.007736650352217997,26,0.007163313127721572,26,-0.022509839563768355,0.3076923076923077,0.2692307692307692,0.28846153846153844,市值加權・未篩選
2019-10-20,131,0.017594391178402412,27,0.00352566627856491,26,0.0004754243005825354,26,0.010089257776419941,26,0.0084887560780316,26,-0.009105635100370811,0.3076923076923077,0.2222222222222222,0.26495726495726496,市值加權・未篩選
2019-10-27,133,0.018691202351286202,27,-0.0014542797677635382,26,-0.001141105008085415,27,0.004360616692190499,26,0.007617506403494988,27,-0.011073695947791215,0.37037037037037035,0.2962962962962963,0.3333333333333333,市值加權・未篩選
2019-11-03,134,-0.0015694586476862652,27,0.009930201168839694,27,0.0038883566609015496,26,-0.009178209487809345,27,0.012900120867817071,27,0.014469579515503336,0.37037037037037035,0.2222222222222222,0.2962962962962963,市值加權・未篩選
2019-11-10,135,0.0022918539807140264,27,-0.011220255175426888,27,-0.010743877053507008,27,-0.024345078333771093,27,-0.010800036321837065,27,-0.01309189030255109,0.4074074074074074,0.25925925925925924,0.3333333333333333,市值加權・未篩選
2019-11-17,136,0.0018182761002602727,28,0.004528046557940068,27,0.0049654057927939615,27,0.0020919943213114347,27,0.011557256769878873,27,0.0097389806696186,0.2222222222222222,0.2857142857142857,0.25396825396825395,市值加權・未篩選
2019-11-24,136,0.00290007307696361,28,-0.008171370761558983,27,-0.005586299871011386,27,-0.005505770748344676,27,-0.01905818658574062,27,-0.02195825966270423,0.37037037037037035,0.21428571428571427,0.2923280423280423,市值加權・未篩選
2019-12-01,138,0.012275432232930865,28,-0.003373029914856781,27,0.0019298969684550425,28,-0.001361617769329298,27,0.01607112893218585,28,0.003795696699254985,0.5357142857142857,0.35714285714285715,0.4464285714285714,市值加權・未篩選
2019-12-08,139,0.003996559446159375,28,0.012299921350943308,28,-0.008260180430604424,27,-0.00591418216962236,28,0.07035964772265663,28,0.06636308827649726,0.5,0.42857142857142855,0.4642857142857143,市值加權・未篩選
2019-12-15,137,0.006523557041781413,28,0.01614108641962458,27,0.0030454246018847882,27,0.004409311608760696,27,-0.0069552848917282546,28,-0.013478841933509667,0.5,0.39285714285714285,0.4464285714285714,市值加權・未篩選
2019-12-22,138,0.01888133548175784,28,-0.002584122736829656,27,0.0006684197733407848,28,0.0012221981788442143,27,0.007752132687534286,28,-0.011129202794223556,0.2857142857142857,0.25,0.26785714285714285,市值加權・未篩選
2019-12-29,138,0.009259527379937758,28,0.0009324717844146215,27,0.004120119404171205,28,0.005535901913542667,27,0.005406931006921322,28,-0.003852596373016436,0.5357142857142857,0.35714285714285715,0.4464285714285714,市值加權・未篩選
2020-01-05,139,0.00602930207900815,28,-0.0066223748922020174,28,-0.010638972768846596,27,0.0006431455070249339,28,-0.033939218886604165,28,-0.03996852096561231,0.4642857142857143,0.32142857142857145,0.3928571428571429,市值加權・未篩選
2020-01-12,140,-0.018391249094494938,28,0.00868599644636236,28,0.005429778402059791,28,0.008390632365636337,28,0.015222007308839757,28,0.03361325640333469,0.5714285714285714,0.35714285714285715,0.4642857142857143,市值加權・未篩選
2020-01-19,141,0.0017616697406712103,29,-0.0017420338723930166,28,-0.0029972390982083512,28,-0.0011609849934533397,28,-0.0020683345396144753,28,-0.003830004280285686,0.5357142857142857,0.3103448275862069,0.42302955665024633,市值加權・未篩選
2020-01-26,138,-0.020174251583297262,28,-0.023731454551291258,27,-0.005929208814742063,28,-0.00513246793531052,27,-0.02190065404577642,28,-0.0017264024624791575,0.32142857142857145,0.25,0.2857142857142857,市值加權・未篩選
2020-02-02,138,0.03294271616454338,28,0.01660532886870932,27,0.015657510211822143,28,0.022546592390605684,27,0.0412600879291868,28,0.008317371764643415,0.25,0.2857142857142857,0.26785714285714285,市值加權・未篩選
2020-02-09,141,0.021150249804613237,29,0.013725523392498147,28,0.01093345562100766,28,0.02158485698555436,28,0.043233488003174315,28,0.02208323819856108,0.39285714285714285,0.3448275862068966,0.3688423645320197,市值加權・未篩選
2020-02-16,140,-0.009210351183334662,28,-0.01614464290846484,28,0.008892661335837423,28,0.005520657212986721,28,0.003280105323667242,28,0.012490456507001904,0.42857142857142855,0.2857142857142857,0.3571428571428571,市值加權・未篩選
2020-02-23,138,-0.012653307917437014,28,-0.010028719077131976,27,-0.018601368768840214,28,-0.016939354441702175,27,-0.022009183984884616,28,-0.009355876067447602,0.2857142857142857,0.17857142857142858,0.23214285714285715,市值加權・未篩選
2020-03-01,137,0.023456433443996623,28,0.015808407019133792,27,0.016967541845864343,27,0.020261717604905718,27,0.023265689434361088,28,-0.00019074400963553506,0.42857142857142855,0.32142857142857145,0.375,市值加權・未篩選
2020-03-08,139,-0.12309628119125218,28,-0.07389680460422683,28,-0.13349459285935822,27,-0.08094407768422231,28,-0.06846002193562839,28,0.05463625925562379,0.42857142857142855,0.32142857142857145,0.375,市值加權・未篩選
2020-03-15,141,-0.08962624321059756,29,-0.10245456044407202,28,-0.08908013112489643,28,-0.10197926560714204,28,-0.04839960926609407,28,0.041226633944503495,0.35714285714285715,0.3103448275862069,0.33374384236453203,市值加權・未篩選
2020-03-22,143,0.1047380834575104,29,0.08482826366770697,28,0.06220010390246856,29,0.05827486425835776,28,0.07063962172499243,29,-0.03409846173251797,0.6206896551724138,0.3793103448275862,0.5,市值加權・未篩選
2020-03-29,145,0.02882313898601323,29,0.015023524209652799,29,0.009835034034780416,29,0.022865370611003428,29,0.022272754147366906,29,-0.006550384838646325,0.5517241379310345,0.41379310344827586,0.48275862068965514,市值加權・未篩選
2020-04-05,141,0.03289050653068674,29,0.051688506479560324,28,0.04161607358268201,28,0.07060657485196815,28,0.02575036403993547,28,-0.007140142490751268,0.6071428571428571,0.3448275862068966,0.47598522167487683,市值加權・未篩選
2020-04-12,143,0.07662872367711875,29,0.01994483314477445,28,0.02239963955132919,29,0.009353842772561035,28,0.018568546421567616,29,-0.058060177255551126,0.3448275862068966,0.27586206896551724,0.3103448275862069,市值加權・未篩選
2020-04-19,141,-0.017536797744053405,29,-0.011885809708650021,28,-0.020869890431040754,28,-0.022019472387849435,28,-0.04164575569695808,28,-0.024108957952904676,0.21428571428571427,0.1724137931034483,0.1933497536945813,市值加權・未篩選
2020-04-26,140,0.0370730328928481,28,0.04902516375504044,28,0.07122500214586405,28,0.056662331707170166,28,0.04997561769455998,28,0.012902584801711879,0.21428571428571427,0.17857142857142858,0.19642857142857142,市值加權・未篩選
2020-05-03,139,0.01713831723383347,28,0.05717024688987637,28,0.008967716012895302,27,0.009198569953480746,28,0.02182946504770955,28,0.004691147813876081,0.35714285714285715,0.21428571428571427,0.2857142857142857,市值加權・未篩選
2020-05-10,139,-0.01011227256486691,28,-0.020355842339264178,28,-0.02520327392409285,27,-0.01822668092214823,28,-0.03965678075901805,28,-0.029544508194151144,0.5,0.35714285714285715,0.4285714285714286,市值加權・未篩選
2020-05-17,136,0.00792517698925916,28,0.02244802395025543,27,0.02300784724856455,27,0.006287697468068493,27,0.0010901061479080142,27,-0.006835070841351145,0.4074074074074074,0.32142857142857145,0.3644179894179894,市值加權・未篩選
2020-05-24,138,-0.0072586304638232926,28,0.002992125174890462,27,0.024282353725593717,28,0.010476968669821647,27,0.0073209443305225965,28,0.014579574794345889,0.35714285714285715,0.32142857142857145,0.3392857142857143,市值加權・未篩選
2020-05-31,136,0.05208031095527174,28,0.026605304716986772,27,0.0377549331327584,27,0.029722814066323607,27,0.049679447277576075,27,-0.0024008636776956666,0.5185185185185185,0.32142857142857145,0.419973544973545,市值加權・未篩選
2020-06-07,138,-0.029905784291579997,28,-0.00952616315330499,27,-0.03488097071408402,28,-0.020480461117531077,27,-0.00322621807782912,28,0.026679566213750876,0.5714285714285714,0.35714285714285715,0.4642857142857143,市值加權・未篩選
2020-06-14,138,0.004604405232559128,28,0.00811044244207464,27,0.03374649732472575,28,0.0129992508803243,27,0.018211942564623083,28,0.013607537332063956,0.21428571428571427,0.21428571428571427,0.21428571428571427,市值加權・未篩選
2020-06-21,140,0.013574853861240055,28,0.004696976293521153,28,-0.011567592651476055,28,-0.004921885205006819,28,0.009268760616194307,28,-0.004306093245045748,0.35714285714285715,0.25,0.3035714285714286,市值加權・未篩選
2020-06-28,146,0.0453029375838551,30,0.019958554911125404,29,0.028354538705134408,29,0.01743247467979809,29,0.016859754536964783,29,-0.028443183046890315,0.4827586206896552,0.26666666666666666,0.37471264367816093,市值加權・未篩選
2020-07-05,145,-0.004234218428404115,29,-0.003961327069019337,29,-0.003452769858944099,29,-0.003988472155410602,29,0.038538508408532866,29,0.04277272683693698,0.4482758620689655,0.27586206896551724,0.3620689655172414,市值加權・未篩選
2020-07-12,144,-0.006000396604137305,29,0.0035185586034721214,29,0.007944853045505275,28,-0.00215395045739924,29,0.03413453842452882,29,0.04013493502866613,0.41379310344827586,0.3793103448275862,0.39655172413793105,市值加權・未篩選
2020-07-19,145,-0.01153339372908731,29,-0.005143611407159581,29,0.0018686517742599637,29,0.00388970555091719,29,0.030993640989789083,29,0.042527034718876394,0.3103448275862069,0.2413793103448276,0.27586206896551724,市值加權・未篩選
2020-07-26,144,0.005543848782522637,29,-0.024123794369520543,29,-0.018084625196896523,28,-0.010855995055565781,29,0.011387598099683252,29,0.005843749317160615,0.3103448275862069,0.2413793103448276,0.27586206896551724,市值加權・未篩選
2020-08-02,143,0.015280130273096014,29,0.012764770839766442,28,0.026705400045706013,29,-0.0052363673951648,28,0.029411301002469734,29,0.01413117072937372,0.3103448275862069,0.3793103448275862,0.3448275862068966,市值加權・未篩選
2020-08-09,143,0.0004437072661066955,29,0.021420976578052493,28,0.020848856996932476,29,0.029505463148435458,28,-0.0010930850137968774,29,-0.001536792279903573,0.3448275862068966,0.27586206896551724,0.3103448275862069,市值加權・未篩選
2020-08-16,142,-0.009961001648142466,29,-0.005347481264906814,28,0.014032490143122361,28,-0.010609284418463923,28,-0.022453082390871952,29,-0.012492080742729486,0.20689655172413793,0.20689655172413793,0.20689655172413793,市值加權・未篩選
2020-08-23,143,0.0008970316209087083,29,0.002613359550140995,28,0.025231348044463895,29,0.016745396504528224,28,0.016484401315459758,29,0.01558736969455105,0.5172413793103449,0.3103448275862069,0.4137931034482759,市值加權・未篩選
2020-08-30,144,-0.01735359943601497,29,-0.007189946035158001,29,0.005517904204645335,28,-0.011171602349981711,29,-0.01708294303069466,29,0.0002706564053203131,0.4827586206896552,0.4482758620689655,0.4655172413793104,市值加權・未篩選
2020-09-06,143,0.017888156115782424,29,0.006101294521730004,28,-0.011264652399680945,29,-0.0010372245882410125,28,0.004466179073790034,29,-0.01342197704199239,0.3103448275862069,0.27586206896551724,0.2931034482758621,市值加權・未篩選
2020-09-13,143,0.00065048944760313,29,0.00999412700208013,28,0.009675801730918714,29,0.006856019304937079,28,0.022334178152200297,29,0.02168368870459717,0.3793103448275862,0.3103448275862069,0.3448275862068966,市值加權・未篩選
2020-09-20,145,-0.051639475632823784,29,-0.060157947587483586,29,-0.07661422226573147,29,-0.03295753054720927,29,-0.044941285087641746,29,0.006698190545182038,0.5517241379310345,0.20689655172413793,0.3793103448275862,市值加權・未篩選
2020-09-27,146,0.01183468823079272,30,0.032189633082685826,29,0.010760849227152675,29,0.010821882187951654,29,0.015071360665914716,29,0.003236672435121997,0.5862068965517241,0.43333333333333335,0.5097701149425287,市值加權・未篩選
2020-10-04,151,0.029982991879010084,31,0.019752748539506614,30,0.0131150784871636,30,0.02187964412938827,30,0.01351582945004814,30,-0.016467162428961943,0.7333333333333333,0.6129032258064516,0.6731182795698925,市值加權・未篩選
2020-10-11,152,-0.017313612720891502,31,-0.018663308965692564,30,-0.01491325727555181,30,-0.0007561015991344403,30,-0.015726276122292555,31,0.0015873365985989464,0.25806451612903225,0.25806451612903225,0.25806451612903225,市值加權・未篩選
2020-10-18,152,0.001813702308619144,31,0.002909209226346569,30,0.010892884477466896,30,0.014907981054221843,30,0.007003484055324197,31,0.005189781746705053,0.2903225806451613,0.16129032258064516,0.22580645161290325,市值加權・未篩選
2020-10-25,151,-0.04599273536954128,31,-0.01679499352865394,30,-0.012606689076926723,30,-0.01001211826032632,30,-0.02332510759920158,30,0.0226676277703397,0.36666666666666664,0.25806451612903225,0.3123655913978495,市值加權・未篩選
2020-11-01,150,0.04007912370130528,30,0.026607668261684998,30,0.03187786439998834,30,0.03467835957579653,30,0.020331220783395453,30,-0.019747902917909826,0.3,0.23333333333333334,0.26666666666666666,市值加權・未篩選
2020-11-08,150,0.009784975211843365,30,0.043230965737851755,30,0.02215941660583671,30,0.020338492373900122,30,0.028825867768781103,30,0.019040892556937736,0.3,0.23333333333333334,0.26666666666666666,市值加權・未篩選
2020-11-15,149,0.012299152995656744,30,0.024810409601183,30,0.014412489757993141,29,0.021547992486748206,30,0.032952076928143295,30,0.02065292393248655,0.3333333333333333,0.3333333333333333,0.3333333333333333,市值加權・未篩選
2020-11-22,149,0.037526687314668426,30,0.0027280594390679137,30,0.028908614120343783,29,0.021513183885491286,30,-0.00874521178083368,30,-0.046271899095502105,0.3333333333333333,0.3,0.31666666666666665,市值加權・未篩選
2020-11-29,149,0.02340715250580871,30,0.00981844431170344,30,0.0045248943260600815,29,0.048782607096322345,30,0.023620225652540624,30,0.00021307314673191247,0.3,0.5,0.4,市值加權・未篩選
2020-12-06,150,0.010164508990075705,30,-0.006562648253806689,30,-0.011802092321456254,30,-0.015762974147730598,30,0.004313217436706786,30,-0.005851291553368919,0.4,0.23333333333333334,0.31666666666666665,市值加權・未篩選
2020-12-13,150,-0.001813808195991974,30,0.00032592113997919275,30,0.026900756459287883,30,-0.00021793104729344164,30,-0.000366614594653139,30,0.0014471936013388351,0.3333333333333333,0.2,0.26666666666666666,市值加權・未篩選
2020-12-20,150,0.001341996411381176,30,0.01724371580178512,30,0.0052289276755500755,30,-0.0025271807153742845,30,0.02704511034246807,30,0.02570311393108689,0.43333333333333335,0.36666666666666664,0.4,市值加權・未篩選
2020-12-27,149,0.007226458050716479,30,0.020637594103993805,30,0.01323318851154967,29,0.009540079180314496,30,0.033563774762570206,30,0.026337316711853728,0.5,0.26666666666666666,0.3833333333333333,市值加權・未篩選
2021-01-03,153,0.06908156065343461,31,0.009260313855502446,30,-0.022689041543459756,31,0.010973191676869377,30,0.08207282981451526,31,0.012991269161080649,0.45161290322580644,0.3225806451612903,0.3870967741935484,市值加權・未篩選
2021-01-10,153,0.01583017680814068,31,-0.025981268346113043,30,-0.026167429307898803,31,0.01997801213924275,30,0.026861263854404658,31,0.011031087046263977,0.5161290322580645,0.3225806451612903,0.4193548387096774,市值加權・未篩選
2021-01-17,154,-0.01821259625139669,31,0.009119392029959797,31,-0.03712926126812624,30,0.002781060632288849,31,0.06264798096029241,31,0.0808605772116891,0.3548387096774194,0.25806451612903225,0.3064516129032258,市值加權・未篩選
2021-01-24,151,-0.03450212206272158,31,-0.03954984815956438,30,-0.02379980541400171,30,-0.047898074461861444,30,-0.0758152022365868,30,-0.04131308017386522,0.36666666666666664,0.3548387096774194,0.360752688172043,市值加權・未篩選
2021-01-31,150,0.040481203648717566,30,0.023612356080553044,30,0.03370557022057155,30,0.028216134212429973,30,0.052992901408553825,30,0.012511697759836259,0.43333333333333335,0.36666666666666664,0.4,市值加權・未篩選
2021-02-14,153,0.030908648607240304,31,0.0299915710286763,30,0.033915879242694416,31,0.03851863951958003,30,0.031983684893430044,31,0.00107503628618974,0.6774193548387096,0.5161290322580645,0.596774193548387,市值加權・未篩選
2021-02-21,152,-0.06781342282070445,31,0.011611441259700034,30,0.023439589832343045,30,0.03315264416301348,30,0.015643415593901103,31,0.08345683841460555,0.3548387096774194,0.3225806451612903,0.33870967741935487,市值加權・未篩選
2021-02-28,153,-0.04223150626683238,31,-0.018976688388165294,30,-0.0053589472864233635,31,-0.005492281650795139,30,-0.027692682256698624,31,0.014538824010133754,0.2903225806451613,0.1935483870967742,0.24193548387096775,市值加權・未篩選
2021-03-07,151,0.011477111756216893,31,0.013293103316287639,30,0.0173330600408936,30,0.009793972848310859,30,0.025799252600231016,30,0.014322140844014123,0.43333333333333335,0.1935483870967742,0.3134408602150538,市值加權・未篩選
2021-03-14,153,-0.024811405487081575,31,-0.0066737726592694365,30,-0.004196341691100176,31,-0.009348934605417527,30,-0.026913733218129062,31,-0.0021023277310474875,0.2903225806451613,0.2903225806451613,0.2903225806451613,市值加權・未篩選
2021-03-21,153,0.024406020473411637,31,0.04075341120307165,30,0.026527258808957753,31,0.02342409852547333,30,0.006823047539093944,31,-0.017582972934317695,0.6451612903225806,0.45161290322580644,0.5483870967741935,市值加權・未篩選
2021-03-28,158,-0.009924198730370974,32,0.009339452290657083,31,0.014443356105025633,32,0.014711244433713144,31,0.007833772658692098,32,0.01775797138906307,0.5625,0.4375,0.5,市值加權・未篩選
2021-04-04,159,-0.001156387188324751,32,0.01263239051490983,32,0.011471402912989955,31,0.02113499421402358,32,0.021036159873236676,32,0.022192547061561426,0.6875,0.5,0.59375,市值加權・未篩選
2021-04-11,158,0.0022986861438482487,32,0.047501200636556946,31,0.049202911791208837,32,0.020663135278672893,31,0.09026378259265921,32,0.08796509644881097,0.5625,0.34375,0.453125,市值加權・未篩選
2021-04-18,162,0.01317795814501788,33,-0.002622983712298272,32,0.02083698847016591,32,0.035842732699779035,32,0.009130074685265933,33,-0.004047883459751947,0.45454545454545453,0.2727272727272727,0.36363636363636365,市值加權・未篩選
2021-04-25,165,-0.006826724803129583,33,0.013468585205746597,33,0.03200223143699632,33,-0.01833750989875798,33,0.022949558134926846,33,0.02977628293805643,0.36363636363636365,0.3333333333333333,0.3484848484848485,市值加權・未篩選
2021-05-02,166,0.005414493886065139,34,-0.01208459632127778,33,-0.030191380590065573,33,-0.04924749003818168,33,-0.015179860639443694,33,-0.020594354525508833,0.30303030303030304,0.23529411764705882,0.26916221033868093,市值加權・未篩選
2021-05-09,169,-0.10066928397732558,34,-0.08469840193583736,34,-0.05982114383379367,33,-0.10859216147699877,34,-0.08198052898443937,34,0.018688754992886206,0.20588235294117646,0.14705882352941177,0.1764705882352941,市值加權・未篩選
2021-05-16,170,0.08589558643149249,34,0.04928275744344036,34,0.08912868871253894,34,0.06967354757987297,34,0.06486450503986135,34,-0.021031081391631137,0.7058823529411765,0.29411764705882354,0.5,市值加權・未篩選
2021-05-23,173,0.0319644465928543,35,0.0266240582436514,34,0.035520295120929454,35,0.056249830107879456,34,0.06499689411616533,35,0.033032447523311026,0.8,0.6285714285714286,0.7142857142857143,市值加權・未篩選
2021-05-30,174,0.0036384222498529344,35,0.04922662857172231,35,0.02608007332106638,34,0.009526069754944664,35,0.029189398950567654,35,0.02555097670071472,0.6285714285714286,0.4857142857142857,0.5571428571428572,市值加權・未篩選
2021-06-06,175,0.008464756280253182,35,-0.009600532103183507,35,-0.004159112142482375,35,-0.008417591112152168,35,-0.012369259960138412,35,-0.020834016240391592,0.5142857142857142,0.34285714285714286,0.42857142857142855,市值加權・未篩選
2021-06-13,175,-0.004826702128929977,35,-0.022128443611470434,35,-0.01190232951778627,35,-0.0060253347364826,35,0.08356608590944849,35,0.08839278803837847,0.5142857142857142,0.4,0.45714285714285713,市值加權・未篩選
2021-06-20,174,0.04444494827118662,35,0.03763498302262718,35,0.05221413960736284,34,0.014276473437831977,35,0.007199164261381359,35,-0.03724578400980526,0.6285714285714286,0.34285714285714286,0.4857142857142857,市值加權・未篩選
2021-06-27,174,0.007990921154928506,35,0.044468539393085385,35,0.01955216881175574,34,-0.006334689257054724,35,0.01671067627739235,35,0.008719755122463844,0.45714285714285713,0.34285714285714286,0.4,市值加權・未篩選
2021-07-04,176,-0.0010100487221704143,36,0.0038967383253281193,35,-0.017650400938794043,35,0.0010472793725194323,35,-0.016310630051313984,35,-0.015300581329143569,0.4857142857142857,0.2777777777777778,0.3817460317460317,市值加權・未篩選
2021-07-11,178,-0.0102415323089594,36,0.002266396323844679,35,-0.024232119099202983,36,-0.0038777349043317014,35,-0.015563529663364562,36,-0.005321997354405162,0.4722222222222222,0.3333333333333333,0.4027777777777778,市值加權・未篩選
2021-07-18,177,-0.0035965201491398964,36,-0.005303148979116964,35,-0.01102756541285585,35,0.002366268352658895,35,-0.015492142963806894,36,-0.011895622814666999,0.5,0.5,0.5,市值加權・未篩選
2021-07-25,178,-0.0136684526175593,36,-0.04615034314536994,35,-0.03234780115118485,36,-0.021043773910677036,35,-0.020769059065992693,36,-0.0071006064484333935,0.5,0.3611111111111111,0.4305555555555556,市值加權・未篩選
2021-08-01,178,0.014609022683271087,36,0.01497814912619787,35,0.005647103712435855,36,0.0011494014878642017,35,0.02013461765823462,36,0.0055255949749635335,0.4444444444444444,0.3055555555555556,0.375,市值加權・未篩選
2021-08-08,180,-0.017637245392852625,36,-0.048484201255837356,36,-0.03787941932645474,36,-0.04209565695928826,36,-0.04165301464296935,36,-0.02401576925011673,0.3888888888888889,0.2777777777777778,0.33333333333333337,市值加權・未篩選
2021-08-15,179,-0.04821148295740797,36,-0.04341718186889611,36,-0.032895241909615215,35,-0.027608502858491944,36,-0.028262407549537707,36,0.019949075407870265,0.3333333333333333,0.2222222222222222,0.2777777777777778,市值加權・未篩選
2021-08-22,179,0.030494951914166873,36,0.0297617049996277,36,0.03899887344004779,35,0.030835663964245856,36,0.06003608544164127,36,0.029541133527474395,0.3055555555555556,0.4166666666666667,0.36111111111111116,市值加權・未篩選
2021-08-29,177,0.015491349484434135,36,0.01532038453228668,35,0.01421868661323085,35,-0.002256115852953898,35,0.02192277674646166,36,0.006431427262027526,0.5277777777777778,0.4722222222222222,0.5,市值加權・未篩選
2021-09-05,175,-0.0008116579899067894,35,-0.004773783736344821,35,-0.008222120237094194,35,-0.013530661329108165,35,2.3345943283711043e-05,35,0.0008350039331905004,0.37142857142857144,0.2571428571428571,0.3142857142857143,市值加權・未篩選
2021-09-12,176,-0.02201346077307016,36,0.010182023986079931,35,0.0025932217258599704,35,-0.0011693808035863381,35,-0.015716912838065183,35,0.006296547935004976,0.45714285714285713,0.3611111111111111,0.4091269841269841,市值加權・未篩選
2021-09-19,175,0.024658910602629536,35,-0.003532299910238079,35,0.017963051977429256,35,0.01030467450464959,35,0.023078105090308876,35,-0.0015808055123206592,0.5142857142857142,0.4,0.45714285714285713,市值加權・未篩選
2021-09-26,177,-0.04554362084036865,36,-0.03777360019930143,35,-0.017265759919132283,35,-0.021676138958291628,35,-0.03597229156371739,36,0.009571329276651261,0.19444444444444445,0.19444444444444445,0.19444444444444445,市值加權・未篩選
2021-10-03,179,-0.0002164126818122698,36,-0.0025052434311213143,36,-0.024105851392821565,35,0.013647217090750329,36,-0.0018527455727644867,36,-0.0016363328909522168,0.5,0.3333333333333333,0.41666666666666663,市值加權・未篩選
2021-10-10,180,0.04311042188787587,36,0.0168194873318997,36,0.011396732683934721,36,0.0004531181228757295,36,-0.0023408986002700655,36,-0.04545132048814594,0.4722222222222222,0.3333333333333333,0.4027777777777778,市值加權・未篩選
2021-10-17,181,-0.018188287556829073,37,-0.009091749563753812,36,0.001334528373208873,36,0.005017823463048915,36,-0.007995131607130983,36,0.01019315594969809,0.3333333333333333,0.2972972972972973,0.3153153153153153,市值加權・未篩選
2021-10-24,180,0.009816266550093763,36,0.0013836990929759411,36,0.00996894843801063,36,0.008795506643122578,36,-0.009593600908392992,36,-0.019409867458486753,0.2777777777777778,0.1388888888888889,0.20833333333333334,市值加權・未篩選
2021-10-31,180,0.013304607244529032,36,0.006628883841120922,36,0.012871008535493274,36,0.004628036117239931,36,0.02656052930253379,36,0.013255922058004757,0.2777777777777778,0.19444444444444445,0.2361111111111111,市值加權・未篩選
2021-11-07,180,0.006019260514346752,36,0.01746290976064807,36,0.012047515393048443,36,0.000550583280413468,36,0.0049589482378000795,36,-0.0010603122765466726,0.3333333333333333,0.19444444444444445,0.2638888888888889,市值加權・未篩選
2021-11-14,184,0.005696546409393995,37,-0.0028932882818403357,37,-0.021312884389395978,36,-0.008114250479897998,37,0.01699517762095236,37,0.011298631211558365,0.4864864864864865,0.3783783783783784,0.43243243243243246,市值加權・未篩選
2021-11-21,185,-0.030972477533608843,37,-0.01274411647762767,37,-0.0096665171447179,37,-0.019042683579120086,37,-0.0250678431542496,37,0.005904634379359244,0.24324324324324326,0.13513513513513514,0.1891891891891892,市值加權・未篩選
2021-11-28,184,0.027495029623080584,37,0.010660414319021417,37,0.006884138556237133,36,0.02508798059446051,37,0.03557016049728836,37,0.008075130874207775,0.21621621621621623,0.1891891891891892,0.20270270270270271,市值加權・未篩選
2021-12-05,188,0.021204912341173665,38,0.0036043418563167662,37,0.005854210305088625,38,0.00665279660563267,37,0.000854133115416382,38,-0.020350779225757284,0.3684210526315789,0.2894736842105263,0.32894736842105265,市值加權・未篩選
2021-12-12,187,-0.0006979944242082865,38,-0.009003704034434904,37,-0.0023307433426374372,37,-0.012382010476891,37,-0.013553487793054925,38,-0.012855493368846638,0.47368421052631576,0.3157894736842105,0.39473684210526316,市值加權・未篩選
2021-12-19,189,0.011885673161013964,38,0.02082293851087224,38,0.011255202365489865,37,0.02648100214442661,38,-0.002259487937273172,38,-0.014145161098287135,0.2894736842105263,0.2631578947368421,0.2763157894736842,市值加權・未篩選
2021-12-26,189,0.015710114663387002,38,-0.004246097403371839,38,0.014262216936896215,37,0.004548471711569308,38,6.524088783145192e-05,38,-0.01564487377555555,0.21052631578947367,0.13157894736842105,0.17105263157894735,市值加權・未篩選
2022-01-02,189,0.016027981681789674,38,0.005994411835770069,38,-0.02571239834949544,37,-0.02538572791571046,38,-0.02027102157009727,38,-0.036299003251886945,0.18421052631578946,0.2631578947368421,0.22368421052631576,市值加權・未篩選
2022-01-09,189,-0.008670620152342923,38,0.001464918059985127,38,-0.0037676670530216263,37,-0.018976832135968874,38,0.05528027211418327,38,0.0639508922665262,0.3157894736842105,0.3157894736842105,0.3157894736842105,市值加權・未篩選
2022-01-16,190,-0.016494497469715944,38,-0.020398683850872623,38,-0.015467249920085469,38,0.0009461632427494758,38,-0.0598907204969087,38,-0.04339622302719276,0.3157894736842105,0.3157894736842105,0.3157894736842105,市值加權・未篩選
2022-01-23,189,-0.0019662330850616187,38,-0.04414095809838658,38,-0.019687355450825367,37,-0.012273402420247746,38,-0.00706228825820079,38,-0.005096055173139171,0.2894736842105263,0.21052631578947367,0.25,市值加權・未篩選
2022-02-06,191,0.04651855125281918,39,0.034620310153728275,38,0.04149295627951201,38,0.03939048154983929,38,0.023112733498090357,38,-0.023405817754728823,0.34210526315789475,0.4358974358974359,0.3890013495276653,市值加權・未篩選
2022-02-13,191,0.03115754937228346,39,0.0034845472863772693,38,-0.008698270256017916,38,0.018231726136824757,38,-0.0034364192872979988,38,-0.03459396865958146,0.2894736842105263,0.2564102564102564,0.27294197031039136,市值加權・未篩選
2022-02-20,190,-0.013222011406130451,38,-0.011430730122184174,38,-0.011875845255079648,38,-0.01575298961828292,38,-0.04394780268523196,38,-0.03072579127910151,0.3684210526315789,0.34210526315789475,0.35526315789473684,市值加權・未篩選
2022-02-27,190,0.003160622354079815,38,0.007922316742693806,38,0.020907613016046486,38,0.0038372547055317637,38,0.003301400270689991,38,0.00014077791661017613,0.21052631578947367,0.13157894736842105,0.17105263157894735,市值加權・未篩選
2022-03-06,191,-0.00913908810528716,39,-0.01682280867458897,38,-0.0018789493456055821,38,-0.011991251584374786,38,-0.004768658573258405,38,0.004370429532028754,0.2894736842105263,0.1794871794871795,0.23448043184885292,市值加權・未篩選
2022-03-13,192,0.0019416028658129152,39,-0.05400995479483207,38,0.008426950752421258,38,0.022067282409562048,38,0.015997181661886854,39,0.014055578796073939,0.3333333333333333,0.3076923076923077,0.3205128205128205,市值加權・未篩選
2022-03-20,191,0.018573638123945423,39,0.004565910266600809,38,0.010716037356547045,38,0.009090627853483966,38,-0.018142880966495165,38,-0.03671651909044059,0.18421052631578946,0.15384615384615385,0.16902834008097167,市值加權・未篩選
2022-03-27,191,0.014234754634785027,39,0.010777497202152934,38,0.011029111181697887,38,0.013205568483264263,38,0.004899052306242326,38,-0.009335702328542701,0.5263157894736842,0.3333333333333333,0.4298245614035088,市值加權・未篩選
2022-04-03,190,-0.0051868994789543935,38,-0.0038924568908312745,38,-0.0050491689531972144,38,-0.013366221098643969,38,-0.015407127959710573,38,-0.01022022848075618,0.5526315789473685,0.42105263157894735,0.4868421052631579,市值加權・未篩選
2022-04-10,193,-0.010853268827382929,39,-0.008711974693965317,38,0.055442695127794,39,-0.03137026419428711,38,-0.004141644490887099,39,0.00671162433649583,0.20512820512820512,0.1282051282051282,0.16666666666666666,市值加權・未篩選
2022-04-17,191,0.00973193232415126,39,0.0038390162150135944,38,0.05737704793267764,38,0.007187638396589963,38,0.0007991799944778018,38,-0.008932752329673459,0.2631578947368421,0.23076923076923078,0.24696356275303644,市值加權・未篩選
2022-04-24,194,-0.015656229167987135,39,-0.001059363673545383,39,-0.03896914305567272,38,-0.01382770675759054,39,-0.015406053220108093,39,0.00025017594787904267,0.28205128205128205,0.1282051282051282,0.20512820512820512,市值加權・未篩選
2022-05-01,195,-0.01150194205982002,39,-0.005946876299874985,39,-0.01376801908728198,39,0.0068609554074854995,39,-0.012600425330210767,39,-0.001098483270390747,0.28205128205128205,0.23076923076923078,0.2564102564102564,市值加權・未篩選
2022-05-08,193,-0.023668583631396206,39,-0.02694841698664875,38,-0.041639763838489295,39,-0.040699706343015875,38,-0.03168810204778412,39,-0.008019518416387914,0.3333333333333333,0.28205128205128205,0.3076923076923077,市值加權・未篩選
2022-05-15,190,0.016301320566057743,38,0.01601194788408013,38,0.01033578833140553,38,0.00897442645346543,38,-0.008546243650917796,38,-0.024847564216975537,0.39473684210526316,0.2894736842105263,0.34210526315789475,市值加權・未篩選
2022-05-22,187,0.008924067636545489,38,0.0016662340105528157,37,0.005416359480027851,37,0.000746694529917283,37,0.00040915871928640004,38,-0.00851490891725909,0.39473684210526316,0.3157894736842105,0.35526315789473684,市值加權・未篩選
2022-05-29,190,0.00242238692506827,38,0.0028653435463260337,38,0.003568532064561795,38,0.013171563455111413,38,0.004756715512918597,38,0.002334328587850327,0.21052631578947367,0.23684210526315788,0.22368421052631576,市值加權・未篩選
2022-06-05,190,-0.020475870917820948,38,-0.0025416655420803895,38,-0.0032928489553912567,38,-0.003358475837028668,38,-0.0018580079408164743,38,0.018617862977004473,0.23684210526315788,0.23684210526315788,0.23684210526315788,市值加權・未篩選
2022-06-12,191,-0.029742476927120867,39,-0.015580969956738806,38,-0.02757084308988459,38,-0.030735760010608418,38,-0.016025183714510817,38,0.01371729321261005,0.21052631578947367,0.23076923076923078,0.22064777327935223,市值加權・未篩選
2022-06-19,193,-0.036335343950398676,39,-0.02322152425089871,38,0.0026258461193175244,39,-0.007389828638875572,38,-0.010007025721426638,39,0.02632831822897204,0.28205128205128205,0.2564102564102564,0.2692307692307692,市值加權・未篩選
2022-06-26,190,-0.03364154801841062,38,-0.08068560873054786,38,-0.05762899550056582,38,-0.08184686492102834,38,-0.05473006457368015,38,-0.021088516555269526,0.21052631578947367,0.23684210526315788,0.22368421052631576,市值加權・未篩選
2022-07-03,189,-0.0077860101122912235,38,-0.08013306643294624,38,0.019678752384072493,37,0.008212199768261914,38,0.051399328241928575,38,0.059185338354219796,0.7631578947368421,0.2631578947368421,0.5131578947368421,市值加權・未篩選
2022-07-10,188,0.04124164269574203,38,0.004789609296974901,37,-0.013301844319668575,38,-0.005448158343925289,37,-0.0035797688072596993,38,-0.04482141150300173,0.8947368421052632,0.5789473684210527,0.736842105263158,市值加權・未篩選
2022-07-17,187,0.027320568406241263,38,0.021994452270596643,37,0.021810454209926323,37,0.021867802071206113,37,0.017671078125506036,38,-0.009649490280735227,0.34210526315789475,0.2631578947368421,0.3026315789473684,市值加權・未篩選
2022-07-24,183,0.02813406347447097,37,0.018431183317594742,36,0.011822650427183634,37,0.02757982237763028,36,0.01411753798608035,37,-0.01401652548839062,0.21621621621621623,0.08108108108108109,0.14864864864864866,市值加權・未篩選
2022-07-31,183,0.013420679309598421,37,-0.013007608415181116,36,-0.02620904985771619,37,-0.008818136667558228,36,0.008220324269380045,37,-0.005200355040218376,0.21621621621621623,0.1891891891891892,0.20270270270270271,市值加權・未篩選
2022-08-07,183,0.023946896632649095,37,0.022690195958337347,36,0.0311681656319433,37,0.026652850501541946,36,0.019100621150862973,37,-0.004846275481786122,0.32432432432432434,0.35135135135135137,0.33783783783783783,市值加權・未篩選
2022-08-14,186,-0.002817868629444519,38,0.006617420982071178,37,0.012591939891735977,37,0.004739023533261318,37,0.006577837072130248,37,0.009395705701574768,0.3783783783783784,0.3684210526315789,0.37339971550497864,市值加權・未篩選
2022-08-21,187,0.0019518910141742517,38,0.008707949231343411,37,0.018116208532970315,37,0.01203753351608341,37,0.006291492362201385,38,0.004339601348027133,0.42105263157894735,0.2631578947368421,0.3421052631578947,市值加權・未篩選
2022-08-28,187,-0.02794152075599079,38,-0.007782155282660413,37,0.0029320083957010234,37,0.001302098286095162,37,-0.020624231461806395,38,0.007317289294184393,0.39473684210526316,0.34210526315789475,0.368421052631579,市值加權・未篩選
2022-09-04,186,-0.013760670007610934,38,-0.007089705814382029,37,-0.012221386513896744,37,-0.006237792923088194,37,0.007427987093455037,37,0.02118865710106597,0.4864864864864865,0.5,0.49324324324324326,市值加權・未篩選
2022-09-11,186,-0.016476932622515757,38,-0.02427044097979383,37,-0.0009203034515978948,37,0.034255066755584096,37,-0.013567814417720715,37,0.0029091182047950425,0.35135135135135137,0.3157894736842105,0.33357041251778097,市值加權・未篩選
2022-09-18,186,-0.017537106151395126,38,-0.012715505394191742,37,-0.034289978871086896,37,-0.050926831484597104,37,-0.036249514193139494,37,-0.018712408041744368,0.21621621621621623,0.18421052631578946,0.20021337126600286,市值加權・未篩選
2022-09-25,184,-0.008324888139155258,37,-0.013170819362920031,37,-0.033563689559067585,36,-0.031958910685042044,37,-0.047191998586929136,37,-0.03886711044777388,0.13513513513513514,0.13513513513513514,0.13513513513513514,市值加權・未篩選
2022-10-02,181,0.027373210761448812,37,-0.0007234291118019701,36,0.03174335986054372,36,0.027399810200834294,36,0.04759929614925324,36,0.02022608538780443,0.16666666666666666,0.13513513513513514,0.15090090090090091,市值加權・未篩選
2022-10-09,183,-0.01821984888367425,37,-0.0033260279418769537,36,-0.026733594078177072,37,-0.013254676288305369,36,0.007980227331510997,37,0.026200076215185247,0.2972972972972973,0.2702702702702703,0.28378378378378377,市值加權・未篩選
2022-10-16,180,0.006890041027055447,36,-0.00455408266883577,36,-0.004824364813601017,36,-0.015896990935618065,36,-0.022593148977445462,36,-0.02948319000450091,0.3333333333333333,0.16666666666666666,0.25,市值加權・未篩選
2022-10-23,181,-0.0153457054673257,37,-0.03782039510544967,36,-0.0025039344717822823,36,-0.03389529015190741,36,-0.013539740500460537,36,0.0018059649668651628,0.3055555555555556,0.43243243243243246,0.368993993993994,市值加權・未篩選
2022-10-30,181,-0.006240206487276373,37,0.006893330174982693,36,0.014215846145032634,36,0.03348781216835203,36,0.010870571421417025,36,0.0171107779086934,0.3611111111111111,0.3783783783783784,0.3697447447447447,市值加權・未篩選
2022-11-06,181,0.03973612617716698,37,0.03782121659636426,36,0.05503164619306568,36,0.028330760725017088,36,0.10014181299586161,36,0.06040568681869463,0.2222222222222222,0.2702702702702703,0.24624624624624625,市值加權・未篩選
2022-11-13,178,0.061006237321893045,36,0.006732264091694556,35,0.01552624575336273,36,0.016163730768787937,35,0.0063079173344430025,36,-0.05469831998745004,0.19444444444444445,0.16666666666666666,0.18055555555555555,市值加權・未篩選
2022-11-20,178,0.017597688763628872,36,0.015706657050065687,35,0.016441135568118548,36,0.0019149439530831845,35,0.02206698977176264,36,0.004469301008133766,0.19444444444444445,0.19444444444444445,0.19444444444444445,市值加權・未篩選
2022-11-27,179,0.018439419428709497,36,0.01864428885040656,36,0.06456058428136201,35,0.04248730875848059,36,0.006062161947787946,36,-0.012377257480921552,0.1111111111111111,0.1111111111111111,0.1111111111111111,市值加權・未篩選
2022-12-04,180,-0.022502690348403367,36,-0.0153493991344039,36,-0.019496085100864338,36,-0.031087672281899216,36,-0.01775492045437789,36,0.0047477698940254776,0.2777777777777778,0.19444444444444445,0.2361111111111111,市值加權・未篩選
2022-12-11,180,-0.003110764993096184,36,-0.0008258651054552034,36,0.00957120866473025,36,0.0038278727893365006,36,-0.000756608782610251,36,0.002354156210485933,0.2222222222222222,0.3055555555555556,0.2638888888888889,市值加權・未篩選
2022-12-18,179,0.003453210090446346,36,-0.011818502277078168,36,-0.014406465663638849,35,-0.02069164745428947,36,-0.01817212462424948,36,-0.021625334714695826,0.16666666666666666,0.2222222222222222,0.19444444444444442,市值加權・未篩選
2022-12-25,179,-0.012344411142838902,36,0.005143101007285855,36,0.0017843265211588066,35,-0.008923177731838778,36,-0.009274872104339867,36,0.003069539038499035,0.3333333333333333,0.25,0.29166666666666663,市值加權・未篩選
2023-01-01,182,0.025679698988948604,37,0.024233158756719407,36,0.0122447209075622,36,-0.00018250105883510514,36,-0.0031451207534674602,37,-0.028824819742416064,0.32432432432432434,0.32432432432432434,0.32432432432432434,市值加權・未篩選
2023-01-08,179,0.055536513321067016,36,-0.0018118131866950576,36,0.0006558992921220514,35,-0.0018103442779461563,36,0.00902815926664355,36,-0.04650835405442347,0.3055555555555556,0.2777777777777778,0.2916666666666667,市值加權・未篩選
2023-01-15,179,-0.0002164912760444181,36,0.005129323166129815,36,0.009534522717679598,35,-0.001656826784826084,36,-0.004248654194950395,36,-0.004032162918905977,0.25,0.25,0.25,市值加權・未篩選
2023-01-29,175,0.014383713515672381,35,0.02552584932082776,35,0.03721555065738758,35,0.03280552546546724,35,0.012189911370843179,35,-0.0021938021448292024,0.22857142857142856,0.22857142857142856,0.22857142857142856,市值加權・未篩選
2023-02-05,174,-0.011498515749312453,35,0.0006596822458057117,35,-0.01599589192742905,34,-0.0013381594098589298,35,0.02120714706186018,35,0.03270566281117263,0.2571428571428571,0.2571428571428571,0.2571428571428571,市值加權・未篩選
2023-02-12,174,-0.03222608430369718,35,0.02315602261900825,35,0.016804342398971595,34,0.01874422034428249,35,0.022086165361932836,35,0.054312249665630016,0.2,0.08571428571428572,0.14285714285714285,市值加權・未篩選
2023-02-19,176,-0.004040160296968849,36,0.009567110282506406,35,0.016189663203883688,35,0.00458320417992638,35,0.010387253821594038,35,0.014427414118562888,0.34285714285714286,0.2777777777777778,0.3103174603174603,市值加權・未篩選
2023-02-26,175,0.021083966076438917,35,0.010381045998317328,35,0.004408206896419949,35,0.007547924814532731,35,0.011309675505074024,35,-0.009774290571364893,0.42857142857142855,0.37142857142857144,0.4,市值加權・未篩選
2023-03-05,175,-0.01300289679708853,35,-0.017187023984671864,35,-0.014775202869048432,35,-0.01483386973706681,35,-0.013215061836541028,35,-0.0002121650394524971,0.2571428571428571,0.14285714285714285,0.19999999999999998,市值加權・未篩選
2023-03-12,176,0.012894740562022475,36,-0.0013179199439257924,35,-0.013801109213619257,35,-0.022286680682472162,35,-0.02804859828999771,35,-0.040943338852020186,0.3142857142857143,0.16666666666666666,0.24047619047619045,市值加權・未篩選
2023-03-19,179,0.014916339235474,36,0.010549668484471789,36,0.04506919908392806,35,0.041152587084412044,36,0.04001370719431585,36,0.02509736795884185,0.2222222222222222,0.19444444444444445,0.20833333333333331,市值加權・未篩選
2023-03-26,180,-0.0007817668549760785,36,0.010266031337112977,36,-0.0037477089073965795,36,-0.0030337495587238056,36,-0.0030513992624568225,36,-0.002269632407480744,0.3611111111111111,0.2222222222222222,0.29166666666666663,市值加權・未篩選
2023-04-02,177,-0.005720980439407664,36,-0.002647786825375179,35,0.01537487031493867,35,-0.00023446201841329135,35,0.0027078211891702546,36,0.008428801628577919,0.3888888888888889,0.3333333333333333,0.3611111111111111,市值加權・未篩選
2023-04-09,173,0.015997626618770897,35,0.00916153040090533,34,0.04329475267600647,35,0.03939643377090628,34,-0.022051576295253714,35,-0.03804920291402461,0.2,0.11428571428571428,0.15714285714285714,市值加權・未篩選
2023-04-16,172,-0.03213361164373364,35,-0.012336295399554253,34,-0.014218512040672081,34,-0.028666359031111262,34,-0.015508983382527455,35,0.016624628261206188,0.3142857142857143,0.2,0.2571428571428571,市值加權・未篩選
2023-04-23,173,-0.006896380488562297,35,0.009744997967561148,34,0.004152029605212114,35,0.011912893408322143,34,-0.0033967777277733773,35,0.00349960276078892,0.3142857142857143,0.34285714285714286,0.32857142857142857,市值加權・未篩選
2023-04-30,177,0.0016397122020119408,36,-0.0001625254756803156,35,-0.0037992082694548158,35,0.0021606150837539095,35,-0.011507793193409525,36,-0.013147505395421467,0.3611111111111111,0.2777777777777778,0.3194444444444444,市值加權・未篩選
2023-05-07,178,-0.022288584113909053,36,-0.009122429576149229,35,-0.03968123397784851,36,-0.00922416118881433,35,-0.023047924922543667,36,-0.0007593408086346148,0.25,0.2777777777777778,0.2638888888888889,市值加權・未篩選
2023-05-14,175,0.06111649797592435,35,0.029645215982698165,35,0.020126255854519808,35,0.03080461042182221,35,0.024027281145503825,35,-0.03708921683042052,0.2571428571428571,0.17142857142857143,0.21428571428571427,市值加權・未篩選
2023-05-21,177,0.05114619861595899,36,-0.006487433274237898,35,-0.00814117291003639,35,0.002824924116450823,35,-0.0025705038370868456,36,-0.053716702453045835,0.3055555555555556,0.2222222222222222,0.2638888888888889,市值加權・未篩選
2023-05-28,175,0.004032357354248585,35,-0.001159323804826753,35,0.019002609190017634,35,0.00540555221412801,35,-0.012510379804958241,35,-0.016542737159206827,0.2,0.2,0.2,市值加權・未篩選
2023-06-04,176,0.0063851142848214875,36,0.013961006262975278,35,0.004824297557946459,35,0.016243169233590787,35,0.007918351206687383,35,0.0015332369218658956,0.34285714285714286,0.3055555555555556,0.3242063492063492,市值加權・未篩選
2023-06-11,175,0.02983956776593517,35,0.00983588905852433,35,0.01799533849742387,35,0.015461708590537923,35,0.03168583699116326,35,0.0018462692252280873,0.45714285714285713,0.45714285714285713,0.45714285714285713,市值加權・未篩選
2023-06-18,177,0.000586033546985326,36,0.002308887822578789,35,0.005030423876107308,35,0.0009128423171322655,35,-0.0016187949492415833,36,-0.002204828496226909,0.5277777777777778,0.4722222222222222,0.5,市值加權・未篩選
2023-06-25,177,-0.015812684618062275,36,0.002041289788924962,35,-0.013693064712449795,35,-0.005128845538602417,35,-0.0003667033722733644,36,0.015445981245788911,0.5,0.5,0.5,市值加權・未篩選
2023-07-02,175,-0.025398837564398504,35,-0.02642671633214469,35,-0.014042524908325561,35,-0.002047401246284059,35,-0.005296314678122058,35,0.020102522886276446,0.14285714285714285,0.17142857142857143,0.15714285714285714,市值加權・未篩選
2023-07-09,174,0.039568291615449204,35,0.0030252986945025063,35,-0.005108879931835131,34,0.01971563025424312,35,0.01199827248071122,35,-0.027570019134737986,0.11428571428571428,0.17142857142857143,0.14285714285714285,市值加權・未篩選
2023-07-16,172,-0.0394179445579544,35,-0.012190704135612096,34,0.006266509162707956,34,-0.01658332173774805,34,-0.019938744560457376,35,0.019479199997497025,0.17142857142857143,0.17142857142857143,0.17142857142857143,市值加權・未篩選
2023-07-23,173,0.01197019528459797,35,0.014679716167600356,34,0.016211075960529096,35,0.013968737164682495,34,0.018016354907450852,35,0.006046159622852883,0.22857142857142856,0.22857142857142856,0.22857142857142856,市值加權・未篩選
2023-07-30,171,-0.030042674078236836,35,-0.0006003104969075757,34,-0.017509686568762176,34,-0.037602527325095704,34,-0.00836514736690765,34,0.021677526711329186,0.23529411764705882,0.2571428571428571,0.24621848739495797,市值加權・未篩選
2023-08-06,171,-0.012360852764160012,35,-0.02206201911767232,34,-0.05012685167901624,34,-0.012581863154938045,34,-0.01967341730258275,34,-0.0073125645384227375,0.29411764705882354,0.2857142857142857,0.2899159663865546,市值加權・未篩選
2023-08-13,169,-0.007806890934206792,34,-0.02237657083075049,34,-0.02380450774360765,33,-0.011373765929825969,34,-0.030267900170833018,34,-0.022461009236626226,0.2647058823529412,0.2647058823529412,0.2647058823529412,市值加權・未篩選
2023-08-20,169,-0.0005754130967586243,34,-0.0120776080260369,34,-0.010457237809438661,33,0.012247882490006448,34,0.0027958306521619833,34,0.0033712437489206077,0.23529411764705882,0.3235294117647059,0.27941176470588236,市值加權・未篩選
2023-08-27,168,0.0054681077238435995,34,0.015525110122767027,33,0.04612021726946212,34,0.009895859427875357,33,0.002460129437444935,34,-0.0030079782863986645,0.17647058823529413,0.20588235294117646,0.19117647058823528,市值加權・未篩選
2023-09-03,167,-0.015100219338067208,34,-0.0004199566032755953,33,-0.012873013975209856,33,0.007852473303986458,33,-0.010964179854289104,34,0.004136039483778104,0.20588235294117646,0.20588235294117646,0.20588235294117646,市值加權・未篩選
2023-09-10,168,0.03309165269466884,34,0.019060730793212053,33,0.010523745469451631,34,0.012445649374303064,33,0.015451040906128335,34,-0.017640611788540508,0.23529411764705882,0.23529411764705882,0.23529411764705882,市值加權・未篩選
2023-09-17,169,-0.018905359375738853,34,-0.009003211078375624,34,-0.01767042227685471,33,-0.009804209222148065,34,-0.04417010842136372,34,-0.025264749045624868,0.20588235294117646,0.20588235294117646,0.20588235294117646,市值加權・未篩選
2023-09-24,170,-0.009399621661311646,34,0.002094363552234088,34,0.0024718714804734233,34,-0.007106081210082592,34,0.0014738921110901836,34,0.01087351377240183,0.23529411764705882,0.23529411764705882,0.23529411764705882,市值加權・未篩選
2023-10-01,167,-0.004748865779644496,34,-0.00859954385158733,33,-0.0075045042471925056,33,-0.0024566974769635827,33,0.0032169667064580023,34,0.007965832486102498,0.20588235294117646,0.17647058823529413,0.19117647058823528,市值加權・未篩選
2023-10-08,166,0.01287550189681178,34,-0.00895384690155362,33,-0.008748936996047285,33,0.0001837779130705956,33,-0.0006369016898467941,33,-0.013512403586658575,0.15151515151515152,0.17647058823529413,0.16399286987522282,市值加權・未篩選
2023-10-15,167,-0.011461412642152006,34,-0.0299430434751469,33,-0.036725659300749475,33,-0.03992342350890467,33,0.010978127845897119,34,0.022439540488049123,0.14705882352941177,0.17647058823529413,0.16176470588235295,市值加權・未篩選
2023-10-22,169,-0.005358303987136668,34,0.0048056140051849295,34,-0.020054906355089233,33,-0.00882408585644744,34,-0.031870166738349304,34,-0.026511862751212638,0.20588235294117646,0.14705882352941177,0.1764705882352941,市值加權・未篩選
2023-10-29,167,0.03187249227015683,34,0.016874775639158207,33,-0.0036327090640541244,33,0.010241177608789696,33,0.000966158131681766,34,-0.030906334138475065,0.2647058823529412,0.2647058823529412,0.2647058823529412,市值加權・未篩選
2023-11-05,165,0.0028155793759271227,33,-0.006122347285592445,33,0.009578253938028107,33,-0.016959947739849907,33,0.0029797294345621154,33,0.00016415005863499275,0.09090909090909091,0.15151515151515152,0.12121212121212122,市值加權・未篩選
2023-11-12,165,0.017904814876564677,33,0.03401526623110272,33,0.024616869301463812,33,0.014874052297985938,33,0.006489070563331275,33,-0.011415744313233401,0.18181818181818182,0.2727272727272727,0.22727272727272727,市值加權・未篩選
2023-11-19,166,0.0011939642004996371,34,0.011495157935834943,33,0.016751784411891586,33,0.007103644806884446,33,0.0019832176606984116,33,0.0007892534601987744,0.18181818181818182,0.20588235294117646,0.19385026737967914,市值加權・未篩選
2023-11-26,163,0.008368074859756477,33,-0.007345186887597556,32,0.01506729607096253,33,0.006058039980363605,32,-0.0001594685770196092,33,-0.008527543436776086,0.18181818181818182,0.12121212121212122,0.15151515151515152,市值加權・未篩選
2023-12-03,162,-0.01568842233573442,33,0.0008896499826407186,32,-0.008090839108554562,32,0.0006779800910713207,32,-0.0060866502574674795,33,0.00960177207826694,0.36363636363636365,0.15151515151515152,0.25757575757575757,市值加權・未篩選
2023-12-10,165,0.023485406007748268,33,-0.007325003024393155,33,0.011232560942570522,33,0.006404605608328125,33,0.017168391469716597,33,-0.006317014538031671,0.36363636363636365,0.30303030303030304,0.33333333333333337,市值加權・未篩選
2023-12-17,166,0.005789978145697152,34,0.003171832647549568,33,-0.0261396903577596,33,-0.00453409257843153,33,-0.024439151320745024,33,-0.030229129466442177,0.45454545454545453,0.4117647058823529,0.4331550802139037,市值加權・未篩選
2023-12-24,165,0.01784612527823064,33,0.00974814567880758,33,0.007594949824417327,33,0.010594631142445722,33,0.0007981823214116146,33,-0.017047942956819027,0.24242424242424243,0.21212121212121213,0.2272727272727273,市值加權・未篩選
2023-12-31,165,-0.01704078759540517,33,-0.010655149890167926,33,-0.010784160686940259,33,-0.0021911396806178654,33,-0.01849455524090102,33,-0.0014537676454958494,0.45454545454545453,0.21212121212121213,0.3333333333333333,市值加權・未篩選
2024-01-07,163,-0.022734415655927098,33,-0.02396931403153638,32,-0.02761086748445925,33,-0.014868254340318765,32,-0.0006427242086648906,33,0.022091691447262207,0.5151515151515151,0.30303030303030304,0.40909090909090906,市值加權・未篩選
2024-01-14,163,-0.019579108724067578,33,0.054031913760173154,32,-0.05037824741432232,33,-0.019349209711988332,32,-0.04957842198695559,33,-0.029999313262888013,0.2727272727272727,0.21212121212121213,0.24242424242424243,市值加權・未篩選
2024-01-21,162,0.010375396651328497,33,0.01674175432794393,32,0.02065505657392719,32,0.0036769709557730986,32,0.016570670493220304,33,0.006195273841891807,0.21212121212121213,0.09090909090909091,0.15151515151515152,市值加權・未篩選
2024-01-28,163,0.004960899639234002,33,0.010098158330263264,32,-0.0034851956726305268,33,-0.00988216738481348,32,-0.013235243437308744,33,-0.018196143076542746,0.15151515151515152,0.18181818181818182,0.16666666666666669,市值加權・未篩選
2024-02-04,163,0.0009845502746941976,33,-5.513963203426278e-05,32,-0.0058164106399006925,33,0.00318231092550722,32,0.0006203865751300542,33,-0.0003641636995641434,0.12121212121212122,0.30303030303030304,0.21212121212121213,市值加權・未篩選
2024-02-11,165,-0.0279283942947045,33,0.005465753950039287,33,0.0177063201254996,33,0.007822244093550625,33,0.011942542882355666,33,0.03987093717706017,0.18181818181818182,0.15151515151515152,0.16666666666666669,市值加權・未篩選
2024-02-18,164,0.026516814913705705,33,-0.008252317484568167,33,-0.000307665232857046,32,0.012329212766871444,33,0.029657674078091306,33,0.0031408591643856017,0.09090909090909091,0.18181818181818182,0.13636363636363635,市值加權・未篩選
2024-02-25,165,6.9518889172914715e-06,33,0.007176337330940108,33,-0.0034253366772077827,33,0.006534412116856378,33,-0.013115860718546856,33,-0.013122812607464148,0.18181818181818182,0.15151515151515152,0.16666666666666669,市值加權・未篩選
2024-03-03,161,0.009096943087197927,33,-0.01550504119872329,32,-0.010750670960606145,32,0.02193440757882987,32,0.08030100131966439,32,0.07120405823246646,0.3125,0.5151515151515151,0.41382575757575757,市值加權・未篩選
2024-03-10,162,0.0630003279696661,33,0.03000459337166058,32,0.010542395623995717,32,0.018883710800755574,32,-0.014535123379488049,33,-0.07753545134915416,0.3333333333333333,0.30303030303030304,0.3181818181818182,市值加權・未篩選
2024-03-17,163,-0.0016408983527427515,33,0.026614043828345226,32,0.015105608808002692,33,-0.015762347899152082,32,0.04754805496841808,33,0.049188953321160835,0.5757575757575758,0.30303030303030304,0.43939393939393945,市值加權・未篩選
2024-03-24,162,-0.009155589096413005,33,0.022449326979314618,32,0.0009473422465971392,32,0.007069635098235523,32,-0.002285983999001684,33,0.006869605097411321,0.5454545454545454,0.5454545454545454,0.5454545454545454,市值加權・未篩選
2024-03-31,163,-0.008891176282324456,33,-0.02103839573072262,32,0.0009528882928589382,33,-0.0029275805889071574,32,0.0027410191842196217,33,0.011632195466544077,0.5454545454545454,0.36363636363636365,0.45454545454545453,市值加權・未篩選
2024-04-07,167,0.03250613655550848,34,0.01088799141073448,33,0.05315475784879766,33,0.01946709934502615,33,-0.024599602643763277,34,-0.057105739199271754,0.7058823529411765,0.5294117647058824,0.6176470588235294,市值加權・未篩選
2024-04-14,170,-0.03717414669738405,34,-0.06431020621790978,34,-0.02969456758984448,34,-0.013360167602130185,34,-0.032087948120434466,34,0.0050861985769495854,0.6176470588235294,0.3235294117647059,0.47058823529411764,市值加權・未篩選
2024-04-21,168,0.0391674449507484,34,-0.004209787573632161,33,-0.008237397245412259,34,0.002149017963806212,33,0.052432301359120026,34,0.013264856408371627,0.6470588235294118,0.47058823529411764,0.5588235294117647,市值加權・未篩選
2024-04-28,170,-0.011114651758652453,34,0.005739282975662259,34,0.0077177354674111956,34,0.008219178812686018,34,0.0017135940865969377,34,0.01282824584524939,0.2647058823529412,0.2647058823529412,0.2647058823529412,市值加權・未篩選
2024-05-05,172,0.013475210653052643,35,0.01403732486124823,34,-0.004915402154374583,34,0.000569808459266997,34,-0.003549244339056544,35,-0.017024454992109188,0.22857142857142856,0.2,0.2142857142857143,市值加權・未篩選
2024-05-12,170,0.0050621306235027344,34,0.014557000541717924,34,0.007164258882952487,34,0.014976355426979214,34,0.006119595598261867,34,0.001057464974759133,0.29411764705882354,0.23529411764705882,0.2647058823529412,市值加權・未篩選
2024-05-19,171,0.028953129676982502,35,-0.012089552144738164,34,-0.022298306322472906,34,0.009972574145187126,34,-0.00219003478740449,34,-0.03114316446438699,0.3235294117647059,0.2571428571428571,0.2903361344537815,市值加權・未篩選
2024-05-26,174,-0.007193806303966937,35,0.00025540545215258404,35,-0.009835883405554786,34,0.010912366509544988,35,-0.051250110627849184,35,-0.044056304323882245,0.4,0.34285714285714286,0.37142857142857144,市值加權・未篩選
2024-06-02,171,0.006492161888085922,35,0.004468918961425893,34,-0.021000304576058598,34,-0.014862486478314785,34,0.0385168156768555,34,0.03202465378876958,0.35294117647058826,0.34285714285714286,0.34789915966386553,市值加權・未篩選
2024-06-09,170,0.025833594877216832,34,-0.005369392934933305,34,-0.005297049343144006,34,-0.0012737205771777501,34,0.03742195852936607,34,0.011588363652149238,0.3235294117647059,0.29411764705882354,0.3088235294117647,市值加權・未篩選
2024-06-16,170,0.01808255331817671,34,0.00760204984716893,34,0.00290021826592438,34,0.028998273590444643,34,0.06314766252501136,34,0.04506510920683465,0.29411764705882354,0.29411764705882354,0.29411764705882354,市值加權・未篩選
2024-06-23,170,-0.00968933211484699,34,-0.013542218585724235,34,0.005799990544793183,34,-0.011482010092337716,34,0.0074203073930525654,34,0.017109639507899555,0.29411764705882354,0.2647058823529412,0.27941176470588236,市值加權・未篩選
2024-06-30,172,0.003280853450126191,35,0.024099196112227866,34,0.024659882309535544,34,0.017256242521954453,34,0.03420176811196679,35,0.0309209146618406,0.37142857142857144,0.22857142857142856,0.3,市值加權・未篩選
2024-07-07,174,0.018251270076382477,35,-0.005926354565880474,35,-0.005315060143880423,34,-0.013177329628756196,35,0.03311558780163415,35,0.014864317725251673,0.4,0.3142857142857143,0.35714285714285715,市值加權・未篩選
2024-07-14,174,-0.03333597370327862,35,-0.008208753379845104,35,-0.029021577001473033,34,-0.042831178323776156,35,-0.06177592148182518,35,-0.02843994777854656,0.2,0.2571428571428571,0.22857142857142856,市值加權・未篩選
2024-07-21,176,-0.029207526544244487,36,-0.008559701749316298,35,-0.013425592593780495,35,-0.01885191127663112,35,-0.038964844051964716,35,-0.009757317507720228,0.22857142857142856,0.2222222222222222,0.22539682539682537,市值加權・未篩選
2024-07-28,176,-0.015414875824527082,36,-0.06271272736848696,35,-0.015211346718165883,35,-0.0010503638619403157,35,-0.03980588676910699,35,-0.024391010944579912,0.3142857142857143,0.25,0.28214285714285714,市值加權・未篩選
2024-08-04,176,0.029195850362712758,36,0.013261384622752904,35,-0.002502934415497518,35,-0.003922212698300853,35,0.0812838213511942,35,0.05208797098848145,0.3142857142857143,0.3055555555555556,0.30992063492063493,市值加權・未篩選
2024-08-11,177,0.033105766806700895,36,0.02750750475855324,35,0.024222716631666273,35,0.02817975856965474,35,0.020867192564196908,36,-0.012238574242503988,0.3055555555555556,0.25,0.2777777777777778,市值加權・未篩選
2024-08-18,176,-0.013834411543164591,36,-0.0024359728499130763,35,0.013987541575145314,35,0.0009640310879532981,35,-0.019372020062666456,35,-0.0055376085195018646,0.34285714285714286,0.3611111111111111,0.35198412698412695,市值加權・未篩選
2024-08-25,176,-0.010570531742222977,36,0.003401759069562145,35,0.007152601698976074,35,0.009482566723498766,35,-0.0014437390013948951,35,0.009126792740828081,0.22857142857142856,0.25,0.23928571428571427,市值加權・未篩選
2024-09-01,176,-0.04026548247890882,36,-0.04197051982810543,35,-0.04355836667950402,35,-0.03525609036295947,35,-0.027953230709769,35,0.012312251769139821,0.22857142857142856,0.2777777777777778,0.25317460317460316,市值加權・未篩選
2024-09-08,172,0.061883736749901136,35,0.05640021403746788,34,0.022119271423285864,34,0.04442301402036,34,0.03571701399799394,35,-0.026166722751907193,0.22857142857142856,0.2,0.2142857142857143,市值加權・未篩選
2024-09-15,173,0.018001789407096055,35,0.01740083794290035,34,0.015694688834092228,35,0.011540221298269183,34,0.01905244651523835,35,0.0010506571081422937,0.3142857142857143,0.2857142857142857,0.3,市值加權・未篩選
2024-09-22,172,0.03413905808153638,35,0.02594847568602838,34,0.03232111804131646,34,0.007816516128929061,34,0.034077871523174555,35,-6.118655836182679e-05,0.2857142857142857,0.2,0.24285714285714285,市值加權・未篩選
2024-09-29,175,-0.012913893562733387,35,-0.009423274512502605,35,-0.0026488290507148825,35,-0.020727696718669444,35,-0.004732372595823046,35,0.008181520966910341,0.17142857142857143,0.22857142857142856,0.2,市值加權・未篩選
2024-10-06,175,0.04267368481575733,35,-0.00785944279352153,35,-0.05227520703400098,35,-0.003925790372380321,35,-0.025326045700306093,35,-0.06799973051606342,0.17142857142857143,0.17142857142857143,0.17142857142857143,市值加權・未篩選
2024-10-13,173,0.03657185722525397,35,0.015017536195119316,34,0.0006358524227746323,35,0.022974351978941907,34,0.00818676674082405,35,-0.028385090484429918,0.2571428571428571,0.2,0.22857142857142856,市值加權・未篩選
2024-10-20,178,-0.01821426728591177,36,-0.019870906069630077,35,0.024085482616825537,36,0.0045109308017915965,35,-0.02120497590718239,36,-0.00299070862127062,0.19444444444444445,0.19444444444444445,0.19444444444444445,市值加權・未篩選
2024-10-27,180,-0.028255615748978235,36,-0.012280112309022581,36,-0.027911640379481177,36,0.0033524536590775335,36,-0.04550926884661862,36,-0.017253653097640386,0.1388888888888889,0.1388888888888889,0.1388888888888889,市值加權・未篩選
2024-11-03,180,0.012891862448968557,36,0.055165119819240285,36,0.03708258847552505,36,0.017942851901048357,36,-0.0024287145765367253,36,-0.015320577025505282,0.1388888888888889,0.08333333333333333,0.1111111111111111,市值加權・未篩選
2024-11-10,181,-0.027887203681716065,37,-0.03279060286171422,36,-0.031778710554103924,36,-0.011616222520738429,36,-0.04099981424372685,36,-0.013112610562010782,0.2222222222222222,0.2702702702702703,0.24624624624624625,市值加權・未篩選
2024-11-17,180,0.009365741825451471,36,-0.017242896250564535,36,0.023760287992217143,36,-0.006246428972259113,36,0.002937809635409897,36,-0.006427932190041574,0.2777777777777778,0.2777777777777778,0.2777777777777778,市值加權・未篩選
2024-11-24,180,-0.046601059047835444,36,-0.024478274177184747,36,-0.03567304015543243,36,-0.00985238757381691,36,-0.043767220825281554,36,0.0028338382225538902,0.16666666666666666,0.16666666666666666,0.16666666666666666,市值加權・未篩選
2024-12-01,180,0.03638341371699773,36,-0.017643049877056814,36,0.026346884698838696,36,0.01865341502661066,36,0.0033782802892860543,36,-0.03300513342771168,0.2222222222222222,0.2222222222222222,0.2222222222222222,市值加權・未篩選
2024-12-08,182,-0.008104039272446757,37,-0.045625299687725086,36,0.0176876228809599,36,-0.0180876368462748,36,-0.045341484668779124,37,-0.037237445396332364,0.21621621621621623,0.1891891891891892,0.20270270270270271,市值加權・未篩選
2024-12-15,183,-0.044510786352272555,37,-0.03142047948149088,36,-0.03162718109913326,37,-0.01892629729395976,36,-0.02674000931628372,37,0.017770777035988835,0.16216216216216217,0.16216216216216217,0.16216216216216217,市值加權・未篩選
2024-12-22,182,0.021408227286268455,37,0.0023612858211551776,36,0.0006202363363380347,36,0.0018678958369152076,36,0.006980840161145345,37,-0.01442738712512311,0.24324324324324326,0.10810810810810811,0.17567567567567569,市值加權・未篩選
2024-12-29,181,-0.02417909330818103,37,-0.01793661448831253,36,-0.02475334266768687,36,0.0016208693600363365,36,-0.013213930615064642,36,0.01096516269311639,0.2777777777777778,0.2972972972972973,0.2875375375375375,市值加權・未篩選
2015-06-28,47,0.008718206458894043,10,0.0060721647810107185,9,-0.018533912051648997,9,0.024183076670552868,9,0.008223784027014049,10,-0.0004944224318799949,1.0,1.0,1.0,市值加權・可交易性篩選後
2015-07-05,57,-0.02283593491171546,12,-0.029908624520433663,11,-0.04481518781372591,11,-0.030792441677849,11,-0.030048618632988924,12,-0.0072126837212734655,0.4166666666666667,0.4166666666666667,0.4166666666666667,市值加權・可交易性篩選後
2015-07-12,59,0.018871646925420853,12,0.021010831031996583,12,0.024219184260376034,11,-0.007048431841506046,12,0.002845280021202294,12,-0.016026366904218558,0.8333333333333334,0.6666666666666666,0.75,市值加權・可交易性篩選後
2015-07-19,64,-0.05158738813780542,13,-0.04089363059843269,13,-0.018436670226608255,12,-0.05408419689836863,13,-0.025460185821289366,13,0.02612720231651605,0.7692307692307693,0.46153846153846156,0.6153846153846154,市值加權・可交易性篩選後
2015-07-26,65,-0.005320939000912273,13,-0.013931934370786419,13,-0.01275975109101946,13,-0.015690443801028117,13,0.021187745010326154,13,0.026508684011238428,0.46153846153846156,0.23076923076923078,0.34615384615384615,市值加權・可交易性篩選後
2015-08-02,74,-0.010574217858028194,15,-0.003687086516219135,15,0.008188045957573682,14,-0.017100981524863324,15,-0.035465541341754725,15,-0.02489132348372653,0.7333333333333333,0.6,0.6666666666666666,市值加權・可交易性篩選後
2015-08-09,75,-0.021854584573967047,15,0.035110422616645584,15,-0.024578999948017693,15,-0.006296180390278993,15,-0.024348406232375445,15,-0.0024938216584083975,0.4666666666666667,0.26666666666666666,0.3666666666666667,市值加權・可交易性篩選後
2015-08-16,81,-0.039611819296930736,17,-0.07315206737695729,16,-0.052861588711082874,16,-0.057603320515265045,16,-0.06255052220585708,16,-0.022938702908926342,0.4375,0.4117647058823529,0.42463235294117646,市值加權・可交易性篩選後
2015-08-23,87,0.032778070820221814,18,0.02272455141079867,17,0.038959958349998144,17,0.07139783440474856,17,0.055783574633586366,18,0.023005503813364553,1.0,0.5,0.75,市值加權・可交易性篩選後
2015-08-30,94,-0.006386337110940081,19,0.009673982420195206,19,-0.018396979106428766,18,0.013004029388526671,19,0.014451339697531235,19,0.020837676808471317,0.6842105263157895,0.7368421052631579,0.7105263157894737,市值加權・可交易性篩選後
2015-09-06,88,0.04225039399247683,18,0.045635556462951074,17,0.0445428390785984,18,0.07306859506596527,17,0.024399604359530883,18,-0.017850789632945945,0.5555555555555556,0.2777777777777778,0.4166666666666667,市值加權・可交易性篩選後
2015-09-13,90,0.020022721826371492,18,-0.01062072207609949,18,-0.0062853851640120055,18,0.03359527820529258,18,0.004216959252852565,18,-0.015805762573518928,0.6666666666666666,0.4444444444444444,0.5555555555555556,市值加權・可交易性篩選後
2015-09-20,95,-0.02259360790393478,19,-0.02321756871943562,19,-0.013523549056343254,19,-0.029118582235311365,19,-0.02233295670957436,19,0.00026065119436042075,0.21052631578947367,0.15789473684210525,0.18421052631578946,市值加權・可交易性篩選後
2015-09-27,95,0.029402740899961925,19,0.04743301793689868,19,0.03035732442894697,19,0.04406357522916558,19,0.036848959974530915,19,0.00744621907456899,0.42105263157894735,0.21052631578947367,0.3157894736842105,市值加權・可交易性篩選後
2015-10-04,88,0.007914409043547973,18,0.03003060627239781,17,0.02551466108711137,18,0.03933902368995111,17,0.01782664865126794,18,0.009912239607719966,0.3888888888888889,0.2222222222222222,0.3055555555555556,市值加權・可交易性篩選後
2015-10-11,94,0.01129342585611364,19,-0.008741977920949372,19,0.013281854002835757,18,-0.010615392167990388,19,0.003683724766753236,19,-0.007609701089360403,0.3157894736842105,0.21052631578947367,0.2631578947368421,市值加權・可交易性篩選後
2015-10-18,99,0.005957667318211998,20,0.010033506324043984,20,0.015678820160497566,19,0.008390216420396201,20,-0.0048201601537887625,20,-0.010777827472000762,0.35,0.2,0.275,市值加權・可交易性篩選後
2015-10-25,100,-0.029797935508367637,20,-0.028864208899251002,20,-0.011843451041783123,20,-0.01841806362477618,20,-0.021683759285468795,20,0.008114176222898842,0.35,0.55,0.45,市值加權・可交易性篩選後
2015-11-01,102,0.009623503282844977,21,0.0032302317045376796,20,0.022438967859064334,20,0.006296984868533956,20,0.008456741061573207,21,-0.00116676222127177,0.38095238095238093,0.5238095238095238,0.4523809523809524,市值加權・可交易性篩選後
2015-11-08,108,-0.039272144752762084,22,-0.040778342728573815,21,-0.05527586310956575,22,-0.04929166701876531,21,-0.0384404745319243,22,0.0008316702208377852,0.3181818181818182,0.4090909090909091,0.36363636363636365,市值加權・可交易性篩選後
2015-11-15,103,0.04212781225103795,21,0.017178689473826152,20,0.019627187276460973,21,0.02492421747303721,20,0.008334004963591218,21,-0.03379380728744673,0.3333333333333333,0.19047619047619047,0.26190476190476186,市值加權・可交易性篩選後
2015-11-22,107,-0.014739278114546757,22,-0.016445253072600686,21,-0.015310838607181165,21,-0.014537968214733556,21,-0.01495386580550634,22,-0.0002145876909595834,0.4090909090909091,0.2727272727272727,0.34090909090909094,市值加權・可交易性篩選後
2015-11-29,105,0.008618988239780636,21,0.014176857955903037,21,0.018308791440221295,21,0.008705840993387793,21,0.01859279587130075,21,0.009973807631520113,0.23809523809523808,0.2857142857142857,0.26190476190476186,市值加權・可交易性篩選後
2015-12-06,105,-0.020956691597134754,21,-0.053049741316653284,21,-0.040919244927099384,21,-0.026071331666883784,21,-0.03633235472509585,21,-0.015375663127961094,0.42857142857142855,0.3333333333333333,0.38095238095238093,市值加權・可交易性篩選後
2015-12-13,109,0.011292517412687665,22,0.031756271765349085,22,0.052617245392196414,21,0.03697718087602774,22,0.03626925565621437,22,0.024976738243526704,0.45454545454545453,0.45454545454545453,0.45454545454545453,市值加權・可交易性篩選後
2015-12-20,111,0.014507362367485495,23,0.028947838835233806,22,0.008437540673237681,22,0.02411452240579978,22,0.030753016686195008,22,0.016245654318709515,0.18181818181818182,0.21739130434782608,0.19960474308300397,市值加權・可交易性篩選後
2015-12-27,109,-0.001381065262342794,22,0.0012295274383186947,22,-0.005505702975073066,21,-0.007106576874466662,22,-0.009805444917451556,22,-0.008424379655108762,0.3181818181818182,0.22727272727272727,0.2727272727272727,市值加權・可交易性篩選後
2016-01-03,106,-0.04967602383839151,22,-0.0403535248409312,21,-0.05175822586508191,21,-0.05396013018534835,21,-0.049528140357575176,21,0.00014788348081633262,0.19047619047619047,0.18181818181818182,0.18614718614718614,市值加權・可交易性篩選後
2016-01-10,117,-0.008305018629283588,24,0.021960735234246034,23,-0.004330365448719896,23,-0.009774060609487517,23,0.016966148022687807,24,0.025271166651971395,0.375,0.25,0.3125,市值加權・可交易性篩選後
2016-01-17,115,0.0013479282020708006,23,0.011860381381858987,23,0.05589165592927776,23,0.004193582724359915,23,0.024926369822660693,23,0.023578441620589894,0.391304347826087,0.2608695652173913,0.32608695652173914,市值加權・可交易性篩選後
2016-01-24,112,0.019933448254333765,23,0.03187636195899327,22,0.02882868847731432,22,0.0532260268851298,22,0.030846138282916765,23,0.010912690028583,0.2608695652173913,0.17391304347826086,0.21739130434782608,市值加權・可交易性篩選後
2016-01-31,116,0.002445911745751697,24,0.0025316924872573246,23,-0.04165080858719073,23,-0.00541757810127557,23,-0.024248683864849414,23,-0.026694595610601113,0.5652173913043478,0.25,0.4076086956521739,市值加權・可交易性篩選後
2016-02-21,116,0.008665044792310879,24,0.018732270792245605,23,0.012195746001371296,23,-0.010025469552014143,23,0.016409644242486532,23,0.007744599450175653,0.5217391304347826,0.4583333333333333,0.490036231884058,市值加權・可交易性篩選後
2016-02-28,119,0.033582699737073445,24,0.030921452258245455,24,0.024830246734840595,23,0.02795915943465344,24,0.037959863211911124,24,0.0043771634748376795,0.375,0.2916666666666667,0.33333333333333337,市值加權・可交易性篩選後
2016-03-06,121,0.0070089221245997185,25,0.0009874292569460447,24,0.009741432515355569,24,-0.0011916659533299605,24,0.0070474533980779954,24,3.8531273478276985e-05,0.5416666666666666,0.32,0.4308333333333333,市值加權・可交易性篩選後
2016-03-13,130,0.01300798326093195,26,0.011223468836313111,26,-0.023103866684873027,26,0.012491992081488991,26,0.01788295733447475,26,0.004874974073542801,0.6923076923076923,0.6153846153846154,0.6538461538461539,市值加權・可交易性篩選後
2016-03-20,130,-0.01839371331781981,26,-0.013067184910831664,26,-0.006967928710205916,26,-0.012748407134803255,26,-0.010750311355028784,26,0.007643401962791027,0.5769230769230769,0.46153846153846156,0.5192307692307692,市值加權・可交易性篩選後
2016-03-27,125,0.0020492996658062375,25,-0.014098489074382827,25,-0.020486554901604594,25,-0.019890890783620545,25,0.00326692071350722,25,0.0012176210477009824,0.6,0.52,0.56,市值加權・可交易性篩選後
2016-04-03,130,0.0032871616825149302,26,-0.0012937914016198037,26,-0.012953259905293734,26,0.005981724784158229,26,-0.01950706651083444,26,-0.02279422819334937,0.15384615384615385,0.15384615384615385,0.15384615384615385,市值加權・可交易性篩選後
2016-04-10,106,0.03142292910545695,22,0.040871084485777795,21,0.018840694463175427,21,0.01683271350980277,21,0.03142921236444642,21,6.2832589894715185e-06,0.6666666666666666,0.09090909090909091,0.3787878787878788,市值加權・可交易性篩選後
2016-04-17,129,-0.016332585208220875,26,-0.023292962704381054,26,-0.013903627736176455,25,-0.014555340352333473,26,-0.008292713230132006,26,0.008039871978088869,0.8846153846153846,0.38461538461538464,0.6346153846153846,市值加權・可交易性篩選後
2016-04-24,126,-0.02763661040109411,26,-0.008286292090933576,25,-0.02368354728661033,25,-0.010945948418567587,25,-0.03882458181951846,25,-0.011187971418424349,0.52,0.2692307692307692,0.3946153846153846,市值加權・可交易性篩選後
2016-05-01,119,-0.040477137170224484,24,-0.0346931454466294,24,-0.043907719483821564,23,-0.04120899844861175,24,-0.01122655733186186,24,0.02925057983836262,0.4583333333333333,0.4583333333333333,0.4583333333333333,市值加權・可交易性篩選後
2016-05-08,108,-0.021243172564044788,22,-0.0394414913963234,21,0.008728535617806331,22,0.006819892651790685,21,-0.00959719233692545,22,0.011645980227119337,0.3181818181818182,0.2727272727272727,0.2954545454545454,市值加權・可交易性篩選後
2016-05-15,110,0.025816021471914193,22,0.010453118098504506,22,-0.0009132182773798574,22,0.01725646956530131,22,-0.00036002245470988047,22,-0.026176043926624072,0.36363636363636365,0.22727272727272727,0.29545454545454547,市值加權・可交易性篩選後
2016-05-22,112,0.04052173555986125,23,0.03282966174073264,22,0.023549102747990727,22,0.03356797072388496,22,0.022381092300585496,23,-0.018140643259275755,0.391304347826087,0.21739130434782608,0.30434782608695654,市值加權・可交易性篩選後
2016-05-29,114,0.019042263802527923,23,0.014691611598450024,23,-0.0015366855602947686,22,0.0027474600826687557,23,0.016740532122398684,23,-0.002301731680129239,0.21739130434782608,0.17391304347826086,0.19565217391304346,市值加權・可交易性篩選後
2016-06-05,121,0.011598719500526754,25,-0.00238046129160286,24,0.005754433288999126,24,0.0023319940142156616,24,0.02428775906816461,24,0.012689039567637854,0.2916666666666667,0.08,0.18583333333333335,市值加權・可交易性篩選後
2016-06-12,92,0.0014947219358496765,19,0.00170784407954138,18,-0.001475042656384885,18,-0.013812681042580023,18,-0.021087739471571713,19,-0.02258246140742139,0.3157894736842105,0.2631578947368421,0.2894736842105263,市值加權・可交易性篩選後
2016-06-19,106,-0.020212716271497375,22,-0.011140425002648266,21,-0.0004361969737306457,21,-0.008170409451845535,21,-0.008821770273434863,21,0.011390945998062512,0.2857142857142857,0.22727272727272727,0.2564935064935065,市值加權・可交易性篩選後
2016-06-26,116,0.033715406498152585,24,0.03113920206483802,23,0.026426216195376693,23,0.019622663107757392,23,0.06552803206012688,23,0.03181262556197429,0.43478260869565216,0.375,0.40489130434782605,市值加權・可交易性篩選後
2016-07-03,111,0.0030089200457894274,23,-0.007984858583548976,22,-0.01399631001053935,22,-0.0018455133325107926,22,-0.008835174341836201,22,-0.011844094387625629,0.3181818181818182,0.2608695652173913,0.28952569169960474,市值加權・可交易性篩選後
2016-07-10,108,0.010138164345307116,22,0.03402328091229386,21,0.013392973849438362,22,0.020654946872442924,21,0.02238659914200501,22,0.012248434796697892,0.6363636363636364,0.36363636363636365,0.5,市值加權・可交易性篩選後
2016-07-17,123,0.014949957645503184,25,0.017690551003965948,24,0.010270159133538332,25,0.011824518561421695,24,0.016332715550270643,25,0.001382757904767459,0.72,0.44,0.58,市值加權・可交易性篩選後
2016-07-24,124,0.00011490252618078757,25,-0.011827546182297768,25,-0.008806487926507628,24,-0.00176537794486189,25,-0.0017875112899939235,25,-0.001902413816174711,0.16,0.04,0.1,市值加權・可交易性篩選後
2016-07-31,117,0.009787867287365377,24,0.011858302033020747,23,0.02432496306939851,23,0.008291646375389108,23,0.009842660082892456,24,5.479279552707966e-05,0.4583333333333333,0.2916666666666667,0.375,市值加權・可交易性篩選後
2016-08-07,113,-0.008080911023860859,23,0.004235166817394307,22,-0.009073526346159717,23,-0.00862208353857209,22,0.04041684778018841,23,0.048497758804049274,0.34782608695652173,0.30434782608695654,0.32608695652173914,市值加權・可交易性篩選後
2016-08-14,119,-0.018236782439249647,24,-0.022602885819427567,24,0.004321712156906774,23,0.007274582586554672,24,-0.024489261810634204,24,-0.006252479371384557,0.2916666666666667,0.20833333333333334,0.25,市值加權・可交易性篩選後
2016-08-21,120,0.02314882407454091,24,0.018044054196937553,24,0.009457099199008825,24,0.01875208432729248,24,0.012250562308525566,24,-0.010898261766015344,0.3333333333333333,0.2916666666666667,0.3125,市值加權・可交易性篩選後
2016-08-28,109,-0.009031276698485358,22,-0.008996385434844252,22,-0.00856295678930915,21,0.008204330476620876,22,-0.017215263005599186,22,-0.008183986307113828,0.3181818181818182,0.2727272727272727,0.2954545454545454,市值加權・可交易性篩選後
2016-09-04,113,-0.00823354382958295,23,0.011299689242240677,22,0.01790329927954752,23,-0.0038302021777810082,22,0.007613117686792767,23,0.015846661516375718,0.34782608695652173,0.17391304347826086,0.2608695652173913,市值加權・可交易性篩選後
2016-09-11,114,-0.02293600293060064,23,-0.0027567859905576115,23,-0.009452937263472827,22,-0.02043329435529633,23,-0.020086198427027205,23,0.002849804503573434,0.34782608695652173,0.30434782608695654,0.32608695652173914,市值加權・可交易性篩選後
2016-09-18,91,0.04187851906101303,19,0.03476480502738092,18,0.020739186829196638,18,0.017419778847113158,18,0.018833801973348944,18,-0.023044717087664087,0.3333333333333333,0.15789473684210525,0.24561403508771928,市值加權・可交易性篩選後
2016-09-25,109,-0.0027463872082532327,22,-0.0026216157468415104,22,-0.009840261855082695,21,-0.004716441816779409,22,-0.004162307044688183,22,-0.0014159198364349507,0.36363636363636365,0.22727272727272727,0.29545454545454547,市值加權・可交易性篩選後
2016-10-02,97,0.011059515758586982,20,0.00413365023891119,19,-2.5822967209647315e-05,19,-0.012466538639645572,19,0.013170686660177733,20,0.0021111709015907507,0.35,0.2,0.275,市值加權・可交易性篩選後
2016-10-09,106,-0.018667370643087735,22,-0.02996230154844223,21,-0.019203477326001205,21,-0.033074350043716436,21,-0.00834635985643229,21,0.010321010786655444,0.38095238095238093,0.36363636363636365,0.3722943722943723,市值加權・可交易性篩選後
2016-10-16,103,0.02268770208723849,21,0.017319325913624985,20,0.019333550048957628,21,0.024108855891460113,20,0.023766385827387125,21,0.0010786837401486338,0.19047619047619047,0.19047619047619047,0.19047619047619047,市值加權・可交易性篩選後
2016-10-23,110,-0.00495704130060768,22,0.0008146625078753693,22,-0.010659934192922174,22,-0.006943056318606136,22,-0.002183769870057847,22,0.002773271430549833,0.36363636363636365,0.2727272727272727,0.3181818181818182,市值加權・可交易性篩選後
2016-10-30,103,-0.02373781312017618,21,-0.015011162371403961,20,-0.029153545889800278,21,-0.014967279485738935,20,-0.011138872780754913,21,0.012598940339421268,0.19047619047619047,0.14285714285714285,0.16666666666666666,市值加權・可交易性篩選後
2016-11-06,103,-0.0009514428613792026,21,-0.00634026136893854,20,-0.03634744726121738,21,-0.020237808070825095,20,-0.02370008055260388,21,-0.022748637691224677,0.47619047619047616,0.3333333333333333,0.40476190476190477,市值加權・可交易性篩選後
2016-11-13,115,0.004815545697601511,23,-5.080022428751307e-05,23,-0.014339856110410077,23,0.008280779397744936,23,-0.00037272582411737706,23,-0.005188271521718888,0.30434782608695654,0.30434782608695654,0.30434782608695654,市值加權・可交易性篩選後
2016-11-20,111,0.004392906983841189,23,0.01741919397685197,22,0.006218997848833373,22,0.012646850729939062,22,0.03915434916072484,22,0.03476144217688365,0.36363636363636365,0.391304347826087,0.37747035573122534,市值加權・可交易性篩選後
2016-11-27,109,-0.00853605790053219,22,0.033956051739633696,22,0.015118657858671279,21,-0.008656941596949628,22,-0.005763450902101245,22,0.002772606998430945,0.4090909090909091,0.22727272727272727,0.3181818181818182,市值加權・可交易性篩選後
2016-12-04,112,0.038392821888325684,23,0.030617965451731864,22,0.007903351328750021,22,0.014190436743441998,22,0.02689773617903469,23,-0.011495085709290996,0.17391304347826086,0.08695652173913043,0.13043478260869565,市值加權・可交易性篩選後
2016-12-11,110,-0.010443831496878995,22,-0.028494123744848693,22,-0.011613301056475848,22,-0.001083598650426774,22,-0.022799216730698423,22,-0.012355385233819427,0.22727272727272727,0.13636363636363635,0.18181818181818182,市值加權・可交易性篩選後
2016-12-18,112,-0.024788044873425605,23,-0.03382307465813339,22,-0.01842280352757302,22,-0.013862606443060985,22,-0.018856778863721634,23,0.005931266009703971,0.21739130434782608,0.17391304347826086,0.19565217391304346,市值加權・可交易性篩選後
2016-12-25,110,0.02619268654858184,22,0.01389308323165386,22,0.008061360884771898,22,0.005083269470442389,22,0.015365222466188943,22,-0.010827464082392897,0.18181818181818182,0.18181818181818182,0.18181818181818182,市值加權・可交易性篩選後
2017-01-01,97,0.012354755018498706,20,-0.006565909627192343,19,0.016074219197979966,19,0.018073408734244793,19,0.0035206078778395673,20,-0.00883414714065914,0.2,0.2,0.2,市值加權・可交易性篩選後
2017-01-08,99,-0.003544116661738806,20,-0.00775433008964362,20,-0.004125185489148587,19,0.011031899840482988,20,0.015002483719602104,20,0.01854660038134091,0.25,0.2,0.225,市值加權・可交易性篩選後
2017-01-15,107,-0.01876665685874814,22,-0.007774842101970403,21,0.008568969333386517,21,-0.002366373155813592,21,0.0027768007503752665,22,0.021543457609123406,0.45454545454545453,0.45454545454545453,0.45454545454545453,市值加權・可交易性篩選後
2017-01-22,99,0.007680943632061704,20,0.0047150591905187654,20,-0.00258072065410343,19,0.014023758348055675,20,0.012921431980754912,20,0.005240488348693208,0.4,0.2,0.30000000000000004,市值加權・可交易性篩選後
2017-01-29,89,-0.017134196738004634,18,-0.006019644144807694,18,0.014692896594458266,17,0.0053032884350554055,18,-0.011045245851779677,18,0.006088950886224957,0.4444444444444444,0.4444444444444444,0.4444444444444444,市值加權・可交易性篩選後
2017-02-05,99,0.0206364936046523,20,0.019626323248749175,20,0.02317998692573357,19,0.004562947878897639,20,0.020769533727234436,20,0.00013304012258213635,0.45,0.35,0.4,市值加權・可交易性篩選後
2017-02-12,120,0.005044296540144448,24,0.0023713297362359088,24,0.02667852001802885,24,0.010793086449257633,24,0.011496934978833636,24,0.006452638438689188,0.4166666666666667,0.3333333333333333,0.375,市值加權・可交易性篩選後
2017-02-19,127,-0.009511034729801412,26,-0.008736682802536831,25,0.005934125513578186,25,0.022630026897042875,25,-0.0059248484203447745,26,0.0035861863094566373,0.46153846153846156,0.34615384615384615,0.40384615384615385,市值加權・可交易性篩選後
2017-02-26,124,-0.012393040406813232,25,-0.020450928640087445,25,-0.0011286249137847518,24,-0.004557439332786711,25,-0.015384908291655322,25,-0.0029918678848420907,0.32,0.24,0.28,市值加權・可交易性篩選後
2017-03-05,113,-0.0030097164308531335,23,-0.013655897165269491,22,-0.006794203264958301,23,-0.011915766588683168,22,-0.008567668499194912,23,-0.005557952068341778,0.43478260869565216,0.30434782608695654,0.3695652173913043,市值加權・可交易性篩選後
2017-03-12,124,0.029082156372884405,25,0.03525317141297959,25,0.021086614152723268,24,0.015246600255419945,25,0.026896360606513778,25,-0.0021857957663706275,0.44,0.28,0.36,市值加權・可交易性篩選後
2017-03-19,120,0.0008710862176075444,24,-0.0035767551201310605,24,-0.01202925632992312,24,-0.008312749514022473,24,0.001907529273653463,24,0.0010364430560459185,0.5,0.2916666666666667,0.39583333333333337,市值加權・可交易性篩選後
2017-03-26,121,-0.006978528014536681,25,0.004703916625513613,24,-0.010127797898369649,24,-0.011640617201947815,24,-0.02097818078095152,24,-0.01399965276641484,0.4583333333333333,0.28,0.36916666666666664,市值加權・可交易性篩選後
2017-04-02,123,0.008421917288616266,25,-0.003661114012861694,24,-0.013001430268957333,25,0.01068646171428083,24,0.003102308658222134,25,-0.005319608630394131,0.56,0.28,0.42000000000000004,市值加權・可交易性篩選後
2017-04-09,111,-0.011722326177779725,23,-0.005453791961940521,22,-0.012426226569545574,22,-0.012935031967869253,22,-0.0034905394534079713,22,0.008231786724371753,0.45454545454545453,0.34782608695652173,0.40118577075098816,市值加權・可交易性篩選後
2017-04-16,121,-0.009229002698173937,25,0.0011574151129102167,24,-0.0006908392333187759,24,-0.005856900926977601,24,-0.000759947803911332,24,0.008469054894262605,0.5,0.36,0.43,市值加權・可交易性篩選後
2017-04-23,115,0.0024476898832815302,23,0.017146964056600017,23,0.0006257132575508817,23,0.017990276570563686,23,0.014939629188378632,23,0.012491939305097101,0.5217391304347826,0.30434782608695654,0.41304347826086957,市值加權・可交易性篩選後
2017-04-30,107,-0.005456066010000237,22,-0.009079124365578525,21,-0.011469195643969528,21,-0.008187975424215158,21,-0.006018366022262079,22,-0.0005623000122618425,0.7727272727272727,0.5909090909090909,0.6818181818181819,市值加權・可交易性篩選後
2017-05-07,107,-0.0001043572881272519,22,-0.011217711298182014,21,-0.005436359705347497,21,-0.01938580384269343,21,0.024737370954716096,22,0.024841728242843347,0.45454545454545453,0.3181818181818182,0.38636363636363635,市值加權・可交易性篩選後
2017-05-14,114,-0.0018425436661858698,23,-0.011206224701457242,23,-0.0014606092625296053,22,-0.011577711929690218,23,-0.012045075684438819,23,-0.010202532018252948,0.5217391304347826,0.34782608695652173,0.43478260869565216,市值加權・可交易性篩選後
2017-05-21,114,0.014848058616039626,23,0.011161085791778049,23,0.025397229479809498,22,0.022037118884262342,23,0.01504783480676715,23,0.00019977619072752452,0.43478260869565216,0.34782608695652173,0.3913043478260869,市值加權・可交易性篩選後
2017-05-28,113,-0.00022350798568430183,23,0.006012742593598031,22,0.007160787855221782,23,0.0068539769090546964,22,0.00773024327768671,23,0.007953751263371011,0.5652173913043478,0.4782608695652174,0.5217391304347826,市值加權・可交易性篩選後
2017-06-04,106,0.002060194329794413,22,-0.00414540226621327,21,-0.0029698313703604346,21,0.00013375924629220327,21,0.010562017482569202,21,0.008501823152774788,0.7619047619047619,0.4090909090909091,0.5854978354978355,市值加權・可交易性篩選後
2017-06-11,119,-0.004234524037335043,24,0.012242529519784575,24,-0.0066564097129938465,23,-0.005714615231020012,24,0.018302982191277534,24,0.02253750622861258,0.9166666666666666,0.5416666666666666,0.7291666666666666,市值加權・可交易性篩選後
2017-06-18,114,0.03589350431462641,23,0.015401757506934927,23,0.01554409592693552,22,0.02624971298497532,23,0.027456853650557552,23,-0.008436650664068856,0.5217391304347826,0.34782608695652173,0.43478260869565216,市值加權・可交易性篩選後
2017-06-25,114,0.013480778357389095,23,0.0030171186633277977,23,0.012693110178315418,22,0.05078937186703162,23,-0.003184966652636729,23,-0.016665745010025823,0.5217391304347826,0.391304347826087,0.4565217391304348,市值加權・可交易性篩選後
2017-07-02,116,-0.004573515695252477,24,-0.00881214412930521,23,-0.011615462849303032,23,-0.010461123866209208,23,-0.011259675767633015,23,-0.006686160072380537,0.30434782608695654,0.125,0.21467391304347827,市值加權・可交易性篩選後
2017-07-09,117,0.03195479491707765,24,0.005839385218718494,23,0.012979601719140421,23,0.01930427171536316,23,0.008800556077139622,24,-0.02315423883993803,0.3333333333333333,0.20833333333333334,0.2708333333333333,市值加權・可交易性篩選後
2017-07-16,115,-0.002565877635292334,23,-0.004567658245221945,23,-0.0009254739645301447,23,0.0035247192163681954,23,-0.0009708775438213875,23,0.0015950000914709468,0.5652173913043478,0.43478260869565216,0.5,市值加權・可交易性篩選後
2017-07-23,115,0.01358646885518664,23,-0.005333291582700368,23,0.0001702474416347983,23,-0.0009978639118342003,23,0.0035084889221751276,23,-0.010077979933011513,0.6956521739130435,0.43478260869565216,0.5652173913043478,市值加權・可交易性篩選後
2017-07-30,117,0.014328128559865051,24,0.006926544810665806,23,0.010952817361483631,23,0.017172389982321616,23,0.01648588404287259,24,0.0021577554830075393,0.5416666666666666,0.375,0.4583333333333333,市值加權・可交易性篩選後
2017-08-06,109,-0.010328244676450611,22,-0.016856288949353704,22,-0.010651023112136525,21,-0.022366696559730493,22,-0.017641929389858077,22,-0.007313684713407466,0.6363636363636364,0.3181818181818182,0.4772727272727273,市值加權・可交易性篩選後
2017-08-13,112,0.004430532240313499,23,0.003267398703826842,22,-0.00038238736062537346,22,0.014613258835540897,22,-0.0050662502113379745,23,-0.009496782451651474,0.6086956521739131,0.4782608695652174,0.5434782608695652,市值加權・可交易性篩選後
2017-08-20,107,0.021537979750952202,22,0.02306783912902757,21,0.012825768856766988,21,0.007873950973886996,21,0.021142012205056498,22,-0.0003959675458957042,0.2727272727272727,0.22727272727272727,0.25,市值加權・可交易性篩選後
2017-08-27,103,0.008351136414363232,21,0.008436257429030468,20,0.009768193188298288,21,0.013395562032757144,20,0.0065779852236436944,21,-0.001773151190719537,0.6190476190476191,0.2857142857142857,0.4523809523809524,市值加權・可交易性篩選後
2017-09-03,108,0.007663528788092869,22,0.009130280265772707,21,0.0029880864989271475,22,0.016242099169319842,21,0.008190297599162365,22,0.0005267688110694958,0.7727272727272727,0.5909090909090909,0.6818181818181819,市值加權・可交易性篩選後
2017-09-10,109,-0.00410869340940651,22,-0.01221765512256699,22,0.008525833768517059,21,0.0041433489057537765,22,-0.016132044213109875,22,-0.012023350803703366,0.45454545454545453,0.18181818181818182,0.3181818181818182,市值加權・可交易性篩選後
2017-09-17,109,-0.008632656970292625,22,-0.006708285405013102,22,-0.011482800509668665,21,-0.009419559159905807,22,-0.03721488108000972,22,-0.028582224109717093,0.7272727272727273,0.2727272727272727,0.5,市值加權・可交易性篩選後
2017-09-24,108,-0.02038868603054592,22,-0.010589849767743239,21,-0.0139638790853311,22,-0.004352816392807201,21,-0.0018637469783171175,22,0.018524939052228802,0.8636363636363636,0.6818181818181818,0.7727272727272727,市值加權・可交易性篩選後
2017-10-01,107,0.0122502146722597,22,0.003039679360418916,21,-0.006445812565019732,21,0.009967574882524128,21,0.012997393375126454,22,0.0007471787028667538,0.3181818181818182,0.3181818181818182,0.3181818181818182,市值加權・可交易性篩選後
2017-10-08,101,0.03709099993765537,21,0.008161058712149328,20,0.002034531831651166,20,-0.004272472587403012,20,-0.005614136099184699,20,-0.04270513603684007,0.4,0.42857142857142855,0.41428571428571426,市值加權・可交易性篩選後
2017-10-15,102,-0.021150906692636785,21,0.007716237062094765,20,0.0008905880920933354,20,-0.0028367850519362887,20,0.0035525433724191715,21,0.024703450065055955,0.5714285714285714,0.2857142857142857,0.42857142857142855,市值加權・可交易性篩選後
2017-10-22,108,-0.015181053268351279,22,-0.00328873916075822,21,-0.0019320425945092059,22,0.0015041059524461835,21,-0.00555207059891298,22,0.009628982669438298,0.5454545454545454,0.45454545454545453,0.5,市值加權・可交易性篩選後
2017-10-29,110,-0.008651340478227031,22,0.005060800714886385,22,0.004080106296526515,22,0.0006459602188690695,22,0.009955032467883379,22,0.018606372946110408,0.5454545454545454,0.45454545454545453,0.5,市值加權・可交易性篩選後
2017-11-05,102,0.005392903621931395,21,-0.00834244330668344,20,-0.011350168850153273,20,-0.007207237371514843,20,-0.027472281315710074,21,-0.03286518493764147,0.3333333333333333,0.38095238095238093,0.3571428571428571,市值加權・可交易性篩選後
2017-11-12,109,-0.0009992323873746658,22,0.008680639917177047,22,-0.01696066814863624,21,-0.01314951887110089,22,0.00035599687710920555,22,0.0013552292644838713,0.5909090909090909,0.4090909090909091,0.5,市值加權・可交易性篩選後
2017-11-19,111,0.0072184200936857516,23,0.012560612534395258,22,-0.005284976520115713,22,0.008964398785048538,22,0.010107633321218024,22,0.0028892132275322724,0.5454545454545454,0.5217391304347826,0.5335968379446641,市值加權・可交易性篩選後
2017-11-26,112,-0.019475428689848442,23,-0.029820362034889688,22,-0.014786125075825472,22,-0.01393807020808586,22,-0.03363611107732558,23,-0.014160682387477138,0.5217391304347826,0.391304347826087,0.4565217391304348,市值加權・可交易性篩選後
2017-12-03,115,-0.009162383258340718,23,-0.0010190823166153604,23,-0.006577207022496115,23,-0.010291635838425309,23,-0.02814377442955026,23,-0.01898139117120954,0.5652173913043478,0.391304347826087,0.4782608695652174,市值加權・可交易性篩選後
2017-12-10,113,0.011950259070052342,23,0.00932209261803177,22,0.004525894570111671,23,-0.003385098283425984,22,0.0011902326507372272,23,-0.010760026419315115,0.43478260869565216,0.30434782608695654,0.3695652173913043,市值加權・可交易性篩選後
2017-12-17,112,-0.00023244518506999415,23,0.007300000643324631,22,0.0013152840047865023,22,-0.005530329408964764,22,0.0007689479305398117,23,0.001001393115609806,0.6521739130434783,0.5217391304347826,0.5869565217391304,市值加權・可交易性篩選後
2017-12-24,109,0.01997125214320344,22,0.021191994859181027,22,0.019137449002998134,21,0.021804798513965527,22,0.007455222582990001,22,-0.01251602956021344,0.6818181818181818,0.5,0.5909090909090908,市值加權・可交易性篩選後
2017-12-31,116,0.020611656617249056,24,0.01635441552756151,23,0.0025725200893249424,23,-0.0028154615894942815,23,0.008907037240452059,23,-0.011704619376796998,0.30434782608695654,0.20833333333333334,0.25634057971014496,市值加權・可交易性篩選後
2018-01-07,121,-0.016501445603141512,25,0.003117928704369812,24,0.001625944195829278,24,0.008106095789304432,24,-0.0010183061382509724,24,0.01548313946489054,0.5,0.28,0.39,市值加權・可交易性篩選後
2018-01-14,126,-0.006180768526029275,26,0.0543119235991545,25,-0.012686603450069042,25,-0.01876046982128533,25,0.026075585239580198,25,0.03225635376560947,0.44,0.34615384615384615,0.3930769230769231,市值加權・可交易性篩選後
2018-01-21,122,-0.004522598465909473,25,-0.014368781274819619,24,0.0028983976139787824,24,0.004464644531186894,24,-0.0020095930619898725,25,0.002513005403919601,0.44,0.24,0.33999999999999997,市值加權・可交易性篩選後
2018-01-28,124,-0.00230322625623394,25,-0.0035790008999669267,25,-0.015794187688554364,24,0.0027567795896181304,25,-0.019329290911330337,25,-0.017026064655096398,0.44,0.32,0.38,市值加權・可交易性篩選後
2018-02-04,115,-0.04112449533815255,23,-0.06844584866402126,23,-0.04001075873593445,23,-0.05093346487694214,23,-0.040588632972391535,23,0.0005358623657610168,0.391304347826087,0.391304347826087,0.391304347826087,市值加權・可交易性篩選後
2018-02-11,126,-0.007936267916185914,26,-0.0032268609210527473,25,0.0007868136185702476,25,-0.004754605731780775,25,3.5383218990830776e-05,25,0.007971651135176745,0.48,0.5,0.49,市值加權・可交易性篩選後
2018-02-18,84,0.004046592319362795,17,0.0060756068983019796,17,0.009562397126472751,16,0.037195554582675074,17,0.024522120895040616,17,0.02047552857567782,0.5294117647058824,0.47058823529411764,0.5,市值加權・可交易性篩選後
2018-02-25,112,-0.006974459749466459,23,-0.011429853030971226,22,-0.022835236795870698,22,-0.02959605327917505,22,-0.019008641648197704,23,-0.012034181898731244,0.8260869565217391,0.782608695652174,0.8043478260869565,市值加權・可交易性篩選後
2018-03-04,115,0.013116077244924817,23,-0.0021240248185399892,23,-0.00014241136795449476,23,0.004621987219339087,23,0.02993697956325934,23,0.016820902318334524,0.8260869565217391,0.7391304347826086,0.7826086956521738,市值加權・可交易性篩選後
2018-03-11,117,0.009634293902685867,24,0.009236693257475727,23,0.0031871907330001206,23,0.007214735772645484,23,-0.0027931065613113746,24,-0.012427400463997242,0.4583333333333333,0.4166666666666667,0.4375,市值加權・可交易性篩選後
2018-03-18,115,0.004271891249355942,23,-0.025507953245244415,23,-0.02577292193753885,23,-0.001976044626343581,23,-0.020366131408810703,23,-0.024638022658166645,0.4782608695652174,0.34782608695652173,0.41304347826086957,市值加權・可交易性篩選後
2018-03-25,116,0.022458694454967808,24,0.01664320363028248,23,0.004935837390182122,23,-0.0005450498907621435,23,0.00015927347120923014,23,-0.02229942098375858,0.43478260869565216,0.25,0.34239130434782605,市值加權・可交易性篩選後
2018-04-01,118,-0.015584070709171532,24,-0.005194451875203229,23,-0.0070506280673268765,24,-0.01609672860682026,23,-0.013942268193540846,24,0.001641802515630687,0.9166666666666666,0.5416666666666666,0.7291666666666666,市值加權・可交易性篩選後
2018-04-08,101,0.015193571605043667,21,0.015660926101786713,20,-0.00789280560460659,20,0.03918069059359026,20,-0.011781403062658008,20,-0.026974974667701677,0.95,0.7142857142857143,0.8321428571428571,市值加權・可交易性篩選後
2018-04-15,121,-0.006309712787845592,25,-0.01191024277397831,24,-0.002008749384826595,24,-0.003848202065758656,24,-0.04361253811720051,24,-0.03730282532935492,0.5416666666666666,0.44,0.49083333333333334,市值加權・可交易性篩選後
2018-04-22,119,-0.015412953203050042,24,-0.020005463434518353,24,-0.01671947570824137,23,-0.03421414274337354,24,-0.016683773354588646,24,-0.0012708201515386035,0.375,0.2916666666666667,0.33333333333333337,市值加權・可交易性篩選後
2018-04-29,121,-0.016134412506405762,25,-0.0077129942484576155,24,0.002738678022741086,24,0.0009229179251365744,24,-0.004233729387137568,24,0.011900683119268195,0.5833333333333334,0.52,0.5516666666666667,市值加權・可交易性篩選後
2018-05-06,109,0.03370006036719756,22,0.019898579733029623,22,0.019553814185978183,21,0.025101566904376316,22,0.0364555693733552,22,0.00275550900615764,0.36363636363636365,0.36363636363636365,0.36363636363636365,市值加權・可交易性篩選後
2018-05-13,116,-0.02731823668634855,24,-0.020114161219804652,23,0.021854502677738245,23,-0.018992003821093596,23,-0.033434320018264366,23,-0.006116083331915816,0.4782608695652174,0.4583333333333333,0.4682971014492754,市值加權・可交易性篩選後
2018-05-20,121,-0.004119427043850016,25,-0.0029963570977242487,24,-0.006857186731145481,24,0.0021984135023522997,24,0.016624690738077118,24,0.020744117781927134,0.7083333333333334,0.44,0.5741666666666667,市值加權・可交易性篩選後
2018-05-27,120,-0.009381240787089828,24,-0.016860332047921082,24,-0.004449709135668235,24,0.0333111899137096,24,0.0032167191830490614,24,0.01259795997013889,0.625,0.3333333333333333,0.47916666666666663,市值加權・可交易性篩選後
2018-06-03,124,0.006512045644998628,25,0.00844289624041465,25,0.0006781299984255505,24,0.014886884080579062,25,0.01363173917351955,25,0.007119693528520922,0.44,0.32,0.38,市值加權・可交易性篩選後
2018-06-10,124,0.019311648649276317,25,0.01667681265775403,25,-0.013187599836179191,24,-0.0055542188638149845,25,-0.024345689027147312,25,-0.04365733767642363,0.56,0.32,0.44000000000000006,市值加權・可交易性篩選後
2018-06-17,120,0.0012504155281693717,24,-0.005110097971646738,24,-0.013236899219938139,24,-0.02348955575962279,24,0.008406616687712976,24,0.007156201159543604,0.5833333333333334,0.375,0.4791666666666667,市值加權・可交易性篩選後
2018-06-24,118,0.02265433376978919,24,-0.0003665570938571179,23,-0.004964995927302666,24,-0.008573107564198228,23,-0.01479238653161288,24,-0.03744672030140207,0.625,0.4166666666666667,0.5208333333333334,市值加權・可交易性篩選後
2018-07-01,116,-0.013617734105439202,24,-0.035849358573469214,23,-0.03127063265280579,23,-0.0444113924531512,23,-0.006281451394635288,23,0.0073362827108039135,0.6086956521739131,0.4166666666666667,0.5126811594202899,市值加權・可交易性篩選後
2018-07-08,116,0.02265813602404788,24,0.03264923700905602,23,0.01762777923003579,23,0.04272258983231454,23,0.026724184115457756,23,0.004066048091409875,0.43478260869565216,0.3333333333333333,0.38405797101449274,市值加權・可交易性篩選後
2018-07-15,119,-0.022534525892381453,24,0.01063996737237187,24,-0.0020739791152827305,23,-0.006610948128466738,24,0.04622342216989463,24,0.06875794806227609,0.5833333333333334,0.25,0.4166666666666667,市值加權・可交易性篩選後
2018-07-22,113,0.03920387326267232,23,0.020233213703427795,22,0.024972497778993328,23,0.016669987297846835,22,0.01450562104231533,23,-0.024698252220356993,0.5652173913043478,0.391304347826087,0.4782608695652174,市值加權・可交易性篩選後
2018-07-29,112,-0.015681043585699828,23,0.013070115487812891,22,-0.005286216036782738,22,-0.0016748912554693288,22,0.008005835994758376,23,0.023686879580458203,0.5652173913043478,0.43478260869565216,0.5,市值加權・可交易性篩選後
2018-08-05,112,0.003935257358841683,23,0.004871435775981952,22,-0.0010706638388644012,22,-0.0079699088731508,22,-0.00503027092845143,23,-0.008965528287293113,0.6086956521739131,0.4782608695652174,0.5434782608695652,市值加權・可交易性篩選後
2018-08-12,112,-0.013535030198618537,23,-0.005457600236407444,22,-0.018768200480606276,22,-0.030440295972780137,22,-0.008605241600398906,23,0.004929788598219631,0.6086956521739131,0.34782608695652173,0.4782608695652174,市值加權・可交易性篩選後
2018-08-19,119,0.015245246719473535,24,0.03169507088160158,24,0.02302477461588752,23,0.010073341955572579,24,0.002641607240587974,24,-0.012603639478885561,0.6666666666666666,0.3333333333333333,0.5,市值加權・可交易性篩選後
2018-08-26,112,-0.003039576905359062,23,0.038844411012895,22,0.011884665915964297,22,0.024314538766867153,22,0.012490373912543744,23,0.015529950817902807,0.4782608695652174,0.43478260869565216,0.4565217391304348,市值加權・可交易性篩選後
2018-09-02,114,-0.0422701383975293,23,-0.022978104214641203,23,-0.04619646393322395,22,-0.04797584000314774,23,0.0035503753733501075,23,0.04582051377087941,0.43478260869565216,0.34782608695652173,0.3913043478260869,市值加權・可交易性篩選後
2018-09-09,114,-0.0038523233120564735,23,0.02940997979041545,23,0.028347063292522606,22,-0.005538105113480351,23,-0.017769364020274837,23,-0.013917040708218363,0.34782608695652173,0.30434782608695654,0.32608695652173914,市值加權・可交易性篩選後
2018-09-16,114,0.0044098720469107865,23,0.059606656059503736,23,0.020090360258831104,22,-0.0020193081248550066,23,-0.012772966470060538,23,-0.017182838516971326,0.34782608695652173,0.2608695652173913,0.30434782608695654,市值加權・可交易性篩選後
2018-09-23,108,0.013585437386015142,22,-0.004196399745546093,21,-0.0029934076837431624,22,0.009337107372243308,21,0.0030638978113933005,22,-0.010521539574621841,0.6363636363636364,0.36363636363636365,0.5,市值加權・可交易性篩選後
2018-09-30,107,-0.047920581361654446,22,-0.06138291412812428,21,-0.04147469082552709,21,-0.056435198342452475,21,-0.08361987629577304,22,-0.035699294934118594,0.5909090909090909,0.45454545454545453,0.5227272727272727,市值加權・可交易性篩選後
2018-10-07,112,-0.03798823545899331,23,-0.03521606004948716,22,-0.04544042556500646,22,-0.07186013992163835,22,-0.03316011793829913,23,0.004828117520694182,0.30434782608695654,0.30434782608695654,0.30434782608695654,市值加權・可交易性篩選後
2018-10-14,120,-0.020772705930171362,24,-0.00016091413925335604,24,-0.009544518687998613,24,0.0028565763043465926,24,-0.006817867101759163,24,0.0139548388284122,0.6666666666666666,0.375,0.5208333333333333,市值加權・可交易性篩選後
2018-10-21,114,-0.05087884533644806,23,-0.03313390100130504,23,-0.013571648150399426,22,-0.06161073683637367,23,-0.02476889459387221,23,0.02610995074257585,0.7391304347826086,0.5217391304347826,0.6304347826086956,市值加權・可交易性篩選後
2018-10-28,115,0.03367626054100047,23,0.05190581660177415,23,0.04138147805916052,23,0.05453006332797558,23,0.04353747616279325,23,0.009861215621792777,0.30434782608695654,0.21739130434782608,0.2608695652173913,市值加權・可交易性篩選後
2018-11-04,109,-0.018209384537345632,22,-0.01178370543333316,22,0.011549312885912577,21,-0.011260084960184592,22,-0.015040643174183643,22,0.0031687413631619893,0.3181818181818182,0.18181818181818182,0.25,市值加權・可交易性篩選後
2018-11-11,105,-0.006049723766769202,21,0.00826319391156394,21,-0.012579529006848326,21,0.007948882051292853,21,-0.009530537443902455,21,-0.0034808136771332533,0.42857142857142855,0.2857142857142857,0.3571428571428571,市值加權・可交易性篩選後
2018-11-18,104,-0.01377757848946676,21,-0.016689064120168164,21,-0.018061421869937512,20,-0.0077714180597409635,21,-0.030347612181835976,21,-0.016570033692369215,0.42857142857142855,0.3333333333333333,0.38095238095238093,市值加權・可交易性篩選後
2018-11-25,101,0.02123373069566141,21,0.0015034633511777414,20,0.009166917411312963,20,0.04573988892298974,20,0.0154054108049019,20,-0.00582831989075951,0.3,0.3333333333333333,0.31666666666666665,市值加權・可交易性篩選後
2018-12-02,104,-0.020866414020924103,21,-0.02228582022346143,21,-0.008600948710221197,20,-0.012330553700871105,21,-0.040125674558373785,21,-0.019259260537449682,0.5238095238095238,0.19047619047619047,0.35714285714285715,市值加權・可交易性篩選後
2018-12-09,108,0.0024181934716218136,22,0.033313956104799494,21,0.00819303995159255,22,0.0028593992808087967,21,0.010130844263296296,22,0.007712650791674483,0.5909090909090909,0.45454545454545453,0.5227272727272727,市值加權・可交易性篩選後
2018-12-16,111,-0.005877453240259564,23,-0.006849373279858689,22,-0.02509036813203379,22,-0.020598531346888518,22,-0.0166614210816676,22,-0.010783967841408035,0.8636363636363636,0.6086956521739131,0.7361660079051384,市值加權・可交易性篩選後
2018-12-23,113,0.007468573081017759,23,0.007029806164103576,22,0.00038120766816869913,23,0.013200212283587733,22,0.00688460371339681,23,-0.0005839693676209495,0.8260869565217391,0.4782608695652174,0.6521739130434783,市值加權・可交易性篩選後
2018-12-30,106,-0.06698060319175483,22,-0.014648998397164407,21,-0.023394698387031947,21,-0.01369661321635057,21,-0.032926985464704135,21,0.0340536177270507,0.9047619047619048,0.5454545454545454,0.725108225108225,市值加權・可交易性篩選後
2019-01-06,92,0.035284881230865116,19,0.020427468185965306,18,0.02558401953004999,18,0.011695334276488892,18,0.030240915146626506,19,-0.0050439660842386096,0.5263157894736842,0.3157894736842105,0.42105263157894735,市值加權・可交易性篩選後
2019-01-13,103,0.011400513404729943,21,0.011554565360241157,20,0.007227998611180556,21,0.012207427198521264,20,0.0034217778016972875,21,-0.007978735603032656,0.7142857142857143,0.42857142857142855,0.5714285714285714,市值加權・可交易性篩選後
2019-01-20,103,-0.0026291249170707245,21,-9.728479273769715e-05,20,-0.0016723154410557726,21,-0.003374249152326346,20,0.01783215388473545,21,0.020461278801806176,0.6190476190476191,0.47619047619047616,0.5476190476190477,市值加權・可交易性篩選後
2019-01-27,104,-0.026992951979976955,21,-0.009101570414878446,21,-0.0018246421718216318,20,-0.002592571452828747,21,0.0020025681458342125,21,0.028995520125811167,0.5714285714285714,0.42857142857142855,0.5,市值加權・可交易性篩選後
2019-02-17,109,0.028025535080649984,22,0.017373621261195123,22,0.01814389504479376,21,0.01431690461392026,22,0.007756603922874328,22,-0.020268931157775658,0.45454545454545453,0.36363636363636365,0.40909090909090906,市值加權・可交易性篩選後
2019-02-24,111,0.0014949291966234867,23,-0.009251185094152741,22,-0.0005267652394135391,22,0.009287349330548108,22,0.005224704234860956,22,0.00372977503823747,0.36363636363636365,0.2608695652173913,0.31225296442687744,市值加權・可交易性篩選後
2019-03-03,99,-0.03266052175559595,20,-0.00878269174928375,20,-0.014424340002693305,19,-0.011200865097374101,20,-0.0177582366250591,20,0.014902285130536853,0.5,0.2,0.35,市值加權・可交易性篩選後
2019-03-10,105,0.010022778110538179,21,0.018533472472872774,21,0.01346730757498593,21,0.0027930650719781105,21,0.03389278325547813,21,0.02387000514493995,0.42857142857142855,0.14285714285714285,0.2857142857142857,市值加權・可交易性篩選後
2019-03-17,111,0.02183544669568623,23,0.004904690571301631,22,0.0061119560660052195,22,0.008353070441053177,22,0.028678604515757523,22,0.006843157820071295,0.36363636363636365,0.30434782608695654,0.3339920948616601,市值加權・可交易性篩選後
2019-03-24,113,0.019698284378011174,23,0.012020509073886685,22,0.004857378827761904,23,-0.004822226935659986,22,0.019931970483629716,23,0.000233686105618542,0.43478260869565216,0.2608695652173913,0.34782608695652173,市值加權・可交易性篩選後
2019-03-31,109,0.02144679613561286,22,-0.004870699278343622,22,-0.0012897583347368149,21,-0.009182406683790615,22,-0.014253557168676222,22,-0.035700353304289084,0.5,0.18181818181818182,0.34090909090909094,市值加權・可交易性篩選後
2019-04-07,103,-0.0018021081005448504,21,0.019043665182592515,20,0.0025846363189122247,21,-0.009128567105825098,20,-0.0022758719538225,21,-0.0004737638532776498,0.7619047619047619,0.5238095238095238,0.6428571428571428,市值加權・可交易性篩選後
2019-04-14,112,0.025060924293581865,23,-0.005155748179282634,22,-0.006919921237984044,22,-0.004891093407005519,22,0.005429857795845274,23,-0.01963106649773659,0.5217391304347826,0.34782608695652173,0.43478260869565216,市值加權・可交易性篩選後
2019-04-21,111,0.011292721103598465,23,0.01000525760407997,22,-0.0030997264503933504,22,-0.020767731279601902,22,-0.021005407862580833,22,-0.0322981289661793,0.5,0.34782608695652173,0.42391304347826086,市值加權・可交易性篩選後
2019-04-28,111,0.011293666913120727,23,0.013271026665779161,22,0.010846227731606557,22,0.005736196580878275,22,0.015901577175607792,22,0.004607910262487065,0.45454545454545453,0.21739130434782608,0.3359683794466403,市值加權・可交易性篩選後
2019-05-05,105,-0.02141961611097671,21,-0.024433422213790065,21,-0.025401020421548223,21,-0.0493872948671554,21,-0.016569331261900456,21,0.004850284849076254,0.38095238095238093,0.23809523809523808,0.30952380952380953,市值加權・可交易性篩選後
2019-05-12,113,-0.019674100782289018,23,-0.002459686893426949,22,0.029011987935552208,23,-0.03737526539077244,22,-0.05018153854776476,23,-0.030507437765475744,0.391304347826087,0.391304347826087,0.391304347826087,市值加權・可交易性篩選後
2019-05-19,118,-0.004756027656610062,24,-0.007746339886481448,23,0.01663653225857268,24,0.014457469979461889,23,-0.03430280734464492,24,-0.02954677968803486,0.7916666666666666,0.4583333333333333,0.625,市值加權・可交易性篩選後
2019-05-26,111,0.018940758805766733,23,0.011626632924709147,22,0.012496166991681386,22,0.008158163643830731,22,0.009803202952488323,22,-0.00913755585327841,0.6818181818181818,0.5652173913043478,0.6235177865612648,市值加權・可交易性篩選後
2019-06-02,114,0.004793533779510028,23,0.0012755032661582665,23,-0.0014399789067126854,22,-0.007495063409718955,23,-0.010597145453719013,23,-0.015390679233229041,0.5217391304347826,0.391304347826087,0.4565217391304348,市值加權・可交易性篩選後
2019-06-09,110,0.0012667624964842743,22,0.002362364579370931,22,-0.003623280884446654,22,0.006057384242655043,22,0.006850313118770105,22,0.005583550622285831,0.5909090909090909,0.36363636363636365,0.4772727272727273,市值加權・可交易性篩選後
2019-06-16,113,0.02809686989054228,23,0.00924574405481675,22,0.06079393074257171,23,0.024219492783093165,22,0.020456681529741116,23,-0.007640188360801162,0.43478260869565216,0.2608695652173913,0.34782608695652173,市值加權・可交易性篩選後
2019-06-23,118,-0.006030026171830089,24,0.0010633055318922256,23,0.00499408860115231,24,-0.002115900364782764,23,0.009966515400910994,24,0.015996541572741083,0.16666666666666666,0.2916666666666667,0.22916666666666669,市值加權・可交易性篩選後
2019-06-30,120,-0.018054817757645513,24,-0.00783023456036779,24,0.006368429638834332,24,0.012206767399328041,24,0.0092778983574023,24,0.02733271611504781,0.5,0.3333333333333333,0.41666666666666663,市值加權・可交易性篩選後
2019-07-07,122,0.028662098629056984,25,0.01632839360673787,24,-0.005784094038958336,24,0.010511151777266973,24,-0.008070345075335609,25,-0.03673244370439259,0.52,0.4,0.46,市值加權・可交易性篩選後
2019-07-14,127,0.02258176160761223,26,-0.007964578390778063,25,-0.0036845006561091165,25,0.003235158989884908,25,-0.009432458305491618,26,-0.032014219913103846,0.4230769230769231,0.3076923076923077,0.3653846153846154,市值加權・可交易性篩選後
2019-07-21,129,0.009123414329780935,26,-0.004416244722832049,26,0.00043221713480283755,25,0.016048931239755985,26,-0.0073999305379318986,26,-0.016523344867712834,0.38461538461538464,0.3076923076923077,0.34615384615384615,市值加權・可交易性篩選後
2019-07-28,123,-0.027514056922944456,25,-0.023159730199167134,24,-0.025263513908732525,25,-0.05917937939444016,24,-0.024711336494193086,25,0.0028027204287513693,0.52,0.4,0.46,市值加權・可交易性篩選後
2019-08-04,119,-0.009853253711783385,24,-0.01696711080302007,24,0.00022802149687301514,23,0.006148227134238807,24,0.005065744588698719,24,0.014918998300482104,0.4166666666666667,0.4166666666666667,0.4166666666666667,市值加權・可交易性篩選後
2019-08-11,117,-0.013432704272616369,24,-0.011250955274732211,23,-0.01634231230999119,23,0.012080200672455759,23,-0.015543173850364514,24,-0.0021104695777481447,0.5416666666666666,0.4166666666666667,0.47916666666666663,市值加權・可交易性篩選後
2019-08-18,113,0.004614909535284886,23,0.0008999155172463449,22,0.004223361978259755,23,0.012307136337846306,22,0.007545036135209726,23,0.0029301265999248398,0.34782608695652173,0.2608695652173913,0.30434782608695654,市值加權・可交易性篩選後
2019-08-25,111,0.024272067718049368,23,0.03618499129602794,22,0.014597912897781836,22,0.019170282298579477,22,0.0180590567674167,22,-0.006213010950632668,0.2727272727272727,0.17391304347826086,0.22332015810276679,市值加權・可交易性篩選後
2019-09-01,110,0.019315990224354367,22,0.013864296218367076,22,0.007564521204042682,22,0.015171372469263587,22,0.01109229353535275,22,-0.008223696689001617,0.4090909090909091,0.22727272727272727,0.3181818181818182,市值加權・可交易性篩選後
2019-09-08,116,-0.009024292954650895,24,0.004137388715152074,23,-0.004212386913160429,23,0.008295530862123946,23,0.0022037136130557866,23,0.01122800656770668,0.43478260869565216,0.375,0.40489130434782605,市值加權・可交易性篩選後
2019-09-15,110,0.0024774860068004483,22,0.0006605958600386339,22,0.0007834070947382188,22,0.019919240803802828,22,0.007679808489599592,22,0.005202322482799144,0.45454545454545453,0.3181818181818182,0.38636363636363635,市值加權・可交易性篩選後
2019-09-22,112,-0.023219568250609463,23,-0.017090333188127898,22,-0.027314286743993013,22,-0.032486925367518536,22,0.01405361105254642,23,0.03727317930315588,0.5652173913043478,0.391304347826087,0.4782608695652174,市值加權・可交易性篩選後
2019-09-29,113,-0.00516144128403474,23,-0.005600846662626861,22,0.004005356965096607,23,-0.012940799227135326,22,0.004862301013666609,23,0.010023742297701348,0.4782608695652174,0.43478260869565216,0.4565217391304348,市值加權・可交易性篩選後
2019-10-06,106,-0.004742733798772531,22,-0.005785614192729994,21,-0.009358139469166717,21,-0.00875350132890803,21,0.0053064854209302,21,0.01004921921970273,0.6190476190476191,0.5454545454545454,0.5822510822510822,市值加權・可交易性篩選後
2019-10-13,98,0.0307417839902518,20,0.013460430409482112,19,0.004259318457576084,20,0.005829831720330574,19,0.007157279250498581,20,-0.023584504739753216,0.35,0.35,0.35,市值加權・可交易性篩選後
2019-10-20,113,0.017821170586445112,23,0.00281923773069255,22,0.0014174731617085348,23,0.008734793266882018,22,0.00841571764549027,23,-0.009405452940954842,0.43478260869565216,0.2608695652173913,0.34782608695652173,市值加權・可交易性篩選後
2019-10-27,114,0.018782667188581226,23,-0.0005141215545425597,23,-0.002599304508873684,22,-0.022106698062044385,23,0.008659454612258472,23,-0.010123212576322755,0.391304347826087,0.34782608695652173,0.3695652173913043,市值加權・可交易性篩選後
2019-11-03,115,-0.001496834928154461,23,0.010162381923479595,23,0.004060951096596598,23,-0.009477903100383494,23,0.012894875987253742,23,0.014391710915408203,0.43478260869565216,0.30434782608695654,0.3695652173913043,市值加權・可交易性篩選後
2019-11-10,117,0.0022919380356831195,24,-0.011348756684154568,23,-0.013677463157783403,23,-0.020609738294897845,23,-0.011462000393744598,24,-0.013753938429427718,0.4583333333333333,0.25,0.35416666666666663,市值加權・可交易性篩選後
2019-11-17,121,0.0018241025066042295,25,0.004870429381337302,24,0.005409390602213727,24,0.0020981733867703025,24,0.011378382965011095,24,0.009554280458406865,0.25,0.28,0.265,市值加權・可交易性篩選後
2019-11-24,117,0.002889110030248844,24,-0.007114875703563911,23,-0.005696582828817919,23,-0.00400228612818528,23,-0.019047616999594084,24,-0.02193672702984293,0.4166666666666667,0.25,0.33333333333333337,市值加權・可交易性篩選後
2019-12-01,116,0.012179804633969983,24,-0.003036723204725497,23,0.00043871108617348165,23,0.0001791563169547422,23,0.016195164776103464,23,0.004015360142133481,0.6086956521739131,0.3333333333333333,0.47101449275362317,市值加權・可交易性篩選後
2019-12-08,117,0.003969670663184752,24,0.01236585700458193,23,-0.005776511321837538,23,-0.003989904788760981,23,0.07063106416904372,24,0.06666139350585897,0.5833333333333334,0.4583333333333333,0.5208333333333334,市值加權・可交易性篩選後
2019-12-15,119,0.00663695235718573,24,0.015816108538597832,24,0.002486263257642006,23,0.004090519602630505,24,-0.007007801980451107,24,-0.013644754337636837,0.5,0.4166666666666667,0.45833333333333337,市值加權・可交易性篩選後
2019-12-22,123,0.019327305692822688,25,-0.0001933006246030335,24,0.0008444153709815473,25,0.0008488503669133827,24,0.007603857420405486,25,-0.0117234482724172,0.36,0.28,0.32,市值加權・可交易性篩選後
2019-12-29,118,0.009622703405684637,24,0.001264379595992338,23,0.0035883505539580137,24,0.005126222661304928,23,0.005398284244704769,24,-0.0042244191609798675,0.5416666666666666,0.2916666666666667,0.41666666666666663,市值加權・可交易性篩選後
2020-01-05,119,0.0061714004298394085,24,-0.007279356291653454,24,-0.01076905286256263,23,0.0013281098962053394,24,-0.03856214023317043,24,-0.04473354066300984,0.5,0.3333333333333333,0.41666666666666663,市值加權・可交易性篩選後
2020-01-12,122,-0.018512991698319,25,0.0089695767987821,24,0.006071783421146283,24,0.00821178484211472,24,0.01542975966955144,25,0.033942751367870436,0.64,0.4,0.52,市值加權・可交易性篩選後
2020-01-19,123,0.0020873768415905366,25,-0.0018164472178191,24,-0.0027466881419036765,25,-0.0013244225209591576,24,-0.002079191372367696,25,-0.004166568213958232,0.56,0.36,0.46,市值加權・可交易性篩選後
2020-01-26,77,-0.019696790241155886,16,-0.025745619746406212,15,-0.011068566455923304,15,-0.003576777764437919,15,-0.0225710118053899,16,-0.0028742215642340134,0.5,0.375,0.4375,市值加權・可交易性篩選後
2020-02-02,118,0.03321706702615208,24,0.01655431228981631,23,0.015797768324272154,24,0.021704202212330187,23,0.041633482659250376,24,0.008416415633098293,0.625,0.5,0.5625,市值加權・可交易性篩選後
2020-02-09,124,0.021235904256984225,25,0.012580437505819986,25,0.01579110842546831,24,0.021020069230439104,25,0.04331260667457963,25,0.022076702417595406,0.4,0.36,0.38,市值加權・可交易性篩選後
2020-02-16,121,-0.009167591732022612,25,-0.016244704838807203,24,0.008441090266832072,24,0.005418980475622725,24,0.003483685741670188,24,0.0126512774736928,0.4583333333333333,0.4,0.4291666666666667,市值加權・可交易性篩選後
2020-02-23,117,-0.012942778626865126,24,-0.01585501418290784,23,-0.00935200294897316,23,-0.01733777627607899,23,-0.022089918994650817,24,-0.00914714036778569,0.375,0.25,0.3125,市值加權・可交易性篩選後
2020-03-01,114,0.02291453112940933,23,0.017194389687444172,23,0.015380776977013115,22,0.0165050742683014,23,0.023910699587522597,23,0.0009961684581132682,0.43478260869565216,0.391304347826087,0.41304347826086957,市值加權・可交易性篩選後
2020-03-08,116,-0.12382443122602295,24,-0.07331151933335567,23,-0.12983401923124596,23,-0.0737358341008481,23,-0.068703051589639,23,0.055121379636383944,0.5217391304347826,0.375,0.4483695652173913,市值加權・可交易性篩選後
2020-03-15,132,-0.09583362318332181,27,-0.0971000116533716,26,-0.09351635488006024,26,-0.10220487424410081,26,-0.0484010843817131,27,0.047432538801608706,0.5185185185185185,0.4074074074074074,0.4629629629629629,市值加權・可交易性篩選後
2020-03-22,131,0.10429873043052892,27,0.08566742406461296,26,0.06949467207521248,26,0.0561297823120453,26,0.0704874647470557,26,-0.03381126568347323,0.6923076923076923,0.37037037037037035,0.5313390313390314,市值加權・可交易性篩選後
2020-03-29,131,0.02885294747493704,27,0.01661221516600163,26,0.007622407543105279,26,0.023280179917148546,26,0.02227338137805778,26,-0.00657956609687926,0.5769230769230769,0.4074074074074074,0.49216524216524216,市值加權・可交易性篩選後
2020-04-05,106,0.03267793982375558,22,0.05334265310777559,21,0.038917734026950354,21,0.06395694291865052,21,0.03274699477210844,21,6.905494835286047e-05,0.7142857142857143,0.45454545454545453,0.5844155844155844,市值加權・可交易性篩選後
2020-04-12,125,0.07863866783585002,25,0.030648139419568378,25,0.01644074861883792,25,0.008514458379975083,25,0.017895652248976924,25,-0.0607430155868731,0.52,0.36,0.44,市值加權・可交易性篩選後
2020-04-19,123,-0.012887962036294302,25,-0.02831019277459037,24,-0.01729311718166412,25,-0.02201130718083183,24,-0.04159213738516499,25,-0.028704175348870688,0.32,0.2,0.26,市值加權・可交易性篩選後
2020-04-26,116,0.033268797053169166,24,0.09069630854514373,23,0.05663344365123524,23,0.05220884374202582,23,0.05461701749561502,23,0.021348220442445852,0.30434782608695654,0.20833333333333334,0.25634057971014496,市值加權・可交易性篩選後
2020-05-03,120,0.01693675470085833,24,0.05855593945095127,24,0.009040877549612426,24,0.010667463453505967,24,0.022578000128386042,24,0.005641245427527711,0.4166666666666667,0.25,0.33333333333333337,市值加權・可交易性篩選後
2020-05-10,124,-0.010207220649516137,25,-0.019389367446989027,25,-0.021830548651354257,24,-0.020357757964782588,25,-0.039916894705013126,25,-0.029709674055496987,0.52,0.44,0.48,市值加權・可交易性篩選後
2020-05-17,121,0.007944029932235537,25,0.021391056906188338,24,0.028061037282845883,24,0.003828930864072544,24,0.001261008128583657,24,-0.00668302180365188,0.4583333333333333,0.36,0.4091666666666667,市值加權・可交易性篩選後
2020-05-24,124,-0.007262001799500527,25,0.0019199839470832641,25,0.02146213313418196,24,0.012552713224004286,25,0.007269752725015181,25,0.014531754524515708,0.44,0.28,0.36,市值加權・可交易性篩選後
2020-05-31,121,0.052141314676813384,25,0.026653521317343203,24,0.03841529824782428,24,0.03207402274357111,24,0.04973618738500391,24,-0.0024051272918094724,0.5833333333333334,0.36,0.4716666666666667,市值加權・可交易性篩選後
2020-06-07,126,-0.03005245812785367,26,-0.009520512404315732,25,-0.035311080282307214,25,-0.02076739818787086,25,-0.0031839518821121346,25,0.026868506245741535,0.64,0.38461538461538464,0.5123076923076924,市值加權・可交易性篩選後
2020-06-14,126,0.0046077119954714115,26,0.00808995711345467,25,0.03266997045603467,25,0.013308358636692616,25,0.0191522234807877,25,0.01454451148531629,0.24,0.19230769230769232,0.21615384615384614,市值加權・可交易性篩選後
2020-06-21,127,0.013656040066926214,26,0.004438697750720569,25,-0.012034183425133972,25,-0.005070206268843915,25,0.007825891516845101,26,-0.005830148550081113,0.4230769230769231,0.2692307692307692,0.34615384615384615,市值加權・可交易性篩選後
2020-06-28,117,0.04557390779209263,24,0.02052725905191383,23,0.02184277294650636,23,0.0227724247626005,23,0.016847641372831033,24,-0.028726266419261598,0.4583333333333333,0.2916666666666667,0.375,市值加權・可交易性篩選後
2020-07-05,131,-0.004190104162767902,27,-0.004472967314686159,26,-0.0031096448924236167,26,-0.0012780211042065545,26,0.03767848081080839,26,0.041868584973576296,0.5384615384615384,0.2962962962962963,0.41737891737891736,市值加權・可交易性篩選後
2020-07-12,134,-0.006084386684422951,27,0.002367456739926346,27,-0.0006568956500969319,26,0.0064396499908290555,27,0.03418207149278768,27,0.04026645817721063,0.4444444444444444,0.4074074074074074,0.42592592592592593,市值加權・可交易性篩選後
2020-07-19,134,-0.01155742613169592,27,-0.004951365042298262,27,0.0014533741165303389,26,0.004185133907834077,27,0.031059438066450975,27,0.04261686419814689,0.2962962962962963,0.25925925925925924,0.2777777777777778,市值加權・可交易性篩選後
2020-07-26,128,0.005735164521213204,26,-0.023014376412261138,25,-0.025005769657596384,26,-0.01102621445372305,25,0.011421696477571325,26,0.005686531956358121,0.38461538461538464,0.2692307692307692,0.3269230769230769,市值加權・可交易性篩選後
2020-08-02,127,0.015304173632516741,26,0.011902553267460597,25,0.029138198010014223,25,-0.004403701714090126,25,0.029673158932711892,26,0.01436898530019515,0.38461538461538464,0.34615384615384615,0.3653846153846154,市值加權・可交易性篩選後
2020-08-09,126,0.0003969837495397224,26,0.020368530973455642,25,0.02409979085291924,25,0.029718956924744855,25,-0.0011206407564171568,25,-0.0015176245059568792,0.4,0.3076923076923077,0.35384615384615387,市值加權・可交易性篩選後
2020-08-16,129,-0.010035075267831022,26,-0.005595473744862121,26,0.015279753538584843,25,-0.00862813665837345,26,-0.022779941356680176,26,-0.012744866088849154,0.2692307692307692,0.23076923076923078,0.25,市值加權・可交易性篩選後
2020-08-23,130,0.0008953294385386973,26,0.0015846750707953052,26,0.028433128104312526,26,0.01064324244972512,26,0.01691413648536538,26,0.01601880704682668,0.5384615384615384,0.34615384615384615,0.4423076923076923,市值加權・可交易性篩選後
2020-08-30,130,-0.01749476841987883,26,-0.010585916635669657,26,0.0169646385965055,26,-0.01039521218139563,26,-0.017364445057349916,26,0.00013032336252891477,0.5,0.5,0.5,市值加權・可交易性篩選後
2020-09-06,129,0.018458049343103033,26,0.005216199582481368,26,-0.012136936980041698,25,-0.0007561430537059596,26,0.0045867798757184145,26,-0.01387126946738462,0.34615384615384615,0.2692307692307692,0.3076923076923077,市值加權・可交易性篩選後
2020-09-13,133,0.0003278262819939891,27,0.006585189871044772,26,0.02349460640857042,27,0.002157549124670505,26,0.022359105849056694,27,0.022031279567062703,0.4074074074074074,0.3333333333333333,0.37037037037037035,市值加權・可交易性篩選後
2020-09-20,132,-0.050362194784146226,27,-0.06211390524373425,26,-0.07536477547648646,26,-0.034519459118024974,26,-0.044981050571848966,27,0.0053811442122972605,0.5925925925925926,0.18518518518518517,0.38888888888888884,市值加權・可交易性篩選後
2020-09-27,133,0.01155539460511855,27,0.033605809574401825,26,0.007035572632757327,27,0.012157749190531048,26,0.015086029950579678,27,0.0035306353454611274,0.5925925925925926,0.4444444444444444,0.5185185185185185,市值加權・可交易性篩選後
2020-10-04,112,0.03055666477769547,23,0.015091958463951624,22,0.016676886551406048,22,0.02190511747777134,22,0.01341816108610316,23,-0.01713850369159231,0.7391304347826086,0.7391304347826086,0.7391304347826086,市值加權・可交易性篩選後
2020-10-11,125,-0.018713214584100434,25,-0.007838417698812534,25,-0.01957765229034709,25,-0.002048147308080223,25,-0.016110751974238086,25,0.002602462609862348,0.4,0.36,0.38,市值加權・可交易性篩選後
2020-10-18,129,0.0017134029685562764,26,0.003200141714555899,26,0.010566238607125768,25,0.01684788039915299,26,0.006698529975942507,26,0.004985127007386231,0.38461538461538464,0.23076923076923078,0.3076923076923077,市值加權・可交易性篩選後
2020-10-25,132,-0.04636702283108418,27,-0.017961730685141487,26,-0.010886237073478503,26,-0.010421572104042008,26,-0.023562298490044195,27,0.022804724341039986,0.48148148148148145,0.2962962962962963,0.38888888888888884,市值加權・可交易性篩選後
2020-11-01,134,0.04049373577009889,27,0.024504368907568606,27,0.03047578946137844,26,0.02857366219339821,27,0.023198345273387593,27,-0.017295390496711298,0.3333333333333333,0.25925925925925924,0.2962962962962963,市值加權・可交易性篩選後
2020-11-08,133,0.009770258010550271,27,0.04232573843028964,26,0.02238680382777527,27,0.02783176816470563,26,0.026787062097335886,27,0.017016804086785617,0.2962962962962963,0.2222222222222222,0.25925925925925924,市值加權・可交易性篩選後
2020-11-15,136,0.012650957586347373,28,0.024572015878111694,27,0.014311734492625695,27,0.02143354437883698,27,0.033005807714371754,27,0.020354850128024383,0.37037037037037035,0.39285714285714285,0.3816137566137566,市值加權・可交易性篩選後
2020-11-22,137,0.04128110505301023,28,0.002752723795028869,27,0.025814259359799176,27,0.020587826618579975,27,-0.008850230083509877,28,-0.0501313351365201,0.35714285714285715,0.2857142857142857,0.3214285714285714,市值加權・可交易性篩選後
2020-11-29,136,0.025777423332393273,28,0.00919316799688659,27,-0.0006485510343182481,27,0.0446138354349739,27,0.023715104270774105,27,-0.002062319061619168,0.37037037037037035,0.5,0.4351851851851852,市值加權・可交易性篩選後
2020-12-06,137,0.0012880616110551078,28,0.0062327365130904165,27,-0.011344740835456814,27,-0.014770142806025392,27,0.004548348992715075,28,0.0032602873816599673,0.42857142857142855,0.25,0.3392857142857143,市值加權・可交易性篩選後
2020-12-13,136,-0.0015232574169960025,28,-0.0005410101131215419,27,0.02439967873718436,27,0.0019267669413767408,27,-0.00038106226472261074,27,0.0011421951522733917,0.37037037037037035,0.21428571428571427,0.2923280423280423,市值加權・可交易性篩選後
2020-12-20,133,0.0013141396706410672,27,0.01756171069486677,26,0.014959152094666008,27,-0.007205845685291483,26,0.02720471240314683,27,0.025890572732505765,0.48148148148148145,0.37037037037037035,0.42592592592592593,市值加權・可交易性篩選後
2020-12-27,139,0.007998772749883453,28,0.018606386425748935,28,0.012525860722074227,27,0.00953968940308044,28,0.03360348856997309,28,0.025604715820089635,0.5357142857142857,0.32142857142857145,0.4285714285714286,市值加權・可交易性篩選後
2021-01-03,142,0.07093414251105817,29,0.008941407463999415,28,-0.026975063413742513,28,0.005997404870537599,28,0.08228551355924196,29,0.01135137104818379,0.4482758620689655,0.3448275862068966,0.39655172413793105,市值加權・可交易性篩選後
2021-01-10,143,0.016994532368842817,29,-0.028788889130275934,28,-0.02643508469362747,29,0.020432870573701495,28,0.026892406816475846,29,0.009897874447633029,0.5172413793103449,0.3448275862068966,0.4310344827586207,市值加權・可交易性篩選後
2021-01-17,145,-0.02211759207284533,29,0.009473577336156225,29,-0.03713071727476527,29,-0.0007176365156995112,29,0.06296333010346467,29,0.08508092217631,0.3448275862068966,0.2413793103448276,0.2931034482758621,市值加權・可交易性篩選後
2021-01-24,138,-0.0353387824899294,28,-0.039026075270056845,27,-0.023386562351242573,28,-0.04821474546703757,27,-0.0758761821017672,28,-0.040537399611837804,0.42857142857142855,0.32142857142857145,0.375,市值加權・可交易性篩選後
2021-01-31,133,0.04067211023841889,27,0.023712171779608108,26,0.03406023000463524,27,0.02778305353231584,26,0.053130793992823076,27,0.012458683754404183,0.4444444444444444,0.4074074074074074,0.42592592592592593,市值加權・可交易性篩選後
2021-02-21,129,-0.06822096145892104,26,0.016665219535839847,26,0.007309544554588084,25,0.03261474592141305,26,0.01609473333034637,26,0.0843156947892674,0.5769230769230769,0.46153846153846156,0.5192307692307692,市值加權・可交易性篩選後
2021-02-28,144,-0.04243653292503405,29,-0.018759127365981544,29,-0.0054382111797444755,28,-0.005552941593279133,29,-0.0276978936735677,29,0.014738639251466349,0.41379310344827586,0.27586206896551724,0.3448275862068966,市值加權・可交易性篩選後
2021-03-07,130,0.01123766043921096,26,0.013282935700961496,26,0.018510942997294878,26,0.010110536916010085,26,0.025869467873773522,26,0.014631807434562563,0.46153846153846156,0.19230769230769232,0.3269230769230769,市值加權・可交易性篩選後
2021-03-14,137,-0.02477708596397186,28,-0.013830454694998395,27,-0.004797468687645007,27,-0.010802843234092993,27,-0.026902758988856114,28,-0.0021256730248842524,0.35714285714285715,0.32142857142857145,0.3392857142857143,市值加權・可交易性篩選後
2021-03-21,140,0.02459601230106527,28,0.04010361677992419,28,0.027340355743605403,28,0.023044503367529025,28,0.006826292603458136,28,-0.017769719697607135,0.7142857142857143,0.5,0.6071428571428572,市值加權・可交易性篩選後
2021-03-28,143,-0.010324696854865858,29,0.00857512392858728,28,0.017573244776633027,29,0.011342431168945389,28,0.007856317855855196,29,0.018181014710721054,0.6206896551724138,0.4482758620689655,0.5344827586206897,市值加權・可交易性篩選後
2021-04-04,142,-0.0016653770487436142,29,0.01231930513461624,28,0.010043116148654274,28,0.02182306834647137,28,0.022341795443222585,29,0.024007172491966197,0.7586206896551724,0.5517241379310345,0.6551724137931034,市值加權・可交易性篩選後
2021-04-11,143,0.0022152603374555437,29,0.047871155943954635,28,0.050487333223899186,29,0.02097476565763652,28,0.09235371221763564,29,0.09013845188018009,0.5862068965517241,0.27586206896551724,0.43103448275862066,市值加權・可交易性篩選後
2021-04-18,154,0.013518425390010509,31,-0.002766508952853294,31,0.02174112140093148,30,0.03604871622889901,31,0.009227351710996297,31,-0.004291073679014212,0.4838709677419355,0.25806451612903225,0.3709677419354839,市值加權・可交易性篩選後
2021-04-25,158,-0.007007002029140001,32,0.014834952303530555,31,0.023588856191053952,32,-0.02464512403350716,31,0.02215997890650323,32,0.02916698093564323,0.46875,0.34375,0.40625,市值加權・可交易性篩選後
2021-05-02,157,0.005558107426442402,32,-0.013069494521056994,31,-0.028965324887990817,31,-0.049088526345310204,31,-0.015533094441304905,32,-0.02109120186774731,0.3125,0.21875,0.265625,市值加權・可交易性篩選後
2021-05-09,159,-0.10188478087294944,32,-0.08562102597044188,32,-0.06265117782214384,31,-0.10678932021179824,32,-0.08205148551403649,32,0.019833295358912956,0.21875,0.15625,0.1875,市值加權・可交易性篩選後
2021-05-16,165,0.0860942567218352,33,0.04874655792044895,33,0.09045872225718957,33,0.07177625240662844,33,0.06462831779870706,33,-0.021465938923128133,0.7575757575757576,0.3333333333333333,0.5454545454545454,市值加權・可交易性篩選後
2021-05-23,160,0.03149745171115626,32,0.04070994922803434,32,0.034168276203687245,32,0.05707885713175035,32,0.06539392032287804,32,0.033896468611721776,0.8125,0.6875,0.75,市值加權・可交易性篩選後
2021-05-30,161,0.003584040016805128,33,0.04901252112953771,32,0.023741308552925017,32,0.00938040170990965,32,0.029541566044042733,32,0.025957526027237606,0.6875,0.5151515151515151,0.6013257575757576,市值加權・可交易性篩選後
2021-06-06,165,0.008709551243397253,33,-0.010951415618458547,33,-0.004496284938143218,33,-0.008987181817094922,33,-0.012481181794916913,33,-0.021190733038314168,0.5757575757575758,0.36363636363636365,0.4696969696969697,市值加權・可交易性篩選後
2021-06-13,164,-0.004941675606699216,33,-0.004085943068184156,33,-0.02948097575143336,32,-0.005839465847282909,33,0.08471916704703897,33,0.08966084265373818,0.5454545454545454,0.42424242424242425,0.48484848484848486,市值加權・可交易性篩選後
2021-06-20,159,0.04449568288006761,32,0.03832316032073082,32,0.051883717478915875,31,0.011935642269119692,32,0.007212530252806318,32,-0.03728315262726129,0.6875,0.3125,0.5,市值加權・可交易性篩選後
2021-06-27,164,0.00794178588400046,33,0.037594958091985715,33,0.01692632489118398,32,-0.0038529641264200996,33,0.016945446949454282,33,0.009003661065453823,0.5151515151515151,0.36363636363636365,0.4393939393939394,市值加權・可交易性篩選後
2021-07-04,168,-0.0012144517395275343,34,0.0025133221895947935,33,-0.01842983988388263,34,0.00202921204554196,33,-0.016313994497004658,34,-0.015099542757477123,0.5,0.29411764705882354,0.3970588235294118,市值加權・可交易性篩選後
2021-07-11,171,-0.010070979932278708,35,0.0014220910292849147,34,-0.02573886468453527,34,-0.004260992237250486,34,-0.015542917627938375,34,-0.005471937695659667,0.47058823529411764,0.3142857142857143,0.39243697478991596,市值加權・可交易性篩選後
2021-07-18,168,-0.003677754007898996,34,-0.005138356695982062,33,-0.009877505457382854,34,0.002075560156844788,33,-0.015596735313589724,34,-0.011918981305690728,0.5,0.5,0.5,市值加權・可交易性篩選後
2021-07-25,171,-0.01362383715018717,35,-0.04580687117070907,34,-0.03396550825861307,34,-0.02060204955588088,34,-0.020784486236600223,34,-0.007160649086413054,0.5,0.37142857142857144,0.4357142857142857,市值加權・可交易性篩選後
2021-08-01,167,0.014501945088982471,34,0.016215209447103397,33,0.0050272951026063524,33,0.0019294794346915287,33,0.020211734963937918,34,0.0057097898749554465,0.47058823529411764,0.2647058823529412,0.36764705882352944,市值加權・可交易性篩選後
2021-08-08,160,-0.017668466118417984,32,-0.06009073243678918,32,-0.03017811455411747,32,-0.042967266432842835,32,-0.04243190086338542,32,-0.024763434744967436,0.46875,0.3125,0.390625,市值加權・可交易性篩選後
2021-08-15,160,-0.04828839902474472,32,-0.039629450398295275,32,-0.03633272539960194,32,-0.033059066070692505,32,-0.02849868306395481,32,0.019789715960789912,0.40625,0.25,0.328125,市值加權・可交易性篩選後
2021-08-22,164,0.029766812540907354,33,0.031438683626259734,33,0.039603757658903616,32,0.025410167880300878,33,0.06029867943364164,33,0.030531866892734284,0.36363636363636365,0.42424242424242425,0.3939393939393939,市值加權・可交易性篩選後
2021-08-29,154,0.0141419963880548,31,0.025909490568660765,31,0.014269204813643554,30,-0.004267430399393416,31,0.022097404601023624,31,0.007955408212968824,0.6451612903225806,0.4838709677419355,0.564516129032258,市值加權・可交易性篩選後
2021-09-05,153,-0.0006675417310559019,31,-0.0041077352579687145,30,-0.007817736057431019,31,-0.013581583072707399,30,3.584057117549837e-05,31,0.0007033823022314003,0.45161290322580644,0.3548387096774194,0.4032258064516129,市值加權・可交易性篩選後
2021-09-12,151,-0.02220915486346598,31,0.01048325156311061,30,5.559359624624836e-05,30,-0.0016690335078011326,30,-0.015788385897482594,30,0.006420768965983387,0.43333333333333335,0.3225806451612903,0.3779569892473118,市值加權・可交易性篩選後
2021-09-19,152,0.02439037510437895,31,0.009345676021404542,30,0.013743135907838822,30,0.009741821237340041,30,0.023369682226021298,31,-0.0010206928783576506,0.6129032258064516,0.41935483870967744,0.5161290322580645,市值加權・可交易性篩選後
2021-09-26,143,-0.045610930006119176,29,-0.03774937936568545,28,-0.023077402368869824,29,-0.021841686973383085,28,-0.036356932665172696,29,0.00925399734094648,0.2413793103448276,0.2413793103448276,0.2413793103448276,市值加權・可交易性篩選後
2021-10-03,159,7.059006626784636e-07,32,-0.003162934848997799,32,-0.025470100559104366,31,0.014762955549902028,32,-0.002477566665177846,32,-0.0024782725658405243,0.65625,0.4375,0.546875,市值加權・可交易性篩選後
2021-10-10,159,0.04319576705140002,32,0.01589527675648624,32,0.014197763216635764,31,0.00481691787015343,32,-0.002851844390597036,32,-0.04604761144199705,0.53125,0.28125,0.40625,市值加權・可交易性篩選後
2021-10-17,153,-0.018632102083870297,31,-0.009643563271396028,30,0.0020605955870315303,31,0.002907803157705279,30,-0.008064744768307671,31,0.010567357315562626,0.3870967741935484,0.3548387096774194,0.3709677419354839,市值加權・可交易性篩選後
2021-10-24,161,0.009848714396615183,33,0.0019977342323101205,32,0.008177135399699243,32,0.008226315130816451,32,-0.009602548497427301,32,-0.019451262894042483,0.34375,0.24242424242424243,0.2930871212121212,市值加權・可交易性篩選後
2021-10-31,156,0.013296069983325139,32,0.006423105981468958,31,0.015182778712390085,31,0.003944939803992648,31,0.026706277891776653,31,0.013410207908451514,0.2903225806451613,0.21875,0.2545362903225806,市值加權・可交易性篩選後
2021-11-07,161,0.0056022308354491375,33,0.02089077598295442,32,0.009479610326844674,32,0.005010669444966431,32,0.004964179113931203,32,-0.0006380517215179345,0.34375,0.2727272727272727,0.30823863636363635,市值加權・可交易性篩選後
2021-11-14,168,0.006329080724797718,34,-0.007544662153402269,33,-0.01687000523164875,34,-0.008153959137519304,33,0.015608286765306869,34,0.00927920604050915,0.5,0.4117647058823529,0.45588235294117646,市值加權・可交易性篩選後
2021-11-21,169,-0.03103039302854955,34,-0.012789406165504303,34,-0.0074426530703881775,33,-0.02035856612599353,34,-0.025264104129818405,34,0.005766288898731146,0.29411764705882354,0.14705882352941177,0.22058823529411764,市值加權・可交易性篩選後
2021-11-28,161,0.027504457236739922,33,0.011197487317873941,32,0.0069488561144102476,32,0.02624457448581884,32,0.03606119368820309,32,0.008556736451463168,0.34375,0.18181818181818182,0.26278409090909094,市值加權・可交易性篩選後
2021-12-05,165,0.02057054427915632,33,0.006699130358068077,33,0.0019503066599633892,33,0.009442151804573215,33,0.0008639975824781086,33,-0.01970654669667821,0.5151515151515151,0.2727272727272727,0.3939393939393939,市值加權・可交易性篩選後
2021-12-12,164,-0.0007105330172935744,33,-0.008316612100369372,33,-0.0019754620438798445,32,-0.012425258415759005,33,-0.013694494312321087,33,-0.012983961295027513,0.6060606060606061,0.36363636363636365,0.48484848484848486,市值加權・可交易性篩選後
2021-12-19,165,0.011516018116509964,33,0.02229182020784678,33,0.006701672897333432,33,0.033204383287992585,33,-0.0022787522768956438,33,-0.013794770393405608,0.30303030303030304,0.2727272727272727,0.28787878787878785,市值加權・可交易性篩選後
2021-12-26,159,0.015760469326115505,32,-0.0037079855452205883,32,0.013698980421458944,31,0.004902004150492838,32,-0.00013795660558548622,32,-0.01589842593170099,0.28125,0.1875,0.234375,市值加權・可交易性篩選後
2022-01-02,161,0.016438369159123535,33,0.003909840107888595,32,-0.028533855704259738,32,-0.0245808906193449,32,-0.020830929573813085,32,-0.03726929873293662,0.3125,0.30303030303030304,0.3077651515151515,市值加權・可交易性篩選後
2022-01-09,165,-0.010295814455988516,33,0.004693201370064349,33,-0.003796859300300869,33,-0.017604888738153888,33,0.05519932962965518,33,0.06549514408564369,0.42424242424242425,0.3333333333333333,0.3787878787878788,市值加權・可交易性篩選後
2022-01-16,166,-0.017112315238721105,34,-0.0189702524758465,33,-0.02162189379393901,33,0.0032873015078548704,33,-0.0600132831379989,33,-0.04290096789927779,0.36363636363636365,0.29411764705882354,0.32887700534759357,市值加權・可交易性篩選後
2022-01-23,161,-0.0012519575116784125,33,-0.044227335948052365,32,-0.019416797837703125,32,-0.011096751443482092,32,-0.007122331870766836,32,-0.005870374359088423,0.34375,0.21212121212121213,0.2779356060606061,市值加權・可交易性篩選後
2022-02-13,164,0.03170304224959727,33,0.003295760567025412,33,-0.010081498016140795,32,0.01865300458951776,33,-0.0034110905669304985,33,-0.03511413281652777,0.5151515151515151,0.5454545454545454,0.5303030303030303,市值加權・可交易性篩選後
2022-02-20,161,-0.012906467364750875,33,-0.01373633544072303,32,-0.01156117796179796,32,-0.016473130472487173,32,-0.04401374146151599,32,-0.031107274096765114,0.4375,0.3939393939393939,0.41571969696969696,市值加權・可交易性篩選後
2022-02-27,167,0.0032411162813347685,34,0.007105157204105208,33,0.021526938072785218,33,0.0030863026987827,33,0.003243253182911756,34,2.1369015769873503e-06,0.29411764705882354,0.17647058823529413,0.23529411764705882,市值加權・可交易性篩選後
2022-03-06,157,-0.009195385566169754,32,-0.016298406593766867,31,-0.0018341061965073935,31,-0.011749437890002238,31,-0.004607842736241132,32,0.0045875428299286215,0.34375,0.125,0.234375,市值加權・可交易性篩選後
2022-03-13,171,0.0018232247475611467,35,-0.05477577512832427,34,0.009229381132484102,34,0.021814429176133403,34,0.01596461473153546,34,0.014141389983974312,0.47058823529411764,0.34285714285714286,0.40672268907563025,市值加權・可交易性篩選後
2022-03-20,162,0.019508261769666618,33,-0.0112725611332072,32,0.010051355071464882,32,0.008366924688035248,32,-0.01770895857051741,33,-0.03721722034018403,0.2727272727272727,0.15151515151515152,0.2121212121212121,市值加權・可交易性篩選後
2022-03-27,166,0.014245019909786454,34,0.011268497728738563,33,0.010948912659549066,33,0.0132633431903783,33,0.00473347468981484,33,-0.009511545219971614,0.5757575757575758,0.35294117647058826,0.464349376114082,市值加權・可交易性篩選後
2022-04-03,166,-0.005068282701894299,34,-0.004996056838247683,33,-0.004860190240722106,33,-0.01956220726415163,33,-0.014942487279109705,33,-0.009874204577215405,0.6666666666666666,0.4117647058823529,0.5392156862745098,市值加權・可交易性篩選後
2022-04-10,158,-0.01083064234698869,32,-0.013673093362302697,31,0.064973472924539,32,-0.032357671818996216,31,-0.004148248688797652,32,0.006682393658191037,0.28125,0.125,0.203125,市值加權・可交易性篩選後
2022-04-17,172,0.011215239239016676,35,0.0018577753720997157,34,0.05556715554912625,34,0.006940387535804426,34,0.000836646400412865,35,-0.010378592838603812,0.42857142857142855,0.3142857142857143,0.37142857142857144,市值加權・可交易性篩選後
2022-04-24,171,-0.015552741973169193,35,-0.0014499809563061536,34,-0.03903546452647166,34,-0.015001622717410793,34,-0.015414817116178012,34,0.00013792485699118048,0.3235294117647059,0.2,0.26176470588235295,市值加權・可交易性篩選後
2022-05-01,177,-0.011996338642724922,36,-0.0058353585674530955,35,-0.009706497827127819,35,0.0061166894848842645,35,-0.012576566448393738,36,-0.0005802278056688155,0.3611111111111111,0.25,0.3055555555555556,市值加權・可交易性篩選後
2022-05-08,158,-0.023528779467992554,32,-0.0272805344119008,31,-0.042342794474027314,32,-0.04264567001744266,31,-0.03258183284248442,32,-0.009053053374491866,0.4375,0.28125,0.359375,市值加權・可交易性篩選後
2022-05-15,171,0.016303605900933056,35,0.015990478754195785,34,0.009628531370260396,34,0.009618859022416396,34,-0.008623044142110051,34,-0.024926650043043105,0.5,0.37142857142857144,0.4357142857142857,市值加權・可交易性篩選後
2022-05-22,161,0.008992375380412206,33,0.0009673648733318941,32,0.005336873458918899,32,0.0008053777007071273,32,0.0003756025678415024,32,-0.008616772812570703,0.40625,0.3333333333333333,0.36979166666666663,市值加權・可交易性篩選後
2022-05-29,157,0.002443034358418043,32,0.0026612091669588134,31,0.003974496634054379,31,0.013078090185526442,31,0.004837693328790999,32,0.0023946589703729565,0.3125,0.21875,0.265625,市值加權・可交易性篩選後
2022-06-05,156,-0.020357710075932376,32,-0.004950725465978071,31,-0.008372156158561463,31,-0.001191724678591949,31,-0.002009311565090617,31,0.01834839851084176,0.3548387096774194,0.25,0.3024193548387097,市值加權・可交易性篩選後
2022-06-12,157,-0.029787616140036187,32,-0.01585610314075781,31,-0.030690445647705334,31,-0.03189308002574676,31,-0.01615847832629455,32,0.013629137813741636,0.34375,0.25,0.296875,市值加權・可交易性篩選後
2022-06-19,168,-0.03903534933445634,34,-0.022635525184749844,33,0.00241051707911669,34,-0.00844292613231112,33,-0.010355710170979675,34,0.028679639163476666,0.35294117647058826,0.3235294117647059,0.3382352941176471,市值加權・可交易性篩選後
2022-06-26,173,-0.03337518963059856,35,-0.08087994112256194,34,-0.0578387476427855,35,-0.08328822842811646,34,-0.054693006932250085,35,-0.021317817301651526,0.2571428571428571,0.3142857142857143,0.2857142857142857,市值加權・可交易性篩選後
2022-07-03,169,-0.00791272523451384,34,-0.07908694918655314,34,0.021268153512478377,33,0.007652959153442079,34,0.05235330471015824,34,0.06026602994467208,0.7058823529411765,0.29411764705882354,0.5,市值加權・可交易性篩選後
2022-07-10,161,0.0444766929114684,33,-0.01379887359523034,32,-0.011721868139209519,32,-0.00800589666025781,32,-0.003398457493957141,32,-0.04787515040542554,0.90625,0.6060606060606061,0.756155303030303,市值加權・可交易性篩選後
2022-07-17,157,0.02530031837128197,32,0.02772305906549921,31,0.024922593509537377,31,0.021866922729586076,31,0.017749350828334527,32,-0.007550967542947443,0.46875,0.3125,0.390625,市值加權・可交易性篩選後
2022-07-24,157,0.030997387702034782,32,0.016784177206809102,31,0.009376256443122096,31,0.025915011522276817,31,0.014140049182521326,32,-0.016857338519513456,0.28125,0.15625,0.21875,市值加權・可交易性篩選後
2022-07-31,153,0.014312322992675184,31,-0.020565872614118016,30,-0.018553925112216815,31,-0.008726789789617714,30,0.008041900725050259,31,-0.006270422267624925,0.22580645161290322,0.1935483870967742,0.2096774193548387,市值加權・可交易性篩選後
2022-08-07,162,0.02496187934777637,33,0.02123070835705427,32,0.032415099190229356,32,0.030920947542527864,32,0.019044169643487336,33,-0.0059177097042890335,0.3939393939393939,0.45454545454545453,0.4242424242424242,市值加權・可交易性篩選後
2022-08-14,158,-0.002813217773958048,32,0.0067822486425377,31,0.012192456259388506,32,0.006181242544664022,31,0.0064251057808365495,32,0.009238323554794597,0.4375,0.40625,0.421875,市值加權・可交易性篩選後
2022-08-21,162,0.0017768608633579983,33,0.009804675966591956,32,0.021767528383781775,32,0.010434594709870874,32,0.00683195102828051,33,0.005055090164922511,0.48484848484848486,0.30303030303030304,0.3939393939393939,市值加權・可交易性篩選後
2022-08-28,160,-0.028630787893217397,32,-0.007653403583730906,32,0.003970181076993151,32,0.005216132861353062,32,-0.02079458945007533,32,0.007836198443142067,0.5,0.375,0.4375,市值加權・可交易性篩選後
2022-09-04,158,-0.014622123662910927,32,0.009847413222849096,31,-0.016441023299496208,32,-0.007204678111795547,31,0.0073776545524650485,32,0.021999778215375975,0.53125,0.53125,0.53125,市值加權・可交易性篩選後
2022-09-11,155,-0.016449157780468245,31,-0.02616073820076373,31,-0.004034979992549019,31,0.026583727924462324,31,-0.007150342602023187,31,0.009298815178445058,0.3548387096774194,0.2903225806451613,0.32258064516129037,市值加權・可交易性篩選後
2022-09-18,151,-0.017213229850892693,31,-0.016022483255582937,30,-0.03421799474835473,30,-0.050383765644976625,30,-0.036304125604710635,30,-0.019090895753817942,0.26666666666666666,0.22580645161290322,0.24623655913978493,市值加權・可交易性篩選後
2022-09-25,153,-0.007641092799513846,31,-0.014109429089995174,30,-0.03196774139756699,31,-0.03641547309877004,30,-0.04712800362389697,31,-0.039486910824383124,0.1935483870967742,0.16129032258064516,0.1774193548387097,市值加權・可交易性篩選後
2022-10-02,157,0.027020639157092345,32,0.004617099309386541,31,0.038552432553859914,31,0.027657797585591844,31,0.04759160571914601,32,0.020570966562053664,0.21875,0.21875,0.21875,市值加權・可交易性篩選後
2022-10-09,153,-0.018143890720437504,31,-0.006805606575384729,30,-0.025978715055110235,31,-0.016311669501160923,30,0.008002744600451186,31,0.026146635320888692,0.3225806451612903,0.1935483870967742,0.25806451612903225,市值加權・可交易性篩選後
2022-10-16,153,0.007033644079380734,31,-0.001276082690601862,30,-0.006219372265760072,31,-0.01605816044198526,30,-0.022604637946433036,31,-0.02963828202581377,0.3548387096774194,0.22580645161290322,0.2903225806451613,市值加權・可交易性篩選後
2022-10-23,150,-0.015652915382271315,30,-0.037822641915494545,30,-0.002008461631333262,30,-0.03403574728051377,30,-0.013734865640766269,30,0.0019180497415050464,0.4,0.43333333333333335,0.4166666666666667,市值加權・可交易性篩選後
2022-10-30,146,-0.006578499916762939,30,0.010390102047952444,29,0.011412500714374251,29,0.037552121387902405,29,0.011000585729993215,29,0.017579085646756153,0.41379310344827586,0.43333333333333335,0.4235632183908046,市值加權・可交易性篩選後
2022-11-06,136,0.03983379763263399,28,0.03919860523489636,27,0.060277096686186374,27,0.03102842142008117,27,0.10043953720949021,27,0.06060573957685622,0.3333333333333333,0.32142857142857145,0.3273809523809524,市值加權・可交易性篩選後
2022-11-13,153,0.06114456342400713,31,0.007364531644796227,30,0.014784957487236036,31,0.01635648752712637,30,0.006502661729388297,31,-0.05464190169461883,0.3225806451612903,0.3225806451612903,0.3225806451612903,市值加權・可交易性篩選後
2022-11-20,155,0.017617484647638158,31,0.015782223614090412,31,0.01667097269728972,31,0.002518928346574177,31,0.022012187156891235,31,0.0043947025092530775,0.22580645161290322,0.1935483870967742,0.2096774193548387,市值加權・可交易性篩選後
2022-11-27,151,0.018404335947050845,31,0.018888985161714035,30,0.06470558262884181,30,0.04260357714878217,30,0.006872368408464112,30,-0.011531967538586733,0.13333333333333333,0.16129032258064516,0.14731182795698924,市值加權・可交易性篩選後
2022-12-04,153,-0.02294419924480814,31,-0.012520455911986004,30,-0.021132199730162997,31,-0.03140413460411635,30,-0.017771070195768197,31,0.005173129049039944,0.3225806451612903,0.1935483870967742,0.25806451612903225,市值加權・可交易性篩選後
2022-12-11,152,-0.003031064499434724,31,0.003611722643630809,30,0.006646006994449805,30,0.0035860237742984433,30,-0.0006829790473210792,31,0.002348085452113645,0.3225806451612903,0.2903225806451613,0.3064516129032258,市值加權・可交易性篩選後
2022-12-18,148,0.0034176458478625154,30,-0.011497366312037233,29,-0.01520934508300473,30,-0.02209782478050989,29,-0.01822952057946349,30,-0.021647166427326007,0.23333333333333334,0.16666666666666666,0.2,市值加權・可交易性篩選後
2022-12-25,146,-0.012425021028239851,30,0.006027577751020389,29,-0.011456960945494121,29,0.0010065224265089093,29,-0.009440765381986274,29,0.0029842556462535766,0.3793103448275862,0.3,0.33965517241379306,市值加權・可交易性篩選後
2023-01-01,148,0.026213402965076085,30,0.02059929036247337,29,0.013575780990975258,30,0.00020144633631348255,29,-0.0033688052485759037,30,-0.02958220821365199,0.4,0.3333333333333333,0.3666666666666667,市值加權・可交易性篩選後
2023-01-08,136,0.0557352995464188,28,-0.0017124472030151795,27,0.000691947162020058,27,-0.0025861412988885404,27,0.009290338147789857,27,-0.04644496139862894,0.4444444444444444,0.21428571428571427,0.32936507936507936,市值加權・可交易性篩選後
2023-01-15,153,-0.00015450426364776632,31,0.005048704151983684,30,0.009716779052763792,31,-0.0016369019829624238,30,-0.004266572612294311,31,-0.004112068348646545,0.41935483870967744,0.3225806451612903,0.3709677419354839,市值加權・可交易性篩選後
2023-02-05,148,-0.01263729002320222,30,5.2224515892806644e-05,29,-0.01661451327232482,30,-0.0013710482908860747,29,0.021196952988949854,30,0.03383424301215207,0.16666666666666666,0.3,0.23333333333333334,市值加權・可交易性篩選後
2023-02-12,150,-0.03281328110830248,30,0.02281179335147808,30,0.017049562835006686,30,0.02084971764257042,30,0.022009664338847917,30,0.0548229454471504,0.26666666666666666,0.13333333333333333,0.2,市值加權・可交易性篩選後
2023-02-19,149,-0.004305150139934752,30,0.011257855943536335,30,0.014203984133067357,29,0.005627022800966226,30,0.01034230207364978,30,0.014647452213584532,0.4,0.26666666666666666,0.33333333333333337,市值加權・可交易性篩選後
2023-02-26,151,0.02113762414396984,31,0.010265667378985613,30,0.007495206655407777,30,0.0053961991494070214,30,0.01162531996879358,30,-0.00951230417517626,0.4,0.3548387096774194,0.3774193548387097,市值加權・可交易性篩選後
2023-03-05,147,-0.013144981678940938,30,-0.017308525095145962,29,-0.01602655490688755,29,-0.01673582999311128,29,-0.01324529851166815,30,-0.00010031683272721144,0.3,0.2,0.25,市值加權・可交易性篩選後
2023-03-12,158,0.012988935192640797,32,-0.0016327597125951972,31,-0.01387896816584327,32,-0.023229406900545216,31,-0.028186864191669395,32,-0.041175799384310194,0.375,0.28125,0.328125,市值加權・可交易性篩選後
2023-03-19,156,0.014625198589191025,32,0.011518603266169502,31,0.041357843388286,31,0.046448838966150416,31,0.04008464452849057,31,0.02545944593929955,0.22580645161290322,0.25,0.23790322580645162,市值加權・可交易性篩選後
2023-03-26,156,-0.0008263628145285044,32,0.010212630307515293,31,-0.0034280687407620886,31,-0.0033118144222170835,31,-0.0031992806247421565,31,-0.0023729178102136522,0.41935483870967744,0.28125,0.35030241935483875,市值加權・可交易性篩選後
2023-04-02,152,-0.005780532806199937,31,-0.00262021808981422,30,0.01704462589117494,30,-0.0008426027662650155,30,0.0027272548449602746,31,0.008507787651160212,0.3870967741935484,0.3225806451612903,0.3548387096774194,市值加權・可交易性篩選後
2023-04-09,124,0.01685057248286533,25,0.008361239317772032,25,0.044495319969902934,24,0.04225460350845766,25,-0.022223923629743576,25,-0.03907449611260891,0.28,0.12,0.2,市值加權・可交易性篩選後
2023-04-16,158,-0.032500968002144144,32,-0.01240945335534483,31,-0.01387848505333793,32,-0.03005746466248376,31,-0.015562239289079006,32,0.01693872871306514,0.4375,0.40625,0.421875,市值加權・可交易性篩選後
2023-04-23,157,-0.006980329495901575,32,0.009989127814993528,31,0.0035482190974990614,31,0.01212506534428217,31,-0.0034172529459689624,32,0.003563076549932613,0.34375,0.375,0.359375,市值加權・可交易性篩選後
2023-04-30,156,0.0008883080324830972,32,0.006706293058213308,31,-0.0036202295379417246,31,0.0017166701900413208,31,-0.011790949587564901,31,-0.012679257620047998,0.3225806451612903,0.3125,0.31754032258064513,市值加權・可交易性篩選後
2023-05-07,152,-0.022582665074801445,31,-0.015082474034767372,30,-0.033639023555723506,30,-0.008994634325752772,30,-0.023100395371370607,31,-0.0005177302965691626,0.2903225806451613,0.25806451612903225,0.27419354838709675,市值加權・可交易性篩選後
2023-05-14,158,0.0611851281367128,32,0.02972699606055144,31,0.02087999087949922,32,0.031123853358049715,31,0.023803255658690264,32,-0.037381872478022535,0.3125,0.21875,0.265625,市值加權・可交易性篩選後
2023-05-21,161,0.05134525542593214,33,-0.0059764818124477224,32,-0.008743922478119968,32,0.0034007001794586406,32,-0.002675182846529628,32,-0.05402043827246177,0.3125,0.2727272727272727,0.29261363636363635,市值加權・可交易性篩選後
2023-05-28,155,0.004290849083657321,31,-0.0013115515591539857,31,0.020128396608125015,31,0.0030533691958070405,31,-0.012575835348995349,31,-0.01686668443265267,0.25806451612903225,0.1935483870967742,0.22580645161290322,市值加權・可交易性篩選後
2023-06-04,155,0.006326223852069476,31,0.014052733174500055,31,0.004047338110739442,31,0.01657755665307879,31,0.007923043485398846,31,0.0015968196333293692,0.45161290322580644,0.3225806451612903,0.3870967741935484,市值加權・可交易性篩選後
2023-06-11,159,0.03007228050649844,32,0.008617073568002316,32,0.01803831147163417,31,0.015877891265687935,32,0.03239942854217023,32,0.002327148035671793,0.53125,0.5,0.515625,市值加權・可交易性篩選後
2023-06-18,163,0.0005247464441788987,33,0.0026515525196353063,32,0.004946735030971853,33,0.0004240808350293159,32,-0.0016150326747198308,33,-0.0021397791188987295,0.5757575757575758,0.48484848484848486,0.5303030303030303,市值加權・可交易性篩選後
2023-06-25,149,-0.01630059417304594,30,0.0005568202530071774,30,-0.014438135517124685,29,-0.005675577747548225,30,-0.0003467384802938009,30,0.01595385569275214,0.5333333333333333,0.5,0.5166666666666666,市值加權・可交易性篩選後
2023-07-02,155,-0.02545874705057734,31,-0.025068903942040217,31,-0.012907352510828612,31,-0.0009252147191469154,31,-0.005426754103123391,31,0.02003199294745395,0.22580645161290322,0.16129032258064516,0.1935483870967742,市值加權・可交易性篩選後
2023-07-09,159,0.039749136681413076,32,0.007051996073005342,32,-0.0030912612599927193,31,0.014035949930953771,32,0.012045863685630714,32,-0.02770327299578236,0.125,0.21875,0.171875,市值加權・可交易性篩選後
2023-07-16,158,-0.039539705486491696,32,-0.0131322244273391,31,0.005724741023426348,32,-0.01611862698885108,31,-0.019999197800101395,32,0.0195405076863903,0.1875,0.15625,0.171875,市值加權・可交易性篩選後
2023-07-23,156,0.011417531988015943,32,0.017276141589454112,31,0.0160980226504704,31,0.015388263966184491,31,0.018042314738566507,31,0.006624782750550564,0.25806451612903225,0.25,0.2540322580645161,市值加權・可交易性篩選後
2023-07-30,155,-0.03002124641497028,31,-0.004428663583724201,31,-0.01820154139085828,31,-0.03987556395823447,31,-0.008556033162949745,31,0.021465213252020533,0.2903225806451613,0.25806451612903225,0.27419354838709675,市值加權・可交易性篩選後
2023-08-06,149,-0.00994098823864793,30,-0.03116278592866099,30,-0.051869017222552195,29,-0.013499444021858922,30,-0.01969302419134532,30,-0.00975203595269739,0.36666666666666664,0.26666666666666666,0.31666666666666665,市值加權・可交易性篩選後
2023-08-13,153,-0.007764298000403837,31,-0.022184393508958077,30,-0.02404494083973104,31,-0.009864520257824477,30,-0.03074154486550865,31,-0.022977246865104814,0.3548387096774194,0.25806451612903225,0.3064516129032258,市值加權・可交易性篩選後
2023-08-20,153,-0.0005302241778355506,31,-0.013062111749670952,30,-0.009860595833477825,31,0.015360502995512875,30,0.00270539685248643,31,0.0032356210303219808,0.2903225806451613,0.3225806451612903,0.3064516129032258,市值加權・可交易性篩選後
2023-08-27,144,0.005439001439006284,29,0.015140649487891848,29,0.04732005139244074,28,0.014062135824595751,29,0.0023409324012324245,29,-0.0030980690377738597,0.2413793103448276,0.1724137931034483,0.20689655172413796,市值加權・可交易性篩選後
2023-09-03,139,-0.015106987409323052,28,-0.0010006336544673476,28,-0.014285317282469253,27,0.010421203700872758,28,-0.010820592034441481,28,0.00428639537488157,0.2857142857142857,0.17857142857142858,0.23214285714285715,市值加權・可交易性篩選後
2023-09-10,145,0.0329404106409188,29,0.025869890156622853,29,0.010665129242842379,29,0.01791447455880538,29,0.014607024954038055,29,-0.018333385686880747,0.27586206896551724,0.27586206896551724,0.27586206896551724,市值加權・可交易性篩選後
2023-09-17,146,-0.018973667406513614,30,-0.009063862397580363,29,-0.012297811653341685,29,-0.014997988798998975,29,-0.04431777778551975,29,-0.025344110379006135,0.2413793103448276,0.23333333333333334,0.23735632183908045,市值加權・可交易性篩選後
2023-09-24,146,-0.009162272307568388,30,0.004647827979006174,29,0.0018801567913310127,29,-0.006220282976025704,29,0.0014858707961055268,29,0.010648143103673915,0.2413793103448276,0.23333333333333334,0.23735632183908045,市值加權・可交易性篩選後
2023-10-01,132,-0.004604809158068792,27,-0.010730070995300663,26,-0.004878865509964038,26,-0.0019765342952336408,26,0.003224515637333513,27,0.007829324795402305,0.18518518518518517,0.18518518518518517,0.18518518518518517,市值加權・可交易性篩選後
2023-10-08,139,0.01288316191056537,28,-0.009095530923261229,28,-0.008626058286811785,27,0.001448524227899134,28,-0.0014724620116837429,28,-0.014355623922249114,0.2857142857142857,0.2857142857142857,0.2857142857142857,市值加權・可交易性篩選後
2023-10-15,130,-0.011639482045819485,26,-0.03339903792824373,26,-0.03332568226286024,26,-0.041090879118731306,26,0.010957640255201136,26,0.022597122301020622,0.23076923076923078,0.23076923076923078,0.23076923076923078,市值加權・可交易性篩選後
2023-10-22,145,-0.005430503249817181,29,0.005448626797036526,29,-0.020418695053052684,29,-0.010026179556608656,29,-0.03191220704184993,29,-0.02648170379203275,0.3103448275862069,0.2413793103448276,0.27586206896551724,市值加權・可交易性篩選後
2023-10-29,138,0.03258386152583302,28,0.017766208160433856,27,-0.00392974426849617,28,0.005498771334946524,27,0.002488278535682478,28,-0.030095582990150544,0.32142857142857145,0.32142857142857145,0.32142857142857145,市值加權・可交易性篩選後
2023-11-05,139,0.0028378157140240127,28,-0.005203359807242159,28,0.012458063945876887,27,-0.018860649407024473,28,0.0019283462877795823,28,-0.0009094694262444304,0.17857142857142858,0.21428571428571427,0.19642857142857142,市值加權・可交易性篩選後
2023-11-12,144,0.01760173501317216,29,0.03790021585478589,29,0.024898462675002318,28,0.014145465676969112,29,0.006523957888530989,29,-0.011077777124641173,0.2413793103448276,0.3793103448275862,0.3103448275862069,市值加權・可交易性篩選後
2023-11-19,152,0.001201493634765891,31,0.011579207185648187,30,0.016765373705441372,30,0.008658737160393136,30,0.0012375710640681148,31,3.607742930222379e-05,0.25806451612903225,0.22580645161290322,0.24193548387096775,市值加權・可交易性篩選後
2023-11-26,149,0.008364368803720323,30,-0.007355946673837146,30,0.015860364232428592,29,0.005897732841531825,30,-0.00020839464915120733,30,-0.00857276345287153,0.26666666666666666,0.13333333333333333,0.2,市值加權・可交易性篩選後
2023-12-03,146,-0.015701484465351273,30,0.0009390921751038777,29,-0.010235450327083624,29,0.002560814045200154,29,-0.00625375036599776,29,0.009447734099353514,0.3793103448275862,0.16666666666666666,0.2729885057471264,市值加權・可交易性篩選後
2023-12-10,153,0.02358855657869757,31,-0.0073764116212483724,30,0.012579583008911238,31,0.005491898807050683,30,0.01714325240398022,31,-0.006445304174717351,0.45161290322580644,0.3548387096774194,0.4032258064516129,市值加權・可交易性篩選後
2023-12-17,153,0.00639817025716653,31,0.00279261985343263,30,-0.02297773509284446,31,-0.0016325858196032177,30,-0.023584273882687697,31,-0.029982444139854226,0.4838709677419355,0.3870967741935484,0.43548387096774194,市值加權・可交易性篩選後
2023-12-24,150,0.017880712006825065,30,0.009787954384930566,30,0.007822434794470918,30,0.010260773694333753,30,0.0013612266839556698,30,-0.016519485322869395,0.26666666666666666,0.2,0.23333333333333334,市值加權・可交易性篩選後
2023-12-31,146,-0.017095246204096616,30,-0.010100237019208681,29,-0.012611038745960548,29,-0.0013142689467082176,29,-0.018518507288179758,29,-0.0014232610840831418,0.3793103448275862,0.23333333333333334,0.30632183908045973,市值加權・可交易性篩選後
2024-01-07,137,-0.02208973900854445,28,-0.026279917220368054,27,-0.028006434937062865,27,-0.015991466343785017,27,-0.0006049629925147263,28,0.021484776016029723,0.5,0.35714285714285715,0.4285714285714286,市值加權・可交易性篩選後
2024-01-14,149,-0.019841841819982543,30,0.0500757016953569,30,-0.034841229630224776,29,-0.019284804555223987,30,-0.050527355279862636,30,-0.030685513459880093,0.3,0.16666666666666666,0.23333333333333334,市值加權・可交易性篩選後
2024-01-21,147,0.010412048152370334,30,0.017373941488276663,29,0.02079775683375064,29,0.0036173695144687246,29,0.01658413361921343,30,0.006172085466843098,0.2,0.13333333333333333,0.16666666666666669,市值加權・可交易性篩選後
2024-01-28,136,0.005070703490849282,28,0.00910449546337822,27,-0.0038369977079744906,27,-0.010812031664690887,27,-0.013308606510805314,27,-0.018379310001654596,0.2222222222222222,0.14285714285714285,0.18253968253968253,市值加權・可交易性篩選後
2024-02-04,139,0.0010390966855441256,28,0.0002718482498185116,28,-0.005797451414803434,27,0.0032276218891920602,28,0.0006357125796905781,28,-0.0004033841058535475,0.21428571428571427,0.2857142857142857,0.25,市值加權・可交易性篩選後
2024-02-11,92,-0.029422674006454704,19,0.012112558697487444,18,0.01638228577276001,18,0.005747809883592855,18,0.011145274855555363,19,0.04056794886201007,0.2631578947368421,0.2631578947368421,0.2631578947368421,市值加權・可交易性篩選後
2024-02-18,137,0.027188985739487147,28,-0.008447585885234426,27,0.0007723611166359975,27,0.011958387296911307,27,0.02970281655651634,28,0.0025138308170291924,0.42857142857142855,0.42857142857142855,0.42857142857142855,市值加權・可交易性篩選後
2024-02-25,151,2.6097917289149617e-05,31,0.007307937102675169,30,-0.002686297584776361,30,0.005624608998549911,30,-0.01313020918768521,30,-0.01315630710497436,0.26666666666666666,0.25806451612903225,0.26236559139784943,市值加權・可交易性篩選後
2024-03-03,146,0.008560015317833994,30,-0.013801442549382988,29,-0.0113249054751104,29,0.02064328916255251,29,0.0806292676816456,29,0.0720692523638116,0.3793103448275862,0.5,0.4396551724137931,市值加權・可交易性篩選後
2024-03-10,150,0.06317521144566446,30,0.030154278959744686,30,0.0048712851244512795,30,0.023144022949057957,30,-0.014353356950493217,30,-0.07752856839615768,0.4,0.36666666666666664,0.3833333333333333,市值加權・可交易性篩選後
2024-03-17,153,-0.001703489429663785,31,0.026153933866892184,30,0.01536918777272698,31,-0.015956516891341137,30,0.04755455491728888,31,0.04925804434695267,0.6129032258064516,0.3225806451612903,0.467741935483871,市值加權・可交易性篩選後
2024-03-24,150,-0.0092042472424383,30,0.022323874905810438,30,-0.00036407001308902436,30,0.007001309672018299,30,-0.002293577281067596,30,0.006910669961370705,0.5666666666666667,0.5666666666666667,0.5666666666666667,市值加權・可交易性篩選後
2024-03-31,153,-0.008926234633204072,31,-0.02128955909118673,30,0.0014618374947307534,31,-0.002894257424777035,30,0.0027243069554505213,31,0.011650541588654594,0.5806451612903226,0.41935483870967744,0.5,市值加權・可交易性篩選後
2024-04-07,143,0.03258239678852557,29,0.012432091019524614,28,0.05321280484717273,29,0.017293204083234082,28,-0.02498104663341768,29,-0.05756344342194325,0.7241379310344828,0.5862068965517241,0.6551724137931034,市值加權・可交易性篩選後
2024-04-14,156,-0.037203444078090724,32,-0.06426926103186334,31,-0.03133492168097623,31,-0.012446632993348762,31,-0.0321881398550914,31,0.0050153042229993255,0.6129032258064516,0.4375,0.5252016129032258,市值加權・可交易性篩選後
2024-04-21,160,0.03941492263086642,32,-0.004287376805238757,32,-0.008489066336167651,32,0.002903869629434097,32,0.05245917960132008,32,0.013044256970453659,0.6875,0.5,0.59375,市值加權・可交易性篩選後
2024-04-28,157,-0.011120240661652334,32,0.005952919416631987,31,0.007463647757792259,31,0.007896753204202474,31,0.0016690541254625268,32,0.01278929478711486,0.28125,0.3125,0.296875,市值加權・可交易性篩選後
2024-05-05,159,0.013643521538410827,32,0.010930876395931384,32,-0.005156761204612572,31,0.0005893782754154595,32,-0.003690809491633512,32,-0.01733433103004434,0.21875,0.15625,0.1875,市值加權・可交易性篩選後
2024-05-12,158,0.005071484580296202,32,0.01456665412664041,31,0.007431316874346093,32,0.014672813002192342,31,0.006202926819182954,32,0.0011314422388867523,0.3125,0.25,0.28125,市值加權・可交易性篩選後
2024-05-19,158,0.02898136069345338,32,-0.011801205411193368,31,-0.02521379024117124,32,0.011279880312709798,31,-0.002161826953481108,32,-0.031143187646934488,0.28125,0.21875,0.25,市值加權・可交易性篩選後
2024-05-26,163,-0.00715069856807598,33,0.0002552254654730139,32,0.0029317416026833926,33,0.00768556836702656,32,-0.05138607257915567,33,-0.044235374011079694,0.42424242424242425,0.3939393939393939,0.40909090909090906,市值加權・可交易性篩選後
2024-06-02,162,0.006535516129222282,33,0.0044738735664464424,32,-0.021980637200244367,32,-0.014911387973973804,32,0.03853356108262014,33,0.03199804495339786,0.3333333333333333,0.3333333333333333,0.3333333333333333,市值加權・可交易性篩選後
2024-06-09,156,0.02603883352718177,32,-0.0046601151226842935,31,-0.003520285740793786,31,-0.002775735129546846,31,0.03750607841133042,31,0.011467244884148648,0.25806451612903225,0.28125,0.2696572580645161,市值加權・可交易性篩選後
2024-06-16,156,0.017940847507331555,32,0.00503593987603579,31,0.014355264703378674,31,0.027675120173605447,31,0.06316967414983367,31,0.045228826642502114,0.3225806451612903,0.34375,0.33316532258064513,市值加權・可交易性篩選後
2024-06-23,159,-0.00965335759522612,32,-0.010538524002479515,32,0.0017506585350317257,31,-0.009866547422063589,32,0.007431269435177779,32,0.0170846270304039,0.3125,0.28125,0.296875,市值加權・可交易性篩選後
2024-06-30,161,0.002849159158065403,33,0.02401891822880303,32,0.023706734277967014,32,0.017025243671008376,32,0.034221902065354665,32,0.03137274290728926,0.34375,0.24242424242424243,0.2930871212121212,市值加權・可交易性篩選後
2024-07-07,164,0.01890142934816183,33,-0.006902414463907805,33,-0.010715035702077345,32,-0.007392703900789011,33,0.03313369285777274,33,0.014232263509610911,0.3939393939393939,0.30303030303030304,0.3484848484848485,市值加權・可交易性篩選後
2024-07-14,164,-0.0334359912400245,33,-0.007557095783159087,33,-0.03515459592437091,32,-0.040657687514309655,33,-0.061785794046693154,33,-0.028349802806668656,0.21212121212121213,0.24242424242424243,0.2272727272727273,市值加權・可交易性篩選後
2024-07-21,165,-0.02919263856773329,33,-0.009544095468715602,33,-0.013985739690270843,33,-0.02185536533432844,33,-0.03875866649244485,33,-0.009566027924711562,0.24242424242424243,0.24242424242424243,0.24242424242424243,市值加權・可交易性篩選後
2024-07-28,160,-0.01580713483222041,32,-0.06174234855614798,32,-0.011873257560377656,32,-0.00039346013297419637,32,-0.03982689429346138,32,-0.02401975946124097,0.34375,0.21875,0.28125,市值加權・可交易性篩選後
2024-08-04,166,0.029379436040490824,34,0.012136479649174985,33,-0.001890025172768194,33,-0.003692175770174071,33,0.08128857084455231,33,0.05190913480406148,0.36363636363636365,0.3235294117647059,0.3435828877005348,市值加權・可交易性篩選後
2024-08-11,167,0.0331537437615113,34,0.02746543670999089,33,0.024402888388462888,33,0.029179889541388226,33,0.02093243870375502,34,-0.012221305057756277,0.3235294117647059,0.2647058823529412,0.29411764705882354,市值加權・可交易性篩選後
2024-08-18,163,-0.013885046150027175,33,-0.004989380545963104,32,0.015520719375746946,33,0.0011878834987772875,32,-0.01943325062155229,33,-0.005548204471525117,0.36363636363636365,0.3333333333333333,0.3484848484848485,市值加權・可交易性篩選後
2024-08-25,162,-0.010691088354579579,33,0.005024527592323623,32,0.012633189865418955,32,0.00507113521087493,32,-0.0014091003757069757,33,0.009281987978872603,0.24242424242424243,0.2727272727272727,0.25757575757575757,市值加權・可交易性篩選後
2024-09-01,158,-0.04000217061509156,32,-0.04765904019047387,31,-0.0362459049991824,32,-0.04150271749928717,31,-0.027000577835017386,32,0.013001592780074171,0.21875,0.28125,0.25,市值加權・可交易性篩選後
2024-09-08,158,0.06258106768702724,32,0.04964090401196563,31,0.021075340803548535,32,0.04473121184472415,31,0.035774669101093594,32,-0.02680639858593365,0.25,0.28125,0.265625,市值加權・可交易性篩選後
2024-09-15,157,0.018034641639958823,32,0.017298602592259883,31,0.0172194752038647,31,0.010967263937140847,31,0.0184464296027831,32,0.0004117879628242789,0.28125,0.28125,0.28125,市值加權・可交易性篩選後
2024-09-22,150,0.03415574408106012,30,0.026200723357266687,30,0.03194521790968075,30,0.007572614459805946,30,0.03441360451791696,30,0.000257860436856841,0.26666666666666666,0.2,0.23333333333333334,市值加權・可交易性篩選後
2024-09-29,159,-0.01283246970294664,32,-0.011848919658403054,32,0.0054479088699847696,31,-0.02126659709864709,32,-0.004738698475055621,32,0.008093771227891018,0.25,0.28125,0.265625,市值加權・可交易性篩選後
2024-10-06,149,0.0427888978621758,30,-0.008346040424828786,30,-0.05898215810758328,29,0.00193240240009169,30,-0.025586948426028693,30,-0.06837584628820449,0.2,0.16666666666666666,0.18333333333333335,市值加權・可交易性篩選後
2024-10-13,153,0.03649397043120374,31,0.029194273125602944,30,0.002436764152056287,31,0.021647469980946736,30,0.008638515492368428,31,-0.02785545493883531,0.2903225806451613,0.25806451612903225,0.27419354838709675,市值加權・可交易性篩選後
2024-10-20,158,-0.018065347870421918,32,-0.019933478109343053,31,0.024361044440475255,32,0.004410224566486077,31,-0.021203948546884045,32,-0.0031386006764621277,0.21875,0.1875,0.203125,市值加權・可交易性篩選後
2024-10-27,156,-0.028354422466754917,32,-0.012083387333180444,31,-0.03254415228153508,31,0.008363764089016639,31,-0.04558105115959369,31,-0.017226628692838773,0.16129032258064516,0.15625,0.15877016129032256,市值加權・可交易性篩選後
2024-11-03,156,0.01261846553703449,32,0.055083775828207907,31,0.034959853702261706,31,0.02333604838302634,31,-0.0030497527533103327,31,-0.015668218290344822,0.12903225806451613,0.0625,0.09576612903225806,市值加權・可交易性篩選後
2024-11-10,156,-0.027789019674573034,32,-0.033326492989372555,31,-0.02787904774869934,31,-0.01670088151537753,31,-0.041242440762871875,31,-0.01345342108829884,0.2903225806451613,0.25,0.2701612903225806,市值加權・可交易性篩選後
2024-11-17,164,0.009050786586746499,33,-0.01967213082890527,33,0.02463180678267292,32,-0.007210332446124613,33,0.002776700502411617,33,-0.006274086084334881,0.3333333333333333,0.3333333333333333,0.3333333333333333,市值加權・可交易性篩選後
2024-11-24,150,-0.046656253687214364,30,-0.024221450904207645,30,-0.035074528595944815,30,-0.009806422667036144,30,-0.04531711354276992,30,0.001339140144444445,0.16666666666666666,0.16666666666666666,0.16666666666666666,市值加權・可交易性篩選後
2024-12-01,155,0.036440463303006376,31,-0.01766848063652851,31,0.023858406879689445,31,0.022815706741591342,31,0.00419754061689148,31,-0.032242922686114894,0.25806451612903225,0.25806451612903225,0.25806451612903225,市值加權・可交易性篩選後
2024-12-08,157,-0.008245840567336843,32,-0.05804889802630034,31,0.013721779689676994,31,-0.012950500922661928,31,-0.046820416818519686,32,-0.038574576251182845,0.25,0.21875,0.234375,市值加權・可交易性篩選後
2024-12-15,164,-0.04453557856906645,33,-0.03123152307608126,33,-0.03170640395058821,32,-0.019837515188558953,33,-0.02668381700804836,33,0.017851761561018094,0.21212121212121213,0.24242424242424243,0.2272727272727273,市值加權・可交易性篩選後
2024-12-22,164,0.021413840761112257,33,0.002071270978350701,33,0.0010410877320883019,32,0.0008698124443955562,33,0.006935256090440779,33,-0.014478584670671478,0.24242424242424243,0.15151515151515152,0.19696969696969696,市值加權・可交易性篩選後
2024-12-29,154,-0.024260729113154,31,-0.01843799313401348,31,-0.022425779871730455,30,-0.0016681842308520945,31,-0.013217380620539997,31,0.011043348492614001,0.2903225806451613,0.2903225806451613,0.2903225806451613,市值加權・可交易性篩選後
2015-06-28,26,-0.015030554435201219,6,-0.0019046608478096693,5,-0.01951518283625775,5,0.015350888766388016,5,-0.012656034335169375,5,0.0023745201000318437,1.0,1.0,1.0,雙重排序・小型股
2015-07-05,31,-0.03295631049718571,7,-0.04812816875670208,6,-0.044293621718229946,6,-0.04614850962727176,6,-0.016932096709171507,6,0.016024213788014205,0.5,0.42857142857142855,0.4642857142857143,雙重排序・小型股
2015-07-12,32,-0.005917976001673685,7,-0.003857847567096876,6,0.024661390197371513,6,-0.014256540688269462,6,0.0047742104056790625,7,0.010692186407352748,0.5714285714285714,0.5714285714285714,0.5714285714285714,雙重排序・小型股
2015-07-19,35,-0.018418943582286035,7,-0.04090171231085866,7,-0.06867186406020262,7,-0.08187286071458352,7,-0.05360323253367237,7,-0.03518428895138634,0.2857142857142857,0.14285714285714285,0.21428571428571427,雙重排序・小型股
2015-07-26,36,0.014165375621259566,8,-0.040580309228115,7,-0.027571586177992047,7,-0.032174116865640943,7,-0.006219170024075777,7,-0.020384545645335345,0.7142857142857143,0.375,0.5446428571428572,雙重排序・小型股
2015-08-02,41,-0.01045900782592103,9,-0.012772333951558579,8,0.0267752481194954,8,0.0004937553406726969,8,-0.010109603928433089,8,0.00034940389748794147,0.875,0.6666666666666666,0.7708333333333333,雙重排序・小型股
2015-08-09,43,0.015517966077456072,9,-0.011066806221635472,8,0.022047843738230568,9,0.0018035826699933644,8,0.013619979676032297,9,-0.0018979864014237752,0.5555555555555556,0.1111111111111111,0.33333333333333337,雙重排序・小型股
2015-08-16,45,-0.04472468157854757,9,-0.03247064291588134,9,-0.08495698119411864,9,-0.04316907438257463,9,-0.06877989637201737,9,-0.024055214793469795,0.4444444444444444,0.2222222222222222,0.3333333333333333,雙重排序・小型股
2015-08-23,48,0.04814781794498522,10,0.019817150516177273,9,0.026840687053311895,10,0.01694668212631846,9,0.03537370484861611,10,-0.01277411309636911,0.5,0.2,0.35,雙重排序・小型股
2015-08-30,50,0.008238886611421147,10,0.030096394208570586,10,0.024423015779011147,10,0.037166294145894604,10,0.025699673613786243,10,0.017460787002365096,0.3,0.4,0.35,雙重排序・小型股
2015-09-06,50,0.04373126507281695,10,0.05292355724491817,10,0.05590673941073894,10,0.059056783331796606,10,0.03547653848230714,10,-0.008254726590509812,0.5,0.5,0.5,雙重排序・小型股
2015-09-13,51,-0.003935775526813779,11,0.038797340996873486,10,0.021247487105131368,10,0.013404654109484892,10,0.0077237187374998295,10,0.011659494264313609,0.3,0.18181818181818182,0.2409090909090909,雙重排序・小型股
2015-09-20,54,-0.012555404963456952,11,-0.023945694134315507,11,-0.019520174514410005,10,0.007946182931117828,11,-0.035685281941346236,11,-0.023129876977889284,0.18181818181818182,0.09090909090909091,0.13636363636363635,雙重排序・小型股
2015-09-27,56,0.029599042051272256,12,0.023333926628676706,11,0.03659467185634227,11,0.029220526552542772,11,0.03351470738104261,11,0.003915665329770356,0.18181818181818182,0.16666666666666666,0.17424242424242425,雙重排序・小型股
2015-10-04,58,0.015340604672502006,12,-0.0020339196421542897,11,0.014003077705377509,12,0.011989866161013303,11,0.010040955345763408,12,-0.005299649326738598,0.25,0.25,0.25,雙重排序・小型股
2015-10-11,57,0.025431050349800755,12,0.01804295127850932,11,0.02438923208814431,11,0.02308940418755665,11,0.01037847810775644,12,-0.015052572242044315,0.08333333333333333,0.08333333333333333,0.08333333333333333,雙重排序・小型股
2015-10-18,58,0.012152835446778023,12,0.004926254704758371,11,0.0018077322064404266,12,0.008034982044444972,11,0.007825396278428867,12,-0.004327439168349156,0.16666666666666666,0.0,0.08333333333333333,雙重排序・小型股
2015-10-25,60,-0.009709640434186437,12,-0.006643330226961276,12,-0.006301042807053209,12,-0.012424744902991733,12,0.022756182427844284,12,0.03246582286203072,0.16666666666666666,0.3333333333333333,0.25,雙重排序・小型股
2015-11-01,60,0.007500084732183128,12,0.0013553965292353403,12,0.005257525336356474,12,0.019978909293569436,12,0.001784079144462945,12,-0.005716005587720183,0.08333333333333333,0.5,0.2916666666666667,雙重排序・小型股
2015-11-08,61,-0.028112958977077655,13,-0.04624446762070897,12,-0.044118862951501546,12,-0.038646335606391975,12,-0.04486780339261371,12,-0.016754844415536055,0.25,0.46153846153846156,0.3557692307692308,雙重排序・小型股
2015-11-15,63,0.018209906578198185,13,0.03269316834915675,12,0.03638337681340445,13,0.07119619256013232,12,0.019962668930880494,13,0.0017527623526823084,0.23076923076923078,0.23076923076923078,0.23076923076923078,雙重排序・小型股
2015-11-22,66,-0.008465098611472432,14,-0.029816692819284153,13,-0.019645356811483255,13,-0.02330042895395186,13,-0.005033637928429224,13,0.0034314606830432087,0.15384615384615385,0.14285714285714285,0.14835164835164835,雙重排序・小型股
2015-11-29,67,0.016256846385054553,14,0.0075956664225966634,13,-0.010259435750121483,13,0.0223982738280067,13,0.005129906782863823,14,-0.01112693960219073,0.21428571428571427,0.21428571428571427,0.21428571428571427,雙重排序・小型股
2015-12-06,68,-0.02239125830767636,14,-0.047309281015651065,13,-0.05739062882866914,14,-0.04906823917617935,13,-0.034757618552351564,14,-0.012366360244675204,0.14285714285714285,0.14285714285714285,0.14285714285714285,雙重排序・小型股
2015-12-13,69,0.031103151118774746,14,0.04033817348082145,14,0.0384336927153939,13,0.03732914093485586,14,0.03841488215811233,14,0.007311731039337587,0.21428571428571427,0.21428571428571427,0.21428571428571427,雙重排序・小型股
2015-12-20,71,0.06511106283015264,15,0.017913951156982386,14,0.013250843977742106,14,0.02187261853046377,14,0.014709005502614503,14,-0.050402057327538136,0.2857142857142857,0.5333333333333333,0.4095238095238095,雙重排序・小型股
2015-12-27,72,-0.00663942076892133,15,-0.004599087725462628,14,-0.0062981943316827394,14,0.014068943642699863,14,-0.00679885183347407,15,-0.0001594310645527397,0.2,0.13333333333333333,0.16666666666666669,雙重排序・小型股
2016-01-03,74,-0.03766999571540518,15,-0.0421917176803269,15,-0.03667276546604857,14,-0.045260102616670975,15,-0.04327116996527069,15,-0.005601174249865511,0.13333333333333333,0.2,0.16666666666666669,雙重排序・小型股
2016-01-10,74,-0.021495095205301285,15,-0.02146744772534977,15,-0.006214782487500696,14,-0.03725229887914827,15,-0.03672444316467644,15,-0.015229347959375156,0.13333333333333333,0.13333333333333333,0.13333333333333333,雙重排序・小型股
2016-01-17,74,0.028774885655982244,15,0.033538531415811694,15,0.02937432392674186,14,0.04562969448207679,15,0.03651770082609572,15,0.0077428151701134755,0.13333333333333333,0.2,0.16666666666666669,雙重排序・小型股
2016-01-24,75,0.030987013065861803,15,0.04068197081065263,15,0.01927845355470425,15,0.02432981087171683,15,0.02985862075238331,15,-0.001128392313478492,0.13333333333333333,0.13333333333333333,0.13333333333333333,雙重排序・小型股
2016-01-31,75,-0.00018118427503780084,15,-0.016318987209066712,15,-0.004546096474204179,15,-0.004136924721715696,15,-0.0020830766854665226,15,-0.001901892410428722,0.13333333333333333,0.06666666666666667,0.1,雙重排序・小型股
2016-02-21,75,0.007200544299762713,15,0.02392690725377611,15,0.009464574747633136,15,0.005392333958855055,15,-3.1341634291326416e-05,15,-0.007231885934054039,0.06666666666666667,0.13333333333333333,0.1,雙重排序・小型股
2016-02-28,76,0.02248109679796101,16,0.02635861134059143,15,0.036991824950026744,15,0.02496374458552051,15,0.01814657689611115,15,-0.004334519901849857,0.13333333333333333,0.1875,0.16041666666666665,雙重排序・小型股
2016-03-06,76,0.004676173538316432,16,-0.0028292355426016306,15,0.02239784886163377,15,-0.006390471736052295,15,0.003226184820585054,15,-0.001449988717731378,0.06666666666666667,0.0625,0.06458333333333333,雙重排序・小型股
2016-03-13,76,-0.00836846238880802,16,0.0019819492709511667,15,-0.01899771287811654,15,0.011090450341280067,15,-0.017938198196681934,15,-0.009569735807873913,0.13333333333333333,0.125,0.12916666666666665,雙重排序・小型股
2016-03-20,77,-0.008703531863858277,16,-0.004108746576841734,15,-0.009527072277203619,15,-0.011562582699400565,15,-0.00568839047314685,16,0.0030151413907114274,0.25,0.0625,0.15625,雙重排序・小型股
2016-03-27,79,-0.009283457134266461,16,0.007716491116966047,16,-0.0252575962646584,15,-0.022128217032429655,16,-0.014457385455898981,16,-0.0051739283216325205,0.25,0.1875,0.21875,雙重排序・小型股
2016-04-03,80,-0.0010484254674406612,16,-0.003958741383518691,16,0.002426948455707234,16,0.001106205134902713,16,-0.0031446784076623532,16,-0.002096252940221692,0.0625,0.125,0.09375,雙重排序・小型股
2016-04-10,80,0.0044672484677807794,16,-0.002311809958457575,16,0.01709360784654114,16,0.0030844805432726496,16,-0.0003059130375133029,16,-0.004773161505294082,0.375,0.0625,0.21875,雙重排序・小型股
2016-04-17,80,-0.024500798551146723,16,-0.0028966243972630215,16,-0.015138769031585772,16,-0.02444408340383246,16,-0.013761769002985633,16,0.01073902954816109,0.375,0.375,0.375,雙重排序・小型股
2016-04-24,81,-0.013967747845631772,17,-0.0158872202595629,16,-0.030678769830697575,16,-0.017133420603282684,16,-0.015071610423294822,16,-0.00110386257766305,0.3125,0.47058823529411764,0.3915441176470588,雙重排序・小型股
2016-05-01,82,-0.01538518300951374,17,-0.028477740986784628,16,-0.021114909251059612,16,-0.028581877799788998,16,-0.0027965314569959156,17,0.012588651552517826,0.29411764705882354,0.29411764705882354,0.29411764705882354,雙重排序・小型股
2016-05-08,81,-0.04172544692186384,17,-0.012182841795707555,16,-0.02834956723504732,16,-0.033772125203849486,16,-0.03170108097821435,16,0.010024365943649492,0.1875,0.058823529411764705,0.12316176470588236,雙重排序・小型股
2016-05-15,78,0.004058679057103824,16,0.00366731635735551,15,0.008902683396399436,16,0.015140583694266185,15,0.015532264778654423,16,0.011473585721550598,0.125,0.1875,0.15625,雙重排序・小型股
2016-05-22,78,0.03296772328980831,16,0.02881768262739793,15,0.029579786056857432,16,0.04150220922528855,15,0.03212679092558777,16,-0.0008409323642205382,0.125,0.1875,0.15625,雙重排序・小型股
2016-05-29,77,0.01255295489180857,16,-0.006001471991761043,15,-0.002636556406200145,15,0.02492362024498743,15,0.00221512542078265,16,-0.01033782947102592,0.125,0.125,0.125,雙重排序・小型股
2016-06-05,76,-0.004594700132051148,16,-0.002086507349856766,15,-0.002329833724860101,15,-0.0010421421136232567,15,0.0015448165201743822,15,0.00613951665222553,0.0,0.0625,0.03125,雙重排序・小型股
2016-06-12,77,0.0019246634405514912,16,-0.002669621597062795,15,-0.014491098507553457,15,-0.018017236341334987,15,0.014460070603548064,16,0.012535407162996573,0.0625,0.125,0.09375,雙重排序・小型股
2016-06-19,76,-2.0860968950986436e-05,16,-0.0008132137021714447,15,-0.010371945275698484,15,-0.005291520891207665,15,-0.005935358446648557,15,-0.00591449747769757,0.06666666666666667,0.0625,0.06458333333333333,雙重排序・小型股
2016-06-26,76,0.02933435056037153,16,0.029058946841902498,15,0.020375508295010825,15,0.0332401250275137,15,0.029963843046531012,15,0.0006294924861594831,0.06666666666666667,0.25,0.15833333333333333,雙重排序・小型股
2016-07-03,75,-0.005336464041426033,15,0.005146736693350803,15,0.0013061966236379934,15,0.0159526512958482,15,0.004900513161232782,15,0.010236977202658815,0.13333333333333333,0.06666666666666667,0.1,雙重排序・小型股
2016-07-10,75,0.015347734443112496,15,0.017358008874119535,15,0.02023142775588105,15,0.013597868325673453,15,0.0015267252098278173,15,-0.013821009233284678,0.3333333333333333,0.26666666666666666,0.3,雙重排序・小型股
2016-07-17,76,0.0087835594804722,16,0.018101180933658933,15,0.0016116439908431554,15,0.031954417719739024,15,-0.002838247501465004,15,-0.011621806981937204,0.4666666666666667,0.5,0.48333333333333334,雙重排序・小型股
2016-07-24,76,-0.008915517215047353,16,-0.002338823074582419,15,-0.007201048845338439,15,0.024663742019579542,15,-0.006728814858185542,15,0.0021867023568618105,0.2,0.0625,0.13125,雙重排序・小型股
2016-07-31,75,0.009078337916858326,15,0.026762376129198615,15,0.006279160955550426,15,0.011909569227927104,15,0.009125530952853437,15,4.71930359951106e-05,0.2,0.13333333333333333,0.16666666666666669,雙重排序・小型股
2016-08-07,75,-0.006778139120500781,15,-0.0033310910265181405,15,-0.004094346964043997,15,-0.016803846177417325,15,-0.002719337916100121,15,0.00405880120440066,0.0,0.0,0.0,雙重排序・小型股
2016-08-14,74,-0.0026191344904731443,15,0.023609847423411833,15,-6.816860347403602e-05,14,0.00868891237466379,15,0.006128543005522732,15,0.008747677495995875,0.06666666666666667,0.06666666666666667,0.06666666666666667,雙重排序・小型股
2016-08-21,74,0.0022039138867312384,15,-0.005781160054368358,15,-0.002801544829623676,14,0.0006900154352334893,15,-0.003517162928645952,15,-0.0057210768153771905,0.2,0.2,0.2,雙重排序・小型股
2016-08-28,72,-0.006074849985920301,15,-0.01110548986235997,14,-0.01069375558215582,14,0.004970641293491903,14,-0.0013507624709929943,15,0.0047240875149273075,0.2,0.13333333333333333,0.16666666666666669,雙重排序・小型股
2016-09-04,72,0.002368774419715932,15,0.012054598303405106,14,0.010262000296293372,14,0.009762209411106917,14,-0.003564907639996321,15,-0.005933682059712253,0.0,0.13333333333333333,0.06666666666666667,雙重排序・小型股
2016-09-11,71,-0.009190415019005194,15,-0.014469271474322825,14,-0.010556140091755404,14,-0.008183145443474553,14,-0.0018045152180633833,14,0.007385899800941811,0.14285714285714285,0.4,0.27142857142857146,雙重排序・小型股
2016-09-18,71,0.010972079542385755,15,0.03204464607611801,14,0.01630740453919504,14,0.012717896232447203,14,0.01572005802989705,14,0.004747978487511293,0.0,0.0,0.0,雙重排序・小型股
2016-09-25,69,-0.006036003156823987,14,-0.0065348462860128865,14,-0.009143217969437819,13,-0.01217376552598073,14,0.0021405989759510197,14,0.008176602132775006,0.07142857142857142,0.07142857142857142,0.07142857142857142,雙重排序・小型股
2016-10-02,70,0.0018292216903313477,14,-0.005387900919407392,14,-0.00547666800344619,14,0.004571340172505671,14,0.0016532541401021608,14,-0.00017596755022918683,0.07142857142857142,0.07142857142857142,0.07142857142857142,雙重排序・小型股
2016-10-09,70,-0.03809421352659688,14,-0.03875071245183868,14,-0.02907124516289142,14,-0.04339695621871443,14,-0.029476196947744355,14,0.008618016578852524,0.07142857142857142,0.0,0.03571428571428571,雙重排序・小型股
2016-10-16,70,0.010972340432229999,14,0.03310144551044969,14,0.008801632528822236,14,0.015440750007062394,14,0.00652211406489811,14,-0.004450226367331889,0.0,0.14285714285714285,0.07142857142857142,雙重排序・小型股
2016-10-23,68,-0.004447352258140176,14,-0.007678396053384299,13,-0.007963889088668146,14,-0.009588151931123664,13,0.001126424605946744,14,0.00557377686408692,0.14285714285714285,0.14285714285714285,0.14285714285714285,雙重排序・小型股
2016-10-30,68,-0.026034343547339547,14,-0.028908199053289733,13,-0.027305324734607006,14,-0.03327800040280996,13,-0.00641682636045654,14,0.019617517186883007,0.07142857142857142,0.07142857142857142,0.07142857142857142,雙重排序・小型股
2016-11-06,69,0.011363769030102746,14,0.01977026147654664,14,-1.4143405991740875e-05,13,-0.0187066579763089,14,0.009016180855937266,14,-0.00234758817416548,0.21428571428571427,0.14285714285714285,0.17857142857142855,雙重排序・小型股
2016-11-13,67,0.03245488251226951,14,0.011662620026649605,13,-0.00010533779638653387,13,0.03263282042706139,13,0.011458159856847854,14,-0.020996722655421657,0.14285714285714285,0.21428571428571427,0.17857142857142855,雙重排序・小型股
2016-11-20,67,0.010730574916028397,14,0.008363128238194193,13,0.006128011198170439,13,0.00985163153830264,13,0.0014703735049506061,14,-0.00926020141107779,0.14285714285714285,0.14285714285714285,0.14285714285714285,雙重排序・小型股
2016-11-27,65,0.009461903099418975,13,0.021092738374179406,13,0.027451519594239356,13,0.01022935065317939,13,0.009971860434274747,13,0.0005099573348557717,0.07692307692307693,0.07692307692307693,0.07692307692307693,雙重排序・小型股
2016-12-04,65,0.010112019907791127,13,0.03594404371205325,13,0.004618052180328693,13,0.00975396021257677,13,-0.004392360501693013,13,-0.01450438040948414,0.07692307692307693,0.07692307692307693,0.07692307692307693,雙重排序・小型股
2016-12-11,65,-0.00846062024041681,13,0.007383229242349328,13,0.004071702163056779,13,-0.006543444626220345,13,-0.0066189146749583,13,0.0018417055654585098,0.07692307692307693,0.07692307692307693,0.07692307692307693,雙重排序・小型股
2016-12-18,65,-0.03185556994728878,13,-0.014365573986641698,13,-0.02190994643069483,13,-0.007715224945876859,13,-0.009204542047269393,13,0.02265102790001939,0.07692307692307693,0.15384615384615385,0.11538461538461539,雙重排序・小型股
2016-12-25,65,0.012398984669116597,13,0.010451033263916472,13,0.005996737990818201,13,0.007462888882246614,13,0.010804670558545872,13,-0.0015943141105707256,0.07692307692307693,0.0,0.038461538461538464,雙重排序・小型股
2017-01-01,65,0.010099056846720685,13,0.01644992099173647,13,0.015648975840093043,13,0.0038019416669772777,13,0.0046978137388034025,13,-0.005401243107917283,0.15384615384615385,0.07692307692307693,0.11538461538461539,雙重排序・小型股
2017-01-08,65,-0.002636571569301185,13,-0.015494361713756007,13,0.0001902763325225372,13,0.0060108729629716135,13,-0.009916559498724694,13,-0.0072799879294235086,0.07692307692307693,0.15384615384615385,0.11538461538461539,雙重排序・小型股
2017-01-15,64,-0.0024452719167623936,13,-0.0019594382012108227,13,0.02885507594259651,12,0.004205263158491927,13,-0.00511220015513729,13,-0.0026669282383748965,0.15384615384615385,0.23076923076923078,0.19230769230769232,雙重排序・小型股
2017-01-22,63,0.0028836344365799414,13,0.003711994628849913,12,0.013564992490313186,13,0.004096993912751386,12,0.015762768240016503,13,0.012879133803436561,0.07692307692307693,0.07692307692307693,0.07692307692307693,雙重排序・小型股
2017-01-29,64,0.037023713587993154,13,0.010663143013762921,13,-0.005175556720926168,12,0.03355999904321023,13,0.002435743802024356,13,-0.0345879697859688,0.15384615384615385,0.23076923076923078,0.19230769230769232,雙重排序・小型股
2017-02-05,64,-0.007989510492228223,13,0.008266034270646778,13,0.0024997143660178875,12,0.016650306951423922,13,-0.0010325686350302577,13,0.006956941857197966,0.38461538461538464,0.3076923076923077,0.34615384615384615,雙重排序・小型股
2017-02-12,65,0.0005593358900832534,13,0.019971921390040413,13,0.015860362866540748,13,0.03163560058512566,13,0.017751603370442886,13,0.01719226748035963,0.38461538461538464,0.38461538461538464,0.38461538461538464,雙重排序・小型股
2017-02-19,68,0.0017327117433930275,14,-0.02263681079515341,13,-0.018598138944427998,14,0.0029288437335134652,13,-0.0010707747868954423,14,-0.00280348653028847,0.42857142857142855,0.42857142857142855,0.42857142857142855,雙重排序・小型股
2017-02-26,69,-0.003062391997116078,14,-0.0015765572515847553,14,0.004980289430645452,13,-0.005041638446387965,14,-0.00566300850208068,14,-0.002600616504964602,0.14285714285714285,0.14285714285714285,0.14285714285714285,雙重排序・小型股
2017-03-05,70,-0.007216180469762999,14,0.002197711372433686,14,-0.01662196739889001,14,-0.017739173283947172,14,-0.010342531209955723,14,-0.003126350740192724,0.07142857142857142,0.07142857142857142,0.07142857142857142,雙重排序・小型股
2017-03-12,71,0.013069991711977069,15,0.007060245372320092,14,0.005007325148373368,14,0.021607868584095326,14,0.011105408761203235,14,-0.001964582950773834,0.21428571428571427,0.26666666666666666,0.24047619047619045,雙重排序・小型股
2017-03-19,70,-0.009892537822248906,14,0.015425726639835944,14,-0.014863014129532828,14,0.0004279858917825722,14,0.0035637967593897973,14,0.013456334581638703,0.35714285714285715,0.21428571428571427,0.2857142857142857,雙重排序・小型股
2017-03-26,69,-0.01755613702846981,14,-0.0083379242187739,14,-0.019216246579657807,13,-0.012878802222073318,14,-0.004043952047408055,14,0.013512184981061754,0.21428571428571427,0.07142857142857142,0.14285714285714285,雙重排序・小型股
2017-04-02,69,-0.0010313241595695324,14,0.016515083388591607,14,-0.008002518639628873,13,-0.005471479442627706,14,-0.008873186782057476,14,-0.007841862622487943,0.35714285714285715,0.21428571428571427,0.2857142857142857,雙重排序・小型股
2017-04-09,68,-0.047909672794327084,14,-0.03370184335662169,13,-0.029175619591120028,14,-0.03842832968694376,13,-0.01937175671648703,14,0.028537916077840054,0.42857142857142855,0.2857142857142857,0.3571428571428571,雙重排序・小型股
2017-04-16,67,-0.003381030643536858,14,0.0005120329798916293,13,-0.01000040814946626,13,-0.016898197490598545,13,-0.0052498140330360776,14,-0.0018687833894992195,0.21428571428571427,0.14285714285714285,0.17857142857142855,雙重排序・小型股
2017-04-23,68,0.002705806585675755,14,-0.013508977251169396,13,0.0019382122964619133,14,0.02727195216200527,13,0.0032305096174477205,14,0.0005247030317719653,0.5,0.21428571428571427,0.35714285714285715,雙重排序・小型股
2017-04-30,66,-0.010105092898904338,14,-0.013123121367879818,13,0.0021982045436669006,13,0.0005867896108967712,13,-0.005826002784218973,13,0.004279090114685365,0.46153846153846156,0.5,0.4807692307692308,雙重排序・小型股
2017-05-07,67,-0.005299232402345747,14,-0.0008037093210935264,13,-0.015044493336657857,13,-0.02192678368363117,13,-0.011273839849005707,14,-0.00597460744665996,0.35714285714285715,0.14285714285714285,0.25,雙重排序・小型股
2017-05-14,68,0.011059568837151241,14,-0.007076732438261226,13,-0.007052007898584923,14,0.001925523962460613,13,-0.001968369165903491,14,-0.013027938003054733,0.42857142857142855,0.21428571428571427,0.3214285714285714,雙重排序・小型股
2017-05-21,67,0.024006703833551017,14,0.01107842597219104,13,0.02464912356127935,13,0.012239341423057536,13,0.01793529319375986,14,-0.006071410639791157,0.2857142857142857,0.21428571428571427,0.25,雙重排序・小型股
2017-05-28,66,0.016826572187542004,14,0.005581011960208642,13,-0.0009552382063192558,13,0.0015400176676002148,13,-0.008487304476276939,13,-0.025313876663818943,0.3076923076923077,0.35714285714285715,0.33241758241758246,雙重排序・小型股
2017-06-04,67,-0.003973593901221151,14,-0.009900580322162669,13,0.005269280681394727,13,-0.009980195265872127,13,-0.0005738641369540863,14,0.0033997297642670643,0.5714285714285714,0.2857142857142857,0.42857142857142855,雙重排序・小型股
2017-06-11,67,8.98455586517688e-05,14,-0.011521785614146749,13,0.00850186365817581,13,0.01473712596746083,13,-0.008026856307802501,14,-0.00811670186645427,0.5714285714285714,0.35714285714285715,0.4642857142857143,雙重排序・小型股
2017-06-18,66,0.001059011023496259,14,0.00899135626019242,13,0.0023684385215296043,13,0.008711472318307191,13,0.004830238433832439,13,0.0037712274103361802,0.3076923076923077,0.2857142857142857,0.2967032967032967,雙重排序・小型股
2017-06-25,66,-0.009638122538101186,14,-0.0029042133402656847,13,0.0025988714419820777,13,0.020958045523592244,13,-0.006428457351305193,13,0.003209665186795993,0.3076923076923077,0.2857142857142857,0.2967032967032967,雙重排序・小型股
2017-07-02,66,0.011760166003436791,14,-0.005411398357526003,13,-0.004069882582528144,13,-0.0063216240614396395,13,-0.006399840868040514,13,-0.018160006871477306,0.15384615384615385,0.21428571428571427,0.18406593406593408,雙重排序・小型股
2017-07-09,65,0.0228245895458837,13,0.014514552774117583,13,0.008093478636696901,13,0.006588406139730705,13,0.014091514823446992,13,-0.008733074722436706,0.23076923076923078,0.23076923076923078,0.23076923076923078,雙重排序・小型股
2017-07-16,65,0.004760681192365006,13,0.0009663484373037673,13,0.006476141795836409,13,-0.00014221810138042706,13,0.006826407801325989,13,0.0020657266089609827,0.46153846153846156,0.46153846153846156,0.46153846153846156,雙重排序・小型股
2017-07-23,65,-0.019348855334703687,13,-0.003283145596368681,13,0.00247530406704606,13,-0.006313360324635424,13,-0.00291441540764809,13,0.016434439927055598,0.46153846153846156,0.38461538461538464,0.42307692307692313,雙重排序・小型股
2017-07-30,65,0.016864418865238116,13,0.03905920298996197,13,0.01707989454790158,13,0.005945281034902208,13,0.007337140472071346,13,-0.00952727839316677,0.38461538461538464,0.23076923076923078,0.3076923076923077,雙重排序・小型股
2017-08-06,65,-0.03627464034558689,13,-0.016003306582156523,13,-0.03211093273931068,13,-0.027330507036216978,13,-0.01948344677758119,13,0.0167911935680057,0.3076923076923077,0.38461538461538464,0.34615384615384615,雙重排序・小型股
2017-08-13,63,0.014320799437580288,13,0.006193476405942487,12,0.020039876615074892,13,-0.005042559209429624,12,0.002540328861498541,13,-0.011780470576081748,0.3076923076923077,0.23076923076923078,0.2692307692307693,雙重排序・小型股
2017-08-20,62,0.019121010543544537,13,0.033455746448754646,12,0.01974132098111366,12,0.016155278622715652,12,0.008351644977870058,13,-0.010769365565674479,0.15384615384615385,0.15384615384615385,0.15384615384615385,雙重排序・小型股
2017-08-27,61,0.0004196673141758559,13,0.027216924749940346,12,0.017481876745637902,12,0.0134514740926119,12,0.041302069698821185,12,0.04088240238464533,0.25,0.23076923076923078,0.2403846153846154,雙重排序・小型股
2017-09-03,61,0.00014704327077868633,13,-0.013348505973690908,12,0.0045464248734493245,12,0.006839459425270283,12,-0.008909048318401577,12,-0.009056091589180264,0.25,0.23076923076923078,0.2403846153846154,雙重排序・小型股
2017-09-10,61,-0.005313360092845306,13,0.013059975603301929,12,0.011155289750200156,12,0.030650169653664433,12,-0.0034826406315767167,12,0.001830719461268589,0.25,0.15384615384615385,0.20192307692307693,雙重排序・小型股
2017-09-17,60,-0.024368036226289237,12,-0.02081357412520744,12,-0.022499934256944343,12,0.0047871730148807135,12,-8.409226671363124e-05,12,0.024283943959575605,0.5833333333333334,0.16666666666666666,0.375,雙重排序・小型股
2017-09-24,60,-0.023701638139084796,12,0.0055918796348503235,12,-0.001564190819818928,12,-0.023783137414338323,12,-0.013170137875748352,12,0.010531500263336444,0.75,0.6666666666666666,0.7083333333333333,雙重排序・小型股
2017-10-01,61,0.009054655297712313,13,0.007570485010748122,12,0.007569861283686909,12,0.012023995897727532,12,0.0026807370204437464,12,-0.006373918277268567,0.25,0.23076923076923078,0.2403846153846154,雙重排序・小型股
2017-10-08,62,-0.007895825767417755,13,-0.0019395405504227896,12,-0.010965828820865053,12,-0.010291722332292771,12,0.011185369247536103,13,0.01908119501495386,0.15384615384615385,0.3076923076923077,0.23076923076923078,雙重排序・小型股
2017-10-15,63,-0.008017653292913877,13,-0.002365675443382,12,-0.011984297247999858,13,-0.002608227118646204,12,-2.421814190938061e-05,13,0.007993435151004495,0.07692307692307693,0.07692307692307693,0.07692307692307693,雙重排序・小型股
2017-10-22,64,-0.007377661502529737,13,0.02126662573107456,13,0.0015569280378849304,12,0.008670315984978062,13,-0.014031098624639617,13,-0.006653437122109879,0.07692307692307693,0.07692307692307693,0.07692307692307693,雙重排序・小型股
2017-10-29,64,-0.005237864187093906,13,-0.01261975490812101,13,0.004414086982856687,12,0.007555132226800812,13,0.007629669241223735,13,0.012867533428317642,0.23076923076923078,0.3076923076923077,0.2692307692307693,雙重排序・小型股
2017-11-05,62,-0.011419279829094587,13,0.007376804553103698,12,-0.003911221839354735,12,-0.001909876011593777,12,-0.016204353225754822,13,-0.004785073396660235,0.38461538461538464,0.38461538461538464,0.38461538461538464,雙重排序・小型股
2017-11-12,62,-0.002493803238752137,13,-0.004332693090492927,12,-0.02274699278381954,12,-0.01857884008241732,12,-0.011496452348942237,13,-0.0090026491101901,0.23076923076923078,0.23076923076923078,0.23076923076923078,雙重排序・小型股
2017-11-19,62,0.010623078376433658,13,0.02808017607308517,12,0.014284420598272979,12,0.025334626865554145,12,0.006405299821667154,13,-0.004217778554766504,0.3076923076923077,0.5384615384615384,0.4230769230769231,雙重排序・小型股
2017-11-26,63,-0.017535607912834792,13,0.011525999071879603,12,-0.013219965405619778,13,-0.008215907710023868,12,0.009413684921470263,13,0.026949292834305055,0.38461538461538464,0.3076923076923077,0.34615384615384615,雙重排序・小型股
2017-12-03,65,-0.0068711001209122565,13,-0.012467888586466311,13,-0.01099087762133343,13,-0.02739461657106672,13,0.0010943808196288791,13,0.007965480940541135,0.3076923076923077,0.3076923076923077,0.3076923076923077,雙重排序・小型股
2017-12-10,65,0.00907244795011847,13,0.0028500381615884384,13,-0.0048345490881827385,13,0.0011928342470678933,13,0.015939603675415255,13,0.006867155725296784,0.3076923076923077,0.23076923076923078,0.2692307692307693,雙重排序・小型股
2017-12-17,66,0.008354183987372905,14,0.02334417261046503,13,0.005965284077937368,13,0.006987508373416747,13,-0.005830435862562224,13,-0.014184619849935128,0.38461538461538464,0.35714285714285715,0.3708791208791209,雙重排序・小型股
2017-12-24,67,-0.000902047673950349,14,0.022789582731426623,13,0.04380589860978401,13,0.008035317136906254,13,-0.002414918667802016,14,-0.0015128709938516671,0.5,0.5,0.5,雙重排序・小型股
2017-12-31,67,0.033266467275270835,14,0.0157827177901858,13,0.013794645739276511,13,0.016496635844021175,13,0.009768758924837227,14,-0.02349770835043361,0.07142857142857142,0.07142857142857142,0.07142857142857142,雙重排序・小型股
2018-01-07,68,-0.022163549347548384,14,0.009318052832112024,13,0.028522779234826785,14,-0.004620101226774458,13,0.00866228151515496,14,0.030825830862703345,0.14285714285714285,0.21428571428571427,0.17857142857142855,雙重排序・小型股
2018-01-14,68,-0.007725746756073999,14,-0.004507251625767816,13,-0.011269749968803255,14,-0.01123287137635626,13,0.013196023443454996,14,0.020921770199528997,0.21428571428571427,0.14285714285714285,0.17857142857142855,雙重排序・小型股
2018-01-21,66,-0.0073828404940641645,14,-0.0070320718648540035,13,0.007117834075543954,13,0.014067062110812007,13,-0.005695271769226471,13,0.0016875687248376937,0.46153846153846156,0.2857142857142857,0.37362637362637363,雙重排序・小型股
2018-01-28,66,0.00019314612857046498,14,-0.009826395725641231,13,-0.01634650341495158,13,-0.022984369815531272,13,-0.004105460187605825,13,-0.00429860631617629,0.46153846153846156,0.2857142857142857,0.37362637362637363,雙重排序・小型股
2018-02-04,66,-0.039689084329920306,14,-0.04155427380775193,13,-0.040593532538128724,13,-0.053872454823436486,13,-0.03898976398248287,13,0.0006993203474374363,0.15384615384615385,0.35714285714285715,0.2554945054945055,雙重排序・小型股
2018-02-11,66,-0.01425289827151603,14,-0.0008884742695982692,13,-0.0023213807145956275,13,0.0017844197130860546,13,0.0035731678799689063,13,0.017826066151484937,0.3076923076923077,0.21428571428571427,0.260989010989011,雙重排序・小型股
2018-02-18,65,0.009444354774265041,13,0.002746830093713092,13,0.03932442115687419,13,0.03474926152787296,13,0.02995454339454106,13,0.020510188620276017,0.23076923076923078,0.38461538461538464,0.3076923076923077,雙重排序・小型股
2018-02-25,67,0.005249287520176076,14,-0.0015671620727364304,13,-0.015366238586035346,13,-0.004071764930912846,13,-0.014486337582366242,14,-0.019735625102542318,0.2857142857142857,0.14285714285714285,0.21428571428571427,雙重排序・小型股
2018-03-04,66,-0.003888220399100623,14,-0.00893289786994307,13,-0.021570057364530472,13,0.013767454516901268,13,-0.009498256471101824,13,-0.005610036072001201,0.23076923076923078,0.2857142857142857,0.2582417582417582,雙重排序・小型股
2018-03-11,67,0.007087904866939522,14,0.011965031684123918,13,0.0007047303695512524,13,-0.014083038103114663,13,0.0012172508728919204,14,-0.005870653994047601,0.21428571428571427,0.35714285714285715,0.2857142857142857,雙重排序・小型股
2018-03-18,65,-0.031690126778186486,13,-0.01709992081264218,13,-0.030772608550817163,13,-0.019459319852054086,13,-0.022427222640509933,13,0.009262904137676553,0.23076923076923078,0.38461538461538464,0.3076923076923077,雙重排序・小型股
2018-03-25,65,0.06068079326642966,13,0.03600049679774916,13,0.05484869572005525,13,0.008110573467831351,13,0.05229875988296435,13,-0.008382033383465312,0.3076923076923077,0.23076923076923078,0.2692307692307693,雙重排序・小型股
2018-04-01,67,0.011485081423371821,14,0.010043655025356398,13,-0.006094534944122718,13,-0.00785790180019109,13,0.03147913287793208,14,0.01999405145456026,0.6428571428571429,0.35714285714285715,0.5,雙重排序・小型股
2018-04-08,67,-0.00047186482190574627,14,0.009405126302483665,13,-0.017479271595747733,13,0.05526949224794709,13,-0.023015801698850973,14,-0.022543936876945225,0.6428571428571429,0.7142857142857143,0.6785714285714286,雙重排序・小型股
2018-04-15,67,0.0025791392044694017,14,-0.004846599859531961,13,-0.011492877886534192,13,-0.00649473459032702,13,-0.001158199425449567,14,-0.0037373386299189688,0.2857142857142857,0.21428571428571427,0.25,雙重排序・小型股
2018-04-22,67,-0.05355150947280762,14,-0.04624652242597764,13,-0.041888379448882206,13,-0.035404004288329204,13,-0.02061438614859527,14,0.03293712332421235,0.2857142857142857,0.14285714285714285,0.21428571428571427,雙重排序・小型股
2018-04-29,67,-0.011080292544365846,14,-0.029707889797499925,13,-0.00391922336119505,13,-0.0023916624945164913,13,-0.01509103709810579,14,-0.004010744553739945,0.42857142857142855,0.2857142857142857,0.3571428571428571,雙重排序・小型股
2018-05-06,67,0.010750250232005836,14,-0.000337491542364356,13,0.0029480921451470613,13,0.05743463184928959,13,0.016773622112556712,14,0.006023371880550877,0.21428571428571427,0.2857142857142857,0.25,雙重排序・小型股
2018-05-13,66,-0.010404919074910106,14,-0.0031442969953595036,13,-0.024534986963906436,13,0.007362642464926026,13,-0.02679735743175751,13,-0.0163924383568474,0.15384615384615385,0.21428571428571427,0.18406593406593408,雙重排序・小型股
2018-05-20,67,-0.0036387435417565123,14,-0.007218547863526117,13,-0.008902220434289317,13,0.007603126736630345,13,0.0031021038306207377,14,0.00674084737237725,0.35714285714285715,0.21428571428571427,0.2857142857142857,雙重排序・小型股
2018-05-27,68,0.010252288227533721,14,0.023134736041874267,13,0.009119535848310092,14,0.0793553323652563,13,0.017377906580904632,14,0.007125618353370911,0.2857142857142857,0.21428571428571427,0.25,雙重排序・小型股
2018-06-03,69,0.006982873208475888,14,-1.1227217718464847e-05,14,-0.0016267324388730216,13,0.009386933127857608,14,0.00022058680734047105,14,-0.006762286401135417,0.2857142857142857,0.35714285714285715,0.3214285714285714,雙重排序・小型股
2018-06-10,68,0.0029097504511580046,14,-3.1171487575630224e-05,13,-0.018537633218702648,14,0.026423874464873084,13,-0.011420088132506319,14,-0.014329838583664323,0.2857142857142857,0.21428571428571427,0.25,雙重排序・小型股
2018-06-17,69,-0.009095816753622128,14,-0.017672343124767263,14,-0.005926985940901079,13,-0.016426282395602194,14,0.0033400582098172377,14,0.012435874963439366,0.21428571428571427,0.21428571428571427,0.21428571428571427,雙重排序・小型股
2018-06-24,69,-0.019584486778171668,14,0.008196148371217888,14,-0.017189039015317962,13,-0.0296622435091651,14,-0.04105165947740064,14,-0.02146717269922897,0.42857142857142855,0.2857142857142857,0.3571428571428571,雙重排序・小型股
2018-07-01,68,-0.05574187536575208,14,-0.03562804154611206,13,-0.027420305371751497,14,-0.05746015437424683,13,-0.03058746321970119,14,0.025154412146050888,0.6428571428571429,0.5,0.5714285714285714,雙重排序・小型股
2018-07-08,68,0.03153224062693866,14,0.03653896301634345,13,0.021084749371756868,14,0.017601864186444136,13,0.028136674354242268,14,-0.003395566272696389,0.14285714285714285,0.07142857142857142,0.10714285714285714,雙重排序・小型股
2018-07-15,68,-0.03363515864931455,14,0.002051032580418841,13,-0.006880378449794904,14,-0.010093821791340081,13,-0.026678472969489355,14,0.006956685679825197,0.21428571428571427,0.21428571428571427,0.21428571428571427,雙重排序・小型股
2018-07-22,66,0.03478419662173904,14,0.0023183874473744824,13,0.009429521808838296,13,0.011439742923545592,13,0.02274057251637231,13,-0.012043624105366729,0.38461538461538464,0.07142857142857142,0.22802197802197804,雙重排序・小型股
2018-07-29,66,0.014183993286818646,14,0.0003301970712441794,13,0.012822244522344518,13,-0.00979018298290926,13,0.00033811990264210636,13,-0.01384587338417654,0.38461538461538464,0.21428571428571427,0.29945054945054944,雙重排序・小型股
2018-08-05,67,-0.018380089545833304,14,-0.0009135901575450736,13,-0.009163556217449421,13,-0.014282033946354829,13,0.0031773638811988724,14,0.021557453427032178,0.42857142857142855,0.2857142857142857,0.3571428571428571,雙重排序・小型股
2018-08-12,67,-0.03649970868899497,14,-0.03504182255680055,13,-0.02088640957300886,13,-0.043550194499940256,13,-0.020582777207136884,14,0.015916931481858087,0.5,0.21428571428571427,0.35714285714285715,雙重排序・小型股
2018-08-19,67,-0.00795868924155597,14,5.204132893158549e-05,13,-0.005354968238267541,13,0.036583717734596156,13,0.0013502402483360368,14,0.009308929489892006,0.7857142857142857,0.21428571428571427,0.5,雙重排序・小型股
2018-08-26,67,0.011130161757191495,14,0.008927352940561283,13,0.013120678895778871,13,0.03621495298896046,13,-0.006363531388052021,14,-0.017493693145243516,0.42857142857142855,0.35714285714285715,0.39285714285714285,雙重排序・小型股
2018-09-02,68,-0.03786565133973684,14,-0.019662881741825324,13,-0.02473915906474338,14,-0.055323264747529195,13,-0.03335838804539987,14,0.004507263294336976,0.35714285714285715,0.21428571428571427,0.2857142857142857,雙重排序・小型股
2018-09-09,67,-0.00520732427055169,14,0.0025591759660135416,13,-0.0032564490498142497,13,0.00039300198731750946,13,0.007108684821953926,14,0.012316009092505615,0.21428571428571427,0.21428571428571427,0.21428571428571427,雙重排序・小型股
2018-09-16,65,0.026581471317504966,13,0.0009252410407268618,13,-0.005913384914137936,13,0.02068331253998624,13,0.015106203283206724,13,-0.011475268034298242,0.23076923076923078,0.23076923076923078,0.23076923076923078,雙重排序・小型股
2018-09-23,65,-0.0012507683990662377,13,-0.011719667440378282,13,0.02506887012511553,13,0.0021648127582614995,13,0.023444538362475405,13,0.024695306761541642,0.23076923076923078,0.3076923076923077,0.2692307692307693,雙重排序・小型股
2018-09-30,66,-0.03836393132491468,14,-0.041125379681373746,13,-0.041146818431779544,13,-0.05418984418138763,13,-0.026407788508656986,13,0.011956142816257696,0.23076923076923078,0.14285714285714285,0.18681318681318682,雙重排序・小型股
2018-10-07,67,-0.05995286463391304,14,-0.045103814326789456,13,-0.04706587854587474,13,-0.11355833583776667,13,-0.0671718236591493,14,-0.0072189590252362545,0.21428571428571427,0.21428571428571427,0.21428571428571427,雙重排序・小型股
2018-10-14,67,-0.006298528273293643,14,-0.04017002825415765,13,-0.006900635105458839,13,0.0011806164830595856,13,0.006920488875923637,14,0.01321901714921728,0.6428571428571429,0.35714285714285715,0.5,雙重排序・小型股
2018-10-21,67,-0.08862621063100169,14,-0.04771526809147167,13,-0.02898930279723877,13,-0.050365991456453305,13,-0.0439482184796765,14,0.044677992151325195,0.42857142857142855,0.2857142857142857,0.3571428571428571,雙重排序・小型股
2018-10-28,66,0.06190813566817201,14,0.03750156505294669,13,0.03154633122091015,13,0.061616117048986924,13,0.03901016049228646,13,-0.02289797517588555,0.23076923076923078,0.21428571428571427,0.22252747252747251,雙重排序・小型股
2018-11-04,66,0.012544349372818817,14,0.02868852516871072,13,0.01572929605926325,13,0.0076441942856815695,13,0.004987078776334941,13,-0.007557270596483877,0.15384615384615385,0.07142857142857142,0.11263736263736264,雙重排序・小型股
2018-11-11,66,0.021466732997316225,14,0.007016338949234249,13,0.0481377707094964,13,0.018800985673169037,13,0.010152099903713087,13,-0.011314633093603138,0.23076923076923078,0.21428571428571427,0.22252747252747251,雙重排序・小型股
2018-11-18,65,-0.018790415514457773,13,-0.001068074238340373,13,-0.010846240446487144,13,-0.010566220713110367,13,-0.0041596129163601,13,0.014630802598097674,0.15384615384615385,0.07692307692307693,0.11538461538461539,雙重排序・小型股
2018-11-25,64,0.01544768719760528,13,0.013866913932493004,13,0.05265267381444922,12,0.07709681328876622,13,0.015081566864068115,13,-0.0003661203335371642,0.23076923076923078,0.3076923076923077,0.2692307692307693,雙重排序・小型股
2018-12-02,62,-0.0010135648427823235,13,-0.013759902090234153,12,0.006171376676660567,12,-0.03243033742706016,12,-0.01706991502443677,13,-0.016056350181654445,0.3076923076923077,0.23076923076923078,0.2692307692307693,雙重排序・小型股
2018-12-09,64,0.019846655841077792,13,0.017815944530126974,13,0.016655539498772687,12,0.0011367030842476084,13,0.005564011210973914,13,-0.014282644630103878,0.46153846153846156,0.46153846153846156,0.46153846153846156,雙重排序・小型股
2018-12-16,66,-0.0012586369516116105,14,-0.011662875034449242,13,-0.01559264157628145,13,-0.027306850425774572,13,-0.024676841212562424,13,-0.023418204260950815,0.46153846153846156,0.5,0.4807692307692308,雙重排序・小型股
2018-12-23,66,-0.012151966437812911,14,-0.011439348672486586,13,0.013392810079995487,13,-0.018004737961108984,13,-0.013117335380691948,13,-0.0009653689428790364,0.46153846153846156,0.35714285714285715,0.40934065934065933,雙重排序・小型股
2018-12-30,66,-0.019507141652914204,14,-0.012373718032100908,13,-0.01618122684251145,13,-0.005488455252730169,13,-0.0249592432248314,13,-0.005452101571917195,0.6923076923076923,0.5714285714285714,0.6318681318681318,雙重排序・小型股
2019-01-06,65,0.005019726333971895,13,0.01376978191963742,13,0.0035102165912681135,13,-0.0008792753120368321,13,0.001723412418680288,13,-0.0032963139152916068,0.23076923076923078,0.07692307692307693,0.15384615384615385,雙重排序・小型股
2019-01-13,66,0.004571106824727437,14,-0.0017629627441780272,13,0.010981159020397492,13,0.024984601461773486,13,0.013779367217957951,13,0.009208260393230513,0.3076923076923077,0.35714285714285715,0.33241758241758246,雙重排序・小型股
2019-01-20,65,-0.008142669972718961,13,-0.006842709040048305,13,0.00986068171312727,13,-0.005691175279693351,13,0.046282356487186475,13,0.054425026459905435,0.6153846153846154,0.38461538461538464,0.5,雙重排序・小型股
2019-01-27,65,0.006726349968196372,13,0.004346715529421965,13,-0.0072029641636789715,13,-0.016509774159518632,13,0.01591056175055711,13,0.009184211782360736,0.6153846153846154,0.3076923076923077,0.46153846153846156,雙重排序・小型股
2019-02-17,65,0.0018428299667635484,13,0.015731093056287896,13,0.00031809379053882036,13,0.007448779436964844,13,0.010579817571489736,13,0.008736987604726187,0.38461538461538464,0.3076923076923077,0.34615384615384615,雙重排序・小型股
2019-02-24,65,0.0071704851723260596,13,-0.0015933298358054614,13,-0.007458259613469498,13,0.00017650761881935143,13,0.0061363869092208295,13,-0.00103409826310523,0.3076923076923077,0.23076923076923078,0.2692307692307693,雙重排序・小型股
2019-03-03,64,-0.010692868654877005,13,-0.010514628676647457,13,0.005008802975874675,12,-0.007169777273334694,13,-0.0033806835475745922,13,0.007312185107302412,0.15384615384615385,0.07692307692307693,0.11538461538461539,雙重排序・小型股
2019-03-10,64,0.007057823526324054,13,0.007191477384226353,13,0.008621898216251108,12,0.015289307761858132,13,0.016696757948400427,13,0.009638934422076372,0.38461538461538464,0.07692307692307693,0.23076923076923078,雙重排序・小型股
2019-03-17,65,0.0025466419946394724,13,0.0014733341859651976,13,0.0036590664126229158,13,0.0009883241958234578,13,0.01133043243143872,13,0.008783790436799247,0.38461538461538464,0.23076923076923078,0.3076923076923077,雙重排序・小型股
2019-03-24,65,0.0057338908228379195,13,0.0022000814182534354,13,0.024201537381968098,13,-0.0061945641990023455,13,0.011644201312366338,13,0.005910310489528418,0.3076923076923077,0.38461538461538464,0.34615384615384615,雙重排序・小型股
2019-03-31,63,-0.012576859636771524,13,0.0013660594694916521,12,-0.005534357915212071,13,-0.006977782821139551,12,0.00994686851870183,13,0.022523728155473356,0.5384615384615384,0.3076923076923077,0.4230769230769231,雙重排序・小型股
2019-04-07,63,-0.02049999905936622,13,-0.010781625103182516,12,-0.006386170430032585,13,-0.007178491460164101,12,-0.005333061364659582,13,0.01516693769470664,0.46153846153846156,0.3076923076923077,0.38461538461538464,雙重排序・小型股
2019-04-14,65,0.028800676336433188,13,0.005280053062084695,13,-0.007637044654928102,13,0.0066232127718008306,13,-0.0110767525042831,13,-0.03987742884071629,0.07692307692307693,0.15384615384615385,0.11538461538461539,雙重排序・小型股
2019-04-21,65,0.005936607931218914,13,-0.011677457788134397,13,-0.0067599293317736064,13,-0.04056193052993414,13,0.002583814145866964,13,-0.0033527937853519495,0.3076923076923077,0.23076923076923078,0.2692307692307693,雙重排序・小型股
2019-04-28,65,0.0039704096946004625,13,0.00933986061799454,13,-0.005150759237056828,13,0.008671025629377441,13,0.00795835675496553,13,0.003987947060365068,0.23076923076923078,0.23076923076923078,0.23076923076923078,雙重排序・小型股
2019-05-05,66,-0.025151139709318,14,-0.015165212158914941,13,-0.01500451343696187,13,-0.04001281694422246,13,-0.009776229243784398,13,0.015374910465533602,0.3076923076923077,0.2857142857142857,0.2967032967032967,雙重排序・小型股
2019-05-12,66,-0.014747286990613633,14,-0.015162676237523098,13,-0.007668952794989444,13,-0.004624454746269235,13,-0.027846805959475394,13,-0.013099518968861761,0.3076923076923077,0.2857142857142857,0.2967032967032967,雙重排序・小型股
2019-05-19,66,-0.005595456198215379,14,0.004969309531840553,13,0.005200767553976915,13,-0.008061487539995086,13,0.007760008606085645,13,0.013355464804301024,0.5384615384615384,0.35714285714285715,0.44780219780219777,雙重排序・小型股
2019-05-26,67,0.024745315048092815,14,0.007999580367580998,13,0.008638436392168693,13,0.014640682339493552,13,0.011905098246488712,14,-0.012840216801604102,0.5714285714285714,0.35714285714285715,0.4642857142857143,雙重排序・小型股
2019-06-02,68,-0.00873024978627786,14,-0.006697645070539083,13,0.006839584236227547,14,0.004757696104898563,13,0.0010279989247023366,14,0.009758248710980195,0.21428571428571427,0.5,0.35714285714285715,雙重排序・小型股
2019-06-09,69,0.006622287859540285,14,0.005679477894576702,14,-0.009252552881913538,13,0.0199300830397123,14,0.004537111299320907,14,-0.002085176560219377,0.35714285714285715,0.21428571428571427,0.2857142857142857,雙重排序・小型股
2019-06-16,69,0.008119046179714326,14,0.0049269729201388435,14,0.012438964769786573,13,0.0015414470604712999,14,0.01233386093122335,14,0.004214814751509024,0.35714285714285715,0.2857142857142857,0.3214285714285714,雙重排序・小型股
2019-06-23,69,-0.0010963580913455934,14,0.0010992835968526532,14,-0.0012160809086260503,13,-0.004186133411415938,14,0.0006733582132165286,14,0.001769716304562122,0.14285714285714285,0.14285714285714285,0.14285714285714285,雙重排序・小型股
2019-06-30,70,0.00593859023171451,14,0.0050805381115657956,14,0.009148242063930667,14,0.022113016412572666,14,0.00962176961617501,14,0.0036831793844605007,0.35714285714285715,0.07142857142857142,0.2142857142857143,雙重排序・小型股
2019-07-07,69,-0.0020282173263587405,14,0.01444265276418972,14,-0.006757665846461681,13,-0.0037577257828588784,14,0.003981284481205446,14,0.006009501807564186,0.21428571428571427,0.21428571428571427,0.21428571428571427,雙重排序・小型股
2019-07-14,71,0.007732974809144714,15,0.0024483646202817827,14,0.0038587952078965354,14,0.006740057689616719,14,0.004470898601170907,14,-0.0032620762079738066,0.21428571428571427,0.26666666666666666,0.24047619047619045,雙重排序・小型股
2019-07-21,71,0.008947331751118563,15,-0.004776258852777493,14,-0.006484828035988726,14,0.010928639152571886,14,0.0018363593984928753,14,-0.0071109723526256875,0.21428571428571427,0.26666666666666666,0.24047619047619045,雙重排序・小型股
2019-07-28,70,-0.03690248546213247,14,-0.012946623263914483,14,-0.02070867243053413,14,-0.0430964535267096,14,-0.013449327899604577,14,0.023453157562527895,0.14285714285714285,0.14285714285714285,0.14285714285714285,雙重排序・小型股
2019-08-04,68,-0.006613913711640432,14,-0.00914131969383641,13,-0.014246863420557873,14,-0.012158262058537147,13,0.013682392358630082,14,0.020296306070270515,0.14285714285714285,0.21428571428571427,0.17857142857142855,雙重排序・小型股
2019-08-11,68,-0.0056806850366609785,14,0.0015482308520192638,13,-0.0013374119618883176,14,-0.005954575092639465,13,-0.0015354830486006038,14,0.004145201988060374,0.21428571428571427,0.2857142857142857,0.25,雙重排序・小型股
2019-08-18,65,0.01439005283719045,13,0.008031667069834313,13,0.003427536421904426,13,0.015821959666641357,13,0.005607750946648773,13,-0.008782301890541676,0.15384615384615385,0.15384615384615385,0.15384615384615385,雙重排序・小型股
2019-08-25,66,0.03937264968724865,14,0.0033213550497772637,13,0.002543020876012069,13,0.025568945389873712,13,0.01905755759524553,13,-0.02031509209200312,0.15384615384615385,0.14285714285714285,0.14835164835164835,雙重排序・小型股
2019-09-01,66,0.03499771475657363,14,0.008651522304560498,13,0.016328765629410727,13,0.020497827513923074,13,0.017748590237332003,13,-0.017249124519241626,0.3076923076923077,0.2857142857142857,0.2967032967032967,雙重排序・小型股
2019-09-08,65,0.006327455676101524,13,-0.0034216939977788673,13,-0.002182104314199885,13,-0.002120787911441444,13,0.004620634616527653,13,-0.0017068210595738709,0.15384615384615385,0.15384615384615385,0.15384615384615385,雙重排序・小型股
2019-09-15,64,0.00041661378526092196,13,0.0033235630239963642,13,0.003877639392856754,12,-0.0033166551596292347,13,0.011869491513094603,13,0.01145287772783368,0.38461538461538464,0.6153846153846154,0.5,雙重排序・小型股
2019-09-22,63,-0.015154465099685757,13,-0.02019980505937217,12,-0.027615815549552163,13,-0.03006280920935751,12,-0.017778699744789662,13,-0.0026242346451039057,0.3076923076923077,0.38461538461538464,0.34615384615384615,雙重排序・小型股
2019-09-29,64,-0.0018251958110014899,13,-0.007690823255668389,13,0.0018471470114246973,12,-0.00737847454197899,13,-0.0162001544396337,13,-0.014374958628632209,0.23076923076923078,0.15384615384615385,0.19230769230769232,雙重排序・小型股
2019-10-06,65,-0.0047042468059768,13,-0.011360957555850657,13,-0.0018434991463841532,13,-0.020295643772073216,13,0.00026639000789737603,13,0.004970636813874176,0.38461538461538464,0.46153846153846156,0.42307692307692313,雙重排序・小型股
2019-10-13,65,0.015471983417921074,13,0.015631082142373007,13,0.011203764990455705,13,0.007909768573833896,13,0.009377158703656083,13,-0.006094824714264991,0.15384615384615385,0.23076923076923078,0.19230769230769232,雙重排序・小型股
2019-10-20,65,-0.00170449140622885,13,0.004944073258135105,13,0.017911461942433163,13,0.008736960479184375,13,-9.055475062091068e-05,13,0.0016139366556079393,0.38461538461538464,0.23076923076923078,0.3076923076923077,雙重排序・小型股
2019-10-27,66,-0.010213557496785628,14,0.0031098701309384756,13,-0.0016864559425825774,13,-0.018559883510675827,13,-0.007399897731367622,13,0.0028136597654180064,0.3076923076923077,0.35714285714285715,0.33241758241758246,雙重排序・小型股
2019-11-03,67,-0.008248523922839646,14,0.018168464668614957,13,0.002207144690832394,13,-0.021825044897005645,13,-0.004306137873351957,14,0.003942386049487688,0.14285714285714285,0.14285714285714285,0.14285714285714285,雙重排序・小型股
2019-11-10,68,-0.021117930945374452,14,-0.015653155892138542,13,-0.018209324292468472,14,0.0021344600422176572,13,0.00028887324548474265,14,0.021406804190859195,0.2857142857142857,0.21428571428571427,0.25,雙重排序・小型股
2019-11-17,68,-0.004777126248149489,14,0.005054094618696419,13,0.02168188689171015,14,0.008928716253914901,13,0.005610208791451743,14,0.010387335039601233,0.2857142857142857,0.21428571428571427,0.25,雙重排序・小型股
2019-11-24,68,-0.005574424043803158,14,-0.004299842369147344,13,-0.013230701836938188,14,-0.0011076160740465418,13,-0.0033244374773955016,14,0.0022499865664076563,0.21428571428571427,0.07142857142857142,0.14285714285714285,雙重排序・小型股
2019-12-01,69,0.0001443041641156178,14,0.013119666338955631,14,-0.0010045987607615668,13,0.0015663132866101104,14,-0.0026751811874102726,14,-0.0028194853515258905,0.35714285714285715,0.35714285714285715,0.35714285714285715,雙重排序・小型股
2019-12-08,70,0.0037932157084701007,14,-0.009338696729669273,14,-0.013036989102644654,14,0.0039052616028729193,14,-0.016386897511570273,14,-0.020180113220040374,0.35714285714285715,0.35714285714285715,0.35714285714285715,雙重排序・小型股
2019-12-15,69,0.0032155459088081817,14,0.006834548313569444,14,0.012020829021968651,13,0.011007119029498342,14,0.007296588809752496,14,0.004081042900944314,0.2857142857142857,0.2857142857142857,0.2857142857142857,雙重排序・小型股
2019-12-22,69,0.010600344425563266,14,0.004974751029974601,14,-0.0029556544572104403,13,0.0034078470126731597,14,-0.004838073130237589,14,-0.015438417555800856,0.14285714285714285,0.35714285714285715,0.25,雙重排序・小型股
2019-12-29,69,0.016097898362875136,14,0.00019471898484267416,14,0.0059169241587314885,13,-0.003384358392135443,14,0.003567774228662573,14,-0.012530124134212563,0.2857142857142857,0.21428571428571427,0.25,雙重排序・小型股
2020-01-05,70,-0.01240181988278354,14,-0.011551295783234692,14,-0.012751650602888473,14,-0.0030503249511226816,14,-0.00911109764903081,14,0.00329072223375273,0.21428571428571427,0.14285714285714285,0.17857142857142855,雙重排序・小型股
2020-01-12,70,0.0052881034196197085,14,-0.0006688393165511508,14,0.011110919645706627,14,0.013816361354778308,14,-0.0002452025516975368,14,-0.005533305971317245,0.21428571428571427,0.21428571428571427,0.21428571428571427,雙重排序・小型股
2020-01-19,71,0.001191179544321508,15,0.0037689416733696158,14,0.004190769404276674,14,-0.0038728347841882854,14,0.001323936128055441,14,0.00013275658373393309,0.35714285714285715,0.26666666666666666,0.3119047619047619,雙重排序・小型股
2020-01-26,69,-0.011738092773583477,14,-0.013183110326348104,14,-0.015095409147788678,13,-0.019750240353065027,14,-0.029565614026450988,14,-0.01782752125286751,0.14285714285714285,0.21428571428571427,0.17857142857142855,雙重排序・小型股
2020-02-02,69,0.013002587739074771,14,0.0023435003145485522,14,0.011691070170599595,13,0.038053846121296676,14,0.021413175373966833,14,0.008410587634892061,0.14285714285714285,0.2857142857142857,0.21428571428571427,雙重排序・小型股
2020-02-09,71,0.01376190905772842,15,0.02312876517597971,14,0.00990870085554922,14,0.03961621506048196,14,0.011601071495200852,14,-0.0021608375625275685,0.35714285714285715,0.3333333333333333,0.34523809523809523,雙重排序・小型股
2020-02-16,70,0.014005407504761837,14,0.021368119650779647,14,0.007077442816342395,14,0.0023745383391553998,14,0.0024739233036116803,14,-0.011531484201150157,0.35714285714285715,0.35714285714285715,0.35714285714285715,雙重排序・小型股
2020-02-23,69,-0.019929024851697046,14,-0.013074684567629311,14,-0.02768853601247036,13,-0.022542327525355392,14,-0.021974979931671523,14,-0.002045955079974477,0.14285714285714285,0.07142857142857142,0.10714285714285714,雙重排序・小型股
2020-03-01,69,0.025245340772755483,14,0.035707990821741156,14,0.03309166281830884,13,0.02524566022686664,14,0.03706910440771253,14,0.011823763634957046,0.14285714285714285,0.07142857142857142,0.10714285714285714,雙重排序・小型股
2020-03-08,70,-0.15150763841033332,14,-0.1341903172301482,14,-0.13728024434934508,14,-0.1328535316844725,14,-0.1413912638022942,14,0.01011637460803913,0.35714285714285715,0.14285714285714285,0.25,雙重排序・小型股
2020-03-15,71,-0.12110562092867395,15,-0.10066771688297929,14,-0.06696489159849445,14,-0.11737082034224593,14,-0.08334480916361338,14,0.037760811765060576,0.35714285714285715,0.3333333333333333,0.34523809523809523,雙重排序・小型股
2020-03-22,72,0.1220979391380475,15,0.10065808361484338,14,0.08950619537959623,14,0.09832781200122127,14,0.09956951172087547,15,-0.022528427417172037,0.5333333333333333,0.3333333333333333,0.43333333333333335,雙重排序・小型股
2020-03-29,73,0.053545371208801096,15,0.036314209739029955,14,0.017495787335925123,15,0.04373258360026678,14,0.04221507266550054,15,-0.011330298543300553,0.5333333333333333,0.4666666666666667,0.5,雙重排序・小型股
2020-04-05,71,0.04886513066735567,15,0.0664176610821104,14,0.06030815636390748,14,0.08045667716310585,14,0.050491141499046134,14,0.0016260108316904637,0.35714285714285715,0.2,0.2785714285714286,雙重排序・小型股
2020-04-12,72,0.03526860612808111,15,0.02996789934484048,14,0.040389476895029565,14,0.031284983307614256,14,0.01981324778647641,15,-0.015455358341604698,0.2,0.2,0.2,雙重排序・小型股
2020-04-19,71,-0.013123950337708109,15,-0.005844489011980496,14,-0.010705059149265601,14,-0.013647929102918186,14,-0.00131864878759622,14,0.011805301550111889,0.07142857142857142,0.13333333333333333,0.10238095238095238,雙重排序・小型股
2020-04-26,70,0.04620680151604637,14,0.060775503816088206,14,0.04912037650518138,14,0.05569939157785824,14,0.041794083372780434,14,-0.004412718143265937,0.07142857142857142,0.07142857142857142,0.07142857142857142,雙重排序・小型股
2020-05-03,70,0.0364055487142825,14,0.05271945486412237,14,0.032547784379239705,14,0.0380718343836044,14,0.023509217419245047,14,-0.01289633129503745,0.14285714285714285,0.07142857142857142,0.10714285714285714,雙重排序・小型股
2020-05-10,70,-0.0187841960065083,14,-0.03172025166184666,14,-0.02225904686251259,14,0.017477703577686514,14,0.004804206015702631,14,0.023588402022210932,0.21428571428571427,0.21428571428571427,0.21428571428571427,雙重排序・小型股
2020-05-17,68,0.00858378141667059,14,0.017835344698541106,13,0.013302378921430833,14,-0.016018348952905145,13,-0.005932581461915221,14,-0.014516362878585811,0.35714285714285715,0.2857142857142857,0.3214285714285714,雙重排序・小型股
2020-05-24,69,-0.01524523878902147,14,0.007552590694708349,14,0.007789820354660863,13,0.01572067027339222,14,0.03619843938892951,14,0.05144367817795098,0.21428571428571427,0.35714285714285715,0.2857142857142857,雙重排序・小型股
2020-05-31,68,0.014120528033943138,14,0.03477616724051802,13,0.03567599199561326,14,0.030116335670124148,13,0.020760804483264506,14,0.006640276449321367,0.2857142857142857,0.35714285714285715,0.3214285714285714,雙重排序・小型股
2020-06-07,69,-0.02074759031283769,14,-0.024888436303007237,14,-0.02847403154333073,13,-0.0408911158838224,14,-0.031850184195877804,14,-0.011102593883040114,0.2857142857142857,0.2857142857142857,0.2857142857142857,雙重排序・小型股
2020-06-14,69,0.04794247229293419,14,0.017563520414042435,14,0.05940440048557086,13,0.012025522121000989,14,0.009039889821284675,14,-0.038902582471649516,0.21428571428571427,0.2857142857142857,0.25,雙重排序・小型股
2020-06-21,70,-0.0159145057925292,14,-0.009392515849146752,14,-0.007964209220079288,14,-0.005449466868047085,14,0.0022602290752315774,14,0.018174734867760778,0.21428571428571427,0.2857142857142857,0.25,雙重排序・小型股
2020-06-28,73,0.028033349157174082,15,0.03755473038956876,14,0.03551238681700604,15,0.013910053727280007,14,0.024231433173928944,15,-0.0038019159832451375,0.6,0.3333333333333333,0.4666666666666667,雙重排序・小型股
2020-07-05,73,-0.0010550672363344542,15,0.009420435209468123,14,0.003345577100675031,15,0.008526721038182306,14,0.002241168170196602,15,0.003296235406531056,0.4666666666666667,0.3333333333333333,0.4,雙重排序・小型股
2020-07-12,72,0.004328745064396674,15,-0.006521754209088008,14,-0.003943531186714906,14,-0.01774889072933154,14,-0.000889050416596319,15,-0.005217795480992993,0.26666666666666666,0.26666666666666666,0.26666666666666666,雙重排序・小型股
2020-07-19,73,0.0037476660530823287,15,-0.009494925443365316,14,0.009882948593734427,15,-0.004003222402069525,14,0.015259986141672706,15,0.011512320088590378,0.2,0.26666666666666666,0.23333333333333334,雙重排序・小型股
2020-07-26,72,-0.01600885381076276,15,-0.0014060085059536978,14,0.001255396198226669,14,-0.0042025875738550145,14,-0.015327184248967129,15,0.0006816695617956302,0.2,0.13333333333333333,0.16666666666666669,雙重排序・小型股
2020-08-02,72,0.01390572164415614,15,0.012626110567811741,14,0.021153753888341714,14,0.0017507079080285592,14,0.014260062609382928,15,0.000354340965226789,0.13333333333333333,0.2,0.16666666666666669,雙重排序・小型股
2020-08-09,72,0.02206037712759934,15,0.0095679370130738,14,0.029640288928056115,14,0.0161596335787682,14,0.018524300199571127,15,-0.0035360769280282124,0.2,0.13333333333333333,0.16666666666666669,雙重排序・小型股
2020-08-16,71,0.0042391796486657436,15,-0.004304614439373459,14,0.0046875564006105186,14,-0.00796990042640529,14,0.012896695270736447,14,0.008657515622070703,0.07142857142857142,0.13333333333333333,0.10238095238095238,雙重排序・小型股
2020-08-23,72,0.021076599715678317,15,0.029595364000541507,14,0.026201530465757565,14,0.01246312914287316,14,0.036116609287699816,15,0.0150400095720215,0.26666666666666666,0.06666666666666667,0.16666666666666666,雙重排序・小型股
2020-08-30,72,0.024606800634300194,15,0.03305912570067821,14,0.0039960451747180215,14,0.022705256053709266,14,-0.009883657851452465,15,-0.03449045848575266,0.2,0.4,0.30000000000000004,雙重排序・小型股
2020-09-06,72,-0.029981327793113657,15,0.029582337270396337,14,0.010921988988117002,14,0.0024491468519914905,14,-0.009526162926852422,15,0.020455164866261234,0.2,0.26666666666666666,0.23333333333333334,雙重排序・小型股
2020-09-13,72,0.009487919720241322,15,0.009485389678308769,14,0.006259499382761539,14,0.016176520537274593,14,0.012299778533033663,15,0.002811858812792341,0.13333333333333333,0.2,0.16666666666666669,雙重排序・小型股
2020-09-20,73,-0.07451232617474267,15,-0.05503237603215294,14,-0.06602083453155959,15,-0.044204468247932595,14,-0.0719370436871579,15,0.0025752824875847624,0.6666666666666666,0.4,0.5333333333333333,雙重排序・小型股
2020-09-27,73,0.008014470532717177,15,0.004107035701962787,14,0.015786374357171,15,0.012481389848862148,14,0.013032815983244742,15,0.005018345450527565,0.6666666666666666,0.6,0.6333333333333333,雙重排序・小型股
2020-10-04,75,0.021854034394864396,15,0.032841756570258826,15,0.019797028422222255,15,0.03070888520175221,15,0.019095563926116235,15,-0.002758470468748161,0.4666666666666667,0.4,0.43333333333333335,雙重排序・小型股
2020-10-11,76,0.007055984186046332,16,0.007355247989284649,15,-0.007941213456520924,15,-0.012946975160310351,15,-0.013620104229080799,15,-0.02067608841512713,0.06666666666666667,0.125,0.09583333333333333,雙重排序・小型股
2020-10-18,76,0.014760045833048574,16,0.0023979522460944704,15,0.016999489958243453,15,0.018169939448842945,15,0.001094833409232754,15,-0.01366521242381582,0.3333333333333333,0.1875,0.26041666666666663,雙重排序・小型股
2020-10-25,76,-0.006913544087289544,16,-0.016234454414492318,15,-0.025853800219974202,15,-0.03178254754878103,15,-0.018090293503186923,15,-0.011176749415897379,0.4,0.25,0.325,雙重排序・小型股
2020-11-01,75,0.008177576651348351,15,0.008209267992756416,15,0.019775239206173766,15,0.033085804964563564,15,0.015662720716066603,15,0.0074851440647182525,0.26666666666666666,0.2,0.23333333333333334,雙重排序・小型股
2020-11-08,75,-0.02018072987002603,15,0.0230654369662794,15,-0.004285410845550719,15,0.012666814566116357,15,0.01591460115038273,15,0.03609533102040876,0.13333333333333333,0.06666666666666667,0.1,雙重排序・小型股
2020-11-15,75,-0.007256692568905399,15,0.028591477690610212,15,0.0001627225396904001,15,0.03189454800322242,15,0.029911983025064377,15,0.037168675593969774,0.26666666666666666,0.26666666666666666,0.26666666666666666,雙重排序・小型股
2020-11-22,75,0.026660905000222675,15,0.0065505003974001795,15,0.016432354523460316,15,0.026786240711613656,15,0.012125453907943846,15,-0.014535451092278828,0.26666666666666666,0.3333333333333333,0.3,雙重排序・小型股
2020-11-29,75,-0.004455899360756477,15,-0.016806099000063697,15,1.4181580265263763e-05,15,0.008058244824152183,15,-0.0043348233718601675,15,0.00012107598889630946,0.3333333333333333,0.4,0.3666666666666667,雙重排序・小型股
2020-12-06,75,-0.019897024775416425,15,-0.027505576972768498,15,-0.024924652836549196,15,-0.009640219443357,15,-0.020609333794621553,15,-0.0007123090192051283,0.26666666666666666,0.26666666666666666,0.26666666666666666,雙重排序・小型股
2020-12-13,75,-0.00029085234309387994,15,0.009397887479689608,15,0.022409594003887392,15,0.01854186635794138,15,0.0022542884286006334,15,0.0025451407716945134,0.13333333333333333,0.13333333333333333,0.13333333333333333,雙重排序・小型股
2020-12-20,75,0.022587467417010527,15,0.027032051670420207,15,0.013622322135515182,15,0.006258729595762539,15,-0.004710408889136164,15,-0.02729787630614669,0.13333333333333333,0.26666666666666666,0.2,雙重排序・小型股
2020-12-27,75,0.02583456568206468,15,0.00477351210328801,15,0.017671092254143154,15,0.009520155147777879,15,0.029856762199028396,15,0.004022196516963717,0.26666666666666666,0.26666666666666666,0.26666666666666666,雙重排序・小型股
2021-01-03,77,-0.0261347545030162,16,-0.024639621624773764,15,-0.017469218507169353,15,-0.013597901703818997,15,-0.020184921858968856,16,0.005949832644047345,0.3125,0.1875,0.25,雙重排序・小型股
2021-01-10,77,-0.049337838948028206,16,-0.026514770557163402,15,-0.04984038335346653,15,-0.034961341036708206,15,-0.024977947103257986,16,0.02435989184477022,0.1875,0.125,0.15625,雙重排序・小型股
2021-01-17,77,-0.028174683039432595,16,-0.027600911620696143,15,-0.024291909881534172,15,-0.020313701986813867,15,-0.024434258550233748,16,0.0037404244891988472,0.1875,0.25,0.21875,雙重排序・小型股
2021-01-24,76,-0.03019246752655603,16,-0.012068219034279815,15,-0.02854568927026801,15,-0.027698754940837438,15,-0.02329193809204931,15,0.006900529434506718,0.3333333333333333,0.1875,0.26041666666666663,雙重排序・小型股
2021-01-31,75,0.0203281343199934,15,0.014436744384158687,15,0.020181917816046488,15,0.01442063918942061,15,0.0045625014330420285,15,-0.01576563288695137,0.3333333333333333,0.4,0.3666666666666667,雙重排序・小型股
2021-02-21,76,0.013771642959442505,16,0.012590686131286607,15,0.0040205770242623725,15,0.03948716633332664,15,0.010818758452714457,15,-0.0029528845067280478,0.4666666666666667,0.3125,0.38958333333333334,雙重排序・小型股
2021-02-28,77,-0.03291432429633694,16,0.0008775103495931728,15,-0.0191167767411732,15,-0.01853155982152034,15,-0.013007715251691171,16,0.019906609044645772,0.25,0.25,0.25,雙重排序・小型股
2021-03-07,76,0.022616937458777943,16,0.006956336712032166,15,0.021949954658371167,15,-0.004725728272988739,15,0.0217832945706446,15,-0.0008336428881333437,0.3333333333333333,0.3125,0.32291666666666663,雙重排序・小型股
2021-03-14,77,0.007901269077061249,16,0.0037839642142360277,15,0.007779978740307336,15,0.007454091195204674,15,0.030332372829417628,16,0.02243110375235638,0.25,0.25,0.25,雙重排序・小型股
2021-03-21,77,0.005857165650059101,16,0.014652630648747311,15,0.022862565520415507,15,0.008584859387259147,15,0.00634538097400595,16,0.0004882153239468487,0.4375,0.375,0.40625,雙重排序・小型股
2021-03-28,79,0.011023156017802044,16,0.02529464673208584,16,0.002468444970268117,15,0.012581627213875929,16,0.006017324403197327,16,-0.005005831614604717,0.4375,0.4375,0.4375,雙重排序・小型股
2021-04-04,80,0.030180003818486893,16,0.02368605657127581,16,0.017816213509410414,16,0.03779254767882163,16,0.023305597171639526,16,-0.006874406646847367,0.4375,0.375,0.40625,雙重排序・小型股
2021-04-11,79,0.033934497657043663,16,0.0474732622898624,16,0.013992418973511866,15,0.03973290184837312,16,0.013700818733791462,16,-0.020233678923252202,0.25,0.0625,0.15625,雙重排序・小型股
2021-04-18,81,0.03838444007792122,17,0.02257994045187154,16,0.012612026176131656,16,0.010754868838498424,16,-0.00827747871502555,16,-0.04666191879294677,0.375,0.23529411764705882,0.30514705882352944,雙重排序・小型股
2021-04-25,83,0.028911805830335185,17,0.014096646605998152,16,0.025104227511451065,17,-0.006497445415821042,16,0.014317810862111806,17,-0.014593994968223379,0.29411764705882354,0.35294117647058826,0.3235294117647059,雙重排序・小型股
2021-05-02,83,-0.04540891851333922,17,-0.028835242979813124,16,-0.042440150357732846,17,-0.052411337217658886,16,-0.029108602733533905,17,0.016300315779805313,0.23529411764705882,0.23529411764705882,0.23529411764705882,雙重排序・小型股
2021-05-09,85,-0.09257512746704583,17,-0.12007237991580147,17,-0.09703197972642587,17,-0.12110772329990646,17,-0.09504534087769348,17,-0.0024702134106476537,0.058823529411764705,0.11764705882352941,0.08823529411764705,雙重排序・小型股
2021-05-16,85,0.08020707775864555,17,0.09788012551301034,17,0.0841369529658861,17,0.12105554452559086,17,0.05529526322268713,17,-0.02491181453595842,0.47058823529411764,0.23529411764705882,0.3529411764705882,雙重排序・小型股
2021-05-23,87,0.030223545512450607,18,0.03232809236913,17,0.05530293290514389,17,0.061764701158600326,17,0.0340329783138276,18,0.003809432801376994,0.4444444444444444,0.3888888888888889,0.41666666666666663,雙重排序・小型股
2021-05-30,87,0.020297300163982193,18,0.008667816355996338,17,0.026065509269761034,17,0.0027915238637503015,17,0.022050722938971496,18,0.001753422774989303,0.3333333333333333,0.2777777777777778,0.3055555555555556,雙重排序・小型股
2021-06-06,88,-0.01883063883696262,18,-0.011326619687921688,17,-0.011368848523895624,18,0.006287593390044843,17,0.0064935885677847895,18,0.02532422740474741,0.2222222222222222,0.1111111111111111,0.16666666666666666,雙重排序・小型股
2021-06-13,88,0.005190640171807864,18,0.007875495603920157,17,-0.009295690163988488,18,-0.0012758176314624896,17,0.01069361960948421,18,0.0055029794376763455,0.3333333333333333,0.2222222222222222,0.2777777777777778,雙重排序・小型股
2021-06-20,87,0.0327641966338731,18,0.01968533593865181,17,0.042343433998057976,17,0.046024928761630314,17,0.05272802513459538,18,0.01996382850072228,0.16666666666666666,0.16666666666666666,0.16666666666666666,雙重排序・小型股
2021-06-27,87,0.02725763596365834,18,0.0021473571966020453,17,0.027812963331978077,17,0.01670201325021861,17,0.012779823300176981,18,-0.014477812663481358,0.1111111111111111,0.1111111111111111,0.1111111111111111,雙重排序・小型股
2021-07-04,88,-0.02141693314030815,18,0.010694831964663424,17,-0.01298054333860761,18,0.017701879108022605,17,-0.0003497182429522004,18,0.02106721489735595,0.2777777777777778,0.16666666666666666,0.2222222222222222,雙重排序・小型股
2021-07-11,89,-0.023915575161821682,18,-0.004609550766991538,18,-0.012420169040924944,17,-0.01763917858043651,18,-0.010514624985491716,18,0.013400950176329966,0.2777777777777778,0.16666666666666666,0.2222222222222222,雙重排序・小型股
2021-07-18,89,-0.014915473048349991,18,0.01913725149649924,18,-0.011685517850159307,17,-0.016259354010466267,18,-0.00935716060294005,18,0.005558312445409941,0.2777777777777778,0.16666666666666666,0.2222222222222222,雙重排序・小型股
2021-07-25,89,-0.03007097671293712,18,-0.03345758522868615,18,-0.012569135382160352,17,-0.030935358475992325,18,-0.019940288729845088,18,0.01013068798309203,0.2777777777777778,0.3888888888888889,0.33333333333333337,雙重排序・小型股
2021-08-01,89,-0.0012371915510642885,18,0.003011588782273219,18,-0.002143172793277921,17,0.03799008160479625,18,-0.003207405119643927,18,-0.0019702135685796384,0.2777777777777778,0.2777777777777778,0.2777777777777778,雙重排序・小型股
2021-08-08,90,-0.027262974544025986,18,-0.037752994994786376,18,-0.04512069883326261,18,-0.05187186218987254,18,-0.032567512849466906,18,-0.00530453830544092,0.2222222222222222,0.16666666666666666,0.19444444444444442,雙重排序・小型股
2021-08-15,90,-0.022386089086455285,18,-0.03531304153363094,18,-0.04409567460335653,18,-0.039220614092807075,18,-0.03883341249391947,18,-0.016447323407464187,0.1111111111111111,0.16666666666666666,0.1388888888888889,雙重排序・小型股
2021-08-22,90,0.06266963999808993,18,0.03733494375135388,18,0.02674256427616019,18,0.03974612692313881,18,0.04241724299538184,18,-0.02025239700270809,0.1111111111111111,0.1111111111111111,0.1111111111111111,雙重排序・小型股
2021-08-29,89,-0.0018871790350195965,18,0.007149644785423743,18,-0.006052717747808114,17,0.006456360883788975,18,0.004078702563366393,18,0.005965881598385989,0.16666666666666666,0.16666666666666666,0.16666666666666666,雙重排序・小型股
2021-09-05,88,-0.024364752700017527,18,-0.012769460793665248,17,-0.007746401480202188,18,-0.023225689714649105,17,-0.027645003771888332,18,-0.003280251071870806,0.16666666666666666,0.2777777777777778,0.2222222222222222,雙重排序・小型股
2021-09-12,88,0.006068754080775914,18,0.01273790898754582,17,0.00022968275120147406,18,-0.009803797124519032,17,-0.007565194669428714,18,-0.013633948750204627,0.4444444444444444,0.3333333333333333,0.38888888888888884,雙重排序・小型股
2021-09-19,88,0.028032406620526886,18,0.005630030399817308,17,0.014508519406314887,18,0.021524880194729645,17,0.017458931761226964,18,-0.010573474859299922,0.3333333333333333,0.3333333333333333,0.3333333333333333,雙重排序・小型股
2021-09-26,89,-0.03364654150192437,18,-0.012338401050478854,18,-0.016443792100580636,17,-0.02263066412309473,18,-0.004342440595498783,18,0.02930410090642559,0.1111111111111111,0.1111111111111111,0.1111111111111111,雙重排序・小型股
2021-10-03,90,-0.003500606781950589,18,-0.009933249718442363,18,-0.02062041684881559,18,-0.008682440367648814,18,-0.00373857171361986,18,-0.0002379649316692706,0.3888888888888889,0.2777777777777778,0.33333333333333337,雙重排序・小型股
2021-10-10,90,-0.006745797028506867,18,-0.0003573622345380155,18,0.011206885853143174,18,-0.000293057528671777,18,-0.01603035053803841,18,-0.009284553509531543,0.3888888888888889,0.3333333333333333,0.3611111111111111,雙重排序・小型股
2021-10-17,91,-0.007540629536067957,19,-0.003218561869204359,18,0.00889394776059175,18,0.004929736939850061,18,0.01774454032490285,18,0.025285169860970808,0.1111111111111111,0.10526315789473684,0.10818713450292397,雙重排序・小型股
2021-10-24,90,0.008399281691096648,18,0.005092472148066697,18,0.0031754634505397,18,0.02476913883734016,18,0.013129060035926676,18,0.004729778344830028,0.2222222222222222,0.1111111111111111,0.16666666666666666,雙重排序・小型股
2021-10-31,90,0.0023685128302725128,18,0.005932459916366971,18,0.011712100528390605,18,0.0019538130649241667,18,0.005252575929488301,18,0.0028840630992157884,0.16666666666666666,0.16666666666666666,0.16666666666666666,雙重排序・小型股
2021-11-07,90,-0.004416301003204732,18,0.023634333955054265,18,0.01768305542607252,18,-0.0037369915997877176,18,0.014425612451382075,18,0.018841913454586807,0.2777777777777778,0.16666666666666666,0.2222222222222222,雙重排序・小型股
2021-11-14,92,0.0025818441973708066,19,-0.009460465476083103,18,-0.014240366958641325,18,0.01623581814020583,18,-0.013863830062782941,19,-0.016445674260153746,0.3157894736842105,0.3684210526315789,0.3421052631578947,雙重排序・小型股
2021-11-21,93,-0.006868291837516898,19,-0.018970758041513967,18,0.004366841363511831,19,-0.01597829322218964,18,-0.01204408185489276,19,-0.0051757900173758625,0.3157894736842105,0.2631578947368421,0.2894736842105263,雙重排序・小型股
2021-11-28,93,0.034086853036657504,19,0.010768300041495168,18,0.026762651573564285,19,0.04078030614495683,18,0.008774012128096592,19,-0.02531284090856091,0.15789473684210525,0.05263157894736842,0.10526315789473684,雙重排序・小型股
2021-12-05,94,0.009631348968072799,19,0.005581204702209423,19,0.0006783412854955305,18,0.01657373322626339,19,5.213178153662401e-05,19,-0.009579217186536175,0.15789473684210525,0.2631578947368421,0.21052631578947367,雙重排序・小型股
2021-12-12,94,-0.009506042882681339,19,-0.010374869955763954,19,-0.005880961823403992,18,-0.010666205175440544,19,2.460281541644419e-05,19,0.009530645698097783,0.10526315789473684,0.15789473684210525,0.13157894736842105,雙重排序・小型股
2021-12-19,95,0.029686570273944196,19,-0.003635447250056706,19,0.004285521132064946,19,0.029802695240160174,19,-0.0016127513807130693,19,-0.031299321654657264,0.21052631578947367,0.15789473684210525,0.18421052631578946,雙重排序・小型股
2021-12-26,95,0.01245038693987796,19,0.010172044297618574,19,0.012312989585133442,19,0.02303375712805921,19,0.013199910612043134,19,0.0007495236721651744,0.21052631578947367,0.21052631578947367,0.21052631578947367,雙重排序・小型股
2022-01-02,95,-0.032713566129026546,19,-0.023982887296988317,19,-0.015208221600762798,19,-0.02242353127289552,19,-0.021541319910162306,19,0.01117224621886424,0.15789473684210525,0.21052631578947367,0.18421052631578946,雙重排序・小型股
2022-01-09,95,-0.026906439959865885,19,-0.008193461881927471,19,-0.008234583896808445,19,-0.016705823884208756,19,-0.001820254307261188,19,0.025086185652604696,0.21052631578947367,0.2631578947368421,0.23684210526315788,雙重排序・小型股
2022-01-16,95,-0.011984069951358782,19,-0.013617261764061755,19,-0.01836858888982822,19,-0.011341959819845631,19,-0.01322935214720023,19,-0.0012452821958414476,0.2631578947368421,0.2631578947368421,0.2631578947368421,雙重排序・小型股
2022-01-23,95,-0.017280103267431967,19,-0.01964198819390926,19,-0.013879059848956262,19,-0.033280957827820826,19,-0.01205999861445663,19,0.005220104652975337,0.15789473684210525,0.15789473684210525,0.15789473684210525,雙重排序・小型股
2022-02-13,96,0.03134628971342963,20,0.006387072513867024,19,0.02049792729235564,19,0.0031480745876892578,19,0.013791411227993515,19,-0.01755487848543611,0.21052631578947367,0.35,0.2802631578947368,雙重排序・小型股
2022-02-20,95,-0.012867103753937719,19,-0.011809281570222593,19,-0.01929197090830195,19,-0.022097792279963013,19,-0.008130793394352034,19,0.004736310359585685,0.10526315789473684,0.21052631578947367,0.15789473684210525,雙重排序・小型股
2022-02-27,95,0.005298565560112714,19,0.009363139690696132,19,0.002480218681898405,19,0.02675823924486503,19,0.018711085663511106,19,0.013412520103398391,0.15789473684210525,0.15789473684210525,0.15789473684210525,雙重排序・小型股
2022-03-06,96,-0.013090700271191363,20,-0.007707471010917639,19,-0.02283425181415074,19,-0.01821459066934275,19,-0.03207656257841993,19,-0.018985862307228568,0.05263157894736842,0.05,0.05131578947368421,雙重排序・小型股
2022-03-13,96,0.014219960953326182,20,0.008678801300489212,19,0.00377616104906508,19,0.01275986497733135,19,0.008770281873009697,19,-0.005449679080316485,0.10526315789473684,0.2,0.15263157894736842,雙重排序・小型股
2022-03-20,96,0.008147376863533085,20,0.007429414894004849,19,0.02090161562118713,19,-0.00823727786792708,19,0.008967105124077326,19,0.0008197282605442412,0.05263157894736842,0.05,0.05131578947368421,雙重排序・小型股
2022-03-27,96,-0.00018928278485117467,20,0.008516539513741978,19,-0.006533455115482101,19,-0.006376490366427723,19,-0.0001461153877273583,19,4.316739712381638e-05,0.42105263157894735,0.2,0.31052631578947365,雙重排序・小型股
2022-04-03,95,-0.009184216906083497,19,-0.0023849104744763736,19,0.006209438942172618,19,-0.014506274409513348,19,-0.00990487076653164,19,-0.0007206538604481432,0.47368421052631576,0.47368421052631576,0.47368421052631576,雙重排序・小型股
2022-04-10,97,0.024742217787493154,20,-0.00039243131467836534,19,0.005431784826191017,19,-0.018514521697221547,19,-0.01618572427733801,20,-0.04092794206483116,0.15,0.15,0.15,雙重排序・小型股
2022-04-17,96,0.006883722889478611,20,0.012048218901217673,19,0.0069573111775566195,19,0.016197187288919845,19,-0.0026589051945203773,19,-0.009542628083998988,0.15789473684210525,0.1,0.12894736842105264,雙重排序・小型股
2022-04-24,97,-0.017286842117363987,20,-0.04337815930428317,19,-0.051594455616725335,19,-0.03541846418011482,19,-0.03814200016535382,20,-0.020855158047989836,0.1,0.1,0.1,雙重排序・小型股
2022-05-01,98,-0.021356703635448275,20,-0.004310678797232862,19,-0.001747796672603641,20,-0.0034193146319632926,19,-0.0014932331040054092,20,0.019863470531442867,0.15,0.2,0.175,雙重排序・小型股
2022-05-08,97,-0.04271894148241455,20,-0.058465430630735594,19,-0.044902730259683235,19,-0.015779268922173663,19,-0.04426186018717095,20,-0.0015429187047564033,0.2,0.15,0.175,雙重排序・小型股
2022-05-15,95,0.0385760737546183,19,0.022413796069396447,19,0.018636847865035833,19,0.009329998455124692,19,0.0076603066798699845,19,-0.030915767074748315,0.10526315789473684,0.10526315789473684,0.10526315789473684,雙重排序・小型股
2022-05-22,94,-0.0032408594898876856,19,0.008636432091838859,19,0.005524358906284092,18,0.007917598362769063,19,0.011150814363417074,19,0.01439167385330476,0.15789473684210525,0.21052631578947367,0.18421052631578946,雙重排序・小型股
2022-05-29,95,-0.004135658008151223,19,0.023594330093516764,19,9.110751959415096e-05,19,0.011950188395019478,19,0.013924186590253162,19,0.018059844598404387,0.15789473684210525,0.2631578947368421,0.21052631578947367,雙重排序・小型股
2022-06-05,95,-0.003119235453321133,19,0.008836846028875018,19,0.013017499274644346,19,-0.013371387416815672,19,0.010542037165217533,19,0.013661272618538667,0.05263157894736842,0.10526315789473684,0.07894736842105263,雙重排序・小型股
2022-06-12,96,-0.04016867851702936,20,-0.02291231301347606,19,-0.035251580404863925,19,-0.034845155870142565,19,-0.028872270726226158,19,0.011296407790803206,0.05263157894736842,0.15,0.1013157894736842,雙重排序・小型股
2022-06-19,97,-0.011215187810968003,20,-0.019916698208244366,19,-0.024023761655055643,19,-0.011500790209293048,19,-0.0054619771667634934,20,0.005753210644204509,0.1,0.15,0.125,雙重排序・小型股
2022-06-26,95,-0.05269866060047456,19,-0.045903179138783085,19,-0.05949814279595539,19,-0.08291431845849151,19,-0.061648546609708484,19,-0.008949886009233923,0.15789473684210525,0.15789473684210525,0.15789473684210525,雙重排序・小型股
2022-07-03,95,0.01648532288755471,19,0.00375273991643032,19,0.019125481406504,19,0.010355636857519133,19,0.038926766525458956,19,0.022441443637904245,0.7894736842105263,0.3157894736842105,0.5526315789473684,雙重排序・小型股
2022-07-10,94,-0.016008631573014003,19,-0.019782939441421656,19,-0.00839981780915671,18,-0.012234142832239359,19,-0.0018809659219670939,19,0.014127665651046908,1.0,0.7894736842105263,0.8947368421052632,雙重排序・小型股
2022-07-17,94,0.023253081991740785,19,0.04725915770893065,19,0.03305178001705449,18,0.02736838814436766,19,0.031424846256551765,19,0.00817176426481098,0.15789473684210525,0.05263157894736842,0.10526315789473684,雙重排序・小型股
2022-07-24,92,0.015563396708178715,19,0.010478477721851794,18,-0.002555481397825058,18,0.008440690367033444,18,0.013678977942435227,19,-0.0018844187657434883,0.05263157894736842,0.10526315789473684,0.07894736842105263,雙重排序・小型股
2022-07-31,92,-0.02170110811299742,19,-0.018653148324306035,18,0.0021170727087902463,18,0.003797059300478473,18,-0.007499788294659751,19,0.014201319818337669,0.10526315789473684,0.10526315789473684,0.10526315789473684,雙重排序・小型股
2022-08-07,91,0.023296023358547774,19,0.0070130207817157226,18,0.02831720231637334,18,0.03238036716494843,18,0.010924701018319827,18,-0.012371322340227947,0.1111111111111111,0.10526315789473684,0.10818713450292397,雙重排序・小型股
2022-08-14,93,0.03400815289574866,19,0.005446656557733748,18,0.015785566329937294,19,0.03363859825145457,18,0.013703781816191123,19,-0.02030437107955754,0.15789473684210525,0.10526315789473684,0.13157894736842105,雙重排序・小型股
2022-08-21,94,0.01736773209074551,19,0.018585027441390907,19,0.023789770916981104,18,0.0087556621122004,19,0.005698448893217262,19,-0.011669283197528246,0.3157894736842105,0.21052631578947367,0.2631578947368421,雙重排序・小型股
2022-08-28,94,0.00714837976635904,19,-0.011334388783075163,19,0.005538021055961499,18,0.011070063395590527,19,-0.006668348916705196,19,-0.013816728683064237,0.21052631578947367,0.21052631578947367,0.21052631578947367,雙重排序・小型股
2022-09-04,93,-0.015909086445981872,19,-0.029329199352528756,18,-0.02178850551475615,19,-0.024818785294762082,18,-0.022025263021548894,19,-0.006116176575567022,0.42105263157894735,0.631578947368421,0.5263157894736842,雙重排序・小型股
2022-09-11,94,-0.004047568149601429,19,-0.002599335252942285,19,-0.015886461967490304,18,-0.004621872037273647,19,-0.004272191744214314,19,-0.00022462359461288516,0.21052631578947367,0.21052631578947367,0.21052631578947367,雙重排序・小型股
2022-09-18,93,-0.03228301142950915,19,-0.033621640225203614,18,-0.03590256846579384,19,-0.037197763389011734,18,-0.0072446561104057535,19,0.025038355319103398,0.05263157894736842,0.10526315789473684,0.07894736842105263,雙重排序・小型股
2022-09-25,92,-0.0354297630411726,19,-0.03788010157633087,18,-0.038053135752424645,18,-0.0450934482356185,18,-0.01627074210102195,19,0.019159020940150654,0.05263157894736842,0.10526315789473684,0.07894736842105263,雙重排序・小型股
2022-10-02,92,0.017943993463788208,19,0.017156248366445692,18,0.018641491271590885,18,0.022145792123249446,18,0.011888914479091742,19,-0.006055078984696465,0.05263157894736842,0.05263157894736842,0.05263157894736842,雙重排序・小型股
2022-10-09,91,-0.021107902723771697,19,-0.011241244610121628,18,-0.04761341739341512,18,-0.02339123530389465,18,-0.021372860550613684,18,-0.00026495782684198693,0.16666666666666666,0.05263157894736842,0.10964912280701754,雙重排序・小型股
2022-10-16,90,-0.005117541943118056,18,-0.02245869814037322,18,-0.0036983533496431475,18,-0.0063676804643884154,18,-0.020839736051837213,18,-0.015722194108719157,0.3333333333333333,0.2222222222222222,0.2777777777777778,雙重排序・小型股
2022-10-23,91,-0.0017720151046242256,19,-0.019246286425421564,18,0.001137377564555015,18,-0.021643620055493435,18,-0.0081593863192579,18,-0.006387371214633675,0.1111111111111111,0.15789473684210525,0.13450292397660818,雙重排序・小型股
2022-10-30,90,0.03256754362126755,18,0.029116222788842086,18,0.026893802596787926,18,0.04120373127412974,18,0.005081558913776491,18,-0.027485984707491057,0.1111111111111111,0.16666666666666666,0.1388888888888889,雙重排序・小型股
2022-11-06,90,0.020605904673716417,18,-0.0015724645953072004,18,0.013542371677534217,18,0.015772715105672727,18,0.012794611411044796,18,-0.007811293262671621,0.05555555555555555,0.1111111111111111,0.08333333333333333,雙重排序・小型股
2022-11-13,89,-0.0011400621422507948,18,0.0126434742864222,18,0.02219101585257565,17,0.021595886084552547,18,0.03163809895874807,18,0.03277816110099886,0.2222222222222222,0.1111111111111111,0.16666666666666666,雙重排序・小型股
2022-11-20,89,0.05251956465903415,18,0.005988725579099383,18,-0.0012466323383642933,17,0.0019522013207828623,18,-0.00013716504018262347,18,-0.052656729699216774,0.1111111111111111,0.16666666666666666,0.1388888888888889,雙重排序・小型股
2022-11-27,90,0.039142950642963095,18,0.05805762770227718,18,0.04790307227369253,18,0.0428886011201362,18,0.02876588291061812,18,-0.010377067732344977,0.1111111111111111,0.0,0.05555555555555555,雙重排序・小型股
2022-12-04,90,-0.002569085497593265,18,-0.004860569860969487,18,-0.010389717058183805,18,-0.014917588371116822,18,-0.017890351075346218,18,-0.015321265577752954,0.1111111111111111,0.1111111111111111,0.1111111111111111,雙重排序・小型股
2022-12-11,90,0.001642030723096007,18,0.012317086828927003,18,0.017973169597367094,18,-0.01365428887827923,18,-0.003907352319479868,18,-0.005549383042575875,0.2222222222222222,0.2777777777777778,0.25,雙重排序・小型股
2022-12-18,90,-0.005764739465379803,18,-0.017100541213674176,18,0.01935062655126615,18,-0.007943810519578313,18,-0.004820591503167166,18,0.000944147962212637,0.1111111111111111,0.2222222222222222,0.16666666666666666,雙重排序・小型股
2022-12-25,90,-0.002677903598817366,18,-0.005874611265696859,18,-0.02041964334419937,18,-0.009434205441416852,18,-0.0036873161711321292,18,-0.0010094125723147632,0.2777777777777778,0.1111111111111111,0.19444444444444445,雙重排序・小型股
2023-01-01,91,-0.004886046647272826,19,0.011042322038626231,18,-0.004266383923484755,18,0.011282592191778993,18,0.0077859819653579515,18,0.012672028612630778,0.2777777777777778,0.3157894736842105,0.29678362573099415,雙重排序・小型股
2023-01-08,90,-0.014054288804896157,18,-0.009893475385109688,18,0.005528555711244288,18,-0.013235777701452357,18,-0.005982481877679536,18,0.00807180692721662,0.2777777777777778,0.16666666666666666,0.2222222222222222,雙重排序・小型股
2023-01-15,90,0.006727590665468648,18,0.0011558320677583346,18,-0.0029187740001456,18,-0.0020320800904832115,18,0.0030986508965310214,18,-0.003628939768937627,0.2222222222222222,0.16666666666666666,0.19444444444444442,雙重排序・小型股
2023-02-05,87,-0.004469104771233991,18,0.004599364791554546,17,-0.00750183674237523,17,0.013289030035155927,17,0.007501688215396423,18,0.011970792986630414,0.1111111111111111,0.2222222222222222,0.16666666666666666,雙重排序・小型股
2023-02-12,87,0.021220436520740158,18,0.021346099034785727,17,0.015574986710052667,17,0.029561019721948755,17,0.020997270203896815,18,-0.00022316631684334357,0.16666666666666666,0.05555555555555555,0.1111111111111111,雙重排序・小型股
2023-02-19,88,0.019070897397042444,18,0.02528154355377797,17,0.00207069759058263,18,0.005507040151845836,17,0.022461020069586852,18,0.003390122672544408,0.2777777777777778,0.2222222222222222,0.25,雙重排序・小型股
2023-02-26,88,0.011315715545203707,18,0.007457131141616078,17,0.015528244549848568,18,0.0060038513497848,17,0.009598558526798806,18,-0.0017171570184049013,0.3333333333333333,0.2777777777777778,0.3055555555555556,雙重排序・小型股
2023-03-05,87,-0.017719222644619503,18,0.001222851519378281,17,-0.022251821768611357,17,0.014734495858068722,17,-0.00981001762650434,18,0.007909205018115163,0.1111111111111111,0.05555555555555555,0.08333333333333333,雙重排序・小型股
2023-03-12,88,-0.004836678379265744,18,-0.019334287836035465,17,-0.014462171902411157,18,-0.017715530265805034,17,-0.006558937013891313,18,-0.001722258634625569,0.16666666666666666,0.16666666666666666,0.16666666666666666,雙重排序・小型股
2023-03-19,90,0.03285446340143802,18,0.004019216864090014,18,0.011875746149118072,18,0.03725341979303835,18,0.024697082425939945,18,-0.008157380975498077,0.2777777777777778,0.2777777777777778,0.2777777777777778,雙重排序・小型股
2023-03-26,90,-0.014701566997504424,18,-0.0112217093959378,18,0.005995129542303881,18,0.0010862135082941563,18,-0.0011266435585258997,18,0.013574923438978525,0.16666666666666666,0.16666666666666666,0.16666666666666666,雙重排序・小型股
2023-04-02,89,0.0043022081334241225,18,0.009212994948533152,18,0.007837858725356021,17,0.003239262731886535,18,0.0052521327935462,18,0.0009499246601220772,0.2222222222222222,0.16666666666666666,0.19444444444444442,雙重排序・小型股
2023-04-09,87,0.012871430324784994,18,0.014382890536589784,17,0.05139434621899481,17,0.006431560197160905,17,0.021497253925754252,18,0.008625823600969258,0.16666666666666666,0.1111111111111111,0.1388888888888889,雙重排序・小型股
2023-04-16,86,-0.015798004345270695,18,-0.036396625523486895,17,-0.021203633430469552,17,-0.0518009551518406,17,-0.011513841432363644,17,0.004284162912907051,0.17647058823529413,0.16666666666666666,0.1715686274509804,雙重排序・小型股
2023-04-23,87,0.01679930918853255,18,0.00892392094950409,17,0.04028483893904483,17,0.0013017416697504022,17,0.011822173583627471,18,-0.004977135604905078,0.2222222222222222,0.1111111111111111,0.16666666666666666,雙重排序・小型股
2023-04-30,89,0.0009885844174299756,18,-0.005604987164085683,18,0.010102842628069741,17,-0.0012025969659153048,18,0.011961902976115947,18,0.010973318558685972,0.2222222222222222,0.2222222222222222,0.2222222222222222,雙重排序・小型股
2023-05-07,89,-0.023240548619289828,18,-0.025026917207403528,18,-0.05171437455281139,17,-0.02941271349721544,18,-0.01912294300914078,18,0.004117605610149049,0.16666666666666666,0.16666666666666666,0.16666666666666666,雙重排序・小型股
2023-05-14,88,0.02009772455916787,18,0.010450177773304141,17,0.018924072966252044,18,0.06193493523416705,17,0.014930366097529216,18,-0.005167358461638653,0.2222222222222222,0.16666666666666666,0.19444444444444442,雙重排序・小型股
2023-05-21,89,-0.0007481417101249573,18,0.004392681739331926,18,0.010424797067579386,17,0.012002039356186545,18,0.027393275338327243,18,0.0281414170484522,0.16666666666666666,0.1111111111111111,0.1388888888888889,雙重排序・小型股
2023-05-28,88,-0.0035457506291785876,18,0.032893004110804556,17,0.020971351982997148,18,0.03161118547924781,17,0.007415728838862323,18,0.010961479468040911,0.2222222222222222,0.16666666666666666,0.19444444444444442,雙重排序・小型股
2023-06-04,88,0.022234958812509642,18,0.008825068412409558,17,0.01600870068560962,18,0.005850173607410802,17,-0.006121637182589259,18,-0.0283565959950989,0.05555555555555555,0.1111111111111111,0.08333333333333333,雙重排序・小型股
2023-06-11,88,-0.011015743607156434,18,0.034771428571335077,17,-0.006667023903024156,18,0.03694220077124885,17,-0.0022174771356392145,18,0.00879826647151722,0.1111111111111111,0.05555555555555555,0.08333333333333333,雙重排序・小型股
2023-06-18,89,0.021190331247837018,18,0.01174884790171323,18,-0.0010429235113760783,17,0.02886306261385015,18,-0.0013480963986808253,18,-0.022538427646517843,0.16666666666666666,0.2222222222222222,0.19444444444444442,雙重排序・小型股
2023-06-25,89,-0.0006218570679942865,18,-0.004081683131382598,18,0.009767825937879171,17,-0.03274278027732911,18,7.56170848029024e-05,18,0.0006974741527971889,0.05555555555555555,0.16666666666666666,0.1111111111111111,雙重排序・小型股
2023-07-02,88,-0.012465257332916393,18,-0.0032041313744687653,17,-0.026644549651120255,18,-0.019908612117719555,17,-0.01923724751795532,18,-0.006771990185038927,0.05555555555555555,0.05555555555555555,0.05555555555555555,雙重排序・小型股
2023-07-09,87,-0.011621127636197036,18,-0.0293445531488756,17,-0.03252788548334158,17,-0.010260988653453562,17,-0.00957736885601107,18,0.002043758780185966,0.05555555555555555,0.1111111111111111,0.08333333333333333,雙重排序・小型股
2023-07-16,86,0.00734778739749064,18,-0.01863132238086751,17,0.009870914922029869,17,-0.025479995885853427,17,0.021132386216365335,17,0.013784598818874696,0.058823529411764705,0.05555555555555555,0.05718954248366013,雙重排序・小型股
2023-07-23,87,0.005070046343003127,18,-0.005225899347632179,17,0.0031079955363532597,17,0.019180757813451327,17,0.02367619826001882,18,0.018606151917015694,0.1111111111111111,0.05555555555555555,0.08333333333333333,雙重排序・小型股
2023-07-30,86,-0.005436504790146025,18,-0.008898135085502816,17,-0.012973149868157256,17,-0.028819417353474736,17,-0.01508250947967198,17,-0.009646004689525955,0.11764705882352941,0.05555555555555555,0.08660130718954248,雙重排序・小型股
2023-08-06,86,-0.04175479889405842,18,-0.036575443660747504,17,-0.02777654736330534,17,-0.037317655263988586,17,-0.02388143501743117,17,0.01787336387662725,0.17647058823529413,0.05555555555555555,0.11601307189542484,雙重排序・小型股
2023-08-13,85,-0.02145794942726486,17,0.00023669631345650289,17,-0.021281773571741065,17,-0.0129742097037536,17,-0.02108898269755172,17,0.00036896672971313896,0.11764705882352941,0.17647058823529413,0.14705882352941177,雙重排序・小型股
2023-08-20,85,-0.005621474579340565,17,-0.005697490278820527,17,-0.005133314503382071,17,0.018356657205817452,17,0.004146141635679005,17,0.00976761621501957,0.11764705882352941,0.11764705882352941,0.11764705882352941,雙重排序・小型股
2023-08-27,84,0.008567221390289674,17,0.01834621931869591,17,0.028152440150281594,16,-0.0048841812470600595,17,0.007956075793148427,17,-0.0006111455971412466,0.058823529411764705,0.11764705882352941,0.08823529411764705,雙重排序・小型股
2023-09-03,84,0.009615008829081558,17,-0.0025717971955209066,17,-0.004303401935172105,16,-0.011274158119577372,17,-0.004055017124250702,17,-0.01367002595333226,0.11764705882352941,0.11764705882352941,0.11764705882352941,雙重排序・小型股
2023-09-10,84,0.01635048226953376,17,0.012538720168629747,17,-0.00021535982134933407,16,0.009996371766270603,17,-0.0029260366743982997,17,-0.01927651894393206,0.058823529411764705,0.11764705882352941,0.08823529411764705,雙重排序・小型股
2023-09-17,85,-0.00978443560359116,17,-0.012816300661020574,17,-0.017383471533029743,17,0.0003996517533193457,17,-0.016408545948018986,17,-0.0066241103444278256,0.058823529411764705,0.058823529411764705,0.058823529411764705,雙重排序・小型股
2023-09-24,85,-0.006993835700321756,17,0.011530187538743438,17,0.005388803930316703,17,0.0020534788242919065,17,-0.00018546239479318405,17,0.006808373305528572,0.11764705882352941,0.058823529411764705,0.08823529411764705,雙重排序・小型股
2023-10-01,83,0.0011775604665759632,17,-0.008729592549221649,16,-0.00471321913261924,17,0.011949083019257359,16,0.0064121073715592706,17,0.0052345469049833076,0.23529411764705882,0.17647058823529413,0.20588235294117646,雙重排序・小型股
2023-10-08,83,-0.00960953348559577,17,-0.01403341688890375,16,-0.01145363029587522,17,-0.03112571157131768,16,-0.0031491406778416404,17,0.00646039280775413,0.058823529411764705,0.11764705882352941,0.08823529411764705,雙重排序・小型股
2023-10-15,83,-0.020091836385131057,17,-0.0290604164229218,16,-0.03429327561243539,17,-0.05308705200903952,16,-0.026563065070096335,17,-0.006471228684965278,0.11764705882352941,0.058823529411764705,0.08823529411764705,雙重排序・小型股
2023-10-22,84,0.0002771045947852556,17,0.0063386904822975544,17,0.029831474791720644,16,0.02438915468426118,17,0.0022555099229904607,17,0.001978405328205205,0.058823529411764705,0.058823529411764705,0.058823529411764705,雙重排序・小型股
2023-10-29,84,0.007672441541733978,17,-0.0009397063933723226,17,-0.00741470767363199,16,0.010446149865000717,17,0.007630020521757567,17,-4.24210199764111e-05,0.058823529411764705,0.11764705882352941,0.08823529411764705,雙重排序・小型股
2023-11-05,83,-0.010912283605335837,17,0.008727065808284667,16,0.0011621331457721165,17,0.006086338856959465,16,0.014932791377794156,17,0.025845074983129993,0.0,0.17647058823529413,0.08823529411764706,雙重排序・小型股
2023-11-12,83,0.01880545171315763,17,0.04731006104448011,16,0.026746445170059065,17,0.029730343255676812,16,0.015942417580522904,17,-0.0028630341326347265,0.11764705882352941,0.058823529411764705,0.08823529411764705,雙重排序・小型股
2023-11-19,83,0.004857243939238169,17,0.011720725311774052,16,0.01329823103803405,17,0.005594216434931756,16,0.004228755188363775,17,-0.0006284887508743939,0.058823529411764705,0.058823529411764705,0.058823529411764705,雙重排序・小型股
2023-11-26,82,0.002978693698756944,17,0.017119956997685877,16,0.0026213379911014176,16,0.004737463203368146,16,0.015844632337625127,17,0.012865938638868183,0.23529411764705882,0.23529411764705882,0.23529411764705882,雙重排序・小型股
2023-12-03,81,0.004816194273297459,17,0.04133605751702703,16,-0.0025891525616917876,16,0.005633671022316773,16,-0.00010753837666908211,16,-0.004923732649966541,0.3125,0.29411764705882354,0.3033088235294118,雙重排序・小型股
2023-12-10,83,-0.006913803843567062,17,-0.007307556824048052,16,0.003380739414722957,17,-0.011247218206349816,16,0.011685276754972232,17,0.018599080598539295,0.29411764705882354,0.23529411764705882,0.2647058823529412,雙重排序・小型股
2023-12-17,83,-0.008893301967662052,17,-0.026706491353187742,16,-0.017462004578221845,17,-0.007758022459370448,16,-0.018171062495548,17,-0.009277760527885948,0.11764705882352941,0.11764705882352941,0.11764705882352941,雙重排序・小型股
2023-12-24,83,-0.0031156615310234427,17,0.0008579828768266531,16,-0.003665866871602347,17,0.0036464219580184254,16,0.017512602742208644,17,0.020628264273232087,0.11764705882352941,0.11764705882352941,0.11764705882352941,雙重排序・小型股
2023-12-31,83,0.0001165845938649944,17,-0.009246784664125443,16,-0.0030798521454443273,17,-0.009692153979638539,16,-0.006724312590832269,17,-0.006840897184697264,0.23529411764705882,0.11764705882352941,0.1764705882352941,雙重排序・小型股
2024-01-07,82,-0.021086057543090113,17,-0.030419525774947193,16,-0.0455907182661537,16,-0.011447937472470075,16,-0.013974879767628104,17,0.007111177775462009,0.17647058823529413,0.17647058823529413,0.17647058823529413,雙重排序・小型股
2024-01-14,82,-0.01183635877325477,17,-0.027679446031085304,16,-0.017334005374980872,16,-0.025552975264774153,16,0.004149681069459709,17,0.01598603984271448,0.23529411764705882,0.29411764705882354,0.2647058823529412,雙重排序・小型股
2024-01-21,81,0.0018649798085398023,17,0.01158067144789228,16,0.015096186834748178,16,-0.0003579443629268403,16,0.005082097852885777,16,0.0032171180443459745,0.0625,0.058823529411764705,0.06066176470588235,雙重排序・小型股
2024-01-28,82,-0.005457181851909994,17,-0.012089466119112519,16,0.010657654454444748,16,-0.010914173401764295,16,0.006766262746795227,17,0.01222344459870522,0.11764705882352941,0.17647058823529413,0.14705882352941177,雙重排序・小型股
2024-02-04,82,-0.0038637940736240078,17,0.002439689677294618,16,-0.006430594528439096,16,-0.00623451239288024,16,-0.003252890152918598,17,0.0006109039207054098,0.058823529411764705,0.29411764705882354,0.17647058823529413,雙重排序・小型股
2024-02-11,83,0.01445290723314431,17,0.023139478919182076,16,0.023406756486223257,17,0.018228703933642364,16,0.024592781026576457,17,0.010139873793432147,0.058823529411764705,0.11764705882352941,0.08823529411764705,雙重排序・小型股
2024-02-18,82,-0.010155673038675653,17,0.001606583227669947,16,-0.0012986158094489691,16,0.0008515271419517953,16,0.009388164637810918,17,0.01954383767648657,0.0,0.17647058823529413,0.08823529411764706,雙重排序・小型股
2024-02-25,83,0.012425234384385867,17,0.017585932123276957,16,0.003623614784884129,17,0.007693965582194109,16,0.003772929398376296,17,-0.008652304986009572,0.0,0.058823529411764705,0.029411764705882353,雙重排序・小型股
2024-03-03,81,-0.016824606021903915,17,-0.040611838296189175,16,-0.0018418108620222445,16,-0.02090301861419165,16,-0.0029479114068776194,16,0.013876694615026296,0.125,0.29411764705882354,0.20955882352941177,雙重排序・小型股
2024-03-10,81,0.012137321214626262,17,0.036192827842141735,16,0.004206097184624329,16,0.004072336876073945,16,0.013747125546411554,16,0.0016098043317852914,0.25,0.29411764705882354,0.2720588235294118,雙重排序・小型股
2024-03-17,82,0.02201753771356214,17,0.017218012718673195,16,0.03309335809317018,16,0.016151722976725673,16,0.013344167411605006,17,-0.008673370301957134,0.29411764705882354,0.17647058823529413,0.23529411764705882,雙重排序・小型股
2024-03-24,81,-8.455849466513493e-05,17,0.01701395764325759,16,0.025334950748418787,16,0.002676576194089189,16,0.0006777735537271887,16,0.0007623320483923236,0.1875,0.23529411764705882,0.2113970588235294,雙重排序・小型股
2024-03-31,82,0.0023650823217441237,17,-0.00980043220645839,16,0.0011172001171765589,16,0.00272179156319563,16,0.016676404520760336,17,0.014311322199016213,0.47058823529411764,0.17647058823529413,0.3235294117647059,雙重排序・小型股
2024-04-07,84,0.017629027781649764,17,0.010954561844268403,17,0.019864732782898596,16,0.028450246700788617,17,0.024047154786369155,17,0.006418127004719391,0.5294117647058824,0.6470588235294118,0.5882352941176471,雙重排序・小型股
2024-04-14,85,-0.007377315069355892,17,-0.02009883295944354,17,-0.023195623789578852,17,-0.02611957209652429,17,-0.0015309184826926068,17,0.005846396586663286,0.23529411764705882,0.23529411764705882,0.23529411764705882,雙重排序・小型股
2024-04-21,84,0.009580314721742249,17,0.018293811293077597,17,0.0032192471730483063,16,0.02376182188163895,17,0.026031950034832357,17,0.01645163531309011,0.29411764705882354,0.4117647058823529,0.3529411764705882,雙重排序・小型股
2024-04-28,85,-0.0008502112335945875,17,0.030923826292892403,17,0.015638880519862702,17,0.006195546315053878,17,0.02616453346883346,17,0.027014744702428047,0.35294117647058826,0.35294117647058826,0.35294117647058826,雙重排序・小型股
2024-05-05,86,0.007820231632411023,18,-0.00757193378682013,17,0.00387452410176428,17,-0.008484959701041317,17,0.0018202884444296205,17,-0.005999943187981403,0.17647058823529413,0.2222222222222222,0.19934640522875818,雙重排序・小型股
2024-05-12,85,0.006551425421029443,17,0.01651798459790131,17,0.0041898375229842705,17,0.05039327987681269,17,0.008409793023421264,17,0.001858367602391821,0.058823529411764705,0.0,0.029411764705882353,雙重排序・小型股
2024-05-19,86,0.020771406812745925,18,-0.03902312239888702,17,-0.013303760284593673,17,-0.013248895992339204,17,-0.01273926065651958,17,-0.03351066746926551,0.17647058823529413,0.16666666666666666,0.1715686274509804,雙重排序・小型股
2024-05-26,87,0.0030632395486993712,18,0.019021414920591565,17,0.030272930038256343,17,0.009925037534799334,17,0.005959814865110047,18,0.0028965753164106756,0.2222222222222222,0.16666666666666666,0.19444444444444442,雙重排序・小型股
2024-06-02,86,-0.002153392511501188,18,-0.006047690632063935,17,0.006437577101757519,17,0.010859413947028,17,0.0087860977827155,17,0.010939490294216687,0.4117647058823529,0.3333333333333333,0.37254901960784315,雙重排序・小型股
2024-06-09,85,-0.014522460253681136,17,-0.01477874557535056,17,-0.008032144679842864,17,-0.017035877504283998,17,0.014060273399255667,17,0.0285827336529368,0.23529411764705882,0.29411764705882354,0.2647058823529412,雙重排序・小型股
2024-06-16,85,0.04177354481568041,17,0.004644122204740387,17,0.00712264890024207,17,0.006738510690780268,17,0.017380375582159872,17,-0.024393169233520536,0.23529411764705882,0.35294117647058826,0.29411764705882354,雙重排序・小型股
2024-06-23,85,-0.012071743691241395,17,-0.02135697506574176,17,-0.004239627223306142,17,0.011613081331282837,17,-0.0009496924030994283,17,0.011122051288141966,0.11764705882352941,0.23529411764705882,0.1764705882352941,雙重排序・小型股
2024-06-30,86,0.03260338013388447,18,0.017409030514634397,17,0.06894715420737986,17,0.02521614873733459,17,0.00801613246670619,17,-0.024587247667178277,0.35294117647058826,0.16666666666666666,0.25980392156862747,雙重排序・小型股
2024-07-07,87,0.001310750494695423,18,0.02114869767091543,17,-0.02272944821625212,17,-0.041320926065418366,17,-0.005587566268890158,18,-0.006898316763585581,0.4444444444444444,0.4444444444444444,0.4444444444444444,雙重排序・小型股
2024-07-14,87,-0.03374109441205117,18,-0.014646877560191255,17,-0.017110247034391745,17,-0.03149601372778447,17,-0.014293173738329846,18,0.019447920673721322,0.16666666666666666,0.2222222222222222,0.19444444444444442,雙重排序・小型股
2024-07-21,88,-0.023657715632453575,18,-0.010581946284606306,17,-0.017499767169686636,18,-0.030370557479001466,17,-0.016161309702207718,18,0.007496405930245857,0.1111111111111111,0.1111111111111111,0.1111111111111111,雙重排序・小型股
2024-07-28,88,-0.02621429885961109,18,0.0005704460573626005,17,-0.026515467506819417,18,-0.0017235579425665833,17,-0.02397228698764898,18,0.0022420118719621122,0.16666666666666666,0.1111111111111111,0.1388888888888889,雙重排序・小型股
2024-08-04,88,-0.0050527346137465255,18,-0.0470608804893645,17,-0.016810196324171037,18,-0.04425505314414763,17,-0.004469773618987939,18,0.0005829609947585867,0.16666666666666666,0.2222222222222222,0.19444444444444442,雙重排序・小型股
2024-08-11,89,0.006854898521089959,18,0.015141761179603117,18,0.03116524057116162,17,0.042632296397183814,18,0.023296124678920522,18,0.016441226157830564,0.16666666666666666,0.1111111111111111,0.1388888888888889,雙重排序・小型股
2024-08-18,88,0.01598525190484781,18,0.014327372623715202,17,0.008861030179532887,18,0.017861631924386803,17,0.010070810716239918,18,-0.005914441188607893,0.2222222222222222,0.16666666666666666,0.19444444444444442,雙重排序・小型股
2024-08-25,88,0.011230743471946913,18,-0.0026256323427847894,17,0.006411802051436766,18,0.015664839401784685,17,0.0016294668800159173,18,-0.009601276591930996,0.16666666666666666,0.16666666666666666,0.16666666666666666,雙重排序・小型股
2024-09-01,88,-0.06249858489249901,18,-0.05102578707391975,17,-0.03849101704261989,18,-0.05757261780395544,17,-0.03420194162460897,18,0.02829664326789004,0.1111111111111111,0.3333333333333333,0.2222222222222222,雙重排序・小型股
2024-09-08,86,0.033897227824644965,18,0.032943060404235364,17,0.02402225617319057,17,0.029767352261015123,17,0.017664641829440837,17,-0.016232585995204128,0.0,0.1111111111111111,0.05555555555555555,雙重排序・小型股
2024-09-15,87,0.014034363052145584,18,0.014696588193019725,17,0.018797140473266454,17,0.005861922665009002,17,0.014069404118489127,18,3.504106634354305e-05,0.2222222222222222,0.2222222222222222,0.2222222222222222,雙重排序・小型股
2024-09-22,86,-0.0009887922775805487,18,0.029635957811385158,17,0.02943842748543954,17,0.025096537659469093,17,0.01341744750247085,17,0.0144062397800514,0.11764705882352941,0.16666666666666666,0.14215686274509803,雙重排序・小型股
2024-09-29,88,-0.007997623389295537,18,-0.020000891888160878,17,-0.0034963770369634026,18,-0.02012430747729002,17,-0.003935426439879344,18,0.004062196949416194,0.1111111111111111,0.16666666666666666,0.1388888888888889,雙重排序・小型股
2024-10-06,88,-0.0443886215023803,18,-0.0409394657429078,17,-0.053356489987917255,18,-0.028128323144165565,17,-0.00939176828297762,18,0.03499685321940268,0.1111111111111111,0.1111111111111111,0.1111111111111111,雙重排序・小型股
2024-10-13,87,0.018328196051049486,18,0.0005371112858057633,17,0.0004994536658087833,17,0.017514463599506955,17,0.009650430552104813,18,-0.008677765498944673,0.2222222222222222,0.16666666666666666,0.19444444444444442,雙重排序・小型股
2024-10-20,89,-0.012562149184173674,18,0.004770918954841756,18,-0.013436002705890111,17,0.0036930762503038198,18,-0.002123302884961752,18,0.010438846299211922,0.1111111111111111,0.16666666666666666,0.1388888888888889,雙重排序・小型股
2024-10-27,90,-0.006410192245630047,18,-0.00890988001709897,18,-0.017732704315535506,18,-0.01747590178760622,18,-0.018577122763415294,18,-0.012166930517785248,0.05555555555555555,0.16666666666666666,0.1111111111111111,雙重排序・小型股
2024-11-03,90,0.01825073572788381,18,-0.0072788395158373724,18,-0.006348404944291052,18,-0.0045156955090157845,18,-0.0031931621036403765,18,-0.021443897831524186,0.05555555555555555,0.05555555555555555,0.05555555555555555,雙重排序・小型股
2024-11-10,91,-0.029101535346041336,19,-0.008095921113053801,18,-0.03320189703189089,18,-0.009480803105672002,18,-0.021639457897762282,18,0.007462077448279054,0.05555555555555555,0.05263157894736842,0.054093567251461985,雙重排序・小型股
2024-11-17,90,0.006965792594531,18,0.011813137897648188,18,0.011184755120120737,18,-0.004426729450523242,18,0.0040254809193714875,18,-0.0029403116751595126,0.16666666666666666,0.16666666666666666,0.16666666666666666,雙重排序・小型股
2024-11-24,90,-0.013039409934713956,18,-0.019539820184523486,18,-0.015317719680815288,18,-0.02284415373703438,18,-0.027832268810410763,18,-0.014792858875696807,0.2222222222222222,0.1111111111111111,0.16666666666666666,雙重排序・小型股
2024-12-01,90,0.004783707504030652,18,-0.0011497640608457765,18,-0.00048006966963355505,18,0.028525855435960295,18,0.008844252282946004,18,0.004060544778915352,0.16666666666666666,0.16666666666666666,0.16666666666666666,雙重排序・小型股
2024-12-08,91,-0.01142724841417011,19,-0.036102961122804964,18,-0.04178386098739052,18,-0.026003118229391147,18,-0.0496240513422623,18,-0.03819680292809219,0.2777777777777778,0.21052631578947367,0.24415204678362573,雙重排序・小型股
2024-12-15,92,-0.017280362839672627,19,-0.037328764649722096,18,-0.0178176522728472,18,-0.010150603418041594,18,-0.017322125929942745,19,-4.1763090270117986e-05,0.3157894736842105,0.2631578947368421,0.2894736842105263,雙重排序・小型股
2024-12-22,91,0.006757891559634466,19,0.009581995590055058,18,0.01672655119845516,18,-0.0016741117813450718,18,0.01148252469727443,18,0.004724633137639964,0.2222222222222222,0.15789473684210525,0.19005847953216373,雙重排序・小型股
2024-12-29,91,-0.02561260338334857,19,-0.016132912880489427,18,-0.023335095673619164,18,-0.004608407587244056,18,-0.009616817537985569,18,0.015995785845363,0.2222222222222222,0.21052631578947367,0.21637426900584794,雙重排序・小型股
2015-06-28,26,0.0175572590724772,6,-0.003958545681340598,5,0.01606811979283531,5,0.00978640369800481,5,0.0197202376706618,5,0.0021629785981845985,1.0,1.0,1.0,雙重排序・大型股
2015-07-05,30,-0.024987784741294965,6,-0.019246778093726324,6,-0.06370215421005909,6,-0.03500365649200349,6,-0.020495918886777893,6,0.004491865854517073,0.5,0.3333333333333333,0.41666666666666663,雙重排序・大型股
2015-07-12,32,0.023645504196730695,7,0.03624013088424124,6,0.012923225327803748,6,0.005992423668270334,6,0.00021187980491166325,7,-0.023433624391819032,1.0,0.7142857142857143,0.8571428571428572,雙重排序・大型股
2015-07-19,34,-0.05164269467791378,7,-0.02363009694309978,7,-0.010175090653340232,6,-0.05733247980904992,7,-0.010330817041450986,7,0.04131187763646279,0.8571428571428571,0.5714285714285714,0.7142857142857142,雙重排序・大型股
2015-07-26,35,-0.02123710875775997,7,-0.011937920420388532,7,-0.008632777658180093,7,-0.00957542840239727,7,-0.007065052681686969,7,0.014172056076073001,0.42857142857142855,0.2857142857142857,0.3571428571428571,雙重排序・大型股
2015-08-02,40,-0.01786335171482252,8,0.005775369009975231,8,0.005240531563626749,8,-0.0017533910512594064,8,-0.025209689686595163,8,-0.007346337971772643,0.625,0.625,0.625,雙重排序・大型股
2015-08-09,42,-0.006644749824632947,9,0.0207992189346716,8,-0.006044235836413836,8,0.008386000833009444,8,-0.01638403566997541,9,-0.009739285845342463,0.8888888888888888,0.4444444444444444,0.6666666666666666,雙重排序・大型股
2015-08-16,44,-0.04413252247973402,9,-0.06167954217307773,9,-0.06731844246265237,8,-0.05767190859674755,9,-0.06541949174429582,9,-0.0212869692645618,0.5555555555555556,0.3333333333333333,0.4444444444444444,雙重排序・大型股
2015-08-23,47,0.0345713243566723,10,0.019880258137516,9,0.04597841791381466,9,0.07485555463275399,9,0.07696417140314202,10,0.042392847046469714,1.0,0.7,0.85,雙重排序・大型股
2015-08-30,49,-0.008788071787164975,10,0.0065105043489541384,10,-0.017134696431993366,9,0.03649733341750531,10,0.008345428009481782,10,0.01713349979664676,0.7,0.9,0.8,雙重排序・大型股
2015-09-06,51,0.050416215371027674,11,0.04264271787713114,10,0.05119609483794681,10,0.0599136005375001,10,0.04069149331121798,10,-0.009724722059809697,0.7,0.45454545454545453,0.5772727272727273,雙重排序・大型股
2015-09-13,51,0.009589373039525036,11,0.005085905399050616,10,0.003628741804699054,10,0.008351588001397325,10,0.008422706318189232,10,-0.0011666667213358038,0.9,0.45454545454545453,0.6772727272727272,雙重排序・大型股
2015-09-20,54,-0.03573734590618056,11,-0.025536979616264777,11,-0.04166333786718875,10,-0.016173893509142376,11,-0.013264779196232984,11,0.022472566709947572,0.2727272727272727,0.09090909090909091,0.18181818181818182,雙重排序・大型股
2015-09-27,55,0.035220211525579505,11,0.030009322249415507,11,0.03857189533390806,11,0.044514254025954436,11,0.028474662291580535,11,-0.0067455492339989695,0.6363636363636364,0.09090909090909091,0.36363636363636365,雙重排序・大型股
2015-10-04,57,0.0008306253268781649,12,0.0004946366377522579,11,0.00242144826085967,11,0.01672969764522626,11,0.0022233358123125344,12,0.0013927104854343695,0.5833333333333334,0.3333333333333333,0.45833333333333337,雙重排序・大型股
2015-10-11,57,0.012516385732873123,12,0.0035046020532852077,11,0.028193599323710846,11,0.008213382643406703,11,0.0016771083702516731,12,-0.01083927736262145,0.5,0.25,0.375,雙重排序・大型股
2015-10-18,57,-0.007624971650079591,12,0.00912224774399737,11,0.005017526291750976,11,-0.0045542924572015645,11,0.0038132659982943184,12,0.01143823764837391,0.4166666666666667,0.25,0.33333333333333337,雙重排序・大型股
2015-10-25,59,-0.031311047299430246,12,-0.020308951786276685,12,-0.011802139394388223,11,-0.00756151439693345,12,-0.014772078627740751,12,0.016538968671689497,0.5833333333333334,0.5833333333333334,0.5833333333333334,雙重排序・大型股
2015-11-01,60,0.02202893835675206,12,0.009778139271721989,12,0.02067875104828193,12,0.013550604856641705,12,0.019908176571257374,12,-0.0021207617854946854,0.4166666666666667,0.5,0.45833333333333337,雙重排序・大型股
2015-11-08,61,-0.036254951571647195,13,-0.05030096428177994,12,-0.05341676120210368,12,-0.0561791119192254,12,-0.025998638999334505,12,0.01025631257231269,0.4166666666666667,0.3076923076923077,0.3621794871794872,雙重排序・大型股
2015-11-15,62,0.02511052213336697,13,0.01793592094531431,12,0.034252839367804135,12,0.025841994200786495,12,0.014477121787970781,13,-0.010633400345396189,0.5384615384615384,0.23076923076923078,0.3846153846153846,雙重排序・大型股
2015-11-22,65,-0.023061048368047215,13,-0.010608442774994457,13,-0.006800060915557746,13,-0.024210965971202893,13,-0.00836064977070279,13,0.014700398597344426,0.46153846153846156,0.3076923076923077,0.38461538461538464,雙重排序・大型股
2015-11-29,67,0.004688880730161231,14,0.016005472175549016,13,-0.00021253115720109273,13,0.00876029091838404,13,0.0042356901982960925,14,-0.00045319053186513875,0.35714285714285715,0.42857142857142855,0.39285714285714285,雙重排序・大型股
2015-12-06,67,-0.04489918723574778,14,-0.04415603972905993,13,-0.03940136994871732,13,-0.014221735062945218,13,-0.03997369141656757,14,0.004925495819180212,0.5714285714285714,0.42857142857142855,0.5,雙重排序・大型股
2015-12-13,68,0.03130382398216971,14,0.02799482052152128,13,0.04700862160153125,14,0.03593021520587702,13,0.02598071701869557,14,-0.005323106963474138,0.6428571428571429,0.42857142857142855,0.5357142857142857,雙重排序・大型股
2015-12-20,70,0.011827129471842921,14,0.04431862355840114,14,0.016414213523602235,14,0.030953845251945594,14,0.009928499605405292,14,-0.0018986298664376289,0.14285714285714285,0.14285714285714285,0.14285714285714285,雙重排序・大型股
2015-12-27,72,-0.007258641083790692,15,0.0007648529582833559,14,-0.004862078742659449,14,-0.0059633071362906265,14,-0.002670295604913549,15,0.004588345478877143,0.4666666666666667,0.26666666666666666,0.3666666666666667,雙重排序・大型股
2016-01-03,73,-0.0375173261295692,15,-0.043136569158041926,14,-0.04785924358613373,15,-0.035959036225236427,14,-0.04876329071007626,15,-0.011245964580507063,0.2,0.2,0.2,雙重排序・大型股
2016-01-10,73,-0.021531146262899974,15,-0.010820893681221593,14,-0.024336696502496126,15,-0.019927416696246758,14,-0.008864383372216237,15,0.012666762890683737,0.5333333333333333,0.2,0.3666666666666667,雙重排序・大型股
2016-01-17,74,0.00877386828165411,15,-0.004008472859787952,15,0.040765077412041974,14,0.0376738392556459,15,0.01480740892805507,15,0.006033540646400959,0.6666666666666666,0.26666666666666666,0.4666666666666667,雙重排序・大型股
2016-01-24,74,0.04007264110507211,15,0.026438312589808333,15,0.030653624362008382,14,0.04221306384029427,15,0.0316351514709212,15,-0.008437489634150912,0.2,0.2,0.2,雙重排序・大型股
2016-01-31,74,-0.012837914484617064,15,-0.008531073168721193,15,-0.01608837796994098,14,-0.005939391750498913,15,-0.01676285145337338,15,-0.003924936968756315,0.6666666666666666,0.3333333333333333,0.5,雙重排序・大型股
2016-02-21,75,0.024407387384884918,15,0.009744973639809595,15,0.01556848117154012,15,0.01666273520877343,15,0.01677200865571473,15,-0.007635378729170188,0.7333333333333333,0.6666666666666666,0.7,雙重排序・大型股
2016-02-28,75,0.03514466190491055,15,0.03476381530961782,15,0.012925196784501975,15,0.020978430001622073,15,0.024087792364418634,15,-0.011056869540491916,0.6,0.3333333333333333,0.4666666666666667,雙重排序・大型股
2016-03-06,76,0.007428498888693451,16,0.0002199814507285088,15,0.004890066759605668,15,0.0005928192417433032,15,-0.006459334310793833,15,-0.013887833199487283,0.8666666666666667,0.4375,0.6520833333333333,雙重排序・大型股
2016-03-13,76,-0.013045857536792396,16,-0.0036022428188870062,15,-0.004880682129457648,15,0.004394693826616739,15,-0.002604045238030654,15,0.010441812298761743,0.9333333333333333,0.75,0.8416666666666667,雙重排序・大型股
2016-03-20,76,-0.017573760310175733,16,-0.019623320657972787,15,-0.01640110004984025,15,-0.00814909838322635,15,-0.012544782374747609,15,0.005028977935428124,0.8,0.625,0.7125,雙重排序・大型股
2016-03-27,78,-0.00978580914366823,16,0.002728441317712445,15,-0.016375169942535545,16,-0.014199049010251019,15,-0.0037034892048584747,16,0.006082319938809755,0.875,0.6875,0.78125,雙重排序・大型股
2016-04-03,79,0.0038767676295927422,16,-0.013622488830782743,16,-0.0019250961286273313,15,0.004250684287076256,16,-0.011537061538917877,16,-0.015413829168510619,0.125,0.125,0.125,雙重排序・大型股
2016-04-10,80,0.03697181240342486,16,0.042648646134265764,16,0.01230485022382654,16,0.01442606113759709,16,0.021649619902913322,16,-0.01532219250051154,0.4375,0.125,0.28125,雙重排序・大型股
2016-04-17,80,-0.011677491744096977,16,-0.01918866744409887,16,-0.022205527809994123,16,-0.01937829604765088,16,-0.004358802895599756,16,0.007318688848497221,0.75,0.25,0.5,雙重排序・大型股
2016-04-24,80,-0.018536976060689048,16,-0.02173077673375093,16,-0.00914099742830713,16,-0.008401412188479736,16,-0.015548804084534337,16,0.0029881719761547104,0.5625,0.1875,0.375,雙重排序・大型股
2016-05-01,81,-0.021206025866270923,17,-0.025660452029220085,16,-0.02433417665774628,16,-0.028219347427111664,16,-0.011866864157606336,16,0.009339161708664587,0.5,0.29411764705882354,0.3970588235294118,雙重排序・大型股
2016-05-08,81,-0.013418401257178492,17,-0.025452013216690363,16,-0.006333214763435319,16,-0.010351406415925246,16,-0.01404195557123395,16,-0.0006235543140554588,0.375,0.47058823529411764,0.4227941176470588,雙重排序・大型股
2016-05-15,78,0.007745617428897726,16,0.008779245610258469,15,0.005449296531007598,16,-0.0037886688906551445,15,0.0045240559264551825,16,-0.0032215615024425437,0.4375,0.25,0.34375,雙重排序・大型股
2016-05-22,77,0.02537491413118679,16,0.03343088039693769,15,0.022734927130634904,15,0.026641148386597917,15,0.01742576337526252,16,-0.00794915075592427,0.3125,0.1875,0.25,雙重排序・大型股
2016-05-29,77,0.006303417366954507,16,0.013224643204382361,15,-0.0009709135584856273,15,-0.0064860634273937,15,0.005818092010809919,16,-0.00048532535614458777,0.1875,0.25,0.21875,雙重排序・大型股
2016-06-05,76,0.003823453716287055,16,0.003945723186255678,15,0.003999333370828117,15,0.0011546765407456064,15,0.006266564960084479,15,0.0024431112437974236,0.2,0.0625,0.13125,雙重排序・大型股
2016-06-12,76,-0.003907725136286233,16,0.011156646657097199,15,0.0036153081572460814,15,-0.009583389348699475,15,-0.012086974713419662,15,-0.00817924957713343,0.26666666666666666,0.3125,0.2895833333333333,雙重排序・大型股
2016-06-19,75,-0.005432958774443312,15,-0.013906905613479122,15,0.0008604364172399182,15,-0.004000784765137041,15,-0.014751021806454009,15,-0.009318063032010698,0.2,0.2,0.2,雙重排序・大型股
2016-06-26,75,0.0438305525739836,15,0.026900321926145096,15,0.028460390036862827,15,0.018944801100028125,15,0.042386983924170306,15,-0.0014435686498132927,0.4,0.26666666666666666,0.33333333333333337,雙重排序・大型股
2016-07-03,75,-0.0032240550493280564,15,-0.006582548244768627,15,-0.002233709820108598,15,-0.0013808648977533754,15,-0.010359128436523972,15,-0.0071350733871959155,0.4,0.26666666666666666,0.33333333333333337,雙重排序・大型股
2016-07-10,75,0.021491812505297806,15,0.02760573059765259,15,0.0040242508042968765,15,0.02198535792618388,15,0.021237439965794296,15,-0.00025437253950351055,0.5333333333333333,0.3333333333333333,0.43333333333333335,雙重排序・大型股
2016-07-17,76,0.007802448741253881,16,0.02499679138363783,15,0.008972104333352767,15,0.02466275561265361,15,0.004592777301812497,15,-0.003209671439441384,0.6,0.3125,0.45625,雙重排序・大型股
2016-07-24,76,0.005598052778099077,16,0.005067114395384002,15,-0.006744135467421667,15,-0.008555847466622657,15,0.002380384072405624,15,-0.0032176687056934532,0.13333333333333333,0.0625,0.09791666666666667,雙重排序・大型股
2016-07-31,75,0.00598385071794089,15,0.009786148123271972,15,0.0203472753631499,15,0.005141128936357083,15,0.01193035680950465,15,0.005946506091563761,0.6666666666666666,0.5333333333333333,0.6,雙重排序・大型股
2016-08-07,73,-0.011242545080937295,15,-0.004521620140402416,14,-0.009578251294109223,15,-0.008704425102054658,14,0.017177965179937853,15,0.028420510260875147,0.5333333333333333,0.5333333333333333,0.5333333333333333,雙重排序・大型股
2016-08-14,73,0.001964481769609394,15,-0.009057691221989754,14,-0.004001369843178774,15,-0.004922595258330038,14,-0.0031751742392054877,15,-0.005139656008814882,0.26666666666666666,0.26666666666666666,0.26666666666666666,雙重排序・大型股
2016-08-21,74,0.014673047140714653,15,0.006238499192108008,15,0.007562838977286046,14,0.015137549730257154,15,0.011878474488382544,15,-0.002794572652332109,0.26666666666666666,0.3333333333333333,0.3,雙重排序・大型股
2016-08-28,72,-0.02521138653465993,15,-0.009520905807831936,14,-0.0038920766123565686,14,0.007000131997134181,14,-0.020209801463631265,15,0.005001585071028665,0.4,0.3333333333333333,0.3666666666666667,雙重排序・大型股
2016-09-04,71,-0.0034315002072081197,15,0.0156888488949568,14,0.010585994129792078,14,0.00011743945142210301,14,-0.005855805549495893,14,-0.002424305342287773,0.5,0.26666666666666666,0.3833333333333333,雙重排序・大型股
2016-09-11,71,-0.020245797203217907,15,-0.010079029226291916,14,-0.018987271217651813,14,-0.0151891780177856,14,-0.0069197625715236655,14,0.013326034631694243,0.6428571428571429,0.2,0.4214285714285715,雙重排序・大型股
2016-09-18,70,0.03266770239123275,14,0.017080044036178316,14,0.026886833938807246,14,0.012347422220818385,14,0.009527345545526105,14,-0.023140356845706644,0.35714285714285715,0.14285714285714285,0.25,雙重排序・大型股
2016-09-25,69,-0.009314595901073395,14,0.003602986330081794,14,-0.008064841204069789,13,-0.00878327296630724,14,-0.007995617501427235,14,0.00131897839964616,0.2857142857142857,0.14285714285714285,0.21428571428571427,雙重排序・大型股
2016-10-02,69,-0.0006196997183083229,14,0.01059274390581443,14,-0.0004691479110160862,13,-0.009829521623495914,14,0.00019506280536423542,14,0.0008147625236725583,0.35714285714285715,0.2857142857142857,0.3214285714285714,雙重排序・大型股
2016-10-09,69,-0.03315574948156543,14,-0.013326188261376699,14,-0.018542031586261862,13,-0.03181743049055396,14,-0.015246429898432492,14,0.017909319583132938,0.42857142857142855,0.35714285714285715,0.39285714285714285,雙重排序・大型股
2016-10-16,69,0.01359254385119665,14,0.022614479392483493,14,0.025001216325716495,13,0.02336656809074006,14,0.019939367379035296,14,0.006346823527838646,0.14285714285714285,0.2857142857142857,0.21428571428571427,雙重排序・大型股
2016-10-23,68,-0.007624200074124676,14,-0.0017962126614104927,13,-0.0067273390777886,14,-0.018216640759112165,13,-0.005266643428915688,14,0.002357556645208988,0.35714285714285715,0.2857142857142857,0.3214285714285714,雙重排序・大型股
2016-10-30,68,-0.029528799330798994,14,-0.023676534801822875,13,-0.025606644926604433,14,-0.02016876232920489,13,-0.007974429445321729,14,0.021554369885477265,0.14285714285714285,0.21428571428571427,0.17857142857142855,雙重排序・大型股
2016-11-06,68,-0.0081845604361601,14,-0.006736169611835063,13,-0.00920933011072558,14,-0.0077533868045093985,13,-0.00767875064135468,14,0.0005058097948054197,0.5,0.2857142857142857,0.39285714285714285,雙重排序・大型股
2016-11-13,67,0.015367827381622108,14,0.0132444207064878,13,-0.012097606058562232,13,0.0060352196406264595,13,0.002270386722856391,14,-0.013097440658765717,0.2857142857142857,0.2857142857142857,0.2857142857142857,雙重排序・大型股
2016-11-20,67,-0.00239091720743817,14,-0.001075083726314528,13,0.00912303727546773,13,0.01248297400070347,13,0.03130523534624474,14,0.03369615255368291,0.5,0.42857142857142855,0.4642857142857143,雙重排序・大型股
2016-11-27,65,0.00438773615130836,13,0.014767790442260535,13,0.014366579013889115,13,-0.0025114859315417126,13,-0.0034320827475236956,13,-0.007819818898832055,0.46153846153846156,0.3076923076923077,0.38461538461538464,雙重排序・大型股
2016-12-04,64,0.020842646316705113,13,0.009605323751690799,13,0.011241968305650754,12,0.0012095646092021594,13,0.0006264124069678305,13,-0.020216233909737282,0.15384615384615385,0.07692307692307693,0.11538461538461539,雙重排序・大型股
2016-12-11,65,-0.010620430591319127,13,-0.011161301501279851,13,0.0007369495926770651,13,-0.002860807506026609,13,-0.017172875313412776,13,-0.006552444722093648,0.38461538461538464,0.15384615384615385,0.2692307692307693,雙重排序・大型股
2016-12-18,64,-0.025103845086818535,13,-0.026696718630950713,13,-0.024846290363940992,12,-0.017543214389096316,13,-0.026372668745331746,13,-0.0012688236585132115,0.3076923076923077,0.23076923076923078,0.2692307692307693,雙重排序・大型股
2016-12-25,64,0.014993717565874514,13,0.015731935993619755,13,0.0008281302760250834,12,0.009793134328630672,13,0.02389858440132855,13,0.008904866835454037,0.38461538461538464,0.23076923076923078,0.3076923076923077,雙重排序・大型股
2017-01-01,64,0.0353830830602876,13,0.00960041905341666,13,0.008980829519984782,12,0.018385098142270243,13,-0.002189407939579899,13,-0.037572490999867494,0.38461538461538464,0.23076923076923078,0.3076923076923077,雙重排序・大型股
2017-01-08,64,-0.008250550013283061,13,0.0157368696879257,13,-0.0020061310998383173,12,0.013580240926592184,13,0.009460933419581088,13,0.017711483432864147,0.23076923076923078,0.23076923076923078,0.23076923076923078,雙重排序・大型股
2017-01-15,63,0.03006506498420271,13,-0.007547590470331804,12,0.007487798671972297,13,0.0037204660724912872,12,0.0011657422095850967,13,-0.028899322774617615,0.46153846153846156,0.46153846153846156,0.46153846153846156,雙重排序・大型股
2017-01-22,63,0.013974462277050391,13,0.006663025528035364,12,0.0029411663958760405,13,0.015640557163500008,12,0.010687435430033511,13,-0.0032870268470168804,0.5384615384615384,0.38461538461538464,0.46153846153846156,雙重排序・大型股
2017-01-29,64,0.008461450097431626,13,-0.006759106228391077,13,0.013382437217659174,12,0.007851943521856843,13,0.0055031354944926015,13,-0.0029583146029390243,0.5384615384615384,0.46153846153846156,0.5,雙重排序・大型股
2017-02-05,64,0.01958703234183518,13,0.028453354230840038,13,0.024157996250069164,12,0.0072729207632096565,13,0.007804422355290706,13,-0.011782609986544474,0.38461538461538464,0.23076923076923078,0.3076923076923077,雙重排序・大型股
2017-02-12,65,0.007910038578050718,13,0.006424247047618433,13,0.020699814740264628,13,0.013884629455952462,13,0.004981221791804098,13,-0.0029288167862466198,0.23076923076923078,0.23076923076923078,0.23076923076923078,雙重排序・大型股
2017-02-19,68,0.016257627389171945,14,-0.002302633056775207,13,0.00023049861113523727,14,0.013851143845767414,13,-0.004296527251380736,14,-0.020554154640552682,0.42857142857142855,0.35714285714285715,0.39285714285714285,雙重排序・大型股
2017-02-26,68,0.011982621873079453,14,-0.01152859079949729,13,-0.009664518830718513,14,-0.005697943791173414,13,-0.002314262869961297,14,-0.01429688474304075,0.5,0.2857142857142857,0.39285714285714285,雙重排序・大型股
2017-03-05,70,-0.013390084670235534,14,-0.00859114868822711,14,-0.008866403964115168,14,-0.0060612613591057695,14,-0.020143573881533133,14,-0.006753489211297599,0.5,0.42857142857142855,0.4642857142857143,雙重排序・大型股
2017-03-12,70,0.025454811417365268,14,0.021584445130182428,14,0.02559422394321734,14,0.011293848115784337,14,0.01537444958786979,14,-0.010080361829495479,0.42857142857142855,0.42857142857142855,0.42857142857142855,雙重排序・大型股
2017-03-19,69,-0.017640553248711572,14,-0.009549013496666354,14,-0.010175819169935818,13,-0.014949174855905982,14,0.004959901934601567,14,0.02260045518331314,0.6428571428571429,0.35714285714285715,0.5,雙重排序・大型股
2017-03-26,68,0.01371970692807793,14,-0.00976708872075462,13,-0.007425296560972834,14,-0.01317653165282274,13,0.008375998901098707,14,-0.0053437080269792235,0.5714285714285714,0.2857142857142857,0.42857142857142855,雙重排序・大型股
2017-04-02,68,0.009395193601862402,14,0.00020365435815742434,13,-0.00473620495461701,14,-0.005968757253266817,13,0.001934824105667429,14,-0.007460369496194973,0.7142857142857143,0.35714285714285715,0.5357142857142857,雙重排序・大型股
2017-04-09,67,-0.025983525761087978,14,-0.028696269038075334,13,-0.027249692857840777,13,-0.03341033080700284,13,-0.020653057232637637,14,0.0053304685284503404,0.42857142857142855,0.35714285714285715,0.39285714285714285,雙重排序・大型股
2017-04-16,67,-0.0102077873965485,14,0.008814280013416186,13,-0.004666866151208508,13,0.0008521661327135072,13,-0.005796701546911952,14,0.004411085849636548,0.7142857142857143,0.42857142857142855,0.5714285714285714,雙重排序・大型股
2017-04-23,66,0.009280850707343453,14,0.024522818370547997,13,0.009066657118399712,13,0.012682778952939455,13,0.015820113113052255,13,0.006539262405708802,0.46153846153846156,0.42857142857142855,0.44505494505494503,雙重排序・大型股
2017-04-30,65,-0.007643391324149877,13,-0.010363836331643412,13,-0.0043487511530906015,13,-0.006068457408301386,13,-0.002324230346657826,13,0.005319160977492051,0.8461538461538461,0.6923076923076923,0.7692307692307692,雙重排序・大型股
2017-05-07,66,-0.015108119585152837,14,-0.004479110294840827,13,-0.011566007644525977,13,-0.01284783590301503,13,-0.011457967752491314,13,0.003650151832661524,0.6923076923076923,0.5,0.5961538461538461,雙重排序・大型股
2017-05-14,68,0.011168074215992236,14,0.007127462919258485,13,-0.0015811896395714026,14,-0.01438839273875315,13,-0.00522621305121065,14,-0.016394287267202885,0.7142857142857143,0.6428571428571429,0.6785714285714286,雙重排序・大型股
2017-05-21,66,0.011213574852169863,14,0.011629402851602215,13,0.02653631577533884,13,0.025477123453229056,13,0.020380863604251457,13,0.009167288752081594,0.6153846153846154,0.5,0.5576923076923077,雙重排序・大型股
2017-05-28,65,0.001986712357457057,13,0.015722083435085528,13,0.00590244600529237,13,0.009062808714803805,13,-0.0029568724566905523,13,-0.00494358481414761,0.7692307692307693,0.5384615384615384,0.6538461538461539,雙重排序・大型股
2017-06-04,66,0.0017021327452345397,14,-0.0034716939517102172,13,-0.009411039298498198,13,0.00295691587490982,13,0.0017607915471158791,13,5.8658801881339385e-05,0.6923076923076923,0.35714285714285715,0.5247252747252747,雙重排序・大型股
2017-06-11,67,-0.002613075885848391,14,0.0005044974665814755,13,-0.011093236607819605,13,0.002104486259725642,13,-0.007060772236303105,14,-0.004447696350454713,0.8571428571428571,0.6428571428571429,0.75,雙重排序・大型股
2017-06-18,66,0.020125778946737956,14,0.010333140205336088,13,0.01955600474112825,13,0.01700753784939172,13,0.01721873710892805,13,-0.0029070418378099074,0.5384615384615384,0.42857142857142855,0.48351648351648346,雙重排序・大型股
2017-06-25,65,0.010660200352059244,13,0.007135319724710692,13,0.007790429383326986,13,0.022135601992170684,13,0.014846278230145274,13,0.004186077878086029,0.5384615384615384,0.5384615384615384,0.5384615384615384,雙重排序・大型股
2017-07-02,66,-0.006503697590797862,14,-0.00019343993890184554,13,-0.0037071647016578666,13,-0.008534582693162096,13,-0.004972205116500505,13,0.0015314924742973572,0.38461538461538464,0.21428571428571427,0.29945054945054944,雙重排序・大型股
2017-07-09,65,0.016282140954933102,13,0.030234692578654316,13,0.009215449507821502,13,0.02004294878356463,13,0.0035906553830990892,13,-0.012691485571834013,0.3076923076923077,0.23076923076923078,0.2692307692307693,雙重排序・大型股
2017-07-16,65,-0.005566289223876586,13,0.006949234720711483,13,-0.0024716560760696094,13,0.010966809346179295,13,-0.01305409673279375,13,-0.0074878075089171645,0.5384615384615384,0.38461538461538464,0.46153846153846156,雙重排序・大型股
2017-07-23,64,0.0010119514738907965,13,-0.005350943212249715,13,-0.003307304106436463,12,-0.0005944878047822775,13,0.008410535945871676,13,0.0073985844719808794,0.6153846153846154,0.5384615384615384,0.5769230769230769,雙重排序・大型股
2017-07-30,64,0.019900566469048843,13,0.010692477583308517,13,0.015276586252137106,12,0.013586791385907366,13,0.013101473698428085,13,-0.006799092770620758,0.6153846153846154,0.3076923076923077,0.46153846153846156,雙重排序・大型股
2017-08-06,63,-0.021915806119318024,13,-0.01457798270126683,12,-0.02183809144334071,13,-0.011844604106798903,12,0.004328161145009916,13,0.02624396726432794,0.7692307692307693,0.46153846153846156,0.6153846153846154,雙重排序・大型股
2017-08-13,63,0.008599609077099028,13,0.01577151898792693,12,-0.012956521274169318,13,0.01588684296023039,12,0.020272295298944535,13,0.011672686221845507,0.7692307692307693,0.5384615384615384,0.6538461538461539,雙重排序・大型股
2017-08-20,60,0.017841372935628957,12,0.026431187471774087,12,0.023564530032039187,12,0.016005765365072543,12,0.012223883090502327,12,-0.00561748984512663,0.3333333333333333,0.16666666666666666,0.25,雙重排序・大型股
2017-08-27,59,0.008922224340667315,12,0.012618302641991467,12,0.009074034222044851,11,0.005553932602077612,12,0.011332881026507063,12,0.0024106566858397484,0.75,0.3333333333333333,0.5416666666666666,雙重排序・大型股
2017-09-03,61,0.010946915619550626,13,0.0054328049789805115,12,0.024347749388901996,12,0.0198838272332853,12,0.00912539246191583,12,-0.001821523157634796,0.8333333333333334,0.7692307692307693,0.8012820512820513,雙重排序・大型股
2017-09-10,61,-0.005844491430546089,13,0.005037663555026291,12,0.004593976370303371,12,0.003146627115183709,12,-0.003811163917991439,12,0.0020333275125546495,0.5833333333333334,0.15384615384615385,0.3685897435897436,雙重排序・大型股
2017-09-17,60,-0.020841402316765217,12,-0.024862516311347217,12,-0.01412681916592585,12,0.00409160477948171,12,-0.020800470780765117,12,4.0931536000099467e-05,0.8333333333333334,0.25,0.5416666666666667,雙重排序・大型股
2017-09-24,61,-0.03701029538374949,13,-0.015368406521399397,12,0.0004617592290927323,12,0.0005381292261068538,12,-0.0057692788230479615,12,0.031241016560701527,1.0,0.6923076923076923,0.8461538461538461,雙重排序・大型股
2017-10-01,62,0.012497024609712847,13,0.004644218284579088,12,0.017090723251793682,12,0.005344546698961801,12,0.004398214618068193,13,-0.008098809991644654,0.46153846153846156,0.3076923076923077,0.38461538461538464,雙重排序・大型股
2017-10-08,62,0.005047387175711319,13,0.015392129566079818,12,0.00665364456569235,12,-3.6184073745707903e-06,12,0.014118927701333956,13,0.009071540525622637,0.46153846153846156,0.5384615384615384,0.5,雙重排序・大型股
2017-10-15,63,-0.02343132181633414,13,0.00019096605246745243,12,0.0008769309654152841,13,-0.006136651542136329,12,-0.009290987315569467,13,0.014140334500764674,0.7692307692307693,0.3076923076923077,0.5384615384615385,雙重排序・大型股
2017-10-22,63,6.50705334795857e-05,13,-0.02336882188492716,12,-0.0030906465585042687,13,0.008002288131592575,12,-0.01776773173869446,13,-0.01783280227217405,0.6153846153846154,0.38461538461538464,0.5,雙重排序・大型股
2017-10-29,64,0.007802493001578545,13,0.0032382096834912854,13,0.01702002294557503,12,0.00433582905841219,13,-0.00510644834062363,13,-0.012908941342202176,0.7692307692307693,0.46153846153846156,0.6153846153846154,雙重排序・大型股
2017-11-05,62,0.010675307184321022,13,-0.007617581650246267,12,-0.007372630775747245,12,0.0026698895256073905,12,0.009968934382757956,13,-0.0007063728015630662,0.38461538461538464,0.46153846153846156,0.42307692307692313,雙重排序・大型股
2017-11-12,62,0.0019378028920720926,13,-0.0005660431954013038,12,0.0046589756780602565,12,-0.012462496137462836,12,-0.0023526547538733024,13,-0.004290457645945395,0.5384615384615384,0.23076923076923078,0.3846153846153846,雙重排序・大型股
2017-11-19,63,0.013669433200675023,13,0.010478562778323616,12,-0.0024327288855673455,13,0.0016202024235555206,12,0.019033641880472817,13,0.005364208679797793,0.6923076923076923,0.5384615384615384,0.6153846153846154,雙重排序・大型股
2017-11-26,63,-0.016063655343159712,13,-0.007479449646857113,12,-0.012983178703100121,13,-0.010406350650111723,12,-0.01889727999873947,13,-0.002833624655579757,0.6153846153846154,0.38461538461538464,0.5,雙重排序・大型股
2017-12-03,64,-0.02122176856643748,13,0.010846717141059089,13,-0.007097709047850324,12,-0.01866221917818724,13,-0.02840208131441296,13,-0.007180312747975481,0.6923076923076923,0.46153846153846156,0.5769230769230769,雙重排序・大型股
2017-12-10,65,0.008978513438470927,13,0.008446044265532091,13,0.008205884522626007,13,-0.0022409169194493785,13,0.006090369059278067,13,-0.00288814437919286,0.5384615384615384,0.38461538461538464,0.46153846153846156,雙重排序・大型股
2017-12-17,65,-0.004015143645993826,13,-0.0010997069089052026,13,-0.0015744698017604243,13,-0.008101348907890587,13,0.013255371029956938,13,0.017270514675950765,0.8461538461538461,0.5384615384615384,0.6923076923076923,雙重排序・大型股
2017-12-24,66,0.0035656424032115314,14,0.01312147995542892,13,0.03501795129983325,13,0.018195692421054285,13,0.01578511303594741,13,0.01221947063273588,0.6923076923076923,0.5,0.5961538461538461,雙重排序・大型股
2017-12-31,67,0.0181919712914029,14,0.02446563255192672,13,-0.0004913796225891865,13,0.008641248033981364,13,0.008838624588220998,14,-0.009353346703181902,0.42857142857142855,0.21428571428571427,0.3214285714285714,雙重排序・大型股
2018-01-07,68,-0.025462230360139664,14,0.0027719232458636167,13,-0.006364610434987182,14,0.016020890825071625,13,-0.0028813233408117984,14,0.022580907019327866,0.6428571428571429,0.42857142857142855,0.5357142857142857,雙重排序・大型股
2018-01-14,68,-0.008491763164113406,14,0.008891955422064668,13,-0.016488505965169875,14,-0.015202498023102926,13,0.01494050569287628,14,0.023432268856989687,0.5,0.35714285714285715,0.4285714285714286,雙重排序・大型股
2018-01-21,66,-0.003977566551181509,14,-0.015487878247255905,13,0.0005267727253177419,13,-0.003447067555721277,13,0.0034486919461551068,13,0.007426258497336616,0.46153846153846156,0.21428571428571427,0.33791208791208793,雙重排序・大型股
2018-01-28,66,-0.013496641405752146,14,-0.009406860284587978,13,-0.006956843371148402,13,0.0016201409051527142,13,0.005417913889818151,13,0.018914555295570297,0.46153846153846156,0.42857142857142855,0.44505494505494503,雙重排序・大型股
2018-02-04,65,-0.05789108541097306,13,-0.0504071617548644,13,-0.03589901673296415,13,-0.042605987246584626,13,-0.037781106065423994,13,0.02010997934554907,0.5384615384615384,0.23076923076923078,0.3846153846153846,雙重排序・大型股
2018-02-11,65,-0.0013351909765590547,13,-0.013095433728004369,13,-0.0027709000587498546,13,-0.0039039319137707143,13,-0.0019649751513023993,13,-0.0006297841747433446,0.6153846153846154,0.5384615384615384,0.5769230769230769,雙重排序・大型股
2018-02-18,65,0.017918663096126827,13,0.013324678045590762,13,0.013949686189399802,13,0.033297234926393734,13,0.019737910465777928,13,0.001819247369651101,0.7692307692307693,0.5384615384615384,0.6538461538461539,雙重排序・大型股
2018-02-25,66,0.0019173457425856902,14,-0.001725177658718081,13,-0.024277647287456364,13,-0.007226708266890818,13,-0.020317997394062412,13,-0.022235343136648104,0.6923076923076923,0.8571428571428571,0.7747252747252746,雙重排序・大型股
2018-03-04,65,-0.004031631180971129,13,-0.012844739756684183,13,-0.0013926526208708917,13,0.0001883611856226755,13,0.01893662785486763,13,0.022968259035838757,0.8461538461538461,0.8461538461538461,0.8461538461538461,雙重排序・大型股
2018-03-11,66,0.006696528723909697,14,-0.00014582633047252816,13,0.000180614254126948,13,0.007740966302193717,13,-0.0008251624501145557,13,-0.007521691174024253,0.6153846153846154,0.42857142857142855,0.521978021978022,雙重排序・大型股
2018-03-18,64,-0.018594432007690065,13,-0.00894930566903898,13,-0.024457877730485928,12,-0.007850829285551066,13,-0.01441589572529531,13,0.004178536282394755,0.6153846153846154,0.38461538461538464,0.5,雙重排序・大型股
2018-03-25,64,0.0159859374057081,13,0.010200399639400132,13,0.012838779106896145,12,0.000897965966746585,13,0.008350630171325594,13,-0.007635307234382507,0.46153846153846156,0.38461538461538464,0.42307692307692313,雙重排序・大型股
2018-04-01,66,-0.007245558264124786,14,-0.002309680673588627,13,-0.004538208545816529,13,-0.010722924724256639,13,-0.01142700698471426,13,-0.0041814487205894734,0.9230769230769231,0.7857142857142857,0.8543956043956045,雙重排序・大型股
2018-04-08,67,0.021588497086315377,14,0.010103332818138492,13,0.014708944282076782,13,0.019320367605134406,13,0.011747250083575458,14,-0.009841247002739919,1.0,0.5714285714285714,0.7857142857142857,雙重排序・大型股
2018-04-15,67,-0.002438657649931651,14,-0.01220656552446119,13,-0.0035790635347192025,13,-0.0064609220870552615,13,-0.006630690412520949,14,-0.004192032762589297,0.6428571428571429,0.35714285714285715,0.5,雙重排序・大型股
2018-04-22,67,-0.02002245913354861,14,-0.023980712060216364,13,-0.0095753461988755,13,-0.02183016726451536,13,-0.02414825386305869,14,-0.004125794729510079,0.35714285714285715,0.21428571428571427,0.2857142857142857,雙重排序・大型股
2018-04-29,66,-0.009386832098613749,14,0.0007607192865122834,13,-0.005233576688978298,13,0.0044984345745443695,13,0.002538067807133487,13,0.011924899905747235,0.6153846153846154,0.7142857142857143,0.6648351648351649,雙重排序・大型股
2018-05-06,66,0.009674898650289572,14,0.025403007317590563,13,0.01495744212987499,13,-0.0006367358146850582,13,0.021759485290664935,13,0.012084586640375363,0.6153846153846154,0.35714285714285715,0.4862637362637363,雙重排序・大型股
2018-05-13,65,0.014911772264426628,13,-0.01219217909298146,13,0.011348818915226442,13,-0.004941086475127707,13,-0.013629223860195973,13,-0.028540996124622603,0.7692307692307693,0.5384615384615384,0.6538461538461539,雙重排序・大型股
2018-05-20,66,-0.018995634684550504,14,-0.0026614873888344184,13,0.0006137118388774074,13,0.004930463913754752,13,0.003890656934346682,13,0.022886291618897187,0.8461538461538461,0.5714285714285714,0.7087912087912087,雙重排序・大型股
2018-05-27,67,0.004341047560509023,14,-0.002976410475870426,13,-0.005662616836034511,13,0.0348729553507731,13,0.0026924118864021956,14,-0.001648635674106827,0.8571428571428571,0.35714285714285715,0.6071428571428571,雙重排序・大型股
2018-06-03,68,0.026799964960902662,14,0.002385830312082342,13,0.004139020091623646,14,0.008578853882261171,13,0.02613957799597764,14,-0.0006603869649250207,0.42857142857142855,0.42857142857142855,0.42857142857142855,雙重排序・大型股
2018-06-10,68,0.004570568868944596,14,-0.013402014252863316,13,-0.016179836197136557,14,-0.00743017632393082,13,-0.021121977353807657,14,-0.02569254622275225,0.7142857142857143,0.5,0.6071428571428572,雙重排序・大型股
2018-06-17,68,-0.021094072838159967,14,-0.016251280010406315,13,-0.02059033651528432,14,-0.01571431563895275,13,0.0028811930121090718,14,0.02397526585026904,0.7857142857142857,0.6428571428571429,0.7142857142857143,雙重排序・大型股
2018-06-24,68,0.012409733600269519,14,0.0008790864425568961,13,-0.008108387180798291,14,-0.006916586032687453,13,-0.01457789154270045,14,-0.02698762514296997,0.6428571428571429,0.42857142857142855,0.5357142857142857,雙重排序・大型股
2018-07-01,68,-0.025086890366378272,14,-0.030974385089692354,13,-0.027027653691391318,14,-0.02101996554118009,13,-0.014556456077560818,14,0.010530434288817454,0.5714285714285714,0.35714285714285715,0.4642857142857143,雙重排序・大型股
2018-07-08,67,0.027564347930436932,14,0.05341949292463378,13,0.013717499829255768,13,0.03144437985482233,13,0.017353496692644806,14,-0.010210851237792126,0.6428571428571429,0.42857142857142855,0.5357142857142857,雙重排序・大型股
2018-07-15,67,-0.028745921268653035,14,-0.00838434370998911,13,-0.0025675598167755886,13,0.011641100558564462,13,0.009851159840597503,14,0.03859708110925054,0.7142857142857143,0.35714285714285715,0.5357142857142857,雙重排序・大型股
2018-07-22,66,0.032927621238129624,14,0.02083940642680685,13,0.026701684103507005,13,0.0012849033429358846,13,0.007319559528617796,13,-0.02560806170951183,0.6923076923076923,0.5714285714285714,0.6318681318681318,雙重排序・大型股
2018-07-29,65,-0.013969705294024398,13,0.010012924667814577,13,-0.0054726351986484475,13,0.0038603282761567968,13,0.0008788116067778637,13,0.014848516900802262,0.5384615384615384,0.6153846153846154,0.5769230769230769,雙重排序・大型股
2018-08-05,67,-0.013770698658398473,14,-0.001274797483822062,13,0.0007339436894856158,13,0.0008444203532787221,13,-0.007467166902116089,14,0.006303531756282383,0.7857142857142857,0.5,0.6428571428571428,雙重排序・大型股
2018-08-12,66,-0.009305147189154863,14,-0.017754642974546535,13,-0.009106667484196683,13,-0.017780449849841336,13,-0.027418593941692514,13,-0.01811344675253765,0.6923076923076923,0.42857142857142855,0.5604395604395604,雙重排序・大型股
2018-08-19,67,0.009932019443675777,14,0.011438362739291578,13,0.02168575621517194,13,0.0053198733405578945,13,0.009576443466099847,14,-0.00035557597757593026,0.6428571428571429,0.42857142857142855,0.5357142857142857,雙重排序・大型股
2018-08-26,67,-0.00558745350243283,14,0.002530831428196861,13,0.011576146696694113,13,0.02509609196371559,13,0.014919396398809246,14,0.020506849901242075,0.42857142857142855,0.42857142857142855,0.42857142857142855,雙重排序・大型股
2018-09-02,67,-0.05683433512464726,14,-0.02101683201361602,13,-0.035323421049746506,13,-0.036725762862491136,13,-0.032376651586496295,14,0.024457683538150962,0.35714285714285715,0.35714285714285715,0.35714285714285715,雙重排序・大型股
2018-09-09,65,0.003030068363904651,13,0.004647439703127916,13,0.006949787084492147,13,-0.003958623388059814,13,0.016815638136440117,13,0.013785569772535465,0.5384615384615384,0.46153846153846156,0.5,雙重排序・大型股
2018-09-16,65,0.0009591953896982505,13,0.024950379144405763,13,0.01623189972089217,13,0.007279066550345962,13,0.002517859383613682,13,0.0015586639939154314,0.38461538461538464,0.23076923076923078,0.3076923076923077,雙重排序・大型股
2018-09-23,65,0.018216575433743307,13,0.007793817737062072,13,0.0025754480122216826,13,0.007565783729499163,13,-0.008917299241671403,13,-0.027133874675414713,0.6923076923076923,0.38461538461538464,0.5384615384615384,雙重排序・大型股
2018-09-30,66,-0.05737475969076568,14,-0.058791254522738375,13,-0.047389024047737545,13,-0.041062731161045016,13,-0.03933477786322973,13,0.018039981827535946,0.7692307692307693,0.5,0.6346153846153846,雙重排序・大型股
2018-10-07,67,-0.03973662401958034,14,-0.036627618630292874,13,-0.056782322548492206,13,-0.029112650661974677,13,-0.04668344184348438,14,-0.006946817823904036,0.42857142857142855,0.21428571428571427,0.3214285714285714,雙重排序・大型股
2018-10-14,67,-0.022577473459188518,14,-0.03199721639079919,13,0.015064146802910324,13,-0.012062771116463863,13,-0.017264598895451986,14,0.005312874563736532,0.8571428571428571,0.5714285714285714,0.7142857142857142,雙重排序・大型股
2018-10-21,66,-0.0533213606056129,14,-0.05289883526049672,13,-0.050842178679807636,13,-0.04962359485571266,13,-0.019946200055553365,13,0.033375160550059534,0.7692307692307693,0.7142857142857143,0.7417582417582418,雙重排序・大型股
2018-10-28,66,0.040572615798216645,14,0.05274982650964085,13,0.0368471207395676,13,0.028200233392318697,13,0.02529853017058076,13,-0.015274085627635884,0.23076923076923078,0.21428571428571427,0.22252747252747251,雙重排序・大型股
2018-11-04,65,-0.006002346201821589,13,0.0006129305215826561,13,0.0028333979668612517,13,-0.011715838136517494,13,-0.004631162212130464,13,0.0013711839896911257,0.46153846153846156,0.23076923076923078,0.34615384615384615,雙重排序・大型股
2018-11-11,65,-0.0003841616630604253,13,0.012352804249692787,13,0.0031491687320837412,13,0.013152271398831683,13,0.019978109368141005,13,0.02036227103120143,0.5384615384615384,0.3076923076923077,0.4230769230769231,雙重排序・大型股
2018-11-18,65,-0.01818853640431493,13,-0.018455659269574102,13,-0.010433549354706093,13,-0.01588004213670682,13,-0.019426770639138318,13,-0.0012382342348233877,0.6153846153846154,0.5384615384615384,0.5769230769230769,雙重排序・大型股
2018-11-25,65,0.02466383815681111,13,0.01796179049351711,13,0.006730891508460897,13,0.03149779196241343,13,0.03685561316177735,13,0.012191775004966241,0.38461538461538464,0.3076923076923077,0.34615384615384615,雙重排序・大型股
2018-12-02,62,-0.03361357079748712,13,-0.02489836020605569,12,-0.0185791234216116,12,-0.01788762083963093,12,-0.009951201026172392,13,0.02366236977131473,0.7692307692307693,0.38461538461538464,0.576923076923077,雙重排序・大型股
2018-12-09,64,0.004733986408601036,13,0.016289736362440337,13,0.004908085015859635,12,0.015137705621147246,13,0.008177777889360045,13,0.003443791480759009,0.5384615384615384,0.38461538461538464,0.46153846153846156,雙重排序・大型股
2018-12-16,65,-0.008791368795020831,13,-0.014217203661068694,13,-0.008362417156335105,13,-0.030037221676858423,13,-0.0183143413257099,13,-0.00952297253068907,0.9230769230769231,0.8461538461538461,0.8846153846153846,雙重排序・大型股
2018-12-23,65,-0.010097755527736464,13,-0.003685191239784357,13,0.004341963452603155,13,5.437050102440589e-06,13,-0.017977230010664254,13,-0.00787947448292779,0.9230769230769231,0.5384615384615384,0.7307692307692308,雙重排序・大型股
2018-12-30,66,-0.024736798005460216,14,-0.021906037978483416,13,-0.022168337610443626,13,-0.00953733947150115,13,-0.02036902920954657,13,0.004367768795913645,1.0,0.6428571428571429,0.8214285714285714,雙重排序・大型股
2019-01-06,65,0.025954243921789483,13,0.020648181565077136,13,0.024771441365275544,13,0.009146216388920325,13,0.025548877437765075,13,-0.0004053664840244081,0.46153846153846156,0.38461538461538464,0.42307692307692313,雙重排序・大型股
2019-01-13,66,0.007932563791346872,14,0.01729043012928953,13,0.004199474999607489,13,0.007466012957446174,13,0.007244193029239561,13,-0.0006883707621073111,0.8461538461538461,0.5714285714285714,0.7087912087912087,雙重排序・大型股
2019-01-20,65,0.008314288988277215,13,0.005525666103661376,13,0.0020236487898379193,13,0.00020561903755376656,13,0.002664945408205328,13,-0.005649343580071887,0.6923076923076923,0.46153846153846156,0.5769230769230769,雙重排序・大型股
2019-01-27,64,-0.015262629296051676,13,-0.0034427571508190724,13,-0.0056423743618959354,12,-0.00024344800920434324,13,0.005465080466693379,13,0.020727709762745055,0.6153846153846154,0.46153846153846156,0.5384615384615385,雙重排序・大型股
2019-02-17,64,0.013963394763668095,13,0.02310137762163137,13,0.009570950724914984,12,0.006271470341711272,13,0.011608613585584421,13,-0.002354781178083673,0.5384615384615384,0.6153846153846154,0.5769230769230769,雙重排序・大型股
2019-02-24,64,-0.012312343911197808,13,-0.001583893184104175,13,0.00295052473211078,12,0.008201193228138358,13,0.004838281196801323,13,0.017150625107999133,0.46153846153846156,0.38461538461538464,0.42307692307692313,雙重排序・大型股
2019-03-03,64,-0.02758749583840714,13,-0.004203130272994391,13,-0.0056289019414411485,12,-0.01023316388470067,13,-0.010293292531234984,13,0.017294203307172157,0.5384615384615384,0.46153846153846156,0.5,雙重排序・大型股
2019-03-10,64,0.003772489025294214,13,0.01416028146931431,13,0.023693094720053043,12,0.00038595940135314284,13,0.017040097583106206,13,0.013267608557811991,0.38461538461538464,0.15384615384615385,0.2692307692307693,雙重排序・大型股
2019-03-17,65,0.014792887478086218,13,0.002483436481766376,13,-0.012401192568875131,13,0.008905193813705846,13,0.0003546429265751404,13,-0.014438244551511078,0.38461538461538464,0.3076923076923077,0.34615384615384615,雙重排序・大型股
2019-03-24,65,0.011305428563394577,13,0.0027177291554681105,13,0.0018563089727575272,13,-0.0012356665213636346,13,0.01274372565958672,13,0.0014382970961921426,0.46153846153846156,0.23076923076923078,0.34615384615384615,雙重排序・大型股
2019-03-31,63,0.012417282794546911,13,0.005507734723371026,12,-0.0008190013136072884,13,-0.00730658890655823,12,-0.0025453065216207373,13,-0.014962589316167648,0.38461538461538464,0.3076923076923077,0.34615384615384615,雙重排序・大型股
2019-04-07,63,-0.004862755405688266,13,-0.007003027564363495,12,0.004600439175255339,13,-0.0008969324739158772,12,0.008832919172392893,13,0.013695674578081159,0.8461538461538461,0.6153846153846154,0.7307692307692308,雙重排序・大型股
2019-04-14,65,-0.0030018285669908187,13,-0.00032808157150492176,13,0.0032300654027649623,13,-0.005127633449418536,13,-0.0031317143769634768,13,-0.0001298858099726581,0.6923076923076923,0.38461538461538464,0.5384615384615384,雙重排序・大型股
2019-04-21,64,0.011157763965847983,13,0.018346886858989477,13,-0.006337060496509349,12,-0.008461665144078175,13,-0.0071358423769526304,13,-0.01829360634280061,0.5384615384615384,0.23076923076923078,0.3846153846153846,雙重排序・大型股
2019-04-28,65,0.014296755309528718,13,0.00950817453685019,13,0.01293529649724014,13,0.010181587037551326,13,0.00020187681265920314,13,-0.014094878496869514,0.5384615384615384,0.3076923076923077,0.4230769230769231,雙重排序・大型股
2019-05-05,65,-0.022734739226758685,13,-0.040975551128232465,13,-0.012052994127319246,13,-0.04315419528137478,13,-0.02758480235474059,13,-0.0048500631279819045,0.23076923076923078,0.23076923076923078,0.23076923076923078,雙重排序・大型股
2019-05-12,65,-0.023001669275236843,13,-0.009880831059536454,13,0.023362346695290546,13,-0.00789508485471219,13,-0.03622291148820091,13,-0.013221242212964064,0.46153846153846156,0.38461538461538464,0.42307692307692313,雙重排序・大型股
2019-05-19,65,-0.011287223693976021,13,-0.008250978124863041,13,0.013300642744606876,13,0.0052107751195731725,13,-0.0004070575976254077,13,0.010880166096350613,0.8461538461538461,0.3076923076923077,0.5769230769230769,雙重排序・大型股
2019-05-26,67,0.014078586331015639,14,0.010519337647333567,13,0.003430996576175507,13,0.008072250425864338,13,0.008719431593203597,14,-0.005359154737812042,0.7857142857142857,0.6428571428571429,0.7142857142857143,雙重排序・大型股
2019-06-02,68,0.010464586941338965,14,0.001189341418483395,13,-0.008453035528969597,14,-0.002566456505845177,13,-0.009317741826140289,14,-0.019782328767479256,0.5714285714285714,0.5714285714285714,0.5714285714285714,雙重排序・大型股
2019-06-09,68,-0.0070957300900430275,14,0.012728569537983573,13,-0.0007803861674517806,14,0.0025147704965574526,13,0.010397721920285803,14,0.01749345201032883,0.7142857142857143,0.2857142857142857,0.5,雙重排序・大型股
2019-06-16,69,0.03374545288720338,14,0.014408776215276167,14,0.01996137766802451,13,0.028564379415731755,14,0.0286960003340625,14,-0.005049452553140883,0.5,0.2857142857142857,0.39285714285714285,雙重排序・大型股
2019-06-23,69,0.0017199268727789904,14,0.011138073905361454,14,0.003278934688249955,13,-0.0007633025579694142,14,0.017766662891432305,14,0.016046736018653314,0.35714285714285715,0.42857142857142855,0.39285714285714285,雙重排序・大型股
2019-06-30,69,-0.0028302831417455093,14,0.008446171706613262,14,0.004038578510979073,13,0.008754126900828703,14,0.009453598721384395,14,0.012283881863129904,0.5,0.42857142857142855,0.4642857142857143,雙重排序・大型股
2019-07-07,69,0.011031923117879943,14,0.0201451624118066,14,0.00805847262552477,13,0.01477515079313094,14,0.00011622853260885777,14,-0.010915694585271085,0.5714285714285714,0.5,0.5357142857142857,雙重排序・大型股
2019-07-14,70,0.006691507822756381,14,0.0008718187202613827,14,-0.005308533299660126,14,0.005528848803906757,14,-0.0061007414576707,14,-0.01279224928042708,0.5,0.2857142857142857,0.39285714285714285,雙重排序・大型股
2019-07-21,70,-0.006418464639600663,14,0.0062593272094937135,14,0.006034814761998718,14,0.006537444843526149,14,-0.006357654438789416,14,6.0810200811246655e-05,0.5,0.35714285714285715,0.4285714285714286,雙重排序・大型股
2019-07-28,69,-0.0159221491153058,14,-0.02825848834216563,14,-0.023547470182319875,13,-0.027746240198512923,14,-0.02394702461241179,14,-0.008024875497105989,0.7142857142857143,0.2857142857142857,0.5,雙重排序・大型股
2019-08-04,68,-0.007286273341036685,14,-0.015163592867752622,13,0.0006238825842655528,14,0.007555892354723392,13,-0.003533657820783679,14,0.0037526155202530064,0.5714285714285714,0.5,0.5357142857142857,雙重排序・大型股
2019-08-11,67,-0.0036140639539659464,14,-0.021926039651737707,13,-0.023821788111876647,13,0.011166394364851784,13,-0.008166471881371104,14,-0.0045524079274051575,0.6428571428571429,0.35714285714285715,0.5,雙重排序・大型股
2019-08-18,65,0.0015656401151225702,13,-0.0037888039112065233,13,-0.0005181243757848863,13,0.006034096070474457,13,0.014267916963561274,13,0.012702276848438705,0.38461538461538464,0.38461538461538464,0.38461538461538464,雙重排序・大型股
2019-08-25,65,0.021265266070615144,13,0.014321741824975084,13,0.02167368749103967,13,0.01732415460142658,13,0.010563400658148928,13,-0.010701865412466215,0.3076923076923077,0.15384615384615385,0.23076923076923078,雙重排序・大型股
2019-09-01,65,0.015435748631755068,13,0.027489997795453854,13,0.0047732397737110755,13,0.014382902144639416,13,0.022480283367260566,13,0.007044534735505498,0.38461538461538464,0.3076923076923077,0.34615384615384615,雙重排序・大型股
2019-09-08,65,2.9170478228821232e-05,13,-0.0016036314619728687,13,-0.004220692753919709,13,-0.0026987082285239074,13,0.003942478996798491,13,0.00391330851856967,0.46153846153846156,0.46153846153846156,0.46153846153846156,雙重排序・大型股
2019-09-15,65,0.006125667300473344,13,0.00953678570284018,13,0.002032815770298705,13,0.00896371853315772,13,0.006301129907853842,13,0.0001754626073804987,0.46153846153846156,0.3076923076923077,0.38461538461538464,雙重排序・大型股
2019-09-22,64,-0.016288323839536448,13,-0.01189456522254964,13,-0.031643495875869336,12,-0.025181460084026663,13,-0.02276804439844646,13,-0.006479720558910013,0.6153846153846154,0.38461538461538464,0.5,雙重排序・大型股
2019-09-29,65,0.0033144107645183443,13,-0.003185605181304909,13,0.0057433344867028335,13,-0.007372285814274319,13,-0.001620673037653282,13,-0.004935083802171626,0.6923076923076923,0.46153846153846156,0.5769230769230769,雙重排序・大型股
2019-10-06,64,-0.006290654053264899,13,-0.010252663755601837,13,-0.01073040675583171,12,-0.005182069190895631,13,-0.010554976770089918,13,-0.004264322716825019,0.7692307692307693,0.6153846153846154,0.6923076923076923,雙重排序・大型股
2019-10-13,65,0.02115726523975989,13,0.01183932621630579,13,0.000511795486477199,13,0.003125054842078504,13,0.014916804715252065,13,-0.006240460524507826,0.46153846153846156,0.38461538461538464,0.42307692307692313,雙重排序・大型股
2019-10-20,66,0.00815639335798952,14,0.005659656761455719,13,0.0003713215707803645,13,0.006829570488768063,13,0.003045814391972712,13,-0.0051105789660168075,0.5384615384615384,0.35714285714285715,0.44780219780219777,雙重排序・大型股
2019-10-27,66,0.0010811717755282526,14,-0.002589880606395303,13,-0.0010791683404980722,13,-0.00661411703170613,13,-0.007532835660624366,13,-0.00861400743615262,0.5384615384615384,0.2857142857142857,0.41208791208791207,雙重排序・大型股
2019-11-03,67,-0.00535026142411245,14,0.005327354041673573,13,0.006555934883934364,13,0.003953527748763939,13,0.009157959869516967,14,0.014508221293629418,0.5714285714285714,0.35714285714285715,0.4642857142857143,雙重排序・大型股
2019-11-10,67,0.005421752372381239,14,-0.013002523438247909,13,0.004773138042023002,13,-0.018793619096837452,13,-0.004231882729136827,14,-0.009653635101518065,0.6428571428571429,0.35714285714285715,0.5,雙重排序・大型股
2019-11-17,68,0.004032057850324201,14,0.008854574177748683,13,-0.00028457198038203284,14,-0.0016747157259417915,13,-0.0008673272090774588,14,-0.00489938505940166,0.14285714285714285,0.2857142857142857,0.21428571428571427,雙重排序・大型股
2019-11-24,68,0.000767446179730878,14,0.008777643316268359,13,-0.0041503897585838945,14,-0.0022410784060265918,13,-0.003364295877285071,14,-0.004131742057015949,0.5714285714285714,0.21428571428571427,0.39285714285714285,雙重排序・大型股
2019-12-01,68,0.011888761040186244,14,-0.00615257212251523,13,0.004556925701345439,14,-0.002833066060064743,13,-0.005703252629724066,14,-0.01759201366991031,0.6428571428571429,0.35714285714285715,0.5,雙重排序・大型股
2019-12-08,69,-0.004261977039545847,14,0.00804511764505945,14,0.0014633100592775356,13,-0.010236896207810462,14,0.021150784622116756,14,0.025412761661662602,0.5714285714285714,0.2857142857142857,0.42857142857142855,雙重排序・大型股
2019-12-15,68,0.011087505484450057,14,0.015512696464946633,13,0.008315640367241004,14,0.00963637858277128,13,0.013691686220066248,14,0.0026041807356161906,0.7142857142857143,0.5,0.6071428571428572,雙重排序・大型股
2019-12-22,69,0.006292769833643297,14,0.001854866936605645,14,-0.0003400719920161845,13,0.0007348754176016595,14,0.004173295181827297,14,-0.002119474651816,0.5,0.5,0.5,雙重排序・大型股
2019-12-29,69,0.009884592413898401,14,-0.0021159841943245794,14,0.003181451748083144,13,0.007854783362476636,14,0.009455197666660555,14,-0.00042939474723784586,0.7857142857142857,0.35714285714285715,0.5714285714285714,雙重排序・大型股
2020-01-05,69,-0.00655615113223417,14,-0.004570520656231774,14,-0.012336139364599695,13,0.006085347993458985,14,-0.005352261083171772,14,0.0012038900490623982,0.7142857142857143,0.42857142857142855,0.5714285714285714,雙重排序・大型股
2020-01-12,70,0.012072781471265186,14,0.009910600827671019,14,0.00756189216382067,14,0.005327245204100162,14,0.006891839612279492,14,-0.005180941858985694,0.9285714285714286,0.35714285714285715,0.6428571428571429,雙重排序・大型股
2020-01-19,70,0.0017813874639651989,14,0.003748741335926588,14,-0.0017775677112924018,14,9.842764707286764e-05,14,0.004233854886169722,14,0.0024524674222045234,0.7142857142857143,0.6428571428571429,0.6785714285714286,雙重排序・大型股
2020-01-26,69,-0.01949210020086881,14,0.00013458153336537437,14,-0.0055028237259765805,13,-0.008749374715416045,14,-0.005004847096877969,14,0.01448725310399084,0.5,0.35714285714285715,0.4285714285714286,雙重排序・大型股
2020-02-02,69,0.05598695204038796,14,0.02148725025721158,14,0.018455731089973594,13,0.012140513938588837,14,0.02594959354718024,14,-0.030037358493207725,0.35714285714285715,0.2857142857142857,0.3214285714285714,雙重排序・大型股
2020-02-09,70,0.02942167094854795,14,0.013292400828543478,14,0.014008165834007491,14,0.024209526006265365,14,0.015339225738000712,14,-0.014082445210547237,0.42857142857142855,0.5,0.4642857142857143,雙重排序・大型股
2020-02-16,70,0.015764868872498457,14,0.001998278995512343,14,0.009408835216582447,14,0.006235244302075528,14,0.002591702944012802,14,-0.013173165928485655,0.6428571428571429,0.5,0.5714285714285714,雙重排序・大型股
2020-02-23,69,-0.021266256615876816,14,-0.01994537012766113,14,-0.02377598597277895,13,-0.016655453578898676,14,-0.01968029396249211,14,0.0015859626533847072,0.5,0.2857142857142857,0.39285714285714285,雙重排序・大型股
2020-03-01,68,0.017009606837883922,14,0.017049814207964895,13,0.014778986491394848,14,0.01226886267457314,13,0.009407878174632575,14,-0.0076017286632513465,0.7142857142857143,0.5,0.6071428571428572,雙重排序・大型股
2020-03-08,69,-0.12421090126599942,14,-0.10103563979101364,14,-0.11487510422126293,13,-0.10226332087890422,14,-0.10427362299570905,14,0.019937278270290362,0.7142857142857143,0.5714285714285714,0.6428571428571428,雙重排序・大型股
2020-03-15,70,-0.12418090572380722,14,-0.055444764198172125,14,-0.11291305900605565,14,-0.10637437238053596,14,-0.08427966535081784,14,0.03990124037298938,0.42857142857142855,0.2857142857142857,0.3571428571428571,雙重排序・大型股
2020-03-22,71,0.08478999443084191,15,0.09794299667452593,14,0.05928589995802152,14,0.11692889893325917,14,0.07583033418816447,14,-0.008959660242677442,0.6428571428571429,0.4,0.5214285714285715,雙重排序・大型股
2020-03-29,72,0.03589949642083618,15,0.019909471180673117,14,0.01218429667012612,14,0.03348439633213064,14,0.004742313000110491,15,-0.03115718342072569,0.5333333333333333,0.4,0.4666666666666667,雙重排序・大型股
2020-04-05,70,0.07083455805782193,14,0.040300578819071745,14,0.06557820011765111,14,0.05552074973700018,14,0.043289965451675703,14,-0.02754459260614623,0.8571428571428571,0.5,0.6785714285714286,雙重排序・大型股
2020-04-12,71,0.02672384832757213,15,0.017587401042509627,14,0.03084804405053052,14,0.0020484511517263127,14,0.019734610307645856,14,-0.006989238019926274,0.5,0.3333333333333333,0.41666666666666663,雙重排序・大型股
2020-04-19,70,-0.005971734457554183,14,-0.008684521779299324,14,-0.013411404744696709,14,-0.019472898184196286,14,-0.0226806458547085,14,-0.016708911397154316,0.35714285714285715,0.21428571428571427,0.2857142857142857,雙重排序・大型股
2020-04-26,70,0.06080459463753861,14,0.04655160586464561,14,0.05870864935810809,14,0.07121728264871445,14,0.05139126924094018,14,-0.009413325396598428,0.35714285714285715,0.35714285714285715,0.35714285714285715,雙重排序・大型股
2020-05-03,69,0.030723780293411447,14,0.03965764449613969,14,-0.005038744879604506,13,0.006571141525214509,14,0.014944212443454436,14,-0.01577956784995701,0.5714285714285714,0.35714285714285715,0.4642857142857143,雙重排序・大型股
2020-05-10,69,-0.015453815630561989,14,-0.016001740183448347,14,-0.02600708350188037,13,-0.015166471558428476,14,-0.03013452785651738,14,-0.01468071222595539,0.7857142857142857,0.5714285714285714,0.6785714285714286,雙重排序・大型股
2020-05-17,68,0.015262225556261015,14,0.009649763864656914,13,0.026223976733962824,14,0.02055141054346696,13,0.010978885339253817,14,-0.004283340217007199,0.5,0.42857142857142855,0.4642857142857143,雙重排序・大型股
2020-05-24,69,0.0009968486991871156,14,0.007009229515114258,14,0.02087608028173516,13,0.008774480610105693,14,-0.0045945143042750835,14,-0.0055913630034621995,0.42857142857142855,0.35714285714285715,0.39285714285714285,雙重排序・大型股
2020-05-31,68,0.047500727643129126,14,0.030594434226483686,13,0.04383397147611475,14,0.032403084037364575,13,0.030017161696415804,14,-0.017483565946713322,0.7857142857142857,0.42857142857142855,0.6071428571428571,雙重排序・大型股
2020-06-07,69,-0.009076468784647542,14,-0.024774189145278618,14,-0.025985798518464866,13,-0.02382226018796305,14,-0.02176421422990505,14,-0.012687745445257508,0.7857142857142857,0.5,0.6428571428571428,雙重排序・大型股
2020-06-14,69,0.0017365497956528134,14,0.030182973691219965,14,0.010616351915325421,13,0.010866133421744029,14,0.00765537433492527,14,0.005918824539272457,0.2857142857142857,0.21428571428571427,0.25,雙重排序・大型股
2020-06-21,70,0.004721395894146433,14,-0.00916336118268887,14,-0.002838204673287611,14,-0.013111777464861338,14,0.00596022747692473,14,0.001238831582778297,0.5,0.21428571428571427,0.35714285714285715,雙重排序・大型股
2020-06-28,73,0.018662650919567838,15,0.021790551582431292,14,0.015139499280675003,15,0.019009693030322888,14,0.022266232276309018,15,0.00360358135674118,0.4,0.4,0.4,雙重排序・大型股
2020-07-05,72,-0.011194760954569127,15,-0.010072032251557117,14,0.0009438663160422078,14,-0.008595806573446265,14,-0.0024272008361341246,15,0.008767560118435002,0.4666666666666667,0.3333333333333333,0.4,雙重排序・大型股
2020-07-12,72,0.00014206526347555483,15,0.004000299108473303,14,-0.004610358783068274,14,-0.004628926353139733,14,-0.009948466622928061,15,-0.010090531886403615,0.6,0.5333333333333333,0.5666666666666667,雙重排序・大型股
2020-07-19,72,-0.013397113726388151,15,0.002582846379687936,14,-0.0013008181975732883,14,0.00025591494080180147,14,0.009216710563220784,15,0.022613824289608935,0.3333333333333333,0.26666666666666666,0.3,雙重排序・大型股
2020-07-26,72,-0.0010209352125110168,15,-0.023104523244583303,14,-0.028940805211199343,14,-0.003315583898429667,14,0.011453267820389534,15,0.01247420303290055,0.4,0.26666666666666666,0.33333333333333337,雙重排序・大型股
2020-08-02,71,0.01949110014744399,15,0.02571347234014251,14,0.02093225655245501,14,-0.003509780624303,14,0.042219071293234704,14,0.022727971145790716,0.5714285714285714,0.3333333333333333,0.45238095238095233,雙重排序・大型股
2020-08-09,71,-0.005520052596408294,15,0.020691955685068233,14,0.030461789807954047,14,0.03443095764295617,14,-0.00279888835032101,14,0.0027211642460872845,0.5714285714285714,0.3333333333333333,0.45238095238095233,雙重排序・大型股
2020-08-16,71,-0.03481334697436193,15,0.0006909696378266185,14,0.009473684466553747,14,-0.012687805325753745,14,-0.014993889411373236,14,0.019819457562988696,0.35714285714285715,0.26666666666666666,0.3119047619047619,雙重排序・大型股
2020-08-23,71,0.015642513623936174,15,0.0031140556159403748,14,0.03766509043465326,14,0.0184686212541475,14,0.016722453867431358,14,0.0010799402434951838,0.7857142857142857,0.5333333333333333,0.6595238095238095,雙重排序・大型股
2020-08-30,72,-0.008710729393653234,15,0.022091944334046956,14,0.005195178734104268,14,-0.007958626567811202,14,-0.007384085130528469,15,0.0013266442631247643,0.8,0.6666666666666666,0.7333333333333334,雙重排序・大型股
2020-09-06,71,0.009231863376488647,15,-0.013252768688718664,14,-0.0035793572585125022,14,-0.01425114866046944,14,0.004671455135899489,14,-0.004560408240589158,0.5,0.13333333333333333,0.31666666666666665,雙重排序・大型股
2020-09-13,71,0.011712782429160244,15,-0.007509390277294192,14,0.027204529211077227,14,0.007701516235284296,14,0.011991726135437888,14,0.00027894370627764425,0.7142857142857143,0.3333333333333333,0.5238095238095238,雙重排序・大型股
2020-09-20,72,-0.066188048053667,15,-0.06993181819406542,14,-0.0648763521115951,14,-0.06960121069440074,14,-0.050504028445641405,15,0.015684019608025596,0.6666666666666666,0.13333333333333333,0.39999999999999997,雙重排序・大型股
2020-09-27,73,0.009109564693177963,15,0.02836448470622557,14,0.0011581197765829184,15,0.009924148672290824,14,0.020932183210100923,15,0.01182261851692296,0.8,0.4666666666666667,0.6333333333333333,雙重排序・大型股
2020-10-04,75,0.023907624020110582,15,0.018027735863680196,15,0.024544523891953718,15,0.018960025903234846,15,0.014383334997623535,15,-0.009524289022487047,0.9333333333333333,0.8666666666666667,0.9,雙重排序・大型股
2020-10-11,75,-0.014659074048507918,15,-0.008571041941425795,15,-0.01306903612120011,15,-0.0059723692392827194,15,-0.019248884260473546,15,-0.004589810211965629,0.4666666666666667,0.4,0.43333333333333335,雙重排序・大型股
2020-10-18,76,0.02348117997160784,16,0.0075352492155356925,15,0.017353062019063007,15,0.019483326894990126,15,0.009494642921366607,15,-0.013986537050241233,0.26666666666666666,0.25,0.2583333333333333,雙重排序・大型股
2020-10-25,75,-0.036995937116428616,15,0.00486633278904766,15,-0.00543135177986415,15,-0.010503700133473792,15,-0.022274071599635934,15,0.014721865516792682,0.4666666666666667,0.4,0.43333333333333335,雙重排序・大型股
2020-11-01,75,0.0181055976721022,15,0.010092353218192589,15,0.02335909213074437,15,0.024402911540109644,15,0.01513421861539738,15,-0.002971379056704821,0.4,0.3333333333333333,0.3666666666666667,雙重排序・大型股
2020-11-08,75,0.0009965817757626506,15,0.008177891149508686,15,0.017093099439932712,15,0.0317946070461624,15,0.010674288066264737,15,0.009677706290502087,0.4,0.26666666666666666,0.33333333333333337,雙重排序・大型股
2020-11-15,74,0.015112439636915739,15,0.01781351271120566,15,0.011738865043499367,14,0.018003016944427415,15,0.01320044561747468,15,-0.0019119940194410583,0.5333333333333333,0.4666666666666667,0.5,雙重排序・大型股
2020-11-22,74,0.04094648820503074,15,0.009230195464544393,15,0.01674180944756318,14,0.010145158991646246,15,0.0129360842859865,15,-0.02801040391904424,0.6,0.26666666666666666,0.43333333333333335,雙重排序・大型股
2020-11-29,74,0.029694812045251446,15,0.007560158082233685,15,-0.0010004712155273845,14,0.0018600544116182578,15,0.033317896933078274,15,0.003623084887826828,0.4666666666666667,0.4666666666666667,0.4666666666666667,雙重排序・大型股
2020-12-06,75,-0.019060257530418387,15,0.004793076534981947,15,-0.00530388789010634,15,-0.01264824191106544,15,-0.010425042420865083,15,0.008635215109553304,0.5333333333333333,0.3333333333333333,0.43333333333333335,雙重排序・大型股
2020-12-13,75,0.008390473290583563,15,0.006696418398649073,15,0.02540806801051747,15,0.0016641610911205826,15,0.014902175621658364,15,0.006511702331074801,0.5333333333333333,0.26666666666666666,0.4,雙重排序・大型股
2020-12-20,75,0.006589359457444077,15,0.014379503525118246,15,0.028677703354754593,15,-0.00890812821501934,15,0.03216330605954567,15,0.02557394660210159,0.7333333333333333,0.5333333333333333,0.6333333333333333,雙重排序・大型股
2020-12-27,74,0.014171645846707307,15,0.0048406352318418906,15,0.011493397613233773,14,0.0117444928498722,15,0.04461125041110839,15,0.030439604564401083,0.7333333333333333,0.5333333333333333,0.6333333333333333,雙重排序・大型股
2021-01-03,76,-0.010143403505809521,16,-0.012714366045240432,15,-0.0111901419103782,15,0.03751005555231208,15,-0.00860843574855857,15,0.0015349677572509511,0.7333333333333333,0.4375,0.5854166666666667,雙重排序・大型股
2021-01-10,76,-0.015572129819522808,16,-0.02630342431079521,15,-0.03723658215121925,15,0.022885955627444252,15,-0.04650931857474848,15,-0.03093718875522567,0.8666666666666667,0.5,0.6833333333333333,雙重排序・大型股
2021-01-17,77,-0.01568395341634804,16,-0.019384620923411082,15,-0.023015795553390943,15,-0.004202588081577378,15,0.01820247407551461,16,0.03388642749186265,0.5625,0.375,0.46875,雙重排序・大型股
2021-01-24,75,-0.02762789260797051,15,-0.03690523631606475,15,-0.021511200313165793,15,-0.02850855693621348,15,-0.051670125052108676,15,-0.024042232444138167,0.4666666666666667,0.4666666666666667,0.4666666666666667,雙重排序・大型股
2021-01-31,75,0.025060592429447835,15,0.021913707286363163,15,0.03695613977471616,15,0.02409177254901109,15,0.029128695884997637,15,0.004068103455549803,0.6666666666666666,0.4666666666666667,0.5666666666666667,雙重排序・大型股
2021-02-21,76,-0.012001328618161687,16,0.01788828530474702,15,0.015068131569542469,15,0.032337960944586984,15,0.037153087321092924,15,0.04915441593925461,0.7333333333333333,0.5625,0.6479166666666667,雙重排序・大型股
2021-02-28,76,-0.04723675634267243,16,-0.012040521596763358,15,-0.011129524006195194,15,0.001264725072640882,15,-0.003826111143295378,15,0.043410645199377054,0.4,0.25,0.325,雙重排序・大型股
2021-03-07,75,0.01760931355736124,15,0.009086189618839394,15,0.015005742250588698,15,0.01204954652186218,15,0.02897366988582529,15,0.01136435632846405,0.5333333333333333,0.26666666666666666,0.4,雙重排序・大型股
2021-03-14,76,0.0028866259480408232,16,-0.013505042878076827,15,-0.019337122542984333,15,-0.007376351384550313,15,-0.002005954882675143,15,-0.004892580830715966,0.5333333333333333,0.375,0.45416666666666666,雙重排序・大型股
2021-03-21,76,0.015041590641705932,16,0.044941176630875754,15,0.030088626755751368,15,0.011013101356380324,15,0.004982420440246838,15,-0.010059170201459095,0.8,0.625,0.7125,雙重排序・大型股
2021-03-28,79,0.004305972405077622,16,0.008743622875322724,16,0.011209130077934493,15,0.019929658613492544,16,0.032304565550952256,16,0.027998593145874634,0.6875,0.5625,0.625,雙重排序・大型股
2021-04-04,79,0.0337159170565655,16,0.03564774381880418,16,0.009022878536689816,15,0.02755494915191073,16,0.02508859070369869,16,-0.00862732635286681,0.9375,0.5625,0.75,雙重排序・大型股
2021-04-11,79,0.015880370743528882,16,0.04360530648068433,16,0.03563704739811967,15,0.01988441314395905,16,0.09535389863509589,16,0.079473527891567,0.875,0.3125,0.59375,雙重排序・大型股
2021-04-18,81,0.008416795098627987,17,0.012579392486278658,16,0.012584693362848912,16,0.03550573153184764,16,0.04592254864695873,16,0.037505753548330745,0.6875,0.29411764705882354,0.4908088235294118,雙重排序・大型股
2021-04-25,82,0.03989958678896591,17,0.01861058437738919,16,0.019244112674860953,16,-0.0045398941815780886,16,0.0532498519959721,17,0.01335026520700619,0.5294117647058824,0.4117647058823529,0.47058823529411764,雙重排序・大型股
2021-05-02,83,-0.011941097605626835,17,-0.06542969636533358,16,-0.04487913160068505,17,-0.027652336637613247,16,-0.02299571905051417,17,-0.011054621444887336,0.4117647058823529,0.35294117647058826,0.38235294117647056,雙重排序・大型股
2021-05-09,84,-0.12649353039950353,17,-0.10614898463821415,17,-0.0988314278798684,16,-0.09179378401793088,17,-0.14133182490997498,17,-0.014838294510471445,0.4117647058823529,0.29411764705882354,0.3529411764705882,雙重排序・大型股
2021-05-16,85,0.08993863467583776,17,0.06058374693875651,17,0.07668426910361593,17,0.11563446438189338,17,0.10528767139050375,17,0.01534903671466599,0.7058823529411765,0.47058823529411764,0.5882352941176471,雙重排序・大型股
2021-05-23,86,0.0536795339707293,18,0.04307432129842346,17,0.04034660328206632,17,0.05802972358759663,17,0.07272380646272834,17,0.019044272491999047,0.8823529411764706,0.8333333333333334,0.857843137254902,雙重排序・大型股
2021-05-30,87,0.029343304581740767,18,0.012423423139588401,17,0.030186396738283747,17,0.02439845439812438,17,0.03447642709867351,18,0.0051331225169327435,0.8333333333333334,0.5555555555555556,0.6944444444444444,雙重排序・大型股
2021-06-06,87,-0.017721062823810887,18,-0.024691325424956348,17,-0.009709444594783656,17,-0.007241899757413974,17,-0.02477297646745971,18,-0.007051913643648822,0.7777777777777778,0.6111111111111112,0.6944444444444444,雙重排序・大型股
2021-06-13,87,0.011177293880706866,18,-0.014831064029169038,17,0.01730775923254855,17,-0.001349899489255503,17,0.01570183064214576,18,0.004524536761438894,0.7222222222222222,0.7222222222222222,0.7222222222222222,雙重排序・大型股
2021-06-20,87,0.03693797907326238,18,0.032022747125133054,17,0.04049196208150921,17,0.019745078529197796,17,0.06943112730549908,18,0.0324931482322367,0.9444444444444444,0.4444444444444444,0.6944444444444444,雙重排序・大型股
2021-06-27,87,0.025111944680499772,18,0.0025452186553274452,17,0.02889435978464186,17,-0.002168009203457826,17,0.02316447800685601,18,-0.0019474666736437607,0.6666666666666666,0.5,0.5833333333333333,雙重排序・大型股
2021-07-04,88,-0.0035343558091607153,18,-0.00405090530287034,17,-0.016808009501185273,18,0.014395785632698395,17,-0.03751968871264811,18,-0.033985332903487396,0.6666666666666666,0.4444444444444444,0.5555555555555556,雙重排序・大型股
2021-07-11,89,-0.019585148590593033,18,-0.005773037860018359,18,-0.0209547546715672,17,-0.00021611170055714965,18,-0.03224061327168036,18,-0.012655464681087327,0.6111111111111112,0.3333333333333333,0.4722222222222222,雙重排序・大型股
2021-07-18,88,-0.013703245702637054,18,0.002667851044307034,17,-0.0030131649590548542,18,-0.01670645997339394,17,-0.027538541726334433,18,-0.01383529602369738,0.6111111111111112,0.6666666666666666,0.6388888888888888,雙重排序・大型股
2021-07-25,89,-0.03291451377256907,18,-0.01927383723857116,18,-0.030397404352747435,17,-0.016886946354766865,18,-0.03322788514298752,18,-0.00031337137041845264,0.7222222222222222,0.6111111111111112,0.6666666666666667,雙重排序・大型股
2021-08-01,89,0.00017000649655131891,18,0.01278035307601518,18,-0.0012262138061302792,17,-0.0053563994100972396,18,0.012256782065243518,18,0.012086775568692198,0.6111111111111112,0.3888888888888889,0.5,雙重排序・大型股
2021-08-08,90,-0.03056466914534098,18,-0.03635109793644318,18,-0.03175524465561011,18,-0.041900092624832415,18,-0.03814874271018746,18,-0.007584073564846475,0.5555555555555556,0.4444444444444444,0.5,雙重排序・大型股
2021-08-15,89,-0.046085479654931545,18,-0.043303590677789716,18,-0.02887519708693384,17,-0.03878290468674354,18,-0.026232808623611412,18,0.019852671031320133,0.6666666666666666,0.2777777777777778,0.4722222222222222,雙重排序・大型股
2021-08-22,89,0.0327457812967324,18,0.044418397847433407,18,0.037584923040327525,17,0.030834264411525012,18,0.03699763095585889,18,0.0042518496591264915,0.5,0.5555555555555556,0.5277777777777778,雙重排序・大型股
2021-08-29,88,-0.032373740226782105,18,-0.006643567442257914,17,0.01711344199632174,18,-0.005177994349646138,17,0.006402512662054531,18,0.03877625288883663,0.8888888888888888,0.6666666666666666,0.7777777777777777,雙重排序・大型股
2021-09-05,87,-0.003490205179748487,18,-0.004287728185405146,17,-0.00629162514963645,17,-0.008832347367629959,17,0.0014882921523856802,18,0.0049784973321341675,0.5555555555555556,0.5,0.5277777777777778,雙重排序・大型股
2021-09-12,88,-0.0068032774103940425,18,-0.0037628216086380627,17,0.014095499823302209,18,0.001038100596746204,17,-0.01081249003299319,18,-0.004009212622599148,0.4444444444444444,0.3333333333333333,0.38888888888888884,雙重排序・大型股
2021-09-19,87,0.021765529360947708,18,0.017935886914837613,17,0.010890353616297133,17,0.011379756143558814,17,0.02480036716645175,18,0.0030348378055040405,0.6666666666666666,0.5,0.5833333333333333,雙重排序・大型股
2021-09-26,88,-0.03844249605719115,18,-0.04330040438406278,17,-0.021007052167957743,18,-0.012349387558739666,17,-0.034529774691424445,18,0.003912721365766703,0.3333333333333333,0.3333333333333333,0.3333333333333333,雙重排序・大型股
2021-10-03,89,-0.002552687133492573,18,-0.011296072863067571,18,-0.016160327902581824,17,0.02207373285803292,18,-0.026795404722710928,18,-0.024242717589218355,0.6111111111111112,0.3888888888888889,0.5,雙重排序・大型股
2021-10-10,90,-0.012366393331736805,18,0.007580226771191788,18,-0.0072333180581808,18,-0.001918626409326021,18,-0.006069148150403202,18,0.006297245181333603,0.5555555555555556,0.3888888888888889,0.4722222222222222,雙重排序・大型股
2021-10-17,90,-0.03247764639137395,18,-0.015806490237275476,18,0.003226390612593524,18,0.0011922029103339999,18,-0.00014307069599933664,18,0.032334575695374616,0.5555555555555556,0.3888888888888889,0.4722222222222222,雙重排序・大型股
2021-10-24,90,0.028421321740075,18,0.011325351167298473,18,0.0024709469328386014,18,0.013470054921847583,18,0.008623883722073393,18,-0.019797438018001608,0.2777777777777778,0.2777777777777778,0.2777777777777778,雙重排序・大型股
2021-10-31,90,0.010165489801001225,18,0.007081618408529537,18,0.006125539373878657,18,0.009612642834512452,18,0.011683358171095497,18,0.0015178683700942715,0.3888888888888889,0.2222222222222222,0.3055555555555556,雙重排序・大型股
2021-11-07,90,0.0006481375839042266,18,0.02298163976821572,18,0.019084844215932182,18,0.003497663107321858,18,-0.0016672576020820345,18,-0.002315395185986261,0.3888888888888889,0.2777777777777778,0.33333333333333337,雙重排序・大型股
2021-11-14,92,0.011316491791444432,19,-0.01149430986295591,18,-0.011386761363416986,18,-0.010365203643056795,18,0.006620234570019555,19,-0.004696257221424877,0.6842105263157895,0.5263157894736842,0.6052631578947368,雙重排序・大型股
2021-11-21,92,-0.021881757436423586,19,-0.0077286486220916545,18,-0.014684213346547329,18,-0.021431153870593325,18,-0.01736172253562587,19,0.004520034900797717,0.3684210526315789,0.21052631578947367,0.2894736842105263,雙重排序・大型股
2021-11-28,91,0.0340178413645455,19,0.010758282804559193,18,0.0014461363001781592,18,0.023536189766136775,18,0.02332030807848845,18,-0.010697533286057048,0.2777777777777778,0.21052631578947367,0.24415204678362573,雙重排序・大型股
2021-12-05,93,0.010328854074420529,19,0.007162230222577886,18,0.0023708411583287514,19,0.008803705156050976,18,0.0028558792084099234,19,-0.0074729748660106055,0.6842105263157895,0.3157894736842105,0.5,雙重排序・大型股
2021-12-12,93,6.277313556133836e-05,19,-0.006058523038614156,18,0.0007968201387863706,19,-0.009827093443106807,18,-0.011534084405878676,19,-0.011596857541440015,0.8421052631578947,0.5263157894736842,0.6842105263157894,雙重排序・大型股
2021-12-19,94,0.023610434316577302,19,0.025570132409450896,19,0.005858476616352538,18,0.019498946005404,19,0.005018931328903806,19,-0.018591502987673494,0.47368421052631576,0.3157894736842105,0.39473684210526316,雙重排序・大型股
2021-12-26,94,0.003202403314000159,19,0.006870390761599524,19,0.01003152471045741,18,9.644107114307364e-07,19,0.006765940542348832,19,0.003563537228348673,0.21052631578947367,0.15789473684210525,0.18421052631578946,雙重排序・大型股
2022-01-02,94,-0.008890266908729346,19,-0.015985674750581446,19,-0.016718369189116917,18,-0.033337659399976655,19,-0.013763328730074862,19,-0.004873061821345516,0.2631578947368421,0.2631578947368421,0.2631578947368421,雙重排序・大型股
2022-01-09,94,-0.005394299156074092,19,0.0023664490994872154,19,-0.008912061895839676,18,-0.021860538855680255,19,0.013072613824754945,19,0.018466912980829038,0.47368421052631576,0.3684210526315789,0.42105263157894735,雙重排序・大型股
2022-01-16,95,-0.021656897296170784,19,-0.009632709937264639,19,-0.016161630422796988,19,-0.0007180079909127933,19,-0.026418733724575916,19,-0.004761836428405133,0.42105263157894735,0.3157894736842105,0.3684210526315789,雙重排序・大型股
2022-01-23,94,-0.003273707854935526,19,-0.01894663531967129,19,-0.018693395050441146,18,-0.009198593686960398,19,-0.006510497203253281,19,-0.003236789348317755,0.47368421052631576,0.3684210526315789,0.42105263157894735,雙重排序・大型股
2022-02-13,95,0.02167062694820418,19,0.0058730057818975395,19,-0.005708796923375529,19,0.02012392374381884,19,0.004317015712126002,19,-0.01735361123607818,0.5789473684210527,0.631578947368421,0.6052631578947368,雙重排序・大型股
2022-02-20,95,-0.015370836605936628,19,-0.023696050672613128,19,-0.015878306499406282,19,-0.024785690092646178,19,-0.023177527175636533,19,-0.007806690569699905,0.5789473684210527,0.47368421052631576,0.5263157894736842,雙重排序・大型股
2022-02-27,95,0.013622070892235584,19,0.00782190270048101,19,0.020901413407943218,19,0.00036790361489847994,19,-0.007029645952891052,19,-0.020651716845126636,0.2631578947368421,0.2631578947368421,0.2631578947368421,雙重排序・大型股
2022-03-06,95,-0.0031295989690467195,19,-0.014920777033253382,19,-0.015798945185882266,19,-0.01666753080895079,19,0.004914407961296467,19,0.008044006930343187,0.5263157894736842,0.2631578947368421,0.39473684210526316,雙重排序・大型股
2022-03-13,96,0.007677941499450941,20,0.005225985143677716,19,0.009725993600251217,19,0.0175572415203836,19,0.007993120481677995,19,0.0003151789822270542,0.631578947368421,0.4,0.5157894736842106,雙重排序・大型股
2022-03-20,95,-0.0025541680401690347,19,-0.002095258931528136,19,0.008979302686483222,19,0.01047159328357195,19,-0.0011895541031915948,19,0.0013646139369774398,0.3684210526315789,0.21052631578947367,0.2894736842105263,雙重排序・大型股
2022-03-27,95,0.020541331026155237,19,0.007505113005026794,19,0.004262095839668394,19,0.016560112264243997,19,0.0006119808222626413,19,-0.019929350203892596,0.631578947368421,0.47368421052631576,0.5526315789473684,雙重排序・大型股
2022-04-03,95,-0.0086670051533687,19,-0.011715158425780052,19,-0.008796896373128544,19,-0.016761598089239833,19,0.005306430750401895,19,0.013973435903770596,0.631578947368421,0.42105263157894735,0.5263157894736842,雙重排序・大型股
2022-04-10,96,-0.008015876499331803,20,-0.014712559345671868,19,0.01304050606863967,19,-0.026112401106168748,19,-0.01973933664815292,19,-0.011723460148821117,0.2631578947368421,0.15,0.20657894736842103,雙重排序・大型股
2022-04-17,95,0.016780990005325395,19,-0.002228050878999489,19,0.02449616047249803,19,0.016449783537390305,19,0.00981288016935452,19,-0.006968109835970876,0.3684210526315789,0.3157894736842105,0.3421052631578947,雙重排序・大型股
2022-04-24,97,-0.02681415696480489,20,-0.014638861536735758,19,-0.03577656863747133,19,-0.006578043174462995,19,-0.021753921340485545,20,0.005060235624319346,0.45,0.3,0.375,雙重排序・大型股
2022-05-01,97,-0.022309325684116678,20,-0.005963941843538889,19,-0.01855237715250708,19,0.0017777557556578909,19,-0.0023545559725088815,20,0.019954769711607798,0.45,0.35,0.4,雙重排序・大型股
2022-05-08,96,-0.03692673671746543,20,-0.04509886183974041,19,-0.04259863918805035,19,-0.037559769188441304,19,-0.03117243080453196,19,0.00575430591293347,0.5789473684210527,0.4,0.48947368421052634,雙重排序・大型股
2022-05-15,95,0.01310755806712573,19,0.011699339584796986,19,0.019625900124622946,19,0.008056401843424125,19,-0.0018922857313044112,19,-0.014999843798430142,0.6842105263157895,0.42105263157894735,0.5526315789473684,雙重排序・大型股
2022-05-22,93,0.007205261981430046,19,-0.000227451966503589,18,-0.000483887693625974,19,0.00561300222578015,18,0.01515020739864411,19,0.007944945417214064,0.6842105263157895,0.42105263157894735,0.5526315789473684,雙重排序・大型股
2022-05-29,95,0.004121452747213533,19,0.00042214884546007853,19,0.005429061920899805,19,0.01327540945966715,19,0.0030004191294109,19,-0.0011210336178026328,0.3157894736842105,0.2631578947368421,0.2894736842105263,雙重排序・大型股
2022-06-05,95,-0.01622959839775012,19,-0.0037581826100302005,19,-0.004759053229761527,19,0.0011560605465680916,19,0.0005689995730199588,19,0.016798597970770077,0.47368421052631576,0.3684210526315789,0.42105263157894735,雙重排序・大型股
2022-06-12,95,-0.03226738974814101,19,-0.02387674847256209,19,-0.007701992640128093,19,-0.019539632967092147,19,-0.02915231735388891,19,0.0031150723942520997,0.42105263157894735,0.42105263157894735,0.42105263157894735,雙重排序・大型股
2022-06-19,96,-0.054503455950701774,20,-0.004903776382583062,19,0.011122078537889199,19,-0.001535594882639885,19,-0.004355508935906094,19,0.05014794701479568,0.47368421052631576,0.35,0.4118421052631579,雙重排序・大型股
2022-06-26,95,-0.06358077683787687,19,-0.05077292356470661,19,-0.048643643686024786,19,-0.06644976790463282,19,-0.06610879540045689,19,-0.0025280185625800172,0.42105263157894735,0.3684210526315789,0.39473684210526316,雙重排序・大型股
2022-07-03,94,0.006210299218546089,19,-0.006077279707920187,19,0.00889255726420565,18,0.01909309248203137,19,0.03899115770391022,19,0.032780858485364134,0.5789473684210527,0.2631578947368421,0.42105263157894735,雙重排序・大型股
2022-07-10,94,-0.00811232327685727,19,0.0037770030450802418,19,-0.01664110394640682,18,-0.01711413929464507,19,0.007798211075177208,19,0.01591053435203448,0.6842105263157895,0.42105263157894735,0.5526315789473684,雙重排序・大型股
2022-07-17,93,0.03650841746195523,19,0.021976148544639293,18,0.014365343622433907,19,0.02513621446669825,18,0.031059459489904705,19,-0.005448957972050528,0.6842105263157895,0.47368421052631576,0.5789473684210527,雙重排序・大型股
2022-07-24,91,0.0308865967639107,19,0.007718804622216339,18,0.006981031184406701,18,0.021911027625623285,18,-0.007357027478442875,18,-0.03824362424235358,0.3888888888888889,0.2631578947368421,0.3260233918128655,雙重排序・大型股
2022-07-31,91,-0.004235826937156412,19,-0.01218182417715024,18,-0.036647380971910413,18,-0.011371073995933338,18,0.0033265858048200122,18,0.007562412741976424,0.3333333333333333,0.3157894736842105,0.32456140350877194,雙重排序・大型股
2022-08-07,92,0.030567989085697186,19,0.03684773566867118,18,0.027886737263874455,18,0.021113645446748725,18,0.024926896116105574,19,-0.005641092969591612,0.5789473684210527,0.5789473684210527,0.5789473684210527,雙重排序・大型股
2022-08-14,92,0.010946141056059821,19,0.0024966320186781935,18,0.014661268626133935,18,0.000500012392816545,18,0.004757487163685982,19,-0.0061886538923738394,0.6842105263157895,0.6842105263157895,0.6842105263157895,雙重排序・大型股
2022-08-21,93,0.01855392857526308,19,0.01399767833648594,18,0.02047097117658309,19,0.018631733358660738,18,0.012297187649561272,19,-0.006256740925701809,0.5263157894736842,0.3157894736842105,0.42105263157894735,雙重排序・大型股
2022-08-28,93,-0.012678554878911528,19,-0.004592350745746395,18,0.0020538389458120087,19,0.0033143041350263257,18,0.0027492358021766515,19,0.01542779068108818,0.7368421052631579,0.47368421052631576,0.6052631578947368,雙重排序・大型股
2022-09-04,93,-0.0030054667413751636,19,0.0012331634593126745,18,-0.010247607283672168,19,-0.010281319967299023,18,0.012447999609785055,19,0.015453466351160218,0.7368421052631579,0.5789473684210527,0.6578947368421053,雙重排序・大型股
2022-09-11,92,-0.004154597246139518,19,-0.016933699562905007,18,0.00027600737655052317,18,0.03243587403930977,18,-0.010235423533742422,19,-0.006080826287602904,0.47368421052631576,0.3684210526315789,0.42105263157894735,雙重排序・大型股
2022-09-18,92,-0.01706456499500416,19,-0.02140144173346325,18,-0.026724911887716196,18,-0.03905814967386427,18,-0.03673128599337577,19,-0.019666720998371613,0.3157894736842105,0.2631578947368421,0.2894736842105263,雙重排序・大型股
2022-09-25,92,-0.025900992978697628,19,-0.021210884782962718,18,-0.029603209503961544,18,-0.04247386563300695,18,-0.0438489619274665,19,-0.01794796894876887,0.2631578947368421,0.2631578947368421,0.2631578947368421,雙重排序・大型股
2022-10-02,89,0.027002835196975224,18,0.011167763822632175,18,0.029872100711431288,17,0.030325919083435363,18,0.02694385604306063,18,-5.8979153914593546e-05,0.2777777777777778,0.16666666666666666,0.2222222222222222,雙重排序・大型股
2022-10-09,90,-0.031164733604750423,18,-0.01357117728202751,18,-0.01531993861060938,18,-0.017549924969079842,18,-0.008989281299441895,18,0.022175452305308527,0.4444444444444444,0.4444444444444444,0.4444444444444444,雙重排序・大型股
2022-10-16,90,0.0025179799010865856,18,-0.011126084755913417,18,0.002147685304556705,18,-0.00960966733963104,18,-0.016302965858100735,18,-0.018820945759187323,0.4444444444444444,0.3333333333333333,0.38888888888888884,雙重排序・大型股
2022-10-23,89,-0.025417459514529228,18,-0.004538052708820517,18,-0.012201778979124275,17,-0.023860338285603452,18,-0.009071654446074785,18,0.01634580506845444,0.5555555555555556,0.5,0.5277777777777778,雙重排序・大型股
2022-10-30,90,0.0008961528683677438,18,0.01497909299770711,18,0.01175908840101377,18,0.03953258984427573,18,0.018061727059987296,18,0.017165574191619553,0.6111111111111112,0.5,0.5555555555555556,雙重排序・大型股
2022-11-06,90,0.02812624076978476,18,0.03313980593122607,18,0.021767632945722964,18,0.026077874978134456,18,0.03656941285384584,18,0.008443172084061076,0.4444444444444444,0.3888888888888889,0.41666666666666663,雙重排序・大型股
2022-11-13,89,0.0016158408166144099,18,0.0029841593887888393,18,0.009332669115648262,17,0.01623745515323889,18,0.006724705920619541,18,0.005108865104005131,0.2777777777777778,0.2222222222222222,0.25,雙重排序・大型股
2022-11-20,89,0.01747550010979064,18,0.02075612652286201,18,0.019553798924275355,17,0.008414011479290754,18,0.013893711116207488,18,-0.003581788993583152,0.3333333333333333,0.2222222222222222,0.2777777777777778,雙重排序・大型股
2022-11-27,89,0.026500778943090338,18,0.03159254201201346,18,0.061938573890804545,17,0.045692571017871914,18,0.04553235687431664,18,0.019031577931226305,0.2777777777777778,0.2222222222222222,0.25,雙重排序・大型股
2022-12-04,90,-0.010640959293457474,18,-0.015531812117397637,18,-0.01859075032812669,18,-0.019073247635681738,18,-0.003035644452594657,18,0.007605314840862817,0.3888888888888889,0.2777777777777778,0.33333333333333337,雙重排序・大型股
2022-12-11,90,0.005493595115610995,18,-0.014216113772705517,18,0.008694539743539577,18,-0.0035511227428453706,18,-0.0024134372072455415,18,-0.007907032322856536,0.4444444444444444,0.3333333333333333,0.38888888888888884,雙重排序・大型股
2022-12-18,89,-0.004396032140931729,18,-0.0035169771486661793,18,-0.01395375550660734,17,-0.014746984661921782,18,-0.0037883670225075474,18,0.0006076651184241818,0.2777777777777778,0.2222222222222222,0.25,雙重排序・大型股
2022-12-25,89,-0.019688106211329,18,0.0009066602557253581,18,-0.0063494021534697374,17,-0.006022478030633561,18,-0.009220412710482326,18,0.010467693500846673,0.3333333333333333,0.3888888888888889,0.3611111111111111,雙重排序・大型股
2023-01-01,91,0.011055384149100806,19,0.01207755214245515,18,0.017886195696202936,18,0.008479751101015003,18,0.005927736139145539,18,-0.005127648009955267,0.3333333333333333,0.2631578947368421,0.2982456140350877,雙重排序・大型股
2023-01-08,89,0.01183988908726629,18,-0.007374043403172492,18,-0.004155769392902624,17,0.0005416848775899195,18,0.01110911662696081,18,-0.0007307724603054806,0.3888888888888889,0.2777777777777778,0.33333333333333337,雙重排序・大型股
2023-01-15,89,0.0012512910065024837,18,0.004645226607753104,18,0.005607683132030789,17,-0.004935710464210892,18,-0.0019550489991665915,18,-0.0032063400056690753,0.3888888888888889,0.3333333333333333,0.3611111111111111,雙重排序・大型股
2023-02-05,87,-0.013402804022737433,18,-0.007263598699445471,17,-0.015326627701948677,17,-0.0048306764068407415,17,0.003226177587843357,18,0.01662898161058079,0.2222222222222222,0.3333333333333333,0.2777777777777778,雙重排序・大型股
2023-02-12,87,0.0141764445147425,18,0.03382553931497043,17,0.015179921602547011,17,0.017721929111983004,17,0.027180809243939848,18,0.013004364729197347,0.2777777777777778,0.16666666666666666,0.2222222222222222,雙重排序・大型股
2023-02-19,88,0.021941023644885524,18,0.012042562173742496,17,0.012074546060316839,18,0.008885112215723426,17,0.01670697358382922,18,-0.005234050061056303,0.3888888888888889,0.2777777777777778,0.33333333333333337,雙重排序・大型股
2023-02-26,87,0.008665956046625733,18,0.01004473761432754,17,-0.003017603421904641,17,0.004907472936913084,17,0.006656768458964592,18,-0.002009187587661141,0.5,0.4444444444444444,0.4722222222222222,雙重排序・大型股
2023-03-05,88,-0.017348149088495777,18,-0.02299685864513514,17,-0.0042930381146776215,18,-0.018457581639016236,17,-0.018927521330241684,18,-0.001579372241745907,0.3888888888888889,0.2222222222222222,0.3055555555555556,雙重排序・大型股
2023-03-12,87,-0.0021391265450747543,18,0.0011325926959678953,17,-0.007325738297851025,17,-0.020319993131753686,17,-0.025913544087469313,18,-0.02377441754239456,0.4444444444444444,0.2777777777777778,0.3611111111111111,雙重排序・大型股
2023-03-19,89,0.014557139317576264,18,0.030932617240542637,18,0.025937554661533246,17,0.026760394199627002,18,0.014603803525261262,18,4.666420768499775e-05,0.2777777777777778,0.2777777777777778,0.2777777777777778,雙重排序・大型股
2023-03-26,90,0.00023804353970517203,18,0.0007351209574034678,18,-0.0057288253043947185,18,-0.0033948188274505373,18,-0.0028536213935090563,18,-0.003091664933214228,0.5555555555555556,0.3888888888888889,0.4722222222222222,雙重排序・大型股
2023-04-02,88,0.0025932617267809452,18,-0.007968006134199823,17,0.01301217260504491,18,0.005565410086235332,17,0.005359114582671064,18,0.002765852855890119,0.6111111111111112,0.3333333333333333,0.4722222222222222,雙重排序・大型股
2023-04-09,86,0.018967946403784037,18,0.006410577913581148,17,0.04178131250332651,17,0.014117364459664612,17,0.013245722768929121,17,-0.005722223634854915,0.4117647058823529,0.2777777777777778,0.34477124183006536,雙重排序・大型股
2023-04-16,86,-0.02042271238921934,18,-0.024429481796722472,17,-0.010352381845286137,17,-0.024337410642991344,17,-0.0121447246353842,17,0.00827798775383514,0.47058823529411764,0.3333333333333333,0.4019607843137255,雙重排序・大型股
2023-04-23,86,-0.00880867677763789,18,0.009435707300459388,17,0.001362326164722388,17,0.009941152563198751,17,0.0003483127404004086,17,0.009156989518038299,0.5882352941176471,0.4444444444444444,0.5163398692810457,雙重排序・大型股
2023-04-30,88,-0.0005003162185453739,18,0.01685467547127894,17,-0.0028032673391375556,18,0.0058424311601119215,17,0.003506214352468525,18,0.004006530571013899,0.5555555555555556,0.4444444444444444,0.5,雙重排序・大型股
2023-05-07,89,-0.0218954536165636,18,-0.02499694725367539,18,-0.03782281732245731,17,-0.009685456976520568,18,-0.016715127235387723,18,0.005180326381175878,0.3888888888888889,0.2222222222222222,0.3055555555555556,雙重排序・大型股
2023-05-14,87,0.035326967455855,18,0.020427492457124295,17,0.021563922765873,17,0.021080365956202742,17,0.03179222502943407,18,-0.0035347424264209337,0.3333333333333333,0.2222222222222222,0.2777777777777778,雙重排序・大型股
2023-05-21,88,0.0061864449358127365,18,-0.002104416306811352,17,-0.010922997483897289,18,-0.00069185142452972,17,-0.007293149478064315,18,-0.013479594413877052,0.3888888888888889,0.2777777777777778,0.33333333333333337,雙重排序・大型股
2023-05-28,87,0.010439912087792805,18,0.006128618455934866,17,0.022157948089408446,17,0.01047928536426592,17,0.02713727790642893,18,0.016697365818636123,0.2777777777777778,0.2222222222222222,0.25,雙重排序・大型股
2023-06-04,88,0.01365354571987595,18,0.01309227072857344,17,0.007424305678252264,18,0.015866637672067176,17,0.004853388976836009,18,-0.008800156743039942,0.6111111111111112,0.3333333333333333,0.4722222222222222,雙重排序・大型股
2023-06-11,87,0.04454861898909293,18,0.007010927900053865,17,0.010355170075299487,17,0.012544602578659421,17,-0.003477153028663841,18,-0.04802577201775677,0.8333333333333334,0.7777777777777778,0.8055555555555556,雙重排序・大型股
2023-06-18,88,-0.0008370725745839488,18,0.01746986212671174,17,-0.005279227225977592,18,0.00415068548090541,17,0.0005661772548181368,18,0.0014032498294020857,0.8888888888888888,0.7777777777777778,0.8333333333333333,雙重排序・大型股
2023-06-25,88,-0.016298806145051456,18,-0.0032585063165174472,17,0.0011469983303747685,18,-0.00798168659549812,17,-0.002276863457565553,18,0.014021942687485904,0.8888888888888888,0.6666666666666666,0.7777777777777777,雙重排序・大型股
2023-07-02,87,-0.02587480151305293,18,-0.030232410216141616,17,-0.01765534908571697,17,-0.0022061282683215676,17,0.0031027628024490514,18,0.02897756431550198,0.2777777777777778,0.1111111111111111,0.19444444444444445,雙重排序・大型股
2023-07-09,87,0.03623165578035589,18,0.011001711948724202,17,-0.0001732816445026006,17,0.02043144654438364,17,-0.008743675825510099,18,-0.04497533160586599,0.2222222222222222,0.2222222222222222,0.2222222222222222,雙重排序・大型股
2023-07-16,86,-0.021060164493715696,18,0.012395866667593658,17,0.001735500771250241,17,-0.027480697379457988,17,-0.009997440848750636,17,0.01106272364496506,0.23529411764705882,0.2777777777777778,0.2565359477124183,雙重排序・大型股
2023-07-23,86,0.023522085598097528,18,0.041462379127006975,17,0.016578026854035494,17,0.004528813698157379,17,0.008865588403179329,17,-0.014656497194918199,0.4117647058823529,0.3333333333333333,0.37254901960784315,雙重排序・大型股
2023-07-30,85,-0.009785825250365858,17,-0.023466723260065964,17,-0.004709779453692364,17,-0.029780814633648314,17,-0.0035849951512524803,17,0.006200830099113378,0.47058823529411764,0.35294117647058826,0.4117647058823529,雙重排序・大型股
2023-08-06,85,-0.01803411747200103,17,-0.030787296593890515,17,-0.04692056079124275,17,-0.022318939846642644,17,-0.009053484455363033,17,0.008980633016637998,0.4117647058823529,0.47058823529411764,0.4411764705882353,雙重排序・大型股
2023-08-13,84,-0.012011477273630056,17,-0.005748123209263552,17,-0.02541795935309856,16,-0.010096250798218898,17,-0.030206056218889357,17,-0.0181945789452593,0.4117647058823529,0.29411764705882354,0.3529411764705882,雙重排序・大型股
2023-08-20,84,0.0021722548661330453,17,-0.01078900749244519,17,-0.00846556437650798,16,0.007099193959853863,17,-0.00014449030433037174,17,-0.002316745170463417,0.4117647058823529,0.29411764705882354,0.3529411764705882,雙重排序・大型股
2023-08-27,84,0.002237894998876924,17,0.014207248723319289,17,0.03497396319207051,16,0.0035835450595933255,17,0.010279617342895273,17,0.008041722344018348,0.29411764705882354,0.23529411764705882,0.2647058823529412,雙重排序・大型股
2023-09-03,83,-0.012016553796890686,17,0.003626898963066838,16,-0.016024525327683215,17,0.003481340923538419,16,-0.004933862911669189,17,0.007082690885221498,0.35294117647058826,0.29411764705882354,0.3235294117647059,雙重排序・大型股
2023-09-10,84,0.013307248315567503,17,0.008786947406225301,17,0.012360465670726455,16,0.00491276931309376,17,0.013574971852564543,17,0.0002677235369970398,0.35294117647058826,0.35294117647058826,0.35294117647058826,雙重排序・大型股
2023-09-17,84,-0.018652761432216856,17,-0.018245630644602967,17,-0.011259111682033578,16,-0.01646532424506811,17,-0.012836114482746378,17,0.005816646949470478,0.4117647058823529,0.35294117647058826,0.38235294117647056,雙重排序・大型股
2023-09-24,85,-0.010521570481054576,17,0.006105270320330278,17,0.01418032872936852,17,-0.007318915909219325,17,-0.007992586156061146,17,0.0025289843249934295,0.35294117647058826,0.29411764705882354,0.3235294117647059,雙重排序・大型股
2023-10-01,84,-0.007451648083699593,17,-0.0011787708827504827,17,-0.007055313538643047,16,-0.006135941144032754,17,-0.006602010941338858,17,0.0008496371423607355,0.23529411764705882,0.23529411764705882,0.23529411764705882,雙重排序・大型股
2023-10-08,82,0.0010492853855527118,17,-0.002626742002725703,16,-0.023509231658994302,16,0.004444716413984674,16,-0.008560412611329194,17,-0.009609697996881906,0.35294117647058826,0.35294117647058826,0.35294117647058826,雙重排序・大型股
2023-10-15,84,-0.02010638681220369,17,-0.032985087616451025,17,-0.03321544676627191,16,-0.029561575095788814,17,-0.025349439038427086,17,-0.005243052226223396,0.23529411764705882,0.29411764705882354,0.2647058823529412,雙重排序・大型股
2023-10-22,84,0.0029340140883554744,17,0.006177562539826219,17,-0.0036996469527857054,16,-0.006463627698117682,17,-0.006236126215401568,17,-0.009170140303757042,0.35294117647058826,0.29411764705882354,0.3235294117647059,雙重排序・大型股
2023-10-29,83,0.026444285324978934,17,0.010737992990800457,16,-0.0036253933387888886,17,0.00952549931983162,16,0.016796483915452624,17,-0.00964780140952631,0.47058823529411764,0.35294117647058826,0.4117647058823529,雙重排序・大型股
2023-11-05,82,-0.00047983470051101774,17,-0.0011963004439998412,16,0.0020833611527488888,16,-0.016477173382751287,16,-0.009107750958048336,17,-0.008627916257537319,0.17647058823529413,0.17647058823529413,0.17647058823529413,雙重排序・大型股
2023-11-12,82,0.02775045902713751,17,0.019740610440866932,16,0.031331753033305654,16,0.0142225843715219,16,0.012379993040756288,17,-0.015370465986381221,0.23529411764705882,0.35294117647058826,0.29411764705882354,雙重排序・大型股
2023-11-19,83,0.00413895210023835,17,0.015817216595432344,16,0.010764886235654988,17,0.024892111041385397,16,-0.009399053209406979,17,-0.013538005309645329,0.29411764705882354,0.29411764705882354,0.29411764705882354,雙重排序・大型股
2023-11-26,81,0.02861786588507347,17,-0.00012187181626298338,16,0.007197390290209459,16,0.009863635933515316,16,0.0028295289095596754,16,-0.025788336975513793,0.1875,0.17647058823529413,0.18198529411764708,雙重排序・大型股
2023-12-03,81,0.004373990856060919,17,0.013234529176209625,16,-0.009731070172315177,16,-0.002009210839937957,16,0.0004888793366544103,16,-0.0038851115194065084,0.4375,0.23529411764705882,0.33639705882352944,雙重排序・大型股
2023-12-10,82,0.007189393014274322,17,-0.005281916874667121,16,0.01866821846957708,16,0.009817928055631336,16,0.009496536610627574,17,0.0023071435963532526,0.6470588235294118,0.35294117647058826,0.5,雙重排序・大型股
2023-12-17,83,0.006992645251040839,17,-0.010583927401327103,16,-0.021700251942310674,17,-0.014198831529286304,16,-0.006261538030984419,17,-0.013254183282025257,0.7647058823529411,0.47058823529411764,0.6176470588235294,雙重排序・大型股
2023-12-24,82,0.009053937040529599,17,-0.005037437132515955,16,0.0001276782040158242,16,0.006881368596132524,16,0.0035706883192540007,17,-0.005483248721275598,0.4117647058823529,0.35294117647058826,0.38235294117647056,雙重排序・大型股
2023-12-31,82,-0.007516751052608093,17,-0.006239542444786736,16,-0.008238411170561045,16,-0.002830882525056616,16,-0.0020040221731124435,17,0.00551272887949565,0.47058823529411764,0.29411764705882354,0.38235294117647056,雙重排序・大型股
2024-01-07,81,-0.009843000048081448,17,-0.017693799059901004,16,-0.011401421930513647,16,-0.026189620521300652,16,-0.024066043885729096,16,-0.014223043837647649,0.8125,0.4117647058823529,0.6121323529411764,雙重排序・大型股
2024-01-14,81,-0.01567452148533147,17,-0.023242040392340298,16,-0.01849034288934697,16,-0.013785028229701103,16,-0.03264214343360311,16,-0.01696762194827164,0.3125,0.17647058823529413,0.24448529411764708,雙重排序・大型股
2024-01-21,81,0.007369788233965091,17,0.014585381766338855,16,0.020739614959939708,16,0.004483375215482373,16,0.01466342090525069,16,0.0072936326712856,0.4375,0.17647058823529413,0.3069852941176471,雙重排序・大型股
2024-01-28,81,0.018728926719408217,17,0.007907589899935792,16,-0.0010781956763359843,16,-0.011229693125058893,16,0.008179710975053461,16,-0.010549215744354756,0.25,0.23529411764705882,0.2426470588235294,雙重排序・大型股
2024-02-04,81,-0.0005697045339451798,17,-0.00774896257744196,16,-0.004543373360824873,16,0.0008397444899155004,16,-0.004948588617447847,16,-0.004378884083502667,0.25,0.29411764705882354,0.2720588235294118,雙重排序・大型股
2024-02-11,82,0.002286397607609723,17,0.02568939369224419,16,0.030186419249487353,16,0.01690416705375826,16,0.01050580155571191,17,0.008219403948102187,0.35294117647058826,0.23529411764705882,0.29411764705882354,雙重排序・大型股
2024-02-18,82,0.04182167062975554,17,0.007854379633201687,16,0.004405499318351047,16,0.0011903885417832577,16,0.013777959101516645,17,-0.028043711528238893,0.11764705882352941,0.17647058823529413,0.14705882352941177,雙重排序・大型股
2024-02-25,82,0.005806268364445912,17,0.0017516415072358973,16,0.019865720968659607,16,-0.0026634639823317,16,0.0025411636103081993,17,-0.0032651047541377124,0.29411764705882354,0.29411764705882354,0.29411764705882354,雙重排序・大型股
2024-03-03,80,0.005779270597952538,16,-0.01560682221110489,16,-0.01466087456874822,16,0.02481812451877506,16,-0.01734403343892233,16,-0.02312330403687487,0.5,0.625,0.5625,雙重排序・大型股
2024-03-10,81,0.012222007053623555,17,0.010877114336317148,16,0.0006073207975633502,16,0.016007776955257146,16,0.024743353919460268,16,0.012521346865836712,0.375,0.4117647058823529,0.39338235294117646,雙重排序・大型股
2024-03-17,81,0.013816487386850517,17,0.01173890046645211,16,0.02160141865434176,16,0.017683221939136184,16,0.0360152429038722,16,0.022198755517021683,0.8125,0.4117647058823529,0.6121323529411764,雙重排序・大型股
2024-03-24,81,-0.000706135282880353,17,0.009138641102912591,16,-0.0016476619510844698,16,0.011358248277045131,16,-9.061583464158723e-05,16,0.0006155194482387658,0.8125,0.7647058823529411,0.7886029411764706,雙重排序・大型股
2024-03-31,81,-0.0067809224017043,17,-0.0009927625311452123,16,0.002718855134832457,16,-0.0028806674571200744,16,0.009406482575323408,16,0.016187404977027708,0.6875,0.5882352941176471,0.6378676470588236,雙重排序・大型股
2024-04-07,83,0.06617105690435016,17,0.0024017185546000713,16,0.04218883810556401,17,0.009021998773153295,16,0.021257516183429526,17,-0.04491354072092063,0.8823529411764706,0.6470588235294118,0.7647058823529411,雙重排序・大型股
2024-04-14,85,-0.03379421076382786,17,-0.022888682078179068,17,-0.021363864198239532,17,-0.010708100656142628,17,-0.022628387076889817,17,0.011165823686938043,0.8823529411764706,0.5882352941176471,0.7352941176470589,雙重排序・大型股
2024-04-21,84,0.017567408474124163,17,-0.011916263935381869,17,-0.0005065377265927942,16,0.0016083512072730302,17,0.017313516274780536,17,-0.00025389219934362703,0.9411764705882353,0.5882352941176471,0.7647058823529411,雙重排序・大型股
2024-04-28,85,-0.019307688626762014,17,-0.0009412391873564398,17,0.008832175722121393,17,0.008881463133988618,17,-0.0030081710865179894,17,0.016299517540244023,0.5294117647058824,0.4117647058823529,0.47058823529411764,雙重排序・大型股
2024-05-05,86,-0.007505905040097207,18,0.004279601626484788,17,-0.014051699114965588,17,0.003384969318657988,17,0.011170898849587618,17,0.018676803889684825,0.47058823529411764,0.2777777777777778,0.3741830065359477,雙重排序・大型股
2024-05-12,85,-0.004354571123170869,17,0.03137591935571356,17,-0.004579702761889048,17,0.006713672529122903,17,0.023649237103180475,17,0.028003808226351345,0.6470588235294118,0.4117647058823529,0.5294117647058824,雙重排序・大型股
2024-05-19,85,-0.021494849940945016,17,-0.004214633522955127,17,-0.026227093181587034,17,-0.006249369989558841,17,-0.019432239737671084,17,0.002062610203273932,0.5294117647058824,0.4117647058823529,0.47058823529411764,雙重排序・大型股
2024-05-26,87,-0.009498514293835204,18,0.005138026317418593,17,0.005140714491106731,17,0.021402047454037273,17,-0.013679727458127696,18,-0.004181213164292492,0.6111111111111112,0.5,0.5555555555555556,雙重排序・大型股
2024-06-02,85,0.011741948729459576,17,0.014493766480041591,17,-0.004087443656089432,17,-0.0070093324178571075,17,0.005361283255535787,17,-0.00638066547392379,0.5882352941176471,0.5294117647058824,0.5588235294117647,雙重排序・大型股
2024-06-09,85,0.03266578901541489,17,-0.003705131675808777,17,0.00170408374507925,17,-0.0015952877357023887,17,-0.012863574944945793,17,-0.04552936396036068,0.47058823529411764,0.47058823529411764,0.47058823529411764,雙重排序・大型股
2024-06-16,85,0.01836831320189519,17,0.015144178835610955,17,0.0013794621392946294,17,0.025131415043557936,17,0.02522948191991611,17,0.006861168718020921,0.47058823529411764,0.35294117647058826,0.4117647058823529,雙重排序・大型股
2024-06-23,85,-0.005578478254715201,17,-0.005689261777844764,17,0.0026146539075453845,17,-0.013776742032133742,17,0.005301567114469006,17,0.010880045369184207,0.5882352941176471,0.35294117647058826,0.47058823529411764,雙重排序・大型股
2024-06-30,86,0.017022031445776117,18,0.017245780633597125,17,0.009592574216008794,17,0.019753247653848043,17,0.0034175446001441477,17,-0.01360448684563197,0.47058823529411764,0.3333333333333333,0.4019607843137255,雙重排序・大型股
2024-07-07,87,0.0020019364350533394,18,-0.0033826312825705604,17,0.005533076549887067,17,-0.005415599151634228,17,0.024989053926097276,18,0.022987117491043936,0.4444444444444444,0.3888888888888889,0.41666666666666663,雙重排序・大型股
2024-07-14,87,-0.012860771216499756,18,-0.018419861196317097,17,-0.026361855002307366,17,-0.048453966845425744,17,-0.02875430733167243,18,-0.015893536115172673,0.3888888888888889,0.2777777777777778,0.33333333333333337,雙重排序・大型股
2024-07-21,88,-0.02085629482485052,18,-0.009178183663556546,17,-0.0207939362953014,18,-0.0123567877589459,17,-0.015605201968001846,18,0.0052510928568486725,0.4444444444444444,0.3888888888888889,0.41666666666666663,雙重排序・大型股
2024-07-28,88,-0.026896450402736763,18,-0.04371219527632951,17,-0.01011314444885034,18,-0.005845503184205475,17,-0.027248145319888648,18,-0.0003516949171518853,0.5,0.3333333333333333,0.41666666666666663,雙重排序・大型股
2024-08-04,88,0.01599027637350549,18,-0.001347440075471169,17,-0.0020633873599961656,18,0.0005030831863791757,17,0.015141449467677223,18,-0.0008488269058282687,0.4444444444444444,0.3888888888888889,0.41666666666666663,雙重排序・大型股
2024-08-11,88,0.01641587202739326,18,0.013817325730952694,17,0.012609166221159367,18,0.031570230813585086,17,0.0276882797011581,18,0.01127240767376484,0.5,0.3333333333333333,0.41666666666666663,雙重排序・大型股
2024-08-18,88,-0.006310403545702442,18,-0.00731758774368248,17,0.017964492910320325,18,-0.007044000005752808,17,0.003705648945538123,18,0.010016052491240565,0.6111111111111112,0.5,0.5555555555555556,雙重排序・大型股
2024-08-25,88,-0.008926879267292557,18,0.00617218845546957,17,0.005314752053822221,18,0.00903536764864327,17,0.008960003076238435,18,0.01788688234353099,0.3333333333333333,0.3888888888888889,0.3611111111111111,雙重排序・大型股
2024-09-01,88,-0.06530657129634686,18,-0.03856453586814951,17,-0.0537887250304295,18,-0.04553724905936185,17,-0.0337226749647527,18,0.031583896331594155,0.3333333333333333,0.3333333333333333,0.3333333333333333,雙重排序・大型股
2024-09-08,86,0.02757426957478352,18,0.03480553187276522,17,0.027448110619604917,17,0.024817772067384336,17,0.03668747822823173,17,0.009113208653448206,0.47058823529411764,0.3888888888888889,0.4297385620915033,雙重排序・大型股
2024-09-15,86,0.007126180912788401,18,0.014425602530492613,17,0.024470722429906,17,0.01669841155280653,17,0.01905690144950701,17,0.01193072053671861,0.5294117647058824,0.3333333333333333,0.43137254901960786,雙重排序・大型股
2024-09-22,86,0.029153187056919123,18,0.03141466053378417,17,0.04008275479605554,17,0.0022210462632426577,17,0.01385570756878292,17,-0.015297479488136203,0.4117647058823529,0.2222222222222222,0.31699346405228757,雙重排序・大型股
2024-09-29,87,-0.023058376865078264,18,-0.029301749936856955,17,-0.014016424828613832,17,-0.013782521234677877,17,-0.03947296681815686,18,-0.016414589953078595,0.3333333333333333,0.2777777777777778,0.3055555555555556,雙重排序・大型股
2024-10-06,87,-0.019528924421476617,18,-0.02207818923041746,17,-0.05329275177233029,17,0.0005297971494127487,17,-0.015828243810103407,18,0.0037006806113732103,0.2222222222222222,0.2777777777777778,0.25,雙重排序・大型股
2024-10-13,86,0.018226949870591997,18,0.006252245115821107,17,0.0031892940542972426,17,0.009642739109090233,17,0.02075332433731624,17,0.002526374466724244,0.29411764705882354,0.2777777777777778,0.28594771241830064,雙重排序・大型股
2024-10-20,89,-0.012854717147553422,18,-0.017141926923453663,18,0.004629219424160097,17,0.0027985620440341263,18,-0.007504704129161969,18,0.005350013018391453,0.2777777777777778,0.2222222222222222,0.25,雙重排序・大型股
2024-10-27,90,-0.013169900333955011,18,-0.004975756921533705,18,0.0003446460597253583,18,-0.0042329279015562715,18,-0.004250476159694643,18,0.008919424174260369,0.2222222222222222,0.2222222222222222,0.2222222222222222,雙重排序・大型股
2024-11-03,90,7.075920697157e-05,18,0.0039641114226114755,18,0.006078140609743068,18,0.016625017325525,18,-0.007711719340649996,18,-0.007782478547621566,0.2222222222222222,0.05555555555555555,0.1388888888888889,雙重排序・大型股
2024-11-10,90,-0.01960374284762408,18,-0.017255948860967724,18,-0.03406903133315572,18,-0.017024342425553816,18,-0.02518640073442811,18,-0.005582657886804031,0.4444444444444444,0.2777777777777778,0.3611111111111111,雙重排序・大型股
2024-11-17,90,0.00996131948661101,18,-0.010404914901621024,18,0.026298968837315227,18,0.007018573299110752,18,0.012638726350018146,18,0.002677406863407136,0.3888888888888889,0.3888888888888889,0.3888888888888889,雙重排序・大型股
2024-11-24,90,-0.03831732205738017,18,-0.01774212616699736,18,-0.0316320347481029,18,-0.00838031488674152,18,-0.015422209290096875,18,0.022895112767283295,0.16666666666666666,0.16666666666666666,0.16666666666666666,雙重排序・大型股
2024-12-01,90,0.006456413226580138,18,-0.009196036838490271,18,0.015560437676376833,18,0.01348033557060242,18,0.024444530876182622,18,0.017988117649602484,0.3333333333333333,0.3333333333333333,0.3333333333333333,雙重排序・大型股
2024-12-08,91,-0.020207119494764548,19,-0.040029846387399384,18,-0.024500066985399575,18,-0.01658352114292759,18,-0.028561320693733835,18,-0.008354201198969288,0.2222222222222222,0.21052631578947367,0.21637426900584794,雙重排序・大型股
2024-12-15,91,-0.03616741358798695,19,-0.02538033865255109,18,-0.02828089412521899,18,-0.013585358876158742,18,-0.023230122041393637,18,0.012937291546593316,0.2222222222222222,0.3157894736842105,0.26900584795321636,雙重排序・大型股
2024-12-22,91,0.004231132058830405,19,0.0026971507814679335,18,0.003949365884843909,18,0.003623903533650213,18,0.0025191121024705034,18,-0.0017120199563599018,0.2777777777777778,0.15789473684210525,0.21783625730994152,雙重排序・大型股
2024-12-29,90,-0.024159420694034112,18,-0.006088129405749432,18,-0.02969302166785023,18,-0.009225440725136222,18,-0.004289436990824329,18,0.019869983703209783,0.3888888888888889,0.3888888888888889,0.3888888888888889,雙重排序・大型股
