stratum,ticker,name_short,article_id,timestamp,category,match_mode,sparsity_tier,is_bulk_listing,n_tickers_in_article,title,n_hits,code_present,name_present,body_len,evidence,verdict,note
tier:dense,2330,台積電,M.1524662786.A.626,2018-04-25 21:26:26,標的,name,dense,False,1,Re: [標的] 台指期 空 已刪文,1,False,True,719,"[簡稱(name)] …(非長期投資者,必須有停損機制)
:    今日於10800整進行大幅放空 小台1口
:    停損點為  萬一
:    停利不設限
:    預祝大家放空都賺錢 加油!
耐心才是一切,超魔導劍士還是斬殺了市場

貿易戰造成了市場的動搖,【台積電】的法說動盪全球

市場大幅殞落,聽著美妙的旋律

市場的恐慌蔓延,還是要理性看待市場

經濟數據與基本面無太大改變,此時不回補空單 風險劇增

雖然只有小空一口,但在10487的回補 也賺下了323點

希望大家在未來交易能夠持續賺錢

共…",correct,
tier:dense,2330,台積電,M.1608090259.A.9CC,2020-12-16 11:44:19,新聞,name,dense,False,1,[新聞] 記憶體控制晶片 集邦估漲幅逾15%,1,False,True,757,"[簡稱(name)] …y/story/5612/5096438
2.原文內容:
半導體產品漲價效應持續擴散,市調機構集邦科技預期,記憶體控制晶片明年第1季可能
調漲15%至20%。群聯證實今年第4季已陸續開始漲價,漲幅最高達20%。

集邦科技指出,因晶圓代工廠【台積電】與聯電產能滿載,加上IC載板缺貨,交期延長,同時
下游封測產能緊缺,影響群聯等儲存型快閃記憶體(NAND Flash)控制晶片廠無法滿足客
戶加單需求。

集邦科技表示,控制晶片廠除暫停對新訂單報價外,目前處於明年第1季議價的關鍵期,
控制…",correct,
tier:dense,2330,台積電,M.1698111907.A.FBA,2023-10-24 09:45:07,新聞,name,dense,False,2,[新聞] 台積電小跌1元鴻海摜破百元大關 台股早盤 平盤震盪,3,False,True,552,"[簡稱(name)] …[新聞] 【台積電】小跌1元鴻海摜破百元大關 台股早盤 平盤震盪
原文標題:台積電小跌1元鴻海摜破百元大關 台股早盤平盤震盪

原文連結:
https://reurl.cc/jvmxMZ
發布時間:2023/10/24 09:22:29

記者署名:張建中…
[簡稱(name)] …[新聞] 台積電小跌1元鴻海摜破百元大關 台股早盤 平盤震盪
原文標題:【台積電】小跌1元鴻海摜破百元大關 台股早盤平盤震盪

原文連結:
https://reurl.cc/jvmxMZ
發布時間:2023/10/24 09:22:29

記者署名:張建中

原文內容:

美股主要指數23日多數收跌,道瓊指數下跌190.…
[簡稱(name)] …原文內容:

美股主要指數23日多數收跌,道瓊指數下跌190.87點,那斯達克指數上漲34.52點。台股
今天早盤在平盤上下震盪。

9時11分左右,加權指數來到16280.99點,上漲29.63點,成交金額新台幣347.43億元。

【台積電】今天以543元開出,小跌1元,市值滑落至14.08兆元,影響大盤指數約8點。

鴻海因集團旗下富士康遭中國官方查稅,股價連日下挫,今天開盤跳空摜破100元大關,
盤中一度達97.3元,下跌3.2元。

心得/評論:

海公公大家的定錨點十之…",correct,
tier:dense,2002,中鋼,M.1662983576.A.2B7,2022-09-12 19:52:56,新聞,name_with_context,dense,False,8,[新聞] 外資青睞航運金融等族群 投信連56個交易 日買超,1,False,True,795,"[簡稱(name_with_context)] …合計買超147.35億元。其中,自營商買超21.86億元,投信買超13.37
億元,外資及陸資買超112.12億元。

其中,投信連56個交易日買超,續創台股紀錄,外資也由賣轉買。

外資買超排行中,第一名為群長榮航,第二名為聯電、第三名為【中鋼】,分別買超逾2.5萬
張、1.4萬張、1.3萬張,其次依序為陽明、群創、玉山金、元大金、華航、永豐金、新光
金。顯示航空、航運股、面板股、金融股等受到外資青睞。

根據外資賣超前10名個股,第一名為元大台灣50反1,賣超逾1.5萬張,其次依…",correct,
tier:dense,2330,台積電,M.1561549645.A.978,2019-06-26 19:47:25,請益,name,dense,False,1,Re: [請益]請問有人定存股為台積電的嗎,1,False,True,247,"[簡稱(name)] …Re: [請益]請問有人定存股為【台積電】的嗎
哇~
看了前面那位大大po文才知道
原來
台gg在2000年2月時
股價曾經漲到222點也

然後從那時候開始就一直跌
跌到2001年10月
只剩43.6點

為什麼我這麼驚訝!?
因為我看券商提供的k線圖
只有提供到2003年1月…",correct,
tier:dense,2303,聯電,M.1596052135.A.A9F,2020-07-30 03:48:55,心得,name_with_context,dense,False,2,[心得] 13000 才要開始all-in的想法?,1,False,True,678,"[簡稱(name_with_context)] …於每個月平均漲幅高達 +1127 點

可謂拉抬的又快又急,
也成為了台股史上漲幅最快漲點最多的一年

相信這陣子已經有非常多報章媒體都已經提醒過
最近都是拉抬指數出個股的掩護盤
加上台積電一檔就佔了加權指數高達 23.16% 的權重
搭配【聯電】跟風題材,最近的盤確實是對期權指數交易者比較有利

而很多年初的強勢個股都已經進入套人的階段,
很多熱門個股做頭的做頭、破線的破線
相信有很多投資人看到指數一直飆漲創新高,
手中的持股卻一直套牢心中很不是滋味

蠻好奇 8523 不敢進場,…",correct,
tier:dense,2330,台積電,M.1636336852.A.C3A,2021-11-08 10:00:52,新聞,name,dense,False,2,[新聞] 聯電委屈了！謝點名「他」惡意放空百萬張,3,False,True,1280,"[簡稱(name)] …評聯電,又夥同借券機構大量放空聯電,他呼籲金管會應該了解一下。
謝金河表示,美國費城半導體指數頻創新高,這當中,Nvidia帶著元宇宙元素,不斷往前衝,市場已有分析師給予一兆美元的目標喊價,而Nvidia市值挺進到7439.99億美元,也把【台積電】的6109.2億美元拋在後面。
謝金河認為,另一個焦點是AMD猛力上揚,說不定市值很快超過InTel,這是半導體產業難以想像的事。此除之外,半導體產業出現另一個亮點是原本打算以300億美元打包出售的Globalfoundry,決定在Nasd…
[簡稱(name)] …收盤63.63美元,市值是340.2億美元,GFS上市後的好表現,可能撑開台灣晶圓代工股的新比價效應。
謝金河指出,GFS先天不良,後天失調,營運持續虧損,去年全年虧損11.5億美元,今年上半年虧損3.01億美元,而台灣晶圓代工4大咖,包括【台積電】,聯電,世界先進及力積電,今年前三季業績都很突出,台積電前三季淨利4303.09億元,Eps16.6元,聯電一季比一季好,前三季純利398.31億元,Eps3.21元,世界先進前三季純利81.04億元,Eps4.94元,力積電前三季浄利98…
[簡稱(name)] …的好表現,可能撑開台灣晶圓代工股的新比價效應。
謝金河指出,GFS先天不良,後天失調,營運持續虧損,去年全年虧損11.5億美元,今年上半年虧損3.01億美元,而台灣晶圓代工4大咖,包括台積電,聯電,世界先進及力積電,今年前三季業績都很突出,【台積電】前三季淨利4303.09億元,Eps16.6元,聯電一季比一季好,前三季純利398.31億元,Eps3.21元,世界先進前三季純利81.04億元,Eps4.94元,力積電前三季浄利98.92億元,Eps3.07元,比起GFS的虧損,台灣4大…",correct,
tier:dense,2002,中鋼,M.1448881364.A.BF0,2015-11-30 19:02:44,新聞,name_with_context,dense,False,6,[新聞] 台股尾盤爆400億天量 誰買的？ 已刪文,1,False,True,1367,"[簡稱(name_with_context)] …6日盤中所創下波段低點8217點紀錄。

雖然股王大立光力撐平盤之上並穩2500點大關,但最大權值股台積電下挫逾1%,聯發科下
跌逾2%,不僅電子,外資持股較多的金融股富邦金、國泰金、中信金均跌逾1%,傳產龍頭
包括台塑、南亞、統一、味全、【中鋼】全遭外資提現,龍頭領跌下,雖生技太陽能光電等中
小型股零星表現,但仍難挽台股重跌百點頹勢,同時台股挑戰月線連三紅也宣告失敗。

3.心得/評論(必需填寫):

今天被最後一根嘎爆了...難道多軍要復活了嗎!?
等等...所以最後四百億到底是…",correct,
tier:dense,2605,新興,M.1635816350.A.9BE,2021-11-02 09:25:50,標的,name_with_context,dense,False,2,Re: [標的] 2330.Tw 2454.tw  4958.tw,1,False,True,374,"[簡稱(name_with_context)] …※ 引述《leo144436 (我爽故我在)》之銘言:
: 1. 標的:2330.tw 2454.tw 4958.tw
: 2. 分類:多
: 3. 分析/正文:
: 大盤即將測試10/5日低點賣壓主要有二
: 1.美國基金持有者對亞太跟【新興】市場的贖回潮
: 2.已經美國股市連高點已急經跌了一不分的距離
: 因此我決定在10/5日的低點被突破前當個買個權值股當接盤俠
: 4. 進退場機制:
: 停損
: 2330 550
: 2454 821
: 4958 84
大盤即將來到前…",wrong,新興市場（非新興 2605）
tier:dense,2317,鴻海,M.1651115331.A.578,2022-04-28 11:08:51,新聞,name_with_context,dense,False,5,[新聞] 官股大護盤 今年來買超2千億,2,False,True,1163,"[簡稱(name_with_context)] …約1,970億元,直逼2,000億元大關,創下歷史新高。官股券商與投信共同護盤,力抗外資
提款壓力。

 官股券商27日買超約77億元,台積電買超39億元,仍是重金部署,另聯發科、日月光投
控及中鋼等各2~5億元,台郡、台塑、聯詠、聯電、【鴻海】、上銀、長榮航、群創及南亞等
,都各獲官股買超1億元。

官股券商今年來累計買超最多前三檔個股盤半導體三雄:台積電663億元,聯電及聯發科
都超過百億元,鴻海64億元,聯詠及日月光投控各30~40億元,華碩、大同、技嘉、台郡
、世界、瑞昱、…
[簡稱(name_with_context)] …仍是重金部署,另聯發科、日月光投
控及中鋼等各2~5億元,台郡、台塑、聯詠、聯電、鴻海、上銀、長榮航、群創及南亞等
,都各獲官股買超1億元。

官股券商今年來累計買超最多前三檔個股盤半導體三雄:台積電663億元,聯電及聯發科
都超過百億元,【鴻海】64億元,聯詠及日月光投控各30~40億元,華碩、大同、技嘉、台郡
、世界、瑞昱、廣達、上銀等各在20億元以上。

 而今年來外資賣超十分驚人,賣超台積電3,275億元最多,聯發科626億元、世界502億
元,華碩及瑞昱各200億元以上,明…",correct,
tier:dense,2002,中鋼,M.1730102001.A.DCF,2024-10-28 15:53:21,新聞,name_with_context,dense,False,3,Re: [新聞] 獨家》離岸風電為何找中鋼、中華電信解套 ？被迫吞下售電平台始末解析 已刪文,18,False,True,3452,"[簡稱(name_with_context)] …要上線,目前卻在看守狀態。
: 但頭已洗一半,科技大廠要綠電,急如星火,台灣甚至還因國產化政策被歐盟告上WTO,
: 離岸風電如何走下去?
: 泛官股售電公司,盼幫風場融資解套
: 最新消息是,經濟部規劃在11月初成立官股售電公司,股東包括【中鋼】與中華電信、港務公
: 司等泛官股公司。
: 經濟部回應《天下》詢問,證明確有其事,「綠電統購分銷機制是類似『綠電好市多』的
: 概念,把大量、多年期的綠電,購買一定比例後,再以少量、短年期方式賣出,提供產業
: 購買彈性。」
: 最大好處…
[簡稱(name_with_context)] …平台的確可能有助離岸風電開
: 發商更順利獲得融資。
: 「從信用評等角度來看,有政府支持可能會降低專案的風險,」她說,然而,對融資順暢
: 性的實際影響,還需視具體的平台條款、政府支持程度,以及經濟和監管環境而定。
: 根據惠譽評等資料,【中鋼】今年4月的信評等級為「AA」,並指出台灣政府對中鋼的決策及
: 監督權、支援先例與支援動機都很強。簡單來說,中鋼在投資評等機構眼中是「倒不了」
: 。
: 中鋼憂心風險高,已抗拒兩年多
: 正因如此,經濟部這步已佈局了很久。
: 根據《天下…
[簡稱(name_with_context)] …需摸索學習,接下來這句話才是重點:
: 「要視實際狀況與公司整體財務狀況及發展考量而定。」
: 近年鋼鐵業的發展路上,可說滿布荊棘。中國鋼鐵產能過剩,正在向全球輸出通縮,全球
: 景氣與鋼市需求萎靡不振,鋼鐵業又面臨減碳壓力,必須大量投資。【中鋼】前董事長翁朝棟
: 在去年給同仁的親筆信中明講,「中鋼今年營運恐面對建廠以來最大挑戰」。今年中鋼9
: 月營收來到20個月新低,中鋼人無不戰戰兢兢。
: 但看來,不論中鋼意願如何,這計劃都已箭在弦上,不得不發。
: 5月下旬,經濟部召開「泛…",correct,
tier:dense,2330,台積電,M.1600131534.A.129,2020-09-15 08:58:54,新聞,name,dense,False,2,[新聞] 謝金河：任天堂逆勢創造奇蹟　旺宏也會 有走好運！,1,False,True,1020,"[簡稱(name)] …利率高的電子版下載,讓任天堂搖身變成訂閱服務的企業,

今年毛利率從41.7%拉升至49%,最近宣布增產Switch3000萬台,

這個顯著的成長幅度讓股價不斷走高,創下61300日圓新高,市值達7.8兆日圓,
如果是在台灣,這會期僅次於【台積電】的第二大巿值企業。
「任天堂靠著創新,正帶引日本企業走向新的道路,也許在菅義偉時代,
任天堂與Sony會成為日本新經濟的領航企業。

台灣的旺宏電子跟著任天堂,也會有好運走!」
謝金河文末如此寫道。

3.心得/評論:
※必需填寫滿20字…",correct,
tier:dense,2330,台積電,M.1603175027.A.B29,2020-10-20 14:23:47,新聞,name,dense,False,1,[新聞] 外資觀點：美系外資重申祥碩(5269)「加碼 」評等，目標價維持上看2250元,2,False,True,896,"[簡稱(name)] …%達19.26億元、11.3元,同時調高2020年、
2021年全年每股盈餘預估,幅度分別上修2%、1%達44.4元、53.4元,重申「加碼」評等,
目標價維持上看2250元。



3.心得/評論:
※必需填寫滿20字
平平都是加碼 為何【台積電】漲不動 祥碩卻漲停板 這干有天理

  高價股漲停板 代表台股後市不用悲觀 台積電漲不動 因為有太多散戶在裡面了

  我看要再跌個20% 把散戶洗出去 才有可能奔向500


--
※ 發信站: 批踢踢實業坊(ptt.cc), 來自: 4…
[簡稱(name)] …幅度分別上修2%、1%達44.4元、53.4元,重申「加碼」評等,
目標價維持上看2250元。



3.心得/評論:
※必需填寫滿20字
平平都是加碼 為何台積電漲不動 祥碩卻漲停板 這干有天理

  高價股漲停板 代表台股後市不用悲觀 【台積電】漲不動 因為有太多散戶在裡面了

  我看要再跌個20% 把散戶洗出去 才有可能奔向500


--
※ 發信站: 批踢踢實業坊(ptt.cc), 來自: 45.79.96.104 (美國)
※ 文章網址:
https://www.ptt.…",correct,
tier:dense,2303,聯電,M.1619623142.A.A9E,2021-04-28 23:19:02,其他,name_with_context,dense,False,1,Re: [其他] 聯電是不是定價權很強?,4,False,True,580,"[簡稱(name_with_context)] …c (afflic)》之銘言:
: 最近看到很多聯電的新聞
: 什麼代工漲價兩成啦、要客戶出錢蓋廠啦
: 反觀大哥GG
: 價格似乎沒什麼漲? 只是取消折讓?
: 蓋廠也是自己發債投資
: 不曉得大家怎麼看這個現象?
: GG世界第一
: 【聯電】做的這些如果GG想做的話應該也能做?
: 但為什麼不做呢
因為聯電錢不多
如果需要賺錢必需不斷的炒股票 炒新聞
股票高的好處
除了可以質押更高的現金流
更可以賣掉增加業外收益

聯電從去年就開始喊產能滿載了
滿滿滿載的結果eps 0.85…
[簡稱(name_with_context)] …麼代工漲價兩成啦、要客戶出錢蓋廠啦
: 反觀大哥GG
: 價格似乎沒什麼漲? 只是取消折讓?
: 蓋廠也是自己發債投資
: 不曉得大家怎麼看這個現象?
: GG世界第一
: 聯電做的這些如果GG想做的話應該也能做?
: 但為什麼不做呢
因為【聯電】錢不多
如果需要賺錢必需不斷的炒股票 炒新聞
股票高的好處
除了可以質押更高的現金流
更可以賣掉增加業外收益

聯電從去年就開始喊產能滿載了
滿滿滿載的結果eps 0.85
黑人問號?

好不好代工給你價漲2成
EPS大增變成 1.02
這…
[簡稱(name_with_context)] …資
: 不曉得大家怎麼看這個現象?
: GG世界第一
: 聯電做的這些如果GG想做的話應該也能做?
: 但為什麼不做呢
因為聯電錢不多
如果需要賺錢必需不斷的炒股票 炒新聞
股票高的好處
除了可以質押更高的現金流
更可以賣掉增加業外收益

【聯電】從去年就開始喊產能滿載了
滿滿滿載的結果eps 0.85
黑人問號?

好不好代工給你價漲2成
EPS大增變成 1.02
這還是全面漲價的情況啊
還是黑人問號嗎?
喊價題材 股價從26也漲到60了

投信大哥也會想
你妹的 到底會不會賺錢…",correct,
tier:dense,1216,統一,M.1451153697.A.D96,2015-12-27 02:14:57,新聞,name_with_context,dense,False,1,[新聞] 辣椒被倒債 每股虧3.03元 已刪文,1,False,True,987,"[簡稱(name_with_context)] …有遊戲產品線會持續更新版本,添增玩家黏著度,卡位寒假遊戲市場商機
。

3.心得/評論(必需填寫):
果然遊戲股不能選目前還在虧錢的,還在虧錢的一定會跟賺錢的快速拉大差距
辣椒今年真的是越虧越多,市場是很現實的

但,能維持這股價,該歸功是【統一】集團的關係嗎、、、有富爸爸真猛

--
※ 發信站: 批踢踢實業坊(ptt.cc), 來自: 118.166.240.166
※ 文章網址:
https://www.ptt.cc/bbs/Stock/M.1451153697.A.D96.h…",ambiguous,統一集團（泛稱，非 1216 本身）
tier:dense,2330,台積電,M.1624535578.A.445,2021-06-24 19:52:58,新聞,name,dense,False,1,[新聞] 格羅方德斥40億美元 在新加坡擴建12吋新 廠,1,False,True,1081,"[簡稱(name)] …加坡作為全球高科技生產與創新據點的
吸引力。

格羅方德客戶供應鏈也會得到進一步強化,看好優渥的職缺與商機,為新加坡國民及在地
企業帶來助益,並為經濟注入新的活力。

心得/評論:
笑死,拜登被自己國家的企業被刺

跑去新加坡那種鳥蛋國

【台積電】加油啊,幹趴所有對手




--
※ 發信站: 批踢踢實業坊(ptt.cc), 來自: 223.139.38.156 (臺灣)
※ 文章網址:
https://www.ptt.cc/bbs/Stock/M.1624535578.A.445…",correct,
tier:dense,2330,台積電,M.1698904802.A.62F,2023-11-02 14:00:02,閒聊,name,dense,False,1,[閒聊] 2023/11/02 盤後閒聊,1,False,True,401,"[簡稱(name)] …外資
+6664
台指選 自營商
+13205
投信
外資
+16203
漲停家數(+10%)
15
跌停家數(-10%)
0
成交量排行
元大台灣50反1
、
復華台灣科技優息
、
定穎投控
、
長榮航
、
元大美債20正2
成交值排行
【台積電】
、
廣達
、
世芯-KY
、
聯發科
、
定穎投控
----------------------------------------
雙11有機會丐到主機跟i15promax嗎?
或是趕快結束反彈別再漲了?
--
https://imgu…",correct,
tier:dense,1603,華電,M.1544326601.A.1B4,2018-12-09 11:36:41,心得,name_with_context,dense,False,12,[心得] 0050成分股變化 2003起 已刪文,2,False,True,2858,"[簡稱(name_with_context)] …2017.12
台積電 33.53
鴻海    8.64
台塑    2.92
南亞    2.67
聯發科  2.63
50.39
2018.10
台積電 34.80
鴻海    5.83
台塑    3.05
南亞    2.69
中【華電】  2.58
       48.95


可以發現一個現象,就是大盤權重跟0050持股不貼合,前五大沒出現過台塑化和大立光

2003至今,台積電佔比變成兩倍,而聯電、友達、宏達電、鴻海?大概再也爬不起來

台塑集團、國泰金、中華電,算台…
[簡稱(name_with_context)] …9
中華電  2.58
       48.95


可以發現一個現象,就是大盤權重跟0050持股不貼合,前五大沒出現過台塑化和大立光

2003至今,台積電佔比變成兩倍,而聯電、友達、宏達電、鴻海?大概再也爬不起來

台塑集團、國泰金、中【華電】,算台灣最穩的?

1970年代早期,台塑股價三百多元,如果那時候就有0050,放到現在會漲多少?

--
※ 發信站: 批踢踢實業坊(ptt.cc), 來自: 118.171.195.216
※ 文章網址:
https://www.ptt…",wrong,中華電被切成「中+華電」（非華電 1603）
tier:dense,2330,台積電,M.1591684051.A.916,2020-06-09 14:27:31,新聞,name,dense,False,1,[新聞] 2020年第二季，聯發科等六家半導體公司呈 現季成長態勢,1,False,True,1237,"[簡稱(name)] …售下滑。其中,有15家公司預計銷售額下降,而有6家公司的前景更為樂觀。

樂觀看待第二季表現的6家公司包含:聯發科,超微,WD / SanDisk,聯電,ADI和中芯國
際。至於英偉達則於該季度的變化為零。至於該統計的四大晶片廠商-英特爾、【台積電】、
高通和德州儀器,則將呈現1%至13%的下降幅度。

除此之外,歐洲排名前三的半導體供應商,意法半導體,英飛凌和恩智浦,都面臨兩位數
銷售額下滑的窘境。這也表明歐洲從第二季開始一直都是冠狀病毒不斷蔓延的重災區之一
。

分析發現,幫助這六…",correct,
tier:dense,2330,台積電,M.1662616802.A.A0C,2022-09-08 14:00:02,閒聊,name,dense,False,4,[閒聊] 2022/09/08 盤後閒聊,1,False,True,354,"[簡稱(name)] …信
+531
外資
+3693
台指選 自營商
+18800
投信
外資
+3792
漲停家數(+10%) 18
跌停家數(-10%)  1
成交量排行
元大台灣50反1
、
期元大S&P原油反1
、
陽明
、
華航
、
友達
成交值排行
【台積電】
、
玉晶光
、
世芯-KY
、
元太
、
智原
---------------------------------
中秋佳節愉快!
--
https://imgur.com/6GGT2ao.jpg…",correct,
tier:dense,2330,台積電,M.1539842403.A.F45,2018-10-18 14:00:03,閒聊,name,dense,False,5,[閒聊] 2018/10/18 盤後閒聊,1,False,True,433,"[簡稱(name)] …投信
-281
外資
-1525
台指選 自營商
+1202
投信
外資
-8345
漲停家數(+10%)  4
跌停家數(-10%)  3
成交量排行
大同
、
華新科
、
臺企銀
、
聯電
、
大成鋼
成交值排行
華新科
、
國巨
、
【台積電】
、
環球晶
、
大同
------------------------------------------------
量好少,大家都不想玩了

--
※ 發信站: 批踢踢實業坊(ptt.cc), 來自: 59.120.148.11
※…",correct,
tier:dense,2303,聯電,M.1650164292.A.8AF,2022-04-17 10:58:12,新聞,name_with_context,dense,False,3,[新聞] 半導體短空長多 投信：逢低布局好時機,2,False,True,1076,"[簡稱(name_with_context)] …也由正轉
負;但
投信業者異口同聲指出,全球半導體產業持續擴張,利空因素消除後,半導體大廠仍
將扮演台股回神的要角,是逢低布局的好時機。
外資上週又賣556億
賣超前10名半數是電子

外資連續三週賣超台股,上週再度賣超五五六億元,其中又以【聯電】、臺企銀賣超逾十萬張最
多,護國神山台積電也遭外資大賣逾四萬三千張,若以外資週賣超前十名來看,包括聯電、
仁寶、台積電、宏碁、日月光投控都入列,半數皆為電子股。

半導體前景是否出現疑慮?
PGIM保德信科技島基金經理人葉獻文表示
,據IC…
[簡稱(name_with_context)] …股回神的要角,是逢低布局的好時機。
外資上週又賣556億
賣超前10名半數是電子

外資連續三週賣超台股,上週再度賣超五五六億元,其中又以聯電、臺企銀賣超逾十萬張最
多,護國神山台積電也遭外資大賣逾四萬三千張,若以外資週賣超前十名來看,包括【聯電】、
仁寶、台積電、宏碁、日月光投控都入列,半數皆為電子股。

半導體前景是否出現疑慮?
PGIM保德信科技島基金經理人葉獻文表示
,據IC Insights統計
,今年全球半導體市場規模將超過六千八百億美元,連半導體巨頭Intel也斥資一百…",correct,
tier:dense,2317,鴻海,M.1563454100.A.2D6,2019-07-18 20:48:20,公告,name_with_context,dense,False,1,[公告] joyca 警告一次,2,False,True,1235,"[簡稱(name_with_context)] …鴻海影響?
時間
Tue Jul 16 00:56:58 2019
───────────────────────────────────────
我們的老郭果然不敵失智列車的威力,
想問的是老郭現在敗選了,
未來的他將何去何從?
會再回鍋【鴻海】嗎?
(跟我們的老張一樣再復出?)
未來鴻海的股價是否有影響?

--
※ 發信站: 批踢踢實業坊(ptt.cc), 來自: 42.75.255.226 (臺灣)
作者
oldlakerfan (老湖迷)
看板
Stock
標題
[請益]…
[簡稱(name_with_context)] …:56:58 2019
───────────────────────────────────────
我們的老郭果然不敵失智列車的威力,
想問的是老郭現在敗選了,
未來的他將何去何從?
會再回鍋鴻海嗎?
(跟我們的老張一樣再復出?)
未來【鴻海】的股價是否有影響?

--
※ 發信站: 批踢踢實業坊(ptt.cc), 來自: 42.75.255.226 (臺灣)
作者
oldlakerfan (老湖迷)
看板
Stock
標題
[請益] 榮成
時間
Tue Jul 16 12:33…",correct,
tier:dense,2330,台積電,M.1617778303.A.8F5,2021-04-07 14:51:43,新聞,name,dense,False,1,[新聞] Applied Materials Showcases Unique Cap,2,False,True,15840,"[簡稱(name)] …單一步驟的單元製程設
備,擴展到包涵具有預先驗證的組合的協同優化系統以及集成材料解決方案,其中多種製
程技術在真空下結合,以創造出新穎的材料和晶片結構,否則就不可能。

""在過去30年左右的時間裡,與應用材料公司一起走過了一段偉大的旅程。""【台積電】董事長
劉德音博士表示。""在3納米之後,為了保持改進的速度,我相信我們會且需要比以往更緊
密地合作。我們需要在新的電晶體結構、新的材料、新的系統架構以及新的3D集成方面進
行創新。這是一個激動人心的時刻。我們期待與應用材料公司合作,共同發現…
[簡稱(name)] …知識,使客戶能夠將各種可能性轉化為現實。在
應用材料公司,我們的創新使塑造未來的技術成為可能。欲瞭解更多資訊,請訪問
www.appliedmaterials.com。
心得/評論:
應材新聞稿,裡面有大量客戶的發言(背書?)

當然也包括【台積電】的劉德音董事長

裡面有很多細項還需要逐個細部深入去看。

簡單來說,個人認為AMAT給出的成長預測相當保守,實現的機會很高。

這就是半導體製程相關公司的特色

就算想吹牛也吹不起來

現在的價格也算是短期高點了

除非打算做三到五年的資…",correct,
tier:dense,2330,台積電,M.1712624712.A.8D2,2024-04-09 09:05:12,新聞,name,dense,False,1,Re: [新聞] 台積電獲66億美元補助　經濟部：在台產能 仍維持8-9成,8,False,True,742,"[簡稱(name)] …Re: [新聞] 【台積電】獲66億美元補助 經濟部:在台產能 仍維持8-9成
※ 引述《SincereBob (誠實老包)》之銘言:
: 這是美國白宮的新聞稿:
https://reurl.cc/nrQNN6
: 這是美國商務部的新聞稿:
https://reurl…
[簡稱(name)] …成四、二、一奈米都有。
: 另外加碼幫美國訓練半導體人才,讓美國可以在2030年生產這世界上20%的高階晶片。
: 然後美花姐姐說沒事,別慌XDD
: 股點:劉德音下台前的臨去秋波,加碼對美投資,把先進製程帶去美國,
:       我認為【台積電】ADR之後應該會有不錯的表現,台積電在台股就不一定了。
:       貨出去,人進來,美國發大財。
台灣矽盾被拆囉

老美先設陷阱讓中國打台灣被全世界制裁

然後淪陷後再炸掉台灣的台積電工廠

正式成為美積電

不僅維持帝國地位  又能打…
[簡稱(name)] …幫美國訓練半導體人才,讓美國可以在2030年生產這世界上20%的高階晶片。
: 然後美花姐姐說沒事,別慌XDD
: 股點:劉德音下台前的臨去秋波,加碼對美投資,把先進製程帶去美國,
:       我認為台積電ADR之後應該會有不錯的表現,【台積電】在台股就不一定了。
:       貨出去,人進來,美國發大財。
台灣矽盾被拆囉

老美先設陷阱讓中國打台灣被全世界制裁

然後淪陷後再炸掉台灣的台積電工廠

正式成為美積電

不僅維持帝國地位  又能打擊主要敵國國力

計畫通

這種簡單…",correct,
tier:dense,2330,台積電,M.1681371548.A.4C6,2023-04-13 15:39:08,新聞,name,dense,False,1,[新聞] 股神巴菲特：不考慮出售任何蘋果股票,3,False,True,1223,"[簡稱(name)] …出售任何蘋果股票,他認為蘋果是一家很棒的企業,蘋果執行長庫克 (Tim Cook) 管理得非
常好。

繼巴菲特掌管的波克夏海瑟威 (Berkshire Hathaway) (BRK.A-US) 在短短幾個月後就出售
所持蘋果處理器製造商【台積電】 85% 的股份後,巴菲特表示,他不考慮出售任何蘋果股票。

他此前曾將地緣政治因素作為出售台積電 (TSM-US) 的主因,但他選擇堅持購買蘋果,但他
表示,波克夏確實考慮同樣的問題。

巴菲特週三受訪時透露:「我會考慮這個問題,但蘋果是…
[簡稱(name)] …好。

繼巴菲特掌管的波克夏海瑟威 (Berkshire Hathaway) (BRK.A-US) 在短短幾個月後就出售
所持蘋果處理器製造商台積電 85% 的股份後,巴菲特表示,他不考慮出售任何蘋果股票。

他此前曾將地緣政治因素作為出售【台積電】 (TSM-US) 的主因,但他選擇堅持購買蘋果,但他
表示,波克夏確實考慮同樣的問題。

巴菲特週三受訪時透露:「我會考慮這個問題,但蘋果是一個非常有價值的工具。
如果你是
蘋果用戶,有人給你 1 萬美元,唯一的條件是他們會拿走你的 iP…
[簡稱(name)] …嘆:「當時從稅收角度來看,出售一些蘋果股票似乎是個好主意。這實際上這是一
筆愚蠢的交易。我們永遠不會有另一家令那麼多人更快樂的企業。」


心得/評論:

眾所皆知 BRK portfolio 有將近40%是果果

即使在前陣子才大規模減倉【台積電】 巴菲特也堅決不考慮出售任何蘋果股票

一個簡單的問題可以看出蘋果的價值:給你一萬美金,但是你這輩子不能用蘋果產品,你接
受嗎?

--
※ 發信站: 批踢踢實業坊(ptt.cc), 來自: 42.72.125.253 (臺灣)
※ 文章網…",correct,
tier:dense,2330,台積電,M.1724682997.A.65B,2024-08-26 22:36:37,新聞,name,dense,False,1,[新聞] 台遊戲業斷層 只剩明星三缺一,1,False,True,1824,"[簡稱(name)] …,台灣遊戲產業面臨「3缺」,
也就是缺政策、缺人才跟缺文化。當台灣產業政策太過傾向半導體,政府雖天天在講要充
實軟實力,卻看不到政策配套,遊戲業沒有明確政策扶植,更無法與全球競爭。

其次是「缺人才」,業者坦言,這與台灣社會價值觀有關,「有【台積電】能去,卻沒人想來
做遊戲,還會被說不務正業」,與電競產業頗有相似之處,雖然AI快速發展,可取代部分
美術人才,但還是需要企畫及腳本人才。

最後也是最尷尬的是「缺文化」,從《仙劍》、《三國志》系列到《黑悟空》,都有一定
程度的中華文化元素,…",correct,
tier:dense,2330,台積電,M.1721228911.A.604,2024-07-17 23:08:31,請益,name,dense,False,1,Re: [請益] 夜盤台積電ADR-7%明天該如何面對,1,False,True,279,"[簡稱(name)] …Re: [請益] 夜盤【台積電】ADR-7%明天該如何面對
如果美帝不要台灣半導體先進晶片,
相信中國會跪求過去設廠,到時候共軍更精準晶片瞄準的就不是台灣而是美軍了。

美國科技研發還是世界頂尖,所有晶片設計公司都知道台灣半導體製程技術的強悍,就問目
前最頂尖cpu晶片,…",correct,
tier:dense,2330,台積電,M.1572476956.A.2CD,2019-10-31 07:09:16,新聞,name,dense,False,1,[新聞] 蘋果上季獲利營收均優於預期,1,False,True,503,"[簡稱(name)] …2億美元)

-iPhone營收:333.6億美元(市場估324.2億美元)

-服務部門營收:125.1億美元(市場估121.5億美元)

3.心得/評論:

蘋果紅了,觀察今天利多反應如何,希望不要利多不漲......
帶領蘋概股衝關!【台積電】300啦!台股挑戰11400!

--
※ 發信站: 批踢踢實業坊(ptt.cc), 來自: 111.71.71.39 (臺灣)
※ 文章網址:
https://www.ptt.cc/bbs/Stock/M.1572476956.A.2CD…",correct,
tier:dense,2330,台積電,M.1595857947.A.904,2020-07-27 21:52:27,請益,name,dense,False,1,[請益] 如何確保能買到台積零股?,1,False,True,568,"[簡稱(name)] …[請益] 如何確保能買到【台積】零股?
如題

小弟沒錢買一張gg

只能買零股喝點湯 可是今天12點多掛漲停依然沒有買到

看成交量零股只有37x張而已

那如果明天照樣想掛漲停買gg零股的話

有沒有辦法確保能夠成交呢?

我看google看說同價位的是用電腦隨機決定…",correct,
tier:dense,2330,台積電,M.1632384622.A.B33,2021-09-23 16:10:22,新聞,name,dense,False,1,[新聞] 白宮半導體峰會 台積電、英特爾等大廠料 將出席,4,False,True,1020,"[簡稱(name)] …[新聞] 白宮半導體峰會 【台積電】、英特爾等大廠料 將出席
白宮半導體峰會 台積電、英特爾等大廠料將出席

2021/9/23 15:17

(中央社華盛頓22日綜合外電報導)熟知內情的消息人士透露,英特爾執行長季辛格(
Pat Gelsinger)打算參加白宮23日就全球…
[簡稱(name)] …[新聞] 白宮半導體峰會 台積電、英特爾等大廠料 將出席
白宮半導體峰會 【台積電】、英特爾等大廠料將出席

2021/9/23 15:17

(中央社華盛頓22日綜合外電報導)熟知內情的消息人士透露,英特爾執行長季辛格(
Pat Gelsinger)打算參加白宮23日就全球晶片短缺問題召開的視訊會議,台積電、蘋果
、微軟…
[簡稱(name)] …宮半導體峰會 台積電、英特爾等大廠料將出席

2021/9/23 15:17

(中央社華盛頓22日綜合外電報導)熟知內情的消息人士透露,英特爾執行長季辛格(
Pat Gelsinger)打算參加白宮23日就全球晶片短缺問題召開的視訊會議,【台積電】、蘋果
、微軟等重量級企業也將派代表與會。

路透社報導,美國商務部本月稍早表示,這場會議將由商務部長雷蒙多(Gina Raimondo
)及國家經濟會議主席狄斯(Brian Deese)共同主持,討論主題將包括冠狀病毒Delta變
異株對…",correct,
tier:silent,2302,麗正,M.1717598925.A.670,2024-06-05 22:48:45,新聞,name_with_context,silent,False,1,[新聞] 福源花生醬負責人炒股　判刑1年定讞 已刪文,2,False,True,1123,"[簡稱(name_with_context)] …news.com.tw/224240605a01/?2KuAN
發布時間:2024-06-05

記者署名:張孝義

原文內容:CNEWS匯流新聞網記者張孝義/台北報導

新竹市知名的「福源花生醬」第二代負責人曾廷海被控以相對成交的方式炒作【麗正】電子股
票,新竹地方法院依違反證券交易法判其徒刑3年4月,高院則以曾某在偵查中自白犯罪,
且實際操縱股價犯行,經計算結果為
虧損31萬1789元
,實際上無犯罪所得,應依證券交易
法規定減輕其刑,撤銷原判決,
改判徒刑1年
。最高法院駁回上…
[簡稱(name_with_context)] …帳戶,對麗
正公司股票連續委託買賣而相對成交500多筆,共計相對成交4萬8499仟股,佔該股票市場
總成交量17萬1266仟股的28.32%,其中於103年12月27日等42個交易日的相對成交數量占
該股票當日市場總成交量之5%以上,以造成【麗正】公司股票交易活絡之表象,引誘一般散
戶投資人加入買賣該股票。

新竹地院依製造證券交易活絡表象罪將曾某處有期徒刑3年4月,曾某不服提上訴,高院二
審認為,曾某在偵查中自白本案操縱股價犯行,經計算結果為虧損31萬1789元,實際上無
犯罪所得…",correct,
tier:silent,2438,翔耀,M.1626687796.A.E10,2021-07-19 17:43:16,情報,name_with_context,silent,False,3,[情報] 三大法人倒450億 ＶＳ 上市櫃58家漲停,1,False,True,454,"[簡稱(name_with_context)] …亨-DR.志聯.春源
建通.大學光.嘉晶.吉祥全.允強
新天地.立凱-KY.運錩.美亞.東森
歐格.展匯科.建錩.光鼎.台境
創惟.陞達科技.達能.有益.邦泰
一詮.國碩.怡華.友勁.立衛
倚強.富鼎.松翰.新昕纖.南仁湖
亞泰金屬.美時.【翔耀】
三大法人賣成這樣,58檔漲停是怎麼樣?

58檔我怎麼一檔都沒有 我怎麼這麼爛




--
※ 發信站: 批踢踢實業坊(ptt.cc), 來自: 123.240.119.114 (臺灣)
※ 文章網址:
https://www.ptt.…",correct,
tier:silent,2906,高林,M.1731564002.A.AE1,2024-11-14 14:00:02,閒聊,name_with_context,silent,False,3,[閒聊] 2024/11/14 盤後閒聊,1,False,True,531,"[簡稱(name_with_context)] …31 投信    0 外資 -1,217

小台指期 自營商 -326 投信   -4 外資 -2,078
上市
漲停家數 (+10%) 10
(台灣虎航-創、吉茂、泰碩、合機、日電貿、神達、悅城、
                    【高林】股、興能高、鋐寶科技)
跌停家數 (-10%)  3
(展達、錼創科技-KY創、益登)
上櫃
漲停家數 (+10%) 10
跌停家數 (-10%)  7
成交量排行:
國泰永續高股息
、
神達
、
元大台灣50反1
、
復華台灣科技優息
、…",correct,
tier:silent,2427,三商電,M.1554467251.A.BAB,2019-04-05 20:27:31,新聞,name,silent,False,2,[新聞] 《股利-百貨》三商去年EPS降至0.43元， 擬配息0.5元,1,False,True,686,"[簡稱(name)] …加上美中貿易摩擦,導致去年第4季全球股市震盪向下,股
權資產投資收益大幅減少。三商壽2018年每股淨損0.14元,較2017年每股賺1.48元轉虧。

三商為控股公司型式,旗下有三商家購(美廉社)、鞋業、多家連鎖餐飲等零售業,以及
製藥業、【三商電】腦等,但影響損益最大的事業為三商美邦人壽。


comment:

  三商旗下的全家福鞋店,售價很有競爭力

  美廉社也算是零售業的奇耙

  只是每季獲利波動很大,股民們怎麼看?

--
※ 發信站: 批踢踢實業坊(ptt.cc),…",correct,
tier:silent,2722,夏都,M.1732100409.A.BC9,2024-11-20 19:00:09,請益,name_with_context,silent,False,1,[請益] 夏都0.91%中籤 該注意什麼？ 已刪文,3,False,True,196,"[簡稱(name_with_context)] …[請益] 【夏都】0.91%中籤 該注意什麼? 已刪文
第一次中籤夏都股票一張
該注意什麼?
夏都去年飆到股價破百
有可能漲回高點?

-----
Sent from JPTT on my OPPO CPH2637.

--

--
※ 發信站: 批踢踢實業…
[簡稱(name_with_context)] …[請益] 夏都0.91%中籤 該注意什麼? 已刪文
第一次中籤【夏都】股票一張
該注意什麼?
夏都去年飆到股價破百
有可能漲回高點?

-----
Sent from JPTT on my OPPO CPH2637.

--

--
※ 發信站: 批踢踢實業坊(ptt.cc), 來自: 114.42.154.…
[簡稱(name_with_context)] …[請益] 夏都0.91%中籤 該注意什麼? 已刪文
第一次中籤夏都股票一張
該注意什麼?
【夏都】去年飆到股價破百
有可能漲回高點?

-----
Sent from JPTT on my OPPO CPH2637.

--

--
※ 發信站: 批踢踢實業坊(ptt.cc), 來自: 114.42.154.188 (臺灣)
※ 文章網…",correct,
tier:silent,1721,三晃,M.1727070749.A.87E,2024-09-23 13:52:29,閒聊,name_with_context,silent,False,2,[閒聊] 2024/09/23 盤後閒聊,1,False,True,334,"[簡稱(name_with_context)] …商
-92
投信
-43
外資
-3834
台指選 自營商
+575
投信
-200
外資
+1911
漲停家數(+10%)
47
跌停家數(-10%)
11
成交量排行
新光金
、
中信金
、
群益台灣精選高息
、
元大美債20正2
、
【三晃】
成交值排行
台積電
、
聯鈞
、
中信金
、
晨銘電
、
鴻海
-----------------------------------
2點PTT停機,經板主同意後提早發文…",correct,
tier:silent,3054,立萬利,M.1537796862.A.2CB,2018-09-24 21:47:42,新聞,name,silent,False,3,[新聞] 台勝科明恢復交易 補漲號角響 已刪文,1,False,True,685,"[簡稱(name)] …3/925912
呂淑美/台報導

2.原文內容:
中秋節連假過後,台股明(25)日開市,台塑集團股的矽晶圓廠台勝科現金減資恢復買賣。因台勝科停止交易期間,矽晶圓族群展開跌深強彈,市場關注台勝科明日恢復交易後的補漲行情。

據統計,偉詮電、【立萬利】、台勝科、新至陞、亞昕及亞元等6家上市櫃公司,因辦理現金減資股票於9月13日停止買賣,將同步於明日恢復交易買賣,顯然是上市櫃公司精心挑選925的「黃道吉日」。

現金減資後新股上市,蜜月行情甜不甜?最受關注的就是矽晶圓廠台勝科,在台勝科停止…",correct,
tier:sparse,2009,第一銅,M.1666740082.A.0FA,2022-10-26 07:21:22,新聞,name,sparse,False,1,[新聞] 中國保稅銅倉近被清空，融資銅交易已停 止,2,False,True,869,"[簡稱(name)] …得/評論:
原來中國不只疫情要清零,銅庫存也有可能清零,而中國保稅倉庫銅庫存降的原因不是因
為需求強......但對應到前幾天的新聞提到現階段全球銅庫存僅能支撐全球不到5天的需求
量,已低於正常數周的安全水位......銅價似乎沒飛天,反觀【第一銅】已飛天,是銅價還沒反
應,還是第一銅跑太快





--
※ 發信站: 批踢踢實業坊(ptt.cc), 來自: 1.171.51.137 (臺灣)
※ 文章網址:
https://www.ptt.cc/bbs/Stock/M.166674…
[簡稱(name)] …銅庫存也有可能清零,而中國保稅倉庫銅庫存降的原因不是因
為需求強......但對應到前幾天的新聞提到現階段全球銅庫存僅能支撐全球不到5天的需求
量,已低於正常數周的安全水位......銅價似乎沒飛天,反觀第一銅已飛天,是銅價還沒反
應,還是【第一銅】跑太快





--
※ 發信站: 批踢踢實業坊(ptt.cc), 來自: 1.171.51.137 (臺灣)
※ 文章網址:
https://www.ptt.cc/bbs/Stock/M.1666740082.A.0FA.html
※…",correct,
tier:sparse,2316,楠梓電,M.1568942953.A.46E,2019-09-20 09:29:13,請益,name,sparse,False,2,[請益] 股票漲跌趴數,1,False,True,213,"[簡稱(name)] …[請益] 股票漲跌趴數
各位前輩好,小弟股票新手。
今天有個很新手的問題想請教
就是為什麼有些股票動不動就可以漲跌個1%,像是耀華、【楠梓電】
可是也有股票漲跌都在0.xx,像是台積甚至小小的國眾。
難不成股票有股性這樣的說詞嗎?

--
※ 發信站: 批踢踢實業坊(ptt.cc), 來自: 180.214.188.37 (臺灣)
※ 文章網址:
https://www.ptt.…",correct,
tier:sparse,2367,燿華,M.1486790719.A.0AC,2017-02-11 13:25:19,標的,name_with_context,sparse,False,6,[標的] 本週程式選股結果 已刪文,1,True,True,2349,"[簡稱(name_with_context)] …62852   1.223990208
萬洲E1          171501  5.555555556
良維八          62908   3.333333333
文曄五          30365   2.777777778
【燿華】一          23671   9.460737938


以目前賣價買進  殖利率高於定存且違約機率小的可轉債
                        目前賣價低於此價位
                        買在…",correct,
tier:sparse,2838,聯邦銀,M.1552566449.A.647,2019-03-14 20:27:29,新聞,name,sparse,False,1,Re: [新聞] 聯邦銀擬配發股票股利0.7元,1,False,True,31,"[簡稱(name)] …Re: [新聞] 【聯邦銀】擬配發股票股利0.7元
https://i.imgur.com/rXWUntt.png…",correct,
tier:sparse,2014,中鴻,M.1624860002.A.7E7,2021-06-28 14:00:02,閒聊,name_with_context,sparse,False,4,[閒聊] 2021/06/28 盤後閒聊,2,False,True,455,"[簡稱(name_with_context)] …6 (0.40%)
839.45億
台指期 自營商
-369
投信
+203
外資
-552
台指選 自營商
+3135
投信     0 外資
-894
漲停家數(+10%) 74
跌停家數(-10%)  1
成交量排行
益航、
中鋼、
【中鴻】、大成鋼、
群創
成交值排行
萬海、
慧洋-KY、
長榮、中鴻、陽明
-----------------------------------------------

全民大炒股,成交量、值排行,沒有漲停是不夠看的,

什麼時候資金才會回電…
[簡稱(name_with_context)] …投信
+203
外資
-552
台指選 自營商
+3135
投信     0 外資
-894
漲停家數(+10%) 74
跌停家數(-10%)  1
成交量排行
益航、
中鋼、
中鴻、大成鋼、
群創
成交值排行
萬海、
慧洋-KY、
長榮、【中鴻】、陽明
-----------------------------------------------

全民大炒股,成交量、值排行,沒有漲停是不夠看的,

什麼時候資金才會回電子啊,等超久的。

--
※ 發信站: 批踢踢實業坊(ptt.…",correct,
tier:sparse,2812,台中銀,M.1671512331.A.748,2022-12-20 12:58:51,新聞,name,sparse,False,1,[新聞] 國泰金現增今日截止 認購人數不如預期,1,False,True,1215,"[簡稱(name)] …還能不能那麼高,就會有變數。

每人申購2張,中籤機會降到6萬3750個,但到昨天為止連45萬件不到,雖高於上海商銀12
月12日現增抽籤時的40.79萬件,但中籤率卻是比它的7.91%來得高上許多,實際投標人數
比預期低得多,中籤率也不如【台中銀】的1.84%,跟國票金的14.26%接近。實際結果今日下
午二點多會出爐。

據證交所統計,台股史上新股申購抽籤最大紀錄,是由力積電(6770)2021年掛牌上市時
創下,當時有100萬1022件合格件數,中籤率為3.2%;其次是2019年…",correct,
tier:sparse,2610,華航,M.1661752802.A.4DF,2022-08-29 14:00:02,閒聊,name_with_context,sparse,False,4,[閒聊] 2022/08/29 盤後閒聊,1,False,True,367,"[簡稱(name_with_context)] …台指期 自營商
+1977
投信
-1197
外資
+1582
台指選 自營商
-29569
投信
-200
外資
-379
漲停家數(+10%)  8
跌停家數(-10%)  3
成交量排行
元大台灣50反1
、
國泰永續高股息
、
【華航】
、
耿鼎
、
長榮航
成交值排行
台積電
、
長榮
、
世芯-KY
、
智原
、
虹堡
---------------------------------
As Above So Below
--
https://imgur.com/6G…",correct,
tier:sparse,2801,彰銀,M.1561519932.A.B33,2019-06-26 11:32:12,其他,name_with_context,sparse,False,1,[其他] 台股早期資料（4）,2,False,True,2182,"[簡稱(name_with_context)] …1,030   840 177
1978 1,160 1,010 184
1979 1,270 1,160  85
80/1 1,190 1,180   8
80/2 1,190 1,190   8

讀法:
1974年1/1~12/31,【彰銀】最高價是2000元,最低價1450元,成交量103千股
1980年股價資料只有1、2月

股利:
年度 現金股息 無償配股
60 99元
61 56元(1972年1~6月)
62 32.19元 1:3.13(1972年7月~1973年6月)…
[簡稱(name_with_context)] …年度跟西元股價資料混成一團,可能有錯

國壽在1974年配股6.5188,也就是一張變成7518股


1989年6月22日,國壽最高價1975元

在後來的幾十年間,大家認為台股股王歷史最高價就是1975元

卻沒想到在更早十多年的時候,【彰銀】、一銀、華銀都高達2000元

而中國商銀(就是兆豐啦)更高達3400元

中華開發在1962年時,股價也高達1000多元

但是,要注意面額,1980年的時候,金融股面額是100元不是10元

而中國商銀面額是300元這個奇怪的數字

1…",correct,
tier:sparse,1802,台玻,M.1669285596.A.215,2022-11-24 18:26:36,新聞,name_with_context,sparse,False,5,[新聞] 外資大力回補233億 台股衝上14784點 創2 個多月新高,1,False,True,942,"[簡稱(name_with_context)] …買超
最多標的是中鋼,狂買2.3萬張;買超第二與第三名為元大金、新光金,分別買超1.3萬張
、1.2萬張。華新再獲外資青睞,買超1.2萬張;永豐金、長榮、台積電等個股,外資買超
張數都在1萬張以上。航運的陽明與萬海,外資加碼力道不弱,同時,【台玻】、裕隆外資各
買5千、4千多張,似乎有拉抬集團作帳味道。

投信買超14.37億元,與外資一樣大買中鋼,買超5千多張為買超第一大。投信並加碼中信
金、兆豐金、開發金、國泰金等個股,航運的長榮、陽明,投信也有一定的買進力道。自
營商雖站在賣方…",correct,
tier:sparse,2610,華航,M.1647410415.A.316,2022-03-16 14:00:15,閒聊,name_with_context,sparse,False,3,[閒聊] 2022/03/16 盤後閒聊,1,False,True,534,"[簡稱(name_with_context)] …99口
櫃買指
204.17 ▲  0.99 (+0.49%)   535.77億
上市
漲停家數 (+10%)  5
跌停家數 (-10%)  1
上櫃
漲停家數 (+10%)  5
跌停家數 (-10%)  1
成交量排行:
長榮
、
【華航】
、
陽明
、
長榮航、元大滬深300正2
成交值排行:
長榮、陽明、
台積電
、萬海、智原
資料來源:TWSE 臺灣證券交易所、臺灣期貨交易所、奇摩股市
--

我們的一生會遭遇各種各樣的意外,有的意外,只會讓你變得頹廢,一蹶不振;有的意…",correct,
tier:sparse,2609,陽明,M.1649479731.A.EE4,2022-04-09 12:48:51,未分類,name_with_context,sparse,False,1,有關長榮陽明的高配息,2,False,True,227,"[簡稱(name_with_context)] …有關長榮【陽明】的高配息
在股市爆料同學會看到有版民前波跟到航海王的船 目前還在船上
長榮陽明今年配發高股息的關係 股息總額會破500萬 扣稅級距會到達40%
不知道板上的船員們 如果遇到這個甜蜜的負擔 會選擇如何處理股票呢 還是有那些合宜合
法的避稅方式…
[簡稱(name_with_context)] …有關長榮陽明的高配息
在股市爆料同學會看到有版民前波跟到航海王的船 目前還在船上
長榮【陽明】今年配發高股息的關係 股息總額會破500萬 扣稅級距會到達40%
不知道板上的船員們 如果遇到這個甜蜜的負擔 會選擇如何處理股票呢 還是有那些合宜合
法的避稅方式?

--
※ 發信站: 批踢踢實業坊(ptt.cc), 來自: 223.13…",correct,
tier:sparse,2106,建大,M.1609832093.A.D43,2021-01-05 15:34:53,新聞,name_with_context,sparse,False,2,[新聞] 稅率逾40％ 台廠哀號不用玩了,1,False,True,1064,"[簡稱(name_with_context)] …將請律師協助,爭取較低稅率以減緩衝擊。

南港輸美營收比重約2成,為降低遭課反傾銷稅的衝擊,計畫將台灣新豐廠、大陸張家港
廠兩廠的產能對調,把沒有受到稅率影響的留在台灣生產,並擴大產能,受影響的轎車胎
、輕卡車輪胎,則改由張家港廠出貨。

【建大】雖也被課反傾銷重稅,但因美國市場占營收比率不到5%,衝擊在可控制範圍,未來
出口至美國相關產品,會由越南廠承接,然成本可能會因此增加。

泰豐為因應美國的反傾銷稅率,將持續開拓更多不受稅率影響的市場,如加拿大、歐洲、
中南美地區,透過重新調…",correct,
tier:sparse,2608,嘉里大榮,M.1720497503.A.8B1,2024-07-09 11:58:23,新聞,name,sparse,False,8,[新聞] 台股創高「韭菜老媽」績效慘烈 女兒急上 網求救…內行一看：籃子太多又破洞,1,False,True,1011,"[簡稱(name)] …在網路論壇Dcard發文感嘆,她看了「韭菜老媽」的股票很頭痛,買了23檔股票幾乎
一片綠油油,持有標的中僅有鴻海、台積電、南亞科、元大金及鈊象為正報酬。

其他檔股票如中環、友達、長榮、台驊投控及驊宏資都快要-30%的負報酬,中鋼、台橡、
【嘉里大榮】、陽明及漢磊也有超過-40%的負報酬,另外,四維航為-56%負報酬,炎洲更來到
-64%的負報酬。

看到母親慘不忍睹的投資績效,她強烈建議趕快趁現在全部出掉,但母親就是非常捨不得
,於是她便上網發問想聽聽大家的意見,看有哪些股票可以直接出…",correct,
tier:sparse,2838,聯邦銀,M.1656675885.A.250,2022-07-01 19:44:45,新聞,name,sparse,False,3,[新聞] 小建商撐不住了？5月國銀建融倒帳29億元,1,False,True,754,"[簡稱(name)] …主因是原物料價格走揚,建商提高融資額度,二是央行規定18個月內動工,建商提
早開工所致。

林志吉說,若觀察近兩年來,建融年增率12.54%仍是相對兩年來低點,顯示政府打炒房政
策仍具有一定成效。


心得/評論:
要注意小型銀行
台中銀、【聯邦銀】、高雄銀這種小銀行的放款
是單一個案就還好
如果是連環的
那這種小型銀行受到的衝擊最大

--
如果還有來世,我想當一個獸人

--
※ 發信站: 批踢踢實業坊(ptt.cc), 來自: 211.76.92.35 (臺灣)
※ 文章網址:…",correct,
tier:sparse,1806,冠軍,M.1541486623.A.537,2018-11-06 14:43:43,投顧,name_with_context,sparse,False,2,Re: [投顧] 請問有沒有推薦的老師 已刪文,1,False,True,520,"[簡稱(name_with_context)] …說漲見跌說跌

事前預告事後驗證,空在起跌點補在反彈時,一檔接一檔績效無法擋

一卡車的代表作,通通大獲全勝!!

--

再來,如果你專注於基本面、不喜歡殺進殺出頻繁停損、偏好長期投資的話

那就一定要選擇投資長!

投資長不僅是公開比賽【冠軍】,同時也是紀錄保持人

第一季83%、第二季95%的績效,神之紀錄無人能及

投資長還有很多持續追蹤、有價有量的績優股票

經過反覆利空測底、築底打底的過程,未來後續仍持續看好唷

--

好好想想你要什麼樣的分析師吧


--
※ 發信站…",wrong,比賽冠軍（非冠軍 1806）
tier:sparse,2609,陽明,M.1618841705.A.218,2021-04-19 22:15:05,新聞,name_with_context,sparse,False,10,[新聞] 航運水泥等指數創26年來新高 法人：正乖 離偏高,1,False,True,1867,"[簡稱(name_with_context)] …航運股部分,由於全球貨運吃緊,散裝、貨櫃航運迎春燕,波羅的海乾散貨指數(BDI)
16日來到2385點,寫下2019年9月以來新高,裕民、新興、四維航及台航等散裝航運股均
以漲停價格作收;貨櫃三雄以萬海最強,收在漲停價80.6元,長榮及【陽明】漲幅分別為
7.42%及8.7%。

水泥雙雄台泥、亞泥今天雙雙站上50元大關,並同步寫下2008年6月以來新高;紡織族群
以低價銅板股表現最為強勢,嘉裕、宏洲、東和、力鵬均收漲停,紡織股王儒鴻則是收在
538元,為2015年9月新高。…",correct,
tier:sparse,1513,中興電,M.1708927202.A.56D,2024-02-26 14:00:02,閒聊,name,sparse,False,2,[閒聊] 2024/02/26 盤後閒聊,2,False,True,420,"[簡稱(name)] …自營商
-500
投信
-499
外資
+2005
台指選 自營商
+7983
投信
外資
-557
漲停家數(+10%)
42
跌停家數(-10%)
0
成交量排行
國泰永續高股息
、
群益ESG投等債20+
、
復華臺灣科技優息
、
【中興電】
、
國泰10Y+金融債
成交值排行
台積電
、
中興電
、
聯發科
、
士電
、
亞力
-----------------------------------
補不了洞...
[售]公園涼亭旁草地0.5坪/800萬
這個地點好,離涼亭近,…
[簡稱(name)] …指選 自營商
+7983
投信
外資
-557
漲停家數(+10%)
42
跌停家數(-10%)
0
成交量排行
國泰永續高股息
、
群益ESG投等債20+
、
復華臺灣科技優息
、
中興電
、
國泰10Y+金融債
成交值排行
台積電
、
【中興電】
、
聯發科
、
士電
、
亞力
-----------------------------------
補不了洞...
[售]公園涼亭旁草地0.5坪/800萬
這個地點好,離涼亭近,不會西曬,
看雨的方向,運氣好時還能遮點雨。
--
ht…",correct,
tier:sparse,2834,臺企銀,M.1562675638.A.23D,2019-07-09 20:33:58,新聞,name,sparse,False,1,[新聞] 【2888 新光金】108年6月份自結合併盈餘,1,False,True,1322,"[簡稱(name)] …12.國票金  0.48元         0.11元
   13.日盛金  0.27元         0.05元
-------------------------------------------
PTT法人最愛股

    n.【臺企銀】  0.62元         0.08元
--
※ 發信站: 批踢踢實業坊(ptt.cc), 來自: 49.218.16.178 (臺灣)
※ 文章網址:
https://www.ptt.cc/bbs/Stock/M.1562675638…",correct,
tier:sparse,2404,漢唐,M.1708602297.A.79F,2024-02-22 19:44:57,標的,name_with_context,sparse,False,3,[標的] 00929.TW感覺939和940會幫它抬轎？,1,False,True,537,"[簡稱(name_with_context)] …配我就研究了一下
不看還好,一看嚇一小跳
我是不認為我講完會影響誰的意願 所以應該沒差

我們就對比00939和00940的10大持股好了

00939:聯發科、大聯大、聯詠、日月光、群光、瑞昱有6支和929疊到
00940:聯電、中美晶、【漢唐】、群光、瑞儀、聯發科、新普疊到7支

我這邊講的個股是939和940目前公布的十大持股,雖然個別權重有差別,不過重疊度這麼
高,等這兩檔資金湧入,這些重複的股票也會水漲船高,肯定是可以幫929抬一波吧?


考慮到00929從成立以來,配息…",correct,
tier:sparse,1313,聯成,M.1589160675.A.DC8,2020-05-11 09:31:15,標的,name_with_context,sparse,False,1,[標的] 1229聯華 Q1看空,1,False,True,165,"[簡稱(name_with_context)] …[標的] 1229聯華 Q1看空
1. 標的:1229聯華

2. 分類:心得/分析/空

3. 分析/正文:

基本面:
上週五【聯成】的財報已出,虧8.4億。
聯華的業外將認列約-2.7億,且今年Q1應無處分投資幫忙
故Q1財報推估不會好。

籌碼面:
大戶出,散戶入

個人早上首盤進行停利,賣出。
https://i.imgur.com/2vzwOJZ.jpg…",correct,
tier:sparse,2610,華航,M.1597071845.A.3AB,2020-08-10 23:04:05,新聞,name_with_context,sparse,False,1,[新聞] 疫情重創航空業華航卻更賺 謝金河:空服員 要珍惜工作,7,False,True,907,"[簡稱(name_with_context)] …球空運幾乎都停擺,全
世界的航空公司飛機停滿停機坪,最好笑的是,機場有人專門驅趕小鳥,因為飛機太久沒
飛,小鳥在引擎附近築巢。今年第二季,外國旅客入境台灣只有1.3萬人,跟去年同期的
307萬人次,減少99.5%。

謝金河說,從數字顯示,【華航】第二季肯定比第一季虧損更大,沒想到出來的數據令人跌破
眼鏡,華航不但沒有賠,反而更賺。華航第二季營收263.16億元,比首季325.57億元,減
少19.16%,但華航首季本業虧損29.71億,第二季營收減少,本業卻獲利27.48億元,華航…
[簡稱(name_with_context)] …機場有人專門驅趕小鳥,因為飛機太久沒
飛,小鳥在引擎附近築巢。今年第二季,外國旅客入境台灣只有1.3萬人,跟去年同期的
307萬人次,減少99.5%。

謝金河說,從數字顯示,華航第二季肯定比第一季虧損更大,沒想到出來的數據令人跌破
眼鏡,【華航】不但沒有賠,反而更賺。華航第二季營收263.16億元,比首季325.57億元,減
少19.16%,但華航首季本業虧損29.71億,第二季營收減少,本業卻獲利27.48億元,華航
客運量大減,但本業獲利卻創新高,原來貨運收益彰顯,抵銷了客運的…
[簡稱(name_with_context)] …飛機太久沒
飛,小鳥在引擎附近築巢。今年第二季,外國旅客入境台灣只有1.3萬人,跟去年同期的
307萬人次,減少99.5%。

謝金河說,從數字顯示,華航第二季肯定比第一季虧損更大,沒想到出來的數據令人跌破
眼鏡,華航不但沒有賠,反而更賺。【華航】第二季營收263.16億元,比首季325.57億元,減
少19.16%,但華航首季本業虧損29.71億,第二季營收減少,本業卻獲利27.48億元,華航
客運量大減,但本業獲利卻創新高,原來貨運收益彰顯,抵銷了客運的虧損,而且還賺更
多。…",correct,
collision:1216,1216,統一,M.1514287859.A.FC5,2017-12-26 19:30:59,標的,name_with_context,dense,False,1,[標的] 4919 新唐 多 已刪文,1,False,True,625,"[簡稱(name_with_context)] …-------------按ctrl+y可刪除以上內容。----------------------------

1. 標的:4919新唐

2. 分類:多

3. 分析/正文:股價跌破 週線跟月線

幾大券商都買在59.1~59.4(幫【統一】屏東拍拍 買在62.2)

所以推估60以下是甜蜜點

另外看好 無線充電器跟智慧語音助理的市場

4. 進退場機制:(非長期投資者,必須有停損機制)

59.5以下進場  預估63獲利
停損54
-----
Sent from JPTT…",wrong,統一證券屏東分公司
collision:1216,1216,統一,M.1480423354.A.7DF,2016-11-29 20:42:34,新聞,name_with_context,dense,False,1,[新聞] 今誰買興航股票？華南永昌岡山分公司第一 勇 已刪文,1,False,True,1082,"[簡稱(name_with_context)] …其中以華南永昌證券
的岡山分公司單一帳戶在跌停價買進5215張最多,但若以當時興航的股價
,也只需1500多萬元即可,只是誰這麼勇敢進場買這麼多股票,倒是令人
好奇;另外包括華南永昌大安分公司買進1344張、元大土城分公司買進
1000張、【統一】新竹買進1401張、凱基台北分公司買進1355張等較多,至於
其他買盤,則多零星分布在各個券商中。

若分析賣出張數較多的帳戶,則有7個券商據點的單一帳戶賣出興航的股票
超過1000張,其中最多的是元大證券敦北分公司,一個帳戶在跌停價3.0…",wrong,統一證券新竹分公司
collision:1216,1216,統一,M.1728260521.A.721,2024-10-07 08:22:01,新聞,name_with_context,dense,False,1,[新聞] LTN經濟通》中國救市下猛藥 暴漲股市的背 後？,1,False,True,2262,"[簡稱(name_with_context)] …新高;深證成指單日
上漲10.67%,5日累計上漲30.26%,創下紀錄。

中國股市暴漲原因為何?原來是在前1週的9月24日,中國人民銀行宣布降準、降息,預估
可向金融市場釋出資金約人民幣1兆元(約新台幣4.5兆元),並降低存量房貸利率和【統一】
房貸最低首付(自備款)比例,設立新的工具支持股市等。政策指向了3個目標:穩增長
、穩房價、穩股市,中國國家主席習近平更表態「要努力提振資本市場」。

雖然受到消息激勵,中國股市在24日上午9點宣布後兩個小時迎來股市的暴漲,推動了中
國滬深…",wrong,動詞：統一房貸首付比例
collision:1216,1216,統一,M.1659481910.A.58B,2022-08-03 07:11:50,新聞,name_with_context,dense,False,7,[新聞] 國安基金 總動員大護盤 15檔吸睛,1,False,True,939,"[簡稱(name_with_context)] …量下修及通膨恐影響消費支出的疑慮,

聯發科今年股價修正507元,跌幅高達42.61%,若以前低597元計算,股價已腰斬;
然跌深也意味投資價值浮現,也成為政府護盤的核心標的,
2日八大公股行庫投入9.07億元、1,333張買超聯發科。

【統一】投顧董事長黎方國表示,
觀察政府護盤的個股以台灣50分成分股為主,
除了重量級的電子股,

還
包括今年每股稅後純益(EPS)確定高於去年的貨櫃航運股長榮及陽明。
貨櫃海運近期更重要的利多是塞港仍未化解,將支撐運價第三季旺季走揚,

特別是…",wrong,統一投顧
collision:1216,1216,統一,M.1632991324.A.0DF,2021-09-30 16:42:04,新聞,name_with_context,dense,False,1,[新聞] 又是勞退基金遭殃　2經理人涉「超前部署 」偷賺8千萬被約談,4,False,True,982,"[簡稱(name_with_context)] …://www.ettoday.net/news/20210930/2090955.htm
(請善用縮網址工具)
發布時間:
2021年09月30日 16:32
(請以原文網頁/報紙之發布時間為準)
原文內容:

記者劉昌松/台北報導

前
【統一】投信基金經理人
孫姓與張姓男子,涉嫌從2017年到2019年初,
分別利用受政府委託操作勞退勞保基金,以及強漢、大滿貫基金時,

先利用親友人頭在市場上購買遠百等特定股票,超前部署,等勞退等基金進場、

股價上漲後脫手,2人共計獲利約8千萬…
[簡稱(name_with_context)] …約談孫、張等11人。

據了解,本案是在前勞金局官員游迺文爆發涉嫌挪用勞動基金,配合寶佳集團炒股案後,
金管會進行例行性金融檢查時發現的違規案件
,

初步分析孫、張2人犯行各自獨立,因未盡基金善良管理人注意義務及忠實義務,

現在都已經被【統一】投信解職。

檢調追查,孫姓基金經理人,涉嫌在勞金局委託辦理勞退及勞保金全權委託投資時,
先利用友人的證券帳戶購買遠百股票,等勞動基金進場再脫手,
孫因此
獲利約5千萬元。
而張姓基金經理人,則是在
幫統一投信操作強漢、大滿貫2檔基金時,…
[簡稱(name_with_context)] …意義務及忠實義務,

現在都已經被統一投信解職。

檢調追查,孫姓基金經理人,涉嫌在勞金局委託辦理勞退及勞保金全權委託投資時,
先利用友人的證券帳戶購買遠百股票,等勞動基金進場再脫手,
孫因此
獲利約5千萬元。
而張姓基金經理人,則是在
幫【統一】投信操作強漢、大滿貫2檔基金時,

也用相同手法,自行超前佈署,進場買股等著套利,獲利約3千萬元。
台北地檢署檢察官30日指揮調查局台北市調處,兵分15路搜索,

並依違反《證券投資信託及顧問法》特別背信等罪嫌,

約談孫姓、張姓以及相關案…",wrong,統一投信
collision:1216,1216,統一,M.1642659258.A.73D,2022-01-20 14:14:18,新聞,name_with_context,dense,False,1,[新聞] 1.5萬就能入手！富邦元宇宙ETF 1／24掛牌 上市　臉書、蘋果一網打盡,1,False,True,2650,"[簡稱(name_with_context)] …段,

但透過富邦元宇宙ETF,有機會一起探索未來的科技尖牙股,

將提供給投資人新的投資領域及產業佈局。


心得/評論:                             ※必需填寫滿30字,無意義者板規處分



之前想買757【統一】Fang+(起價20最近跌破50)意外被這檔00903吸引到,

他募集只有一天不到根本來不及申購,完全是申購後才知道有這檔要上,

新聞說申購規模逾50億,只有一天是不是算蠻厲害?

成分股來頭不小也跟757重疊的不少,這幾天看財經YTR…",wrong,統一投信 ETF(757)
collision:1216,1216,統一,M.1710913911.A.81A,2024-03-20 13:51:51,新聞,name_with_context,dense,False,2,[新聞] 00939瀕破發！爆77.3萬張大量　收跌0.53%,1,False,True,636,"[簡稱(name_with_context)] …!爆77.3萬張大量 收跌0.53%

原文連結:
https://finance.ettoday.net/news/2703870
發布時間:2024-03-20 13:42

記者署名:2024-03-20 13:42

原文內容:

【統一】台灣高息動能(00939)今(20)日掛牌,上演多空對決戲碼,成交量爆出77萬3212
張大量,是今日台股成交王,
終場以下跌0.08或0.53%、15.03元作收,瀕臨跌破15元發行
價。
00939今日股價在早盤開盤約半小時來到今日最高…",wrong,統一投信 ETF(00939)
collision:1216,1216,統一,M.1596510421.A.BAC,2020-08-04 11:07:01,標的,name_with_context,dense,False,1,[標的] MELI,1,False,True,1813,"[簡稱(name_with_context)] …PDD能夠
超越這個數字。同時, 在LatAm Ex-Brazil, MELI今年預估的增長速度也很驚人, 阿根廷
和墨西哥的增長都超過50%。


此外, 在最近一次的管理層電話會議上也指出, 他們將開始改變他們的收費定價結構, 之
前的【統一】費率已經開始無法滿足更精細化的管理, 各品類的收費標準也會更精準。這項推
出後, 應該能進一步增加他們的營收。但我覺得接下來幾年持續推升MELI股價的要素還是
來自於本身的增長, 而非是目前的報表淨利潤/虧損的多寡。


MELI還有一塊收…",wrong,形容詞：統一費率
collision:1216,1216,統一,M.1712488999.A.A9F,2024-04-07 19:23:19,新聞,name_with_context,dense,False,1,[新聞] ETF破發》自營商倒貨？券商：幫忙造市,2,False,True,1001,"[簡稱(name_with_context)] …忙造市

原文連結:
https://ec.ltn.com.tw/article/paper/1639515
發布時間:

2024/04/07 05:30

記者署名:

記者張慧雯

原文內容:

〔記者張慧雯/台北報導〕造市變成倒貨?【統一】台灣高息動能ETF(指數型股票基金)三
月廿日掛牌,不少財經網紅及投資人質疑,自營商連續五個交易日出現大賣超,總賣超張
數高達七十二萬五千多張,導致該檔ETF「破發」(跌破發行價),大喊「都是自營商倒
貨、自營商吃ETF豆腐」。對此,券商只…
[簡稱(name_with_context)] …連續五個交易日出現大賣超,總賣超張
數高達七十二萬五千多張,導致該檔ETF「破發」(跌破發行價),大喊「都是自營商倒
貨、自營商吃ETF豆腐」。對此,券商只能「啞巴吃黃蓮」,大嘆實際上並非如此。

自營商賣超越多 申購人數越多
事實上,不僅【統一】台灣高息動能ETF(00939)出現自營商賣超,稍後掛牌的元大台灣價值
高息ETF(00940)同樣出現自營商賣超。對此,券商表示,「這些都是幫忙造市,自營商
賣超越多,意味著申購人數越多」。

券商說明,ETF交易運作可分為初級市場與次級…",wrong,統一投信 ETF
collision:1216,1216,統一,M.1580657108.A.DE5,2020-02-02 23:25:08,新聞,name_with_context,dense,False,1,Re: [新聞] 陸股開盤恐重挫 法人：台股已反映應相對,1,False,True,2193,"[簡稱(name_with_context)] …整理。個股要先避開觀光百貨類股,製造業、電子業中勞力密集且
: 在
: : 中國有廠房或供應鏈關連者,要注意是否因疫情造成供應鏈的斷鏈危機;生技製藥等防
: 疫
: : 相關類股,以及遊戲、網購等宅經濟概念股,可能成為資金避風港。
: : 【統一】證券指出,美股科技大廠財報表現強勁,國際資金仍充沛,且台股企業獲利展望優
: 質
: : ,短期震盪不應隨之起舞,靜待修正整理後仍可望展開新一波行情。
: : 3.心得/評論:現在大概先看陸股狀況,開工疫情沒擴大大概各國股票會比較穩定
:…",wrong,統一證券
collision:1216,1216,統一,M.1582547651.A.E82,2020-02-24 20:34:11,標的,name_with_context,dense,False,2,Re: [標的] 2330 台積電 空,1,False,True,416,"[簡稱(name_with_context)] …Re: [標的] 2330 台積電 空
ptt散戶真的反指標= =

明天開始要大賺囉

還好停損有設遠一點

目標停利價250不變

希望推文散戶繼續不看好250
※ 引述《dalyadam (【統一】獅加油)》之銘言:
: 1. 標的:2330 台積電
: 2. 分類:多/空/請益/心得
: 空
: 3. 分析/正文:
: 市場盛傳美國爸爸要求台積電停止供貨給華為
: 華為佔了台積電20%產能
: 如果真的停了那是很大的利空
: 加上今…",wrong,統一獅（作者暱稱）
collision:1216,1216,統一,M.1658100796.A.654,2022-07-18 07:33:16,新聞,name_with_context,dense,False,2,[新聞] 國安撐盤、美股強漲 台股蓄勢戰萬五,1,False,True,1391,"[簡稱(name_with_context)] …美費半指數連三漲,有利半導體族群止跌回穩;

此外,台股今年來高達365檔跌幅逾三成,

包括兆遠、宏觀、華擎、撼訊、德宏及綠河-KY等跌幅更逾六成,

顯示
短期賣壓已宣洩,在Fed將於27日宣布升息前的空窗期,台股將呈現跌深反彈走勢。
【統一】投顧董事長黎方國
表示,11日國安基金例會宣布不進場,12日台股再跌389點

且創13,928點波段新低指數,12日盤後國安基金臨時會決議授權進場,

旋即帶動13日強勢反彈大漲374.06點,14、15日連兩天又震盪走高各上揚113.8…",wrong,統一投顧
collision:1216,1216,統一,M.1501735910.A.2A9,2017-08-03 12:51:50,新聞,name_with_context,dense,False,1,[新聞] 統一證發布重訊 執行停損單、損失約2千萬 已刪文,4,False,True,554,"[簡稱(name_with_context)] …[新聞] 【統一】證發布重訊 執行停損單、損失約2千萬 已刪文
1.原文連結:
http://news.ltn.com.tw/news/business/breakingnews/2151777
2.原文內容:
〔記者陳永吉/台北報導〕統一證券(2855)中…
[簡稱(name_with_context)] …[新聞] 統一證發布重訊 執行停損單、損失約2千萬 已刪文
1.原文連結:
http://news.ltn.com.tw/news/business/breakingnews/2151777
2.原文內容:
〔記者陳永吉/台北報導〕【統一】證券(2855)中午發布重大訊息指出,
今天早上的期貨自
營部門錯帳事件,是因執行停損單導致,所造成損失約2082萬元,不是外傳的6千萬或8千
萬元。
統一證券表示,今日上午8點45分24秒至8點45分25秒間,台指期貨報價由10328點降…
[簡稱(name_with_context)] …/breakingnews/2151777
2.原文內容:
〔記者陳永吉/台北報導〕統一證券(2855)中午發布重大訊息指出,
今天早上的期貨自
營部門錯帳事件,是因執行停損單導致,所造成損失約2082萬元,不是外傳的6千萬或8千
萬元。
【統一】證券表示,今日上午8點45分24秒至8點45分25秒間,台指期貨報價由10328點降至
10274點,再降至9408點。
因市場價格降至10274點,程式交易訊號落入風控停損區間,系
統自動依市場狀況送出停損單,當時市場價格已在10274點…",wrong,統一證券(2855)
collision:1216,1216,統一,M.1536679179.A.DD1,2018-09-11 23:19:39,新聞,name_with_context,dense,False,3,[新聞] 台積電爆萬張鉅額交易 法人這麼解讀 已刪文,1,False,True,1180,"[簡稱(name_with_context)] …元、261.8元、260.34元等
價格成交的交易,並以260.34元成交者最多、有7,319張;低於收盤價的六筆交易中,最
低是259.29元,折價約0.2%。

合計上述九筆高於收盤價的交易,共成交8,511張,占鉅額交易逾80%。

【統一】投顧董事長黎方國表示,綜合台積電盤中與盤後交易狀況,應該解讀台積電是短線拉
回,中長期無虞。因此股價表現雖然趨弱,卻有很多法人眼睛亮了,趕緊借道鉅額交易卡
位,且最高成交價超過267元,直逼今年最高的268元。

黎方國指出,台積電上半年弱…",wrong,統一投顧
collision:1216,1216,統一,M.1667609687.A.417,2022-11-05 08:54:47,請益,name_with_context,dense,False,1,Re: [請益] 存股獲利的迷思,1,False,True,1712,"[簡稱(name_with_context)] …而且有些還蠻有名的
(不過通常這種公司對員工都不錯,建議當他的員工不要當股東)
村姑就是要買長期獲利且配發率穩定之公司
例如每年都配發盈餘70%上下而且都有填息股更好
以上心得,供參,FYI
※ 引述《a492460167》之銘言:
: 我【統一】再回一篇好了
: 假設今天多年前兆豐買在28元
: 隔年漲到30元,且配1.7元股利你可以說賺2元價差,及1.7元股利。
: 若您認同這年賺3.7元,那你的計算基礎就不可以,再認為自己的持股成本是配息後的(2
: 8-1.7)元。
: 因為…",wrong,動詞：我統一再回一篇
collision:1216,1216,統一,M.1606915543.A.9B8,2020-12-02 21:25:43,其他,name_with_context,dense,False,2,[徵文] 8000出清持股 空手到14000,1,False,True,445,"[簡稱(name_with_context)] …不少金融股,
像是玉山中信第一台新兆豐元大合庫......
另外還買了一張中鋼領紀念品
記得領過雨傘、肥皂、水杯(有一年好像是一卡通忘了領)

前兩年也跟著版上買過長榮海(後來賠本出清掉)、
新光金(後來賠本出清掉),
自己看eps很高買了【統一】證結果配很爛(後來賠本出清掉)等等

近兩年則都是慢慢買金融股和特別股為主。
結果今年初股市開始緩跌
我原本想說「一張不賣奇蹟自來」
隨著指數逐漸走低,心情也像K線圖一樣上上下下,不知該加碼還是出清

後來三月多時表哥(就是前文中提到舅舅的…",wrong,統一證
collision:1216,1216,統一,M.1604115997.A.7A0,2020-10-31 11:46:37,新聞,name_with_context,dense,False,1,[新聞] 美大選後不確定因素消除 台股走勢會這樣,1,False,True,694,"[簡稱(name_with_context)] …ly/2HJSOYp
2.原文內容:
近期盤勢連續拉回整理,30日再收低,加權指數月K線連三黑,櫃買指數月K線連兩黑,投資專家看大盤月K線已連四個月留上影線,顯示上檔壓力大,下周美大選結果塵埃落定後,將有利買盤進場,蓄勢再挑戰萬三關卡。

【統一】投顧董事長黎方國表示,本周連續走弱且跌破月線及季線,市場聚焦11月3日美國大
選,以及歐美疫情再起,對於後者,目前全球累計確診4,500多萬例,前500萬例致死率達
6.8%,但後500萬例致死率僅1.44%,醫療照護對疫情承受度明顯提升。…",wrong,統一投顧
collision:1216,1216,統一,M.1600841689.A.58F,2020-09-23 14:14:49,新聞,name_with_context,dense,False,11,[新聞] 大咖落跑 散戶多殺多 台股跌破12700,1,False,True,964,"[簡稱(name_with_context)] …使台股
短多欲振乏力;在內、外資法人同步調節權王台積電、傳產與金融等重量級權股下,使盤
勢開低殺低,極短線呈現散戶多殺多窘境,加權指數連續向下跌破10日線、月線與12700
點。

周二重量級集團股站在多方者,僅低價群創、台玻兩檔力守榮面,【統一】、長榮與友達等穩
平盤,餘多臉色鐵青。

包括鴻海、股王大立光、台塑四寶、台泥、亞泥、國泰金、富邦金、兆豐金、中信金、中
鋼、中華電、南亞科、日月光投控、聯電、長榮航、仁寶、華航、廣達、和碩、遠東新、
台達電、聯發科、台灣大及第一金等,都走…",correct,
collision:1216,1216,統一,M.1553009569.A.6A1,2019-03-19 23:32:49,標的,name_with_context,dense,False,1,Re: [標的] 2027 大成鋼,1,False,True,1049,"[簡稱(name_with_context)] …: 籌碼面:
: 公司分點接法人垃圾接好久,明顯不給跌,搭配均線看,這裡很適合上攻,不拉抬說不
過
: 去。
: 大戶持股沒有明顯變化,不過可疑的公司分點本來就很多所以中性看待,散戶持股一直
都
: 不高。
對應最近新聞就是大國鋼買的,分點【統一】台南,買了10000多張,基本上這些相當於不再
流通了。
應該主要從台灣匯立、小摩收來的,所以這兩個開始轉買會漲。
: 法人今天小買,看起來是在試車,測一下拉不拉得動,公司方看起來也很配合,之後往
下
: 洗一點再衝的機會很大。
洗盤幅度超…",wrong,統一證券台南分點
collision:1301,1301,台塑,M.1486782780.A.F86,2017-02-11 11:13:00,心得,name_with_context,dense,False,4,[心得] 以股養老是否可考慮開辦? 已刪文,1,False,True,640,"[簡稱(name_with_context)] …不要繼承,除此之外,若股票下跌幅度逼近貸款額度,
可隨時暫停以股養老的業務.

由於股票有一定風險,因此以股養老的標的不會超過20檔,且貸款額度只能40-60%,
股本,成交量也要夠大,業績必須優良,波動風險必須低,中華電,台積電,鴻海,
【台塑】四寶,富邦國泰金應可以當成推動時的優先標的,股票比房產更容易變現,
也更靈活,政府著實可以考慮這一塊順便活絡市場.







--
※ 發信站: 批踢踢實業坊(ptt.cc), 來自: 36.226.174.36
※ 文章網址:
htt…",correct,
collision:1301,1301,台塑,M.1622834186.A.2BC,2021-06-05 03:16:26,新聞,name_with_context,dense,False,1,[新聞] 台塑麥寮 設快篩站,1,False,True,893,"[簡稱(name_with_context)] …寮 設快篩站

2021-06-05 00:45 經濟日報 / 記者曾仁凱、宋健生/台北報導

京元電竹南廠爆發移工群聚染疫事件,昨(4)日也傳出台塑麥寮六輕行政大樓一名近期
離職的約聘女員工,被家人傳染確診,公司第一時間對有接觸史的十多名【台塑】麥寮員工造
冊並居家隔離。西部半導體廊道緊張,台中大肚山沿線的機械產業更是全面戒備,強調只
要政府一開放,就會採購快篩試劑自主快篩,避免群聚感染。

昨天網路上流傳有台塑麥寮員工截圖,通訊軟體LINE的對話框中顯示要求某棟宿舍某層樓
住宿人…",correct,
collision:1301,1301,台塑,M.1468595770.A.F56,2016-07-15 23:16:10,新聞,name_with_context,dense,False,2,[新聞] 剛賠越南162億 台塑又傳偷埋百噸廢棄物 已刪文,2,False,True,2220,"[簡稱(name_with_context)] …單,要求台塑依照環保相關規定管理與處理所
排出的廢棄物。

台塑河靜鋼廠最近幾個月為多事之秋,今年4月河靜等4個省的海岸邊發現大約70噸的死
魚,河靜鋼廠被指控將有毒汙水排入海裡,造成環境災難。河靜鋼廠同意負責,上個月
承諾賠償5億美元。
【台塑】:業者未循程序處理 已解約

台塑越鋼執行副總張復寧昨證實,該廢棄物為越鋼工業廢水所產生的汙泥,越鋼與當地
擁有執照的兩家合法業者簽約,將工業廢水的汙泥統一由當地業者處置。越南官方查獲
其中一名業者未依正常程序處理汙泥後,越鋼也在第一時間與…
[簡稱(name_with_context)] …處理所
排出的廢棄物。

台塑河靜鋼廠最近幾個月為多事之秋,今年4月河靜等4個省的海岸邊發現大約70噸的死
魚,河靜鋼廠被指控將有毒汙水排入海裡,造成環境災難。河靜鋼廠同意負責,上個月
承諾賠償5億美元。
台塑:業者未循程序處理 已解約

【台塑】越鋼執行副總張復寧昨證實,該廢棄物為越鋼工業廢水所產生的汙泥,越鋼與當地
擁有執照的兩家合法業者簽約,將工業廢水的汙泥統一由當地業者處置。越南官方查獲
其中一名業者未依正常程序處理汙泥後,越鋼也在第一時間與該名業者解約。

至於後續處理問題…",correct,
collision:1301,1301,台塑,M.1518480618.A.FE4,2018-02-13 08:10:18,新聞,name_with_context,dense,False,3,[新聞] 企業生日快樂／中鋼火力全開 奠定台灣經 濟基石 已刪文,1,False,True,4136,"[簡稱(name_with_context)] …軋35.59%、線材9.96%、鋼板5.67%、棒鋼5.10%、H 型鋼2.7%
中鋼大事紀
1971 中鋼公司成立
1977 第一階建廠完工,年產粗鋼150萬公噸
1995 由國營改為民營
2000 中鋼併購燁隆取得經營權
2010 投資【台塑】越南河靜鋼廠
3.心得/評論:
  1.中鋼已是台灣拚經濟最熱的引擎:股價最熱
  2.中鴻對中鋼認同度相當高,團結戰力更強:中鴻股價與中鋼呈正相關(相關係數為1)
  3.中鋼發展軌道及風電事業「不會撤退」,結合政府政策:
    配合政…",ambiguous,台塑越南河靜鋼廠（集團專案）
collision:1301,1301,台塑,M.1568388812.A.3D8,2019-09-13 23:33:32,新聞,name_with_context,dense,False,3,[新聞] 謝金河專欄：台灣人坐在金礦上天天罵政 府！,2,False,True,1810,"[簡稱(name_with_context)] …元,全體壽險業的海外投資超過17兆元台幣,單是今年以新台幣計價的ETF就大
增2700億元以上。

我們追逐天邊雲彩,卻把台股的高殖利率的績優股棄之如敝屣,台灣股市殖利率之高,比
起周邊市場,我們實在太優異了。像最具競爭力的台積電超過3%,【台塑】四寶的南亞、台化
都過7%,台塑也有6.07%,第二大市值的鴻海也有5.4%,電子五哥中的廣達有6.32%、中華
電信有4.04%;傳統產業的台泥10%、亞泥6.39%、遠東新世紀6.26%......。

如果拿來跟鄰近市場來比,中國的茅…
[簡稱(name_with_context)] …兆元台幣,單是今年以新台幣計價的ETF就大
增2700億元以上。

我們追逐天邊雲彩,卻把台股的高殖利率的績優股棄之如敝屣,台灣股市殖利率之高,比
起周邊市場,我們實在太優異了。像最具競爭力的台積電超過3%,台塑四寶的南亞、台化
都過7%,【台塑】也有6.07%,第二大市值的鴻海也有5.4%,電子五哥中的廣達有6.32%、中華
電信有4.04%;傳統產業的台泥10%、亞泥6.39%、遠東新世紀6.26%......。

如果拿來跟鄰近市場來比,中國的茅台1.29%、伍糧液1.38%,…",correct,
collision:1301,1301,台塑,M.1724527454.A.480,2024-08-25 03:24:14,心得,name_with_context,dense,False,1,[心得] 該有人出來給老謝道歉了吧 已刪文,3,False,True,363,"[簡稱(name_with_context)] …[心得] 該有人出來給老謝道歉了吧 已刪文
老謝一出文
股板所有人都悪言相向
笑他是反指標
但事實真的是這樣嗎?
來看1/13老謝罵特斯拉
當時立刻抄特斯拉218跌到138
到今天大多頭還是沒啥賺

6/6罵【台塑】
當時說台塑要噴了不要不信
如果抄台塑的會怎樣?
62跌到51至今還在破底

最近一個罵老謝而買50反1的
也是套牢中
我希望將來他投降時
會出來跟老謝道歉

484該為老謝反指標平反了呢?

心得:在股板想找明燈,也不是那麼容易的

--…
[簡稱(name_with_context)] …[心得] 該有人出來給老謝道歉了吧 已刪文
老謝一出文
股板所有人都悪言相向
笑他是反指標
但事實真的是這樣嗎?
來看1/13老謝罵特斯拉
當時立刻抄特斯拉218跌到138
到今天大多頭還是沒啥賺

6/6罵台塑
當時說【台塑】要噴了不要不信
如果抄台塑的會怎樣?
62跌到51至今還在破底

最近一個罵老謝而買50反1的
也是套牢中
我希望將來他投降時
會出來跟老謝道歉

484該為老謝反指標平反了呢?

心得:在股板想找明燈,也不是那麼容易的

--
※ 發信站…
[簡稱(name_with_context)] …] 該有人出來給老謝道歉了吧 已刪文
老謝一出文
股板所有人都悪言相向
笑他是反指標
但事實真的是這樣嗎?
來看1/13老謝罵特斯拉
當時立刻抄特斯拉218跌到138
到今天大多頭還是沒啥賺

6/6罵台塑
當時說台塑要噴了不要不信
如果抄【台塑】的會怎樣?
62跌到51至今還在破底

最近一個罵老謝而買50反1的
也是套牢中
我希望將來他投降時
會出來跟老謝道歉

484該為老謝反指標平反了呢?

心得:在股板想找明燈,也不是那麼容易的

--
※ 發信站: 批踢踢實業坊(ptt.…",correct,
collision:1301,1301,台塑,M.1736504534.A.352,2025-01-10 18:22:14,新聞,name_with_context,dense,False,1,Re: [新聞] 2024最悲情！　台塑四寶今年股價重摔逾55 ％,2,False,True,242,"[簡稱(name_with_context)] …Re: [新聞] 2024最悲情! 【台塑】四寶今年股價重摔逾55 %
石化業就民生工業 100年後ai霸主可能換人
但台灣還是台塑跟中油吧
目前看來今年eps大概就沒賺沒賠
如果對岸真的做起來
個人覺得會虧損的是中油
因為虧錢的產品台塑不做的話
中油還是要做,就像台電一樣有政策使命…
[簡稱(name_with_context)] …Re: [新聞] 2024最悲情! 台塑四寶今年股價重摔逾55 %
石化業就民生工業 100年後ai霸主可能換人
但台灣還是【台塑】跟中油吧
目前看來今年eps大概就沒賺沒賠
如果對岸真的做起來
個人覺得會虧損的是中油
因為虧錢的產品台塑不做的話
中油還是要做,就像台電一樣有政策使命

現在就看台塑要怎麼轉型吧
加盟永慶房屋有搞頭?

--
※ 發信站: 批踢踢實業坊(…",correct,
collision:1301,1301,台塑,M.1660520188.A.1EF,2022-08-15 07:36:28,新聞,name_with_context,dense,False,8,[新聞]【國安基金好威2】護盤1個月體檢！大盤漲 近10%　官股買超見新面孔,1,False,True,1152,"[簡稱(name_with_context)] …聯發科、技嘉、遠東新。
另外,若以買超張數來計算,

則
近一個月官股券商買超個股張數最多為中鋼
,

其次是富邦金、遠東新、亞泥、大同。
檢視國安基金前3次進場都有買進的個股有16檔,分散在電子、金融、傳產3大板塊,
分別是傳產股:台泥、【台塑】、南亞、台化、統一;

金融股為彰銀、華南金、富邦金、國泰金、兆豐金、第一金、中信金;

電子股為台達電、台積電、廣達、可成等。

將第8次護盤期間官股買超金額最多的個股,與前3次皆有買進的個股進行交叉比對,

能發現多了幾檔新面孔,包括:…",correct,
collision:1301,1301,台塑,M.1609393996.A.0B1,2020-12-31 13:53:16,新聞,name_with_context,dense,False,6,[新聞] 台股2020年以14732點封關！收盤上漲44點 全年大漲2735點,1,False,True,751,"[簡稱(name_with_context)] ….7%
。

蘋概三王中,
台積電(2330)
今天股價走高,終場
以530元新高紀錄作收
、上漲0.95%;鴻海
(2317)以92元作收、上漲0.44%;股王大立光以3195元作收、下跌0.93%。

其他大型權值股除了中華電、大立光、【台塑】、南亞、富邦金下跌,其他都上漲。

今日上市類股漲跌互見,表現較好為玻璃類股,上漲4.15%;表現較差為電器類股,下跌1.
42%。

此外,盤面上LED族群相當強勢,榮創、光鋐、億光攻上漲停,
貨櫃航運族群也續強,長榮
、萬海、陽明漲幅也…",correct,
collision:1301,1301,台塑,M.1725898496.A.EEE,2024-09-10 00:14:56,標的,name_with_context,dense,False,2,Re: [標的] 已刪文,2,False,True,980,"[簡稱(name_with_context)] …---------------按ctrl+y 可刪除以上內容。----------------------------
: 標的:台塑
: (例 2330.TW 台積電)
: 分類:討論
: (請選擇並刪除無關分類)
: 分析/正文:
: 【台塑】是不是沒資產 還是全部無殘值
: 一隻那麽大的股票 可以腰斬
: 營業額零也不會這樣
: 也沒聽說工廠被空襲
: 再講一次
: 一隻那麽大的股票 可以腰斬
: 也太扯了吧
: 進退場機制:
: 我很多老公務員朋友 放了一堆等退休
: 什麼是…
[簡稱(name_with_context)] …率為78%,產能過剩(超需求)約1400萬噸。
這是中國讓你一手的數字,如果中國想要的話,中國自己就可以填滿全世界需求。
“高值”產品HDPE已經預估到2030年利潤率都是負的。
在這之下中國繼續用年增10%以上速度擴建可用產能。

再攤開【台塑】財報,你會看到還能撐的廠依舊是那幾個:PP.PE.PVC.VCM....
虧到爛掉的什麼碳纖維就洗洗睡吧。

至於半導體特化,在英明的專業經理人+聖上什麼都要參前案的領導下是另一個故事;而這
賺的錢日本人還要分一半走


--
※ 發信站:…",correct,
collision:1301,1301,台塑,M.1481015290.A.00B,2016-12-06 17:08:10,新聞,name_with_context,dense,False,1,[新聞] 台塑越鋼汙染 越南神父痛陳：影響台灣名譽 已刪文,2,False,True,1126,"[簡稱(name_with_context)] …未來的修法、政策上,如
何讓台商落實企業責任,最近她將找行政部門來討論此議題,落實地球村居民責任。

3.心得/評論(必需填寫滿20字):台塑已經賠惹五億美金,你們還想要怎麼樣呢?
                             【台塑】越鋼點火投產之後,一定可以大賺錢!台塑股價大漲
https://www.youtube.com/watch?v=48Y4iJMIIJY…
[簡稱(name_with_context)] …業責任,最近她將找行政部門來討論此議題,落實地球村居民責任。

3.心得/評論(必需填寫滿20字):台塑已經賠惹五億美金,你們還想要怎麼樣呢?
                             台塑越鋼點火投產之後,一定可以大賺錢!【台塑】股價大漲
https://www.youtube.com/watch?v=48Y4iJMIIJY…",correct,
collision:1301,1301,台塑,M.1539325840.A.46F,2018-10-12 14:30:40,新聞,name_with_context,dense,False,4,[新聞] 【美國股災1】台股報復性反彈　大漲239點 已刪文,2,False,True,2245,"[簡稱(name_with_context)] …擴大至50多點。

9點20分左右,包括台積電、大立光、鴻海同步走揚,帶動指數再度翻揚,約上漲逾20點
,守住9800點,9點50分左右,指數上漲近60點,12點30分過後,隨著期指漲幅擴大,在
權值股領軍下,大立光漲停,台積電也漲近3%,【台塑】漲近2%、統一上漲超過2%,金融股也
翻揚,12點41分後,台股大漲逾200點,指數再度站上萬點。

終場大立光強勢漲停、台積電大漲4.18%,帶動電子股強勢反撲,加上傳產龍頭股台塑、
統一及金融股也同步上攻,指數大漲239.7點,收100…
[簡稱(name_with_context)] …漲幅擴大,在
權值股領軍下,大立光漲停,台積電也漲近3%,台塑漲近2%、統一上漲超過2%,金融股也
翻揚,12點41分後,台股大漲逾200點,指數再度站上萬點。

終場大立光強勢漲停、台積電大漲4.18%,帶動電子股強勢反撲,加上傳產龍頭股【台塑】、
統一及金融股也同步上攻,指數大漲239.7點,收10045.81點,成交值1435億元,順利收
復萬點。

萬寶投顧執行長王榮旭表示,今天早盤台股反彈,主要是亞股中韓股已率先止穩、美債殖
利率下滑以及川普和習近平有可能在G20高峰會中見…",correct,
collision:1304,1304,台聚,M.1625374861.A.6BC,2021-07-04 13:01:01,新聞,name,sparse,False,6,[新聞] 航運股暴量下殺洩警訊？散戶注意全球2大 海運巨頭,1,False,True,1312,"[簡稱(name)] …不健康,因為整體電子股就占了台股6成的市值,結果由不到3
成的傳產股領軍上攻,當然本周四和周五指數就開始回檔了。
其實從周五的盤勢結構,可以看到成交比重占39%的航運股開始拉回,塑化股指數雖然上
漲,那是因為台塑化創下波段新高,二線塑化股如【台聚】、亞聚、台達化、國喬等都是爆大
量收黑,其實已經有出貨現象。另外,值得一提的是美元指數本周已經來到92.57的波段
新高,基本上美元指數上漲對於原物料走勢是相對不利的,事實上本周大盤創新高過程當
中,鋼鐵和塑化指數已經沒有再突破新高,只剩航…",correct,
collision:1304,1304,台聚,M.1672049606.A.245,2022-12-26 18:13:26,情報,name,sparse,False,8,[情報] 1226八大公股銀行買賣超排行,1,False,True,2836,"[簡稱(name)] …417
27
台積電          -349
28
和桐             414
28
彩晶            -338
29
中化生           397
29
永日            -333
30
【台聚】             376
30
裕民            -331
31
世紀鋼           373
31
友達            -323
32
富邦恒生國企正2  372
32
富邦台50        -313…",correct,
collision:1304,1304,台聚,M.1599655560.A.B39,2020-09-09 20:46:00,新聞,name,sparse,False,6,[新聞] 台股周轉率一路攀高…國家隊逢高減碼電,2,False,True,868,"[簡稱(name)] …的積極護盤轉為獲利了結
,逢高調節近來漲多的電子與傳產股,相關
股價由強轉弱。

而元大台灣50反1則是外資昨日的最愛,獲買超22.8萬張,國泰台灣加權反1也獲買超7,200
張,為外資第六大買超標的。買超第二到五名依次為群創、長榮、友達、【台聚】,只有兩檔電
子股。

今年來,外資賣超台股逾6,000億元,全靠內資勉力撐盤。投信昨日買超2.1億元,除買超聯
電、中鴻、台聚、長榮等個股外,同樣也買進元大台灣50反1避險。

散戶積極參與,也造成銅板股當道、周轉率持續處於高檔。昨日35…
[簡稱(name)] …2.8萬張,國泰台灣加權反1也獲買超7,200
張,為外資第六大買超標的。買超第二到五名依次為群創、長榮、友達、台聚,只有兩檔電
子股。

今年來,外資賣超台股逾6,000億元,全靠內資勉力撐盤。投信昨日買超2.1億元,除買超聯
電、中鴻、【台聚】、長榮等個股外,同樣也買進元大台灣50反1避險。

散戶積極參與,也造成銅板股當道、周轉率持續處於高檔。昨日35檔漲停個股,有26檔股價
在50元以下;當沖同樣位於高檔區,周轉率已超過一周都在30%以上。

代表國內散戶及中實戶動向的融資餘…",correct,
collision:1304,1304,台聚,M.1673433233.A.59C,2023-01-11 18:33:53,情報,name,sparse,False,10,[情報] 0111八大公股銀行買賣超排行,1,False,True,2878,"[簡稱(name)] …1132
8
力積電           -1491
9
合庫金           1073
9
中信金           -1432
10
玉山金           1056
10
臺企銀           -1232
11
【台聚】             1024
11
緯創             -1232
12
中砂             907
12
華新             -1116
13
富邦NASDAQ反1    844
13
開發金…",correct,
collision:1304,1304,台聚,M.1656078675.A.51A,2022-06-24 21:51:15,新聞,name,sparse,False,1,[新聞] 中國職場社交平台脈脈被曝大規模裁員,1,False,True,1008,"[簡稱(name)] …員比例一問回覆稱「(比例)並沒有傳聞中這麼高」。

另外,脈脈方面對「界面新聞」回應稱,近期公司整體優化比例小於15%。

脈脈成立於2013年,是國內職場社交賽道首個獨角獸企業。用戶可以在脈脈平台展示職業
履歷,交流職業和生活。由於脈脈平【台聚】集了國內絕大多數互聯網公司的員工,被網友稱
為「互聯網茶水間」。

值得一提的是,2021年,中國互聯網企業經歷了中共當局的監管風暴,過去一年多來,中
國互聯網企業的總市值累計蒸發了1.5萬億美元。阿里巴巴、騰訊、百度、快手等三十多
家企業…",wrong,「平台聚集」被切成 平+台聚
collision:1304,1304,台聚,M.1553001156.A.A00,2019-03-19 21:12:36,新聞,name,sparse,False,2,[新聞] 海航控股股權遭凍結 旗下債券兌付逾期,1,False,True,1660,"[簡稱(name)] …期),前海航交所並未按期兌付返還金額。前海航交所將
第4期還款日期延後至2019年1月31日。並且,第4期僅兌付761.35元,第5期則只有340元
,與其退出方案中的規定相去甚遠。

這並非海航旗下互聯網金融平台首次出現危機。其另一互金平【台聚】寶匯也處於兌付逾期狀
態。

據財新網的消息顯示,為了應對債務,海航控股計劃發債募資80億元,用於償還公司債務
和補充流動資金。

截至2018年9月底,海航控股總資產為1879.19億元,總負債1144.08億元,負債率60.88%
。其…",wrong,「平台聚寶匯」被切成 平+台聚
collision:1304,1304,台聚,M.1629281373.A.188,2021-08-18 18:09:33,情報,name,sparse,False,9,[情報] 0818八大公股銀行買賣超排行,1,False,True,3448,"[簡稱(name)] …-763
35      東元            472             35      富邦未來車      -757
36      神達            470             36      【台聚】            -754
37      中鋼            459             37      中航            -753
38      佳世達          454             3…",correct,
collision:1304,1304,台聚,M.1618561382.A.EF3,2021-04-16 16:23:02,其他,name,sparse,False,8,[其他] 0416上市外資買賣超排行,1,False,True,1451,"[簡稱(name)] …3.台積電   8844
4.群創          24547                       4.誠美材   7165
5.彩晶          24119                       5.【台聚】     6138
6.中鋼          13245                       6.仁寶     5147
7.旺宏          11211                       7.金寶     496…",correct,
collision:1304,1304,台聚,M.1667921359.A.852,2022-11-08 23:29:19,請益,name,sparse,False,2,Re: [請益] 存股獲利的迷思,1,False,True,2353,"[簡稱(name)] …右開始長期投資,2019自有資金全部買入

2020 6月等到確認股市V轉,用原屋融資借貸400萬1.32%(國泰人壽)

並分配在4~6個月全部投入台股,我是左側交易仔

當年運氣好,碰上大多頭買甚麼幾乎都賺錢

當時買到起漲前的光寶科、【台聚】、東鋼

第一次拿到大筆資金,很容易迷失自我

看到甚麼個股都覺得便宜,忘記投資紀律

未分3~4批資金投入單一個股

甚至優先選擇大盤ETF

導致第二階段,股票質借時期的挫敗

後來把全部部位,辦理股票質借

透過買入再質押,總共借了6…",correct,
collision:1304,1304,台聚,M.1620201264.A.B1E,2021-05-05 15:54:24,其他,name,sparse,False,3,[其他] 1305 華夏 Q1財報 1.49,1,False,True,670,"[簡稱(name)] …餘(損失) (元):1.49
11.期末總資產(仟元):15,116,825
12.期末總負債(仟元):3,892,191
13.期末歸屬於母公司業主之權益(仟元):10,564,766
14.其他應敘明事項:無。

5/3在比華夏 亞聚 【台聚】
最後買了華夏 買在44
結果兩天後 吃個大綠棒QQ

救命阿~~~
去年Q1 0.59
今年Q1 1.49
獲利成長252%~~~

台達化Q1~1.42~~~
亞聚Q1 0.95
買華夏比較便宜
--
※ 發信站: 批踢踢實業坊(ptt…",correct,
collision:1762,1762,中化生,M.1630389605.A.257,2021-08-31 14:00:05,閒聊,name_with_context,sparse,False,7,[閒聊] 2021/08/31 盤後閒聊,1,False,True,680,"[簡稱(name_with_context)] …指
214.02 ▲  0.94 (+0.44%)  791.63億
台指期 自營商
-921
投信
+587
外資
+128
台指選 自營商
-5697
投信    0 外資
-1851
上市
漲停家數(+10%) 10
(運錩、大眾控、【中化生】、展宇、中華化、春雨、富鼎、今皓、
                   IKKA-KY、潤弘)
跌停家數(-10%)  0
上櫃
漲停家數(+10%) 10
跌停家數(-10%)  0
成交量排行:
臺企銀
、
群創
、
聯電
、
友達…",correct,
collision:1762,1762,中化生,M.1634018406.A.A44,2021-10-12 14:00:06,閒聊,name_with_context,sparse,False,7,[閒聊] 2021/10/12 盤後閒聊,1,False,True,646,"[簡稱(name_with_context)] …)  681.53億
台指期 自營商
-852
投信
-568
外資
+5515
台指選 自營商
-3121
投信    0 外資
+6043
上市
漲停家數(+10%)  4
(中華化、浪凡、大眾控、三晃)
跌停家數(-10%)  4
(【中化生】、遠雄港、裕民、圓剛)
上櫃
漲停家數(+10%) 10
跌停家數(-10%)  2
成交量排行:
長榮
、
聯電
、
元大台灣50反1
、
陽明
、
智原
成交值排行:
長榮
、
台積電
、
智原
、
陽明
、
萬海
資料來源:TWSE…",correct,
collision:1762,1762,中化生,M.1672638754.A.C6B,2023-01-02 13:52:34,新聞,name_with_context,sparse,False,3,[新聞] 醫藥營運轉骨 步入高獲利時代,1,False,True,1092,"[簡稱(name_with_context)] …0:50


記者署名:工商時報一杜蕙蓉/台北報導


原文內容:

【時報-台北電】走過疫情風暴,醫藥族群隨著利基型產品上市、權利金入帳和海外市場
發威,營運大轉骨,2023年將開啟黃金年代,步入高獲利時代。法人預估,保瑞、美時、
生泰、【中化生】、生達、東洋、寶齡、旭富、南光等公司,有機會從半個股本起跳,整體生
技業獲利將改寫新高。

另外,藥證和授權案的權利金入帳,將是史上最佳表現,2023年的生技醫藥產業將進入一
個全新的世代。

統一投研部指出,2023年台灣生技具備的優勢與…",correct,
collision:1907,1907,永豐餘,M.1620635278.A.57D,2021-05-10 16:27:58,情報,name,sparse,False,12,[情報]0510上市外資買賣超排行,1,False,True,2350,"[簡稱(name)] …29.群光            2528
30.台新金           6946    30.明基材          2427



其他買超               其它賣超

國票金   6940          【永豐餘】     2400
國泰金   6734          東和鋼鐵   2288
華南金   6681          聯詠       2281
東元     6605          日月光投控 2152
遠東新   6576…",correct,
collision:1907,1907,永豐餘,M.1637662715.A.CBD,2021-11-23 18:18:35,情報,name,sparse,False,8,[情報] 1123八大公股銀行買賣超排行,1,False,True,3456,"[簡稱(name)] …539             48      中興電          -301
49      彰銀            538             49      國精化          -300
50      【永豐餘】          537             50      期元大美元指正2 -288

來源:
https://www.wantgoo.com/stock/public-bank/buy-sell
--
※ 發信站: 批踢踢實業坊…",correct,
collision:1907,1907,永豐餘,M.1512824127.A.7DA,2017-12-09 20:55:27,新聞,name,sparse,False,2,[新聞] 神秘外資連續賣超味全95天 傳頂新籌錢 已刪文,2,False,True,1041,"[簡稱(name)] …結連十季虧損轉為盈餘,卻
有神秘外資連續九十五天大賣味全股票,累計賣超張數達二萬二九九七張,套現逾四.四
億元,加上頂新集團出售台北一○一約三十七.二%股權傳已進入倒數;市場點名該神秘
外資來自頂新二董魏應交,由他主導集團積極變現籌錢,接手【永豐餘】何家與三寶集團的中
國上海「一七八八國際中心」資產。

對此傳聞,魏應交幕僚僅表示毫無所悉,且股市本就是自由投資市場,買賣股票皆屬正常
行為;味全也說,無法干涉股東自由買賣行為,強調繼續做好食安,用實際行動來感謝市
場支持。

疑為接手一七…
[簡稱(name)] …引起市場注目。

從二○一四年第三季「滅頂」事件起,味全創下連續十季度虧損,累積虧損達三十三億餘
元,幾乎吃掉三分之二個股本;但今年累計前三季稅後盈餘八六一六萬元,每股盈餘○.
一七元。

永豐金控涉違貸給三寶集團的上海一七八八國際中心,讓【永豐餘】集團總裁何壽川身陷官司
,三寶急著出脫大樓償債,市場盛傳找上一七八八大樓原始股東之一的頂新魏家;傳魏應
交開價九億多美元(約二七○億台幣),較先前中國私募基金IDG開價六十一億元人民幣
(約三百億台幣),打了九折。

頂新出售台北一○一股權…",correct,
collision:1907,1907,永豐餘,M.1682038454.A.8D3,2023-04-21 08:54:14,新聞,name,sparse,False,10,[新聞] 總統報明牌 造紙、碳權概念股紅了,2,False,True,930,"[簡稱(name)] …tocks/848068.html
發布時間:
2023/04/21

記者署名:
工商時報 呂淑美

原文內容:
蔡英文總統政策宣示催生碳權交易所
,
歐盟也通過2026年起碳進口稅上路
,在政策題材鼓
舞下,造紙類股20日狂飆,
華紙、【永豐餘】、農林
盤中登上漲停,造紙及碳權概念股齊開趴
,造紙類股指數以大漲4.96%作收,成交值增至22億元、日增逾10倍。 政策題材股利多
一波波,之前大漲的軍工股、航太股、綠能儲電及觀光餐飲股等大漲後,近日接續拉回,
隨著520進入倒數一個月,…
[簡稱(name)] …碳權概念股範圍極廣,包括大型權值
股台積電、台泥、中鋼、台塑
等近年大
舉種林,手中都有碳權交易,以及造紙類股、擁有全台最大資產的農林,以及其他水力風
力發電、新能源車、太陽能等,都是近來市場相當受到關注的焦點。
造紙類股20日一早由華紙及【永豐餘】領頭大漲
,華紙開盤沒多久衝停就一路鎖死到底,永豐
餘最後收漲8.11%,正隆、寶隆、榮成等都漲1%~3%以上,個股也同步爆出大量,帶動
類股指數收326.66點,為今年6月底來最高,漲幅4.95%,為2021年9月底來最高,成交值
22.…",correct,
collision:1907,1907,永豐餘,M.1618561382.A.EF3,2021-04-16 16:23:02,其他,name,sparse,False,8,[其他] 0416上市外資買賣超排行,1,False,True,1451,"[簡稱(name)] …51                       19.華榮    2496
20.元大台灣50    6410                       20.集盛    2465

熱門股買超

中鴻  5257   長榮航3305
【永豐餘】3577   第一銅3278
萬海  3152   元大台灣50反1 2778
四維航2588   裕民  2375
鴻海   812   宏達電845
長榮海 793   東鋼1589

熱門股賣超

南電2266
景碩2030
京元電1…",correct,
collision:1907,1907,永豐餘,M.1734516903.A.849,2024-12-18 18:15:03,新聞,name,sparse,False,1,[新聞] 永豐餘邁向下一個百年永豐餘學院長何壽川 : 醣經濟開創綠色新局,21,False,True,1162,"[簡稱(name)] …[新聞] 【永豐餘】邁向下一個百年永豐餘學院長何壽川 : 醣經濟開創綠色新局
原文標題:

永豐餘邁向下一個百年 永豐餘學院長何壽川: 醣經濟開創綠色新局

原文連結:
https://reurl.cc/A60x6Y
發布時間:2024/12/16 18:15…
[簡稱(name)] …[新聞] 永豐餘邁向下一個百年【永豐餘】學院長何壽川 : 醣經濟開創綠色新局
原文標題:

永豐餘邁向下一個百年 永豐餘學院長何壽川: 醣經濟開創綠色新局

原文連結:
https://reurl.cc/A60x6Y
發布時間:2024/12/16 18:15:02

記者署名:…
[簡稱(name)] …[新聞] 永豐餘邁向下一個百年永豐餘學院長何壽川 : 醣經濟開創綠色新局
原文標題:

【永豐餘】邁向下一個百年 永豐餘學院長何壽川: 醣經濟開創綠色新局

原文連結:
https://reurl.cc/A60x6Y
發布時間:2024/12/16 18:15:02

記者署名:鄭芝珊

原文內容:

創建於1924年的永豐餘,日前剛歡…",correct,
collision:1907,1907,永豐餘,M.1531829884.A.6D3,2018-07-17 20:18:04,新聞,name,sparse,False,3,[新聞] 超商鮮食驚漲！小七握便當漲3成　全家也 已刪文,1,False,True,1384,"[簡稱(name)] …都是盤子」、「燒肉丼要89元,不如加10元吃
某家的青菜牛丼套餐,還有一碗味噌湯勒。」

7-ELEVEN表示,「麻婆烤雞腿排握便當」是握便當第一支聯名商品,主打超豪邁肉量、創
新吃法,價格為原店的1/3不到。

不只小7,全家便利商店也和【永豐餘】生技聯名推無添加便當,標榜無味精、無防腐劑,履
歷透明,所有食材都可溯源,限量限店販售,一個售價88元。

針對超商調漲商品售價,消基會董事長游開雄認為可從兩個層面來看,首先,標示、廣告
是否不實、引人錯誤,其次,價格高低是否違反規範;除非…",ambiguous,永豐餘生技（未上市子公司）
collision:1907,1907,永豐餘,M.1497671053.A.E94,2017-06-17 11:44:13,新聞,name,sparse,False,1,[新聞] 大股東政商背景硬 近2年踩雷不斷 已刪文,1,False,True,951,"[簡稱(name)] …中投資
及輝山乳業閃崩曝險案,讓永豐金控大股東被迫現身在陽光下接受外界檢視。

連家是老股東 中資參股搶頭香

永豐金控最早是以國民黨及潤泰、東帝士等集團投資的華信銀行為主體,先是與建弘集團
的建弘證券合併為建華金控,建華金控再與大股東包括【永豐餘】集團何家、連戰家族的台北
國際商業銀行合併為永豐金控。

永豐也是西進中國最積極的金控業者。二○一三年四月兩岸「金銀三會」,雙方同意放寬
中資銀行「參股」台資銀行上限從五%提高到二十%;才幾天後,永豐金控就「搶頭香」
宣布與中國工商銀行簽署…",ambiguous,永豐餘集團，文章主體為永豐金(2890)
collision:1907,1907,永豐餘,M.1587522884.A.C74,2020-04-22 10:34:44,新聞,name,sparse,False,1,[新聞] 林家、何家吃和解飯 寶佳將淡出永豐金,1,False,True,1167,"[簡稱(name)] …兩家寶佳集團旗下公司雙雙位列前十大股東,合計持股更接近6%。

近一年來,寶佳對永豐金的持股已從最高檔時的逼近10%,減碼約4個百分點,隨著林家
宏與何壽川在改選前提前和解,林家宏後續還將展開新一波的永豐金釋股行動。

根據永豐金最新公告,【永豐餘】投資控股持股4.15%、永豐金證券員工持股信託專戶持股
1.95%、上誼文化持股1.56%、信誼1.35%,合計檯面上看得到的集團持股為9.1%,據
了解,若加計何壽川的外圍勢力持股,至少可掌約兩成股權。

知情人士透露,3月的飯局是在永豐…",correct,
collision:1907,1907,永豐餘,M.1634515095.A.6DF,2021-10-18 07:58:15,新聞,name,sparse,False,2,[新聞] 陸紙價飆新高 造紙三雄吃補,1,False,True,1466,"[簡稱(name)] …能耗雙控限產等風險急升,大陸紙廠頻頻發出漲價函,龍頭廠玖龍更宣布五天內將連二漲
,上周一波漲價潮已推升大陸紙價17日改寫今年來新高,瓦楞原紙生產價飆上人民幣
3,933元,較十一黃金周前大漲逾6%,接著本周漲價潮再起。國內
造紙三雄榮成、【永豐餘】
與正隆
在大陸的生產基地將持續貼近大廠報價跟漲受惠。

近期上游原材料瘋漲,帶動浙江、江蘇、湖北等地紙板廠掀起漲價潮,多家紙板廠漲幅逾
5%。值得注意的是,除了歸因上游紙價連漲、停電限產持續,業者觀察到8、9月出現終
端需求不旺的現象,大…",correct,
collision:1907,1907,永豐餘,M.1624460684.A.152,2021-06-23 23:04:44,新聞,name,sparse,False,3,[新聞] 工紙再喊漲 正隆、榮成樂翻,1,False,True,875,"[簡稱(name)] …勵。

另一家工紙大廠榮成,則受惠兩岸工紙廠產能皆滿載,5月營收52.12億元,年增61%,改
寫歷史次高紀錄;累計前五月每股稅前盈餘0.87元,較去年同期轉虧為盈。

防疫警戒升級推動「宅經濟」發酵,網購、蔬果產地直送等需求出籠,隨正隆、【永豐餘】陸
續傳出與客戶協商提價,市場預期榮成及其他紙廠可望將跟進。榮成下半年、明年將陸續
完成龍潭、路竹紙箱廠擴產計畫,後市營運持續看俏。


心得/評論:

榮成、寶隆

紙箱王要複制海運走勢了

上看30



--
※ 發信站: 批踢踢實業…",correct,
collision:2002,2002,中鋼,M.1596093882.A.514,2020-07-30 15:24:42,其他,name_with_context,dense,False,3,[舊聞] 上緯暫貼息，子公司通過上海科創板掛牌審,1,False,True,867,"[簡稱(name_with_context)] …溫,夏季用電需求大暴增,風電/太陽能勢必會被重視

政策面政府也有支持。而從月營收來看,上緯4-6月營收都很強進,
最近8/10日公布七月財報,還有8/15前公布Q2 EPS,感覺都可以期待

相較鋼鐵股有 世紀鋼/大成鋼/新光鋼/亞美鋼/【中鋼】根本不知道比重
太陽能那邊也是一堆場家大亂鬥,體質/營收有不確定,
上緯身為材料商看起來是比較直接受益。

--
※ 發信站: 批踢踢實業坊(ptt.cc), 來自: 36.235.123.197 (臺灣)
※ 文章網址:
https://…",correct,
collision:2002,2002,中鋼,M.1697952562.A.604,2023-10-22 13:29:22,新聞,name_with_context,dense,False,3,Re: [新聞] 貧窮感來襲 薪資指標惡化,1,False,True,407,"[簡稱(name_with_context)] …較,也增加0.04倍,同樣顯示
所
: 得不均一再擴大。
: 心得/評論:
: 營業盈餘佔比升高,但是我國受僱人員報酬占GDP比重降至43.03%,史上最低,可支配
所
: 得也不斷降低,貧富差距拉大。
: 定存股不斷下跌,如台泥,中華電,【中鋼】,都是警訊
不知道你有沒有發現,你心得""可支配所得也不斷降低"",跟新聞內容完全無關,實際上也
並非事實
https://i.imgur.com/GaxPQ7w.jpg…",correct,
collision:2002,2002,中鋼,M.1675143487.A.079,2023-01-31 13:38:07,情報,name_with_context,dense,False,1,[情報] 中鋼111年12月份自結合併營收及稅前盈餘,3,False,True,449,"[簡稱(name_with_context)] …[情報] 【中鋼】111年12月份自結合併營收及稅前盈餘
1. 標題:中鋼111年12月份自結合併營收及稅前盈餘

2. 來源:公開資訊觀測站

3. 網址:
https://mops.twse.com.tw/mops/web/t05sr01_1
4. 內文…
[簡稱(name_with_context)] …[情報] 中鋼111年12月份自結合併營收及稅前盈餘
1. 標題:【中鋼】111年12月份自結合併營收及稅前盈餘

2. 來源:公開資訊觀測站

3. 網址:
https://mops.twse.com.tw/mops/web/t05sr01_1
4. 內文:

1.事實發生日:112/01/31
2.公司名稱:…
[簡稱(name_with_context)] …111年12月份自結合併營收及稅前盈餘

2. 來源:公開資訊觀測站

3. 網址:
https://mops.twse.com.tw/mops/web/t05sr01_1
4. 內文:

1.事實發生日:112/01/31
2.公司名稱:【中鋼】公司
3.與公司關係(請輸入本公司或子公司):本公司
4.相互持股比例:不適用
5.發生緣由:無
6.因應措施:無
7.其他應敘明事項(若事件發生或決議之主體係屬公開發行以上公司,本則重大訊息同時
  符合證券交易法施行細則第7條第9款所定…",correct,
collision:2002,2002,中鋼,M.1449366353.A.1D4,2015-12-06 09:45:53,標的,name_with_context,dense,False,1,[標的] 中鋼股利太屌了 已刪文,2,False,True,389,"[簡稱(name_with_context)] …[標的] 【中鋼】股利太屌了 已刪文
剛去查了一下中鋼歷年發股利的資訊

從72年看到103年

竟然只有3年的股利低於1元(現金和股票加總)

分別是82年的0.86
     101年  0.5
     102年  0.9

但有2次就在近5年內.
近…
[簡稱(name_with_context)] …[標的] 中鋼股利太屌了 已刪文
剛去查了一下【中鋼】歷年發股利的資訊

從72年看到103年

竟然只有3年的股利低於1元(現金和股票加總)

分別是82年的0.86
     101年  0.5
     102年  0.9

但有2次就在近5年內.
近5年的股利幾乎都是1元左右(或以下)…",correct,
collision:2002,2002,中鋼,M.1631700009.A.EF0,2021-09-15 18:00:09,新聞,name_with_context,dense,False,1,[新聞] 中鋼開出10月及第4季內銷盤價 平均調漲1. 32%,3,False,True,1412,"[簡稱(name_with_context)] …際強冶金煤受中國對澳煤禁令,以及蒙古疫情
阻礙煤礦供應影響,大幅上漲至每公噸350美元以上,創下10年來新高。

此外,各項煉鋼副原料如電解錳、合金鐵等供應短缺且成本不斷攀升,整體原料成本仍處
高檔,加上運費高漲,支撐國際鋼價穩健運行。

【中鋼】表示,10月電磁鋼捲每公噸調漲新台幣500元,第4季中高碳棒線每公噸調漲500元,
鋼板、熱軋鋼板、熱軋鋼捲、電鍍鋅鋼捲(季盤轉月盤)、熱浸鍍鋅鋼捲、汽車料每噸調
漲1500元,棒線(冷打、低合金)每噸調漲1000元。

中鋼指出,時序邁入…
[簡稱(name_with_context)] …重受阻,導致下游產銷動能趨緩,需求可能遞延釋
出。

中鋼說明,全球經濟成長依然強勁,國際主要預測機構預估今年全球國內生產毛額(GDP
)成長率達5.4至6%,而美、中、歐、印度等國連袂推動大型基礎建設方案,奠定全球鋼
材需求榮景基石。

【中鋼】指出,受惠全球經濟穩定復甦,台灣進出口強力擴張,財政部公布8月出口395.5億美
元、進口360.8億美元,雙雙再創歷年單月新高,連14紅,製造業生產動能無虞。

受各國環保減碳政策及鋼廠歲修等影響,鋼鐵供給面持續緊俏,中國配合明年2月北京…
[簡稱(name_with_context)] …本製鐵與豐田汽車「集購價格」終於達成協議,下半年度也就是今年10月至2022
年3月鋼材每公噸調漲2萬日圓(182美元),漲幅達10年來之最,將連動家電、建築及造
船等終端用鋼產業採購價格。(編輯:趙蔚蘭)1100915



心得/評論:【中鋼】調漲10月內銷盤價,但是這兩天不漲反跌,等再跌一點就是進場好時機
           。
           ※必需填寫滿20字




--
※ 發信站: 批踢踢實業坊(ptt.cc), 來自: 118.169.22.243 (臺灣)…",correct,
collision:2002,2002,中鋼,M.1557982110.A.2E0,2019-05-16 12:48:30,新聞,name_with_context,dense,False,2,[新聞] 台灣鋼鐵集團欲入主中鋼一席董事　正尋找異業合作機會,7,False,True,1331,"[簡稱(name_with_context)] …xzz5o3lqVxeL
2.原文內容:
台灣鋼鐵集團欲入主中鋼一席董事 正尋找異業合作機會
2019年05月15日 16:35  ETtoday新聞雲  記者李蕙璇/台北報導

台灣鋼鐵集團成軍三年多來,總營收破400億元,近日傳出欲入主【中鋼】一席董事消息,在
鋼鐵圈內傳得沸沸揚揚,據悉
該集團內部仍正尋找異業合作方式參與中鋼經營
。

台灣鋼鐵集團成軍3年來,年總營收逾400億元,次於台灣最大的中鋼及義聯,為國內第三
大鋼鐵集團。成員有久陽(5011)、春雨(2012)、榮剛(…
[簡稱(name_with_context)] …合作機會
2019年05月15日 16:35  ETtoday新聞雲  記者李蕙璇/台北報導

台灣鋼鐵集團成軍三年多來,總營收破400億元,近日傳出欲入主中鋼一席董事消息,在
鋼鐵圈內傳得沸沸揚揚,據悉
該集團內部仍正尋找異業合作方式參與【中鋼】經營
。

台灣鋼鐵集團成軍3年來,年總營收逾400億元,次於台灣最大的中鋼及義聯,為國內第三
大鋼鐵集團。成員有久陽(5011)、春雨(2012)、榮剛(5009)、官田鋼(2017)、春
日機械(4544)及沛波鋼鐵(6248)等同業結…
[簡稱(name_with_context)] …李蕙璇/台北報導

台灣鋼鐵集團成軍三年多來,總營收破400億元,近日傳出欲入主中鋼一席董事消息,在
鋼鐵圈內傳得沸沸揚揚,據悉
該集團內部仍正尋找異業合作方式參與中鋼經營
。

台灣鋼鐵集團成軍3年來,年總營收逾400億元,次於台灣最大的【中鋼】及義聯,為國內第三
大鋼鐵集團。成員有久陽(5011)、春雨(2012)、榮剛(5009)、官田鋼(2017)、春
日機械(4544)及沛波鋼鐵(6248)等同業結盟,主要整合上中下游鋼品事業群,減少重
複投資讓資源有效利用,逐漸從中南部市…",correct,
collision:2002,2002,中鋼,M.1616499417.A.458,2021-03-23 19:36:57,其他,name_with_context,dense,False,1,[其他] 股東會紀念品部分已公佈,1,False,True,251,"[簡稱(name_with_context)] …[其他] 股東會紀念品部分已公佈
好像還沒有人po,給大家參考一下,有幾檔已經過了最後買進日,大部分尚未公佈(華南金、【中鋼】!)
https://histock.tw/stock/gift.aspx
永豐金的旅行毯不知道怎麼樣?
聯電有角落生物帆布包
-----
Sent from JPTT on my iPhone

--
※ 發信站: 批踢踢實業坊(ptt.…",correct,
collision:2002,2002,中鋼,M.1640163390.A.602,2021-12-22 16:56:30,新聞,name_with_context,dense,False,1,[新聞] 中鋼明年1月及首季盤價走跌 平均調降2.15 %,3,False,True,999,"[簡稱(name_with_context)] …以原文網頁/報紙之發布時間為準)
原文內容:(中央社記者蔡芃敏台北22日電)中鋼今天表示,明年1月與首季盤價全面走跌,平均調
降2.15%。展望後市,中鋼認為,鋼價已築底盤整,預計剛性需求將在明年農曆春節後出
籠,看好鋼價迎來反彈契機。

【中鋼】今天發布新聞稿指出,考量下游用鋼產業進入去化庫存階段,且新台幣匯率相對強勢
,加上煤鐵原料成本續居高檔,中鋼決議明年1月份及第1季盤價持續採行「穩健、合宜、
順勢」訂價策略,平均降幅2.15%。

中鋼指出,熱軋鋼板(一般料)、熱軋鋼捲(軋…
[簡稱(name_with_context)] …全面走跌,平均調
降2.15%。展望後市,中鋼認為,鋼價已築底盤整,預計剛性需求將在明年農曆春節後出
籠,看好鋼價迎來反彈契機。

中鋼今天發布新聞稿指出,考量下游用鋼產業進入去化庫存階段,且新台幣匯率相對強勢
,加上煤鐵原料成本續居高檔,【中鋼】決議明年1月份及第1季盤價持續採行「穩健、合宜、
順勢」訂價策略,平均降幅2.15%。

中鋼指出,熱軋鋼板(一般料)、熱軋鋼捲(軋延料與一般料)、冷軋鋼捲(一般料)與
熱浸鍍鋅鋼捲(建材、烤漆料)1月盤價每公噸調降新台幣900元,中低規與…
[簡稱(name_with_context)] …節後出
籠,看好鋼價迎來反彈契機。

中鋼今天發布新聞稿指出,考量下游用鋼產業進入去化庫存階段,且新台幣匯率相對強勢
,加上煤鐵原料成本續居高檔,中鋼決議明年1月份及第1季盤價持續採行「穩健、合宜、
順勢」訂價策略,平均降幅2.15%。

【中鋼】指出,熱軋鋼板(一般料)、熱軋鋼捲(軋延料與一般料)、冷軋鋼捲(一般料)與
熱浸鍍鋅鋼捲(建材、烤漆料)1月盤價每公噸調降新台幣900元,中低規與高規電磁鋼捲
調降500元,熱浸鍍鋅鋼捲與電鍍鋅鋼捲維持平盤。

明年首季盤價,熱軋鋼板(中高…",correct,
collision:2002,2002,中鋼,M.1698674082.A.884,2023-10-30 21:54:42,新聞,name_with_context,dense,False,1,[新聞] 鋼市逐步恢復元氣 中鋼「一本三利」護體,6,False,True,936,"[簡稱(name_with_context)] …文連結:
https://money.udn.com/money/story/5612/7536645
發布時間:

2023/10/29 03:08:37

記者署名:

經濟日報 記者林政鋒/高雄報導

原文內容:

鋼市逐步恢復元氣,【中鋼】出現「一本三利」護體,除基本面谷底回升,子公司中碳、中鋁
、高科等獲利增,對母公司貢獻度受注目。

中鋼股價最近一度來到近三年新低,上周五(27日)收24元,跌0.05元,法人評估被低估
錯殺,目前除了鋼鐵業逐步復元,中碳在電池綠能及半導體…
[簡稱(name_with_context)] …發布時間:

2023/10/29 03:08:37

記者署名:

經濟日報 記者林政鋒/高雄報導

原文內容:

鋼市逐步恢復元氣,中鋼出現「一本三利」護體,除基本面谷底回升,子公司中碳、中鋁
、高科等獲利增,對母公司貢獻度受注目。

【中鋼】股價最近一度來到近三年新低,上周五(27日)收24元,跌0.05元,法人評估被低估
錯殺,目前除了鋼鐵業逐步復元,中碳在電池綠能及半導體產業鏈有角色,中鋁與高科大
啖汽車與衛星、雷達等軍工商機,雖然鋼市不景氣,中鋼母以子貴情況下,今年財報表…
[簡稱(name_with_context)] …對母公司貢獻度受注目。

中鋼股價最近一度來到近三年新低,上周五(27日)收24元,跌0.05元,法人評估被低估
錯殺,目前除了鋼鐵業逐步復元,中碳在電池綠能及半導體產業鏈有角色,中鋁與高科大
啖汽車與衛星、雷達等軍工商機,雖然鋼市不景氣,【中鋼】母以子貴情況下,今年財報表現
或許將優於市場預期,中長期不看淡。

法人分析,中鋼「一本三利」格局成形。首先是基本面谷底轉正,大陸鋼協最新發布報告
認為,大陸工信部、國家發改委等官方單位推動「鋼鐵業穩步增長工作方案」,已有效提
振鋼鐵業信心…",correct,
collision:2006,2006,東和鋼鐵,M.1607912372.A.D27,2020-12-14 10:19:32,標的,name,sparse,False,2,[標的] 東和鋼鐵 （中長期多單）,2,False,True,183,"[簡稱(name)] …[標的] 【東和鋼鐵】 (中長期多單)
1. 標的:東和鋼鐵

2. 分類:中長期多單

3. 分析/正文:

基本面

在原物料的漲價下,相關產品也陸續漲價中,近期內還是持續享有低存貨成本的優勢
相關廠商威致、海光、豐興最近都在噴

技術面

目前判斷爲整理,…
[簡稱(name)] …[標的] 東和鋼鐵 (中長期多單)
1. 標的:【東和鋼鐵】

2. 分類:中長期多單

3. 分析/正文:

基本面

在原物料的漲價下,相關產品也陸續漲價中,近期內還是持續享有低存貨成本的優勢
相關廠商威致、海光、豐興最近都在噴

技術面

目前判斷爲整理,短期內要有波段漲幅還是要再一根出量,以…",correct,
collision:2006,2006,東和鋼鐵,M.1629524138.A.700,2021-08-21 13:35:38,新聞,name,sparse,False,2,[新聞] 五大投顧上半年最準:CMoney獵報分析各券商EPS估值,1,False,True,882,"[簡稱(name)] …盤價為246元,報酬率為30.5%。

另外,其他檔個股報酬率皆有一定的水準。

另也可從CMoney獵報中看出各券商預估EPS最準前十名,

其中不乏在2021年漲幅超過50%的個股,

而上半年熱門的傳產領頭羊鋼鐵類股也列居其中,包含:【東和鋼鐵】、中鴻、世紀鋼、

新光鋼。近日大盤表現不理想,個股的表現皆呈現疲弱,

不過,在CMoney整理出來的熱門個股裡(
https://cmy.tw/007oSe
),

優於近幾日大盤績效者還是有多檔標的可供參考。
https://i.im…",correct,
collision:2006,2006,東和鋼鐵,M.1607686474.A.AF9,2020-12-11 19:34:34,新聞,name,sparse,False,4,[新聞] 〈台股盤後〉金融股接棒 台積電買盤承接 指數大洗三溫暖 驚險守紅,1,False,True,847,"[簡稱(name)] …融族群表
現強勢,扮演大盤撐盤要角,指標股富邦金大漲逾 4%,國泰金、中信金、兆豐金等也有
逾 1% 漲幅。

鋼市逐漸走出谷底,鋼鐵股受惠漲價利多,持續吸引資金進駐,今日股價相對抗跌,威致
收在漲停價 19.55 元,中鴻也有逾半根停板,【東和鋼鐵】、中鋼、燁輝等均收紅盤。

法人表示,儘管台股漲多拉回,但進入產業、法人作帳旺季,市場對經濟前景仍樂觀看待
,多頭格局不變,且短中長期均線呈多頭排列,仍將維持於高檔震盪格局。


3.心得/評論:
※必需填寫滿20字
才一兩百點而已就在洗三…",correct,
collision:2006,2006,東和鋼鐵,M.1620376104.A.B51,2021-05-07 16:28:24,其他,name,sparse,False,11,[其他] 0507上市外資買賣超排行,1,False,True,1537,"[簡稱(name)] …其他賣超個股

華夏    2805
中釉    2546
燁輝    2517
允強    2073
國產    1903
上銀    1587
亞泥    1408
春源    1248
南亞    1140
矽創    1108
【東和鋼鐵】 989


心得: 一句話 小兒 你是真心愛台灣嗎???? 還是只是愛台灣的空姐????

--
※ 發信站: 批踢踢實業坊(ptt.cc), 來自: 61.64.138.209 (臺灣)
※ 文章網址:
https://www.ptt.…",correct,
collision:2006,2006,東和鋼鐵,M.1600156706.A.D35,2020-09-15 15:58:26,標的,name,sparse,False,2,Re: [標的] 大成鋼,1,False,True,461,"[簡稱(name)] …戶跟著放空

今天如在增加空單上千張

明天開底就能撿便宜做多
一次把散戶放空尬上去 很精彩的

他現增價18 正常不可能跌倒18 頂多到20上下就有買盤了

從4x跌下來20 還放空的
可能是新手散戶 一次尬上去讓他們知道嘎空課程

Ex【東和鋼鐵】 中鋼 新光鋼都多頭格局

大成鋼不可能會殺多慘 跟著撿便宜做多大成鋼 才是 安全操作
※ 引述《kiker (kiker)》之銘言:
: 1. 標的:
: 大成鋼
: 2. 分類:多/空/請益/心得
: 多
: 3. 分析/正文:
: 已…",correct,
collision:2006,2006,東和鋼鐵,M.1646904643.A.97D,2022-03-10 17:30:43,情報,name,sparse,False,1,[情報] 東和鋼鐵 股利開獎 已刪文,1,False,True,30,"[簡稱(name)] …[情報] 【東和鋼鐵】 股利開獎 已刪文
http://i.imgur.com/xK9NNie.jpg…",correct,
collision:2006,2006,東和鋼鐵,M.1629281373.A.188,2021-08-18 18:09:33,情報,name,sparse,False,9,[情報] 0818八大公股銀行買賣超排行,1,False,True,3448,"[簡稱(name)] …-626
48      菱光            329             48      富喬            -626
49      鴻海            319             49      【東和鋼鐵】        -591
50      頎邦            301             50      國喬            -590

來源:
https://www.wantgoo.com/stock/public-…",correct,
collision:2006,2006,東和鋼鐵,M.1620030976.A.F25,2021-05-03 16:36:16,其他,name,sparse,False,7,[其他] 0503 上市外資買賣超排行,1,False,True,1991,"[簡稱(name)] …3794    30.鴻準            3101

其它買超              其它賣超
技嘉     3739         華新科     3032
台達電   3638         晶豪科     2787
【東和鋼鐵】 3386         聯詠       2514
華紙     3259         台玻       2432
天鈺     3111         日月光投控 1894
凌巨     2957         萬海…",correct,
collision:2006,2006,東和鋼鐵,M.1601256818.A.092,2020-09-28 09:33:38,新聞,name,sparse,False,3,[新聞] 聯電、宏碁 買盤進駐 | 市場焦點 | 證券 | 經濟日報,2,False,True,895,"[簡稱(name)] …時、美中緊張關係等變
數,台股近期呈區間震盪走勢,市場資金正在尋找下一波潛力題材股之際,「滿單概念股
」成為市場矚目焦點。觀察近十個交易日,聯電、宏碁等均獲三大法人買單進駐。
其中以買超聯電(2303)10.2萬張最多,宏碁買超4.9萬張、【東和鋼鐵】買超1.5萬張。但同
時期,台積電、巨大等被三大法人出脫減碼,以台積電賣超9.4萬張較顯著。

進一步分析十大「滿單概念股」股價表現,這些個股近十個交易日股價呈現「漲跌互見」
景況。聯嘉、聯電等,因獲市場的買盤加持,股價穩步攀升,走勢相對耀…
[簡稱(name)] …但同
時期,台積電、巨大等被三大法人出脫減碼,以台積電賣超9.4萬張較顯著。

進一步分析十大「滿單概念股」股價表現,這些個股近十個交易日股價呈現「漲跌互見」
景況。聯嘉、聯電等,因獲市場的買盤加持,股價穩步攀升,走勢相對耀眼。至於世界、
【東和鋼鐵】、巨大等,股價走勢均是疲弱下跌。

法人機構表示,台積電方面,目前在5奈米製程取得領先優勢,2022年進入 3奈米之後,
成長動能將再加速,2021年為因應先進製程、3D封裝的擴產需求,資本支出可望上修至18
0億美元,預估台積電2020年…",correct,
collision:2013,2013,中鋼構,M.1507559009.A.573,2017-10-09 22:23:29,新聞,name,sparse,False,1,[新聞] 中鋼發展太陽能 廠區設發電裝置 已刪文,2,False,True,1032,"[簡稱(name)] …,打造80MW(百萬瓦)機組,一年發電量可達1.02億度,
一年並將有
4.76億元
收入進帳
。

中鋼光能總經理林聖德說,該集團為響應政府推動綠能政策,去年10月由中鋼、中龍、中
碳和中宇合資17.44億元成立該公司,計劃以中鋼、中鴻、【中鋼構】、中鋁、中機、中碳、
磁科等相關廠區共占地80公頃廠房屋頂,設置太陽能發電裝置。

自今年5月在中鋼廠房展開首批太陽能板安裝後,目前相關工程正如火如荼進行中,預計
至年底,包括中鋼、中鋼構、中鋁、中機、中鴻和中龍等將可完成30MW建置。…
[簡稱(name)] …中宇合資17.44億元成立該公司,計劃以中鋼、中鴻、中鋼構、中鋁、中機、中碳、
磁科等相關廠區共占地80公頃廠房屋頂,設置太陽能發電裝置。

自今年5月在中鋼廠房展開首批太陽能板安裝後,目前相關工程正如火如荼進行中,預計
至年底,包括中鋼、【中鋼構】、中鋁、中機、中鴻和中龍等將可完成30MW建置。

明年中鋼、中鋁其他廠房也將安裝,規模為30MW;至於後年還會再建置20MW,完成80MW目
標。

中鋼指出,所有集團內廠區發電裝置全面併聯後,一年總發電可達1.02億度,以回售給台
電每…",correct,
collision:2013,2013,中鋼構,M.1585201748.A.57E,2020-03-26 13:49:08,新聞,name,sparse,False,1,[新聞] 世紀鋼 去年每股賺3.53元,1,False,True,610,"[簡稱(name)] …區,新廠預計將於明年第四季試產,到後年產能上看50座
。

由於台北港基地仍有腹地,依世紀鋼目前依照規劃產能,未來還有空間可擴廠,同時與新
光鋼策略合作成立前端離岸風電公司,確保準時交貨。

隨著中鋼興達海基竣工,離岸風電商機進到實作進程,【中鋼構】跑在前面,世紀鋼數月後即
可跟上。
https://www.google.com.tw/amp/s/money.udn.com/money/amp/story/5710/4443496
心得:

今天沒反應是因為獲利大半來自出售桃園物流廠?…",correct,
collision:2013,2013,中鋼構,M.1430136953.A.583,2015-04-27 20:15:53,新聞,name,sparse,False,1,[新聞] 中鋼構官田廠火警　幸無人傷 已刪文,3,False,True,658,"[簡稱(name)] …[新聞] 【中鋼構】官田廠火警 幸無人傷 已刪文
1.原文連結(必須檢附):
http://www.appledaily.com.tw/realtimenews/article/new/20150427/600029/
2.原文內容:
中鋼構官田廠火警 幸無人…
[簡稱(name)] …[新聞] 中鋼構官田廠火警 幸無人傷 已刪文
1.原文連結(必須檢附):
http://www.appledaily.com.tw/realtimenews/article/new/20150427/600029/
2.原文內容:
【中鋼構】官田廠火警 幸無人傷
2015年04月27日16:05
中鋼構
官田廠今天傳出
火警意外
!兩名工人上午11時許正在替換乙炔鋼瓶時,突然發生外
洩冒出火花,2人緊急逃出報案。

南市消防局出動20輛消防車到場灌救,考量乙炔無毒性、無立即爆炸…
[簡稱(name)] …連結(必須檢附):
http://www.appledaily.com.tw/realtimenews/article/new/20150427/600029/
2.原文內容:
中鋼構官田廠火警 幸無人傷
2015年04月27日16:05
【中鋼構】
官田廠今天傳出
火警意外
!兩名工人上午11時許正在替換乙炔鋼瓶時,突然發生外
洩冒出火花,2人緊急逃出報案。

南市消防局出動20輛消防車到場灌救,考量乙炔無毒性、無立即爆炸可能,採灑水降溫警
戒來控制火勢,
幸火場未延燒擴大、無人傷亡…",correct,
collision:2013,2013,中鋼構,M.1616328717.A.54B,2021-03-21 20:11:57,新聞,name,sparse,False,2,[新聞] 高填息、高殖利率股 投資亮點,1,False,True,587,"[簡稱(name)] …提升,投資人留意重點不外乎殖利率高低及填息表現,個股如康那香、中鋼
構等挾高殖利率及高填息率雙優勢,吸引目光。


根據統計,過去五次填息表現上,有八成的比率在一個月之內完成填息的個股有300多檔,
為填息常勝軍,當中,康那香(9919)、【中鋼構】、智易、新光鋼、宏碁等現金股利殖利率介
於4%~8%不等,較整體台股高,具布局價值,且近期為內外資法人、中實戶等各路資金青睞
,有籌碼優勢。


日盛投顧總經理鍾國忠指出,最近全球股市下跌,除了漲多回檔,另一個重要因素就是美國
10年期公債…",correct,
collision:2013,2013,中鋼構,M.1702794560.A.969,2023-12-17 14:29:20,新聞,name,sparse,False,1,[新聞] 碳費2025開徵 營建業成本五年看增15% 已刪文,1,False,True,1075,"[簡稱(name)] …中華民國不動產聯盟
總會理事長林正雄表示,未來碳費陸續開徵,預期五年內,台灣整體營建業將至少增加15%
以上相關成本,也勢必會反映在房價上。

事實上,國內鋼筋供應大廠已擬針對附加碳排費用,將依照政府相關規定明確後,啟動因應
措施,預料包括【中鋼構】、東台、豐興等大廠也將陸續推出附加碳排費用的措施,「只是時間
早晚的問題」,業界都嚴陣以待。

對此,中鋼表示,碳中和趨勢不可逆,鋼界需嚴肅面對節能減排議題,才能發揮國際競爭力
,歐盟碳邊境調整機制(CBAM)箭在弦上,針對鋼鐵、鋁等實行「…",correct,
collision:2013,2013,中鋼構,M.1577426388.A.598,2019-12-27 13:59:48,新聞,name,sparse,False,2,[新聞] 中鋼興達海基新廠竣工 經長：「一南一北 」供應鏈成形,1,False,True,736,"[簡稱(name)] …廠今(27)日竣工,副總統陳建仁、經濟部長沈榮津及中
鋼董事長翁朝棟等產官學界人士均出席竣工典禮。沈榮津致詞表示,國內風電供應鏈逐漸
形成,分別以世紀鋼、中鋼為首,一南一北,前者在台北港,後者在高雄興達港。在高雄
,供應鏈廠商包括中鋼機械、【中鋼構】、中船等。

興達海基由中鋼100%持股,生產離岸風電水下基礎,去年母公司中鋼投入砸下68.42億元
蓋新廠,原本規劃明年一月完成興建,但因工程進度超前,趕在年底前正式啟用。

陳建仁指出,離岸風電產業進入實質運轉階段,對台灣而言,離岸風電…",correct,
collision:2013,2013,中鋼構,M.1535255245.A.7ED,2018-08-26 11:47:25,投顧,name,sparse,False,2,[投顧] 8/27-8/31 經濟日報和工商時報比賽 已刪文,1,False,True,1385,"[簡稱(name)] …│
-3.40%
│
易華電
,安碁,聰泰,信昌化,泰詠
      林鈺凱        │
-0.12%
│國泰金,正新,福懋、高鐵,仁寶
      許銘雄        │
-3.15%
│
華新科
,上銀,華通、波若威及【中鋼構】
──────────┴────┴───────────────────
註:
名字紅色
為上周冠軍,
股票紅色
為該老師最看好

上週重複選擇:
橘子
(
-2.81%
),
金像電(5.24%
)
本週重複選擇:華新科,新美齊,高鐵…",correct,
collision:2013,2013,中鋼構,M.1544344271.A.A66,2018-12-09 16:31:11,新聞,name,sparse,False,2,[新聞] 中鋼五大事業群 具競爭優勢 已刪文,1,False,True,1056,"[簡稱(name)] …五大事業群概念,有更明確
方向與願望,期待集團未來更茁壯強盛。

中鋼集團鋼鐵事業群包括中鋼、中龍、中鴻、中鋼馬來西亞、越南冷軋廠廠、印度電磁鋼
片廠等,是集團事業核心主力,除了中鋼集團發展外,更帶領國內鋼鐵工業邁向國際。

工程事業群涵蓋【中鋼構】、中宇環保、中鋼機械、中冠及發展離岸風電的興達海基公司。工
業材料事業群有中碳、中聯資源、中鋁、中能資源、高科磁技、常州中鋼精密鍛材與中鋼
精工公司等。

物流貿易事業群有中鋼運通、中貿、青島中鋼及矽軾摩凱公司等。服務投資事業群為中盈
投資…",correct,
collision:2013,2013,中鋼構,M.1676899064.A.D2E,2023-02-20 21:17:44,新聞,name,sparse,False,1,[新聞] 中碳去年每股賺7.33元 擬配息5元,1,False,True,1064,"[簡稱(name)] …署名:顏瑞田

原文內容:
中碳(1723)去年營收104.59億元,淨獲利17.02億元,換算每股稅後盈餘7.33元,董事
會20日通過配發現金股息5元,並通過工程預算約1.82億元的碳材料生產工廠二期石墨化
工場建置鋼構工程,由關係企業【中鋼構】公司承攬,而碳材料正是中碳今年開始,要強攻的
市場。

中碳20日召開董事會,通過111年度合併財務報告,全年營收104.59億元,淨獲利17.02億
元,換算每股稅後盈餘7.33元,董事會並日通過配發現金股息5元,預定6月13日召開股東…",correct,
collision:2013,2013,中鋼構,M.1522396172.A.39C,2018-03-30 15:49:32,請益,name,sparse,False,1,Re: [請益] 離岸風電還有得炒嗎 已刪文,1,False,True,447,"[簡稱(name)] …OUCHANG (自己的廢文自己發)》之銘言:
: 離岸風電就是垃圾
: 但有題材就有資金進駐
: 今年不看垃圾蘋果,看被動元件跟風機
: 風機鋼構這幾天都智障大噴 噴得空軍變智障
: 大家覺得那些二線概念股會跟著炒
: 求老司機指點
我的【中鋼構】從當初中捷砸死人後就住套房到現在,
        36T的頂峰很高很冷,
        一併請求指點到什麼價位該認賠殺出?
        還是說該抱好抱滿,
        期待重返農藥的一天呢?

        =========…",correct,
collision:2013,2013,中鋼構,M.1629784810.A.AF0,2021-08-24 14:00:10,閒聊,name,sparse,False,6,[閒聊] 2021/08/24 盤後閒聊,1,False,True,681,"[簡稱(name)] …61 ▼  0.47 (-0.23%)  861.81億
台指期 自營商
-748
投信
+251
外資
+1033
台指選 自營商
+7625
投信    0 外資
+457
上市
漲停家數(+10%) 11
(三洋紡、懷特、台揚、中航、【中鋼構】、凱羿-KY、揚明光、新興、
                   無敵、美食-KY、新唐)
跌停家數(-10%)  1
(杜康-DR)
上櫃
漲停家數(+10%) 13
跌停家數(-10%)  1
成交量排行:
群創、長榮、友達、陽明、聯…",correct,
collision:2013,2013,中鋼構,M.1541141022.A.B04,2018-11-02 14:43:42,新聞,name,sparse,False,1,[新聞] 李杰：給台東人致富的機會 已刪文,1,False,True,1398,"[簡稱(name)] …正當賺錢,當你懂得金錢的邏輯後,年紀根本不
是問題,就像一萬個人做股票,但有多少人賺錢?因為只有少數人會賺,這並不代表從股
市賺到錢就是唬爛的,憑著就是和別人不一樣的邏輯思維來賺錢。

李杰舉例,例如311大海嘯,那時發生時想到的就大量購入【中鋼構】就海撈一筆,靠著融資4
、5天就翻倍,川普當選也大漲,當大家認為蔡英文當選台股大跌,結果也是大漲,「當
大家覺得民進黨執政就大跌,那一定就不會大跌,跟群眾思考得一樣,那怎麼賺得到錢?
當大事件發生時,到底我們能不能從中賺得到錢?這才是年輕人…",correct,
collision:2014,2014,中鴻,M.1568186186.A.6F9,2019-09-11 15:16:26,新聞,name_with_context,sparse,False,2,[新聞] 中鋼8月合併營收年減8% 減幅收歛,5,False,True,931,"[簡稱(name_with_context)] …億元、年減8.24%,衰退幅度明顯收歛;累計今年前
八個月營收2,528億元、年減3.67%。
昨(10)日大陸主力廠武鋼熱軋每公噸調降人民幣
100元,後續鋼鐵市場「金九銀十」效應能否發酵,攸關中鋼今年全年獲利表現
。

另方面中鋼子公司【中鴻】8月合併營收33.78億元,年減23.66%,基本面表現有待提升。

法人表示,觀察近期外資對中鋼、中鴻母子公司的態度有別。外資明顯青睞中鴻呈現買超
,買盤持續介入,近月來中鴻外資持股占比從3.9%墊高到4.5%以上;相同時間中鋼外資持
股…
[簡稱(name_with_context)] …)日大陸主力廠武鋼熱軋每公噸調降人民幣
100元,後續鋼鐵市場「金九銀十」效應能否發酵,攸關中鋼今年全年獲利表現
。

另方面中鋼子公司中鴻8月合併營收33.78億元,年減23.66%,基本面表現有待提升。

法人表示,觀察近期外資對中鋼、【中鴻】母子公司的態度有別。外資明顯青睞中鴻呈現買超
,買盤持續介入,近月來中鴻外資持股占比從3.9%墊高到4.5%以上;相同時間中鋼外資持
股占比從20%以上降到19.48%,外資遠中鋼、親中鴻的策略十分耐人尋味。

中鋼指出,自結8月營收309…
[簡稱(name_with_context)] …幣
100元,後續鋼鐵市場「金九銀十」效應能否發酵,攸關中鋼今年全年獲利表現
。

另方面中鋼子公司中鴻8月合併營收33.78億元,年減23.66%,基本面表現有待提升。

法人表示,觀察近期外資對中鋼、中鴻母子公司的態度有別。外資明顯青睞【中鴻】呈現買超
,買盤持續介入,近月來中鴻外資持股占比從3.9%墊高到4.5%以上;相同時間中鋼外資持
股占比從20%以上降到19.48%,外資遠中鋼、親中鴻的策略十分耐人尋味。

中鋼指出,自結8月營收309.97億元、月增0.74%,但與去年…",correct,
collision:2014,2014,中鴻,M.1624966318.A.51E,2021-06-29 19:31:58,新聞,name_with_context,sparse,False,3,[新聞] 氣勢勝航運？鋼鐵股全數噴漲該追嗎？這波 鋼鐵行情需求熱到「這個時候」！,1,False,True,1743,"[簡稱(name_with_context)] …價也已瀕臨每噸1000美元大關。中鋼在4月15日大漲5月的盤價後,市場預估出廠價約
為850美元,仍遠遠落後國際行情,難怪中下游都覺得即使不想被漲,也沒有抱怨的理由
。

第3季還有行情 相關個股業績夯

在此情況下,龍頭中鋼及旗下的單軋廠【中鴻】,成本控制最穩定,全年業績大好已無懸念,
國內基建則將帶動東鋼、豐興等型鋼生產廠。至於通路商,有美國題材的大成鋼、綠能題
材的新光鋼,獲利也會明顯成長。貿易商認為,歐美鋼價持續漲勢的動能充足,將帶動亞
洲價格貼近,因此整體而言,鋼價第3季續…",correct,
collision:2014,2014,中鴻,M.1620658695.A.85B,2021-05-10 22:58:15,新聞,name_with_context,sparse,False,3,[新聞] 鋼價創20年新高！ 小型建商、營造商恐掀 跑路潮？,1,False,True,1322,"[簡稱(name_with_context)] …續到下半年,恐怕就得小心。

產線高溫運轉,熱軋、剪切,剩餘的鋼材,還得再回收,絲毫不能浪費,因為國際鋼價狂
飆,美國熱軋鋼捲價格,去年每噸460美元,現在漲到約1500美元,創新高,幾乎是20年
均價的3倍。

國內鋼價也一路向上,中鋼、【中鴻】報價連11漲,鋼鐵大廠今年前4個月營收,新光鋼、燁
興、豐興等,皆有兩位數成長,傳出小型建商快扛不住,醞釀跑路潮。

房市專家倪子仁表示,「建材本來用A貨現在用A-,我的水泥原來的磅數,是比較紮實一
點,它們用多少磅數的就降下來了,所以偷工…",correct,
collision:2014,2014,中鴻,M.1645600975.A.6FF,2022-02-23 15:22:55,標的,name_with_context,sparse,False,5,[標的] 2015 豐興 跟著法人多,1,False,True,635,"[簡稱(name_with_context)] …業為型鋼、棒線、鋼筋三大產品
且主要原料來源為廢鐵

因此追蹤豐興訊息時
最常看到的就是廢鐵收購價
及型鋼、棒線、鋼筋的週報價

跟規模相近的鋼鐵廠相比
豐興的獲利能力是龍頭級指標

在國內鋼鐵(碳鋼別)市場,其營收市佔
僅次於中鋼、燁輝、【中鴻】等
跟東和鋼鐵大約在伯仲之間

以下資料彙整至2/18

二、近期趨勢

日K圖
https://imgur.com/mPGGUuy…",correct,
collision:2014,2014,中鴻,M.1620989407.A.B31,2021-05-14 18:50:07,新聞,name_with_context,sparse,False,2,Re: [新聞] 中鋼董座信心喊話：鋼市旺到Q4,1,False,True,346,"[簡稱(name_with_context)] …Re: [新聞] 中鋼董座信心喊話:鋼市旺到Q4
原文吃光光

這幾天想說殺融資
看到【中鴻】違約金額破千萬
更是肯定,外資就是在收割韭菜
順便拉低進貨價
不論航運,面板,還是鋼鐵

回到標題的中鋼
說真的根本就十年一遇大行情
當年中鋼怎麼死的?
被中國的產能跟補貼政策玩死
現在中國要取消出口補貼政策
真的是天上掉下來的禮物

對融…",correct,
collision:2014,2014,中鴻,M.1660048489.A.AB6,2022-08-09 20:34:49,情報,name_with_context,sparse,False,2,[情報] 2027/8415 大成鋼/大國鋼 7月營收,1,False,True,1095,"[簡稱(name_with_context)] …15
111/07          111/06          110/07
 2,126,123       2,340,937      2,161,334
- 9.18%
- 1.63%
本來想等季報出來再一次貼,不過有人先貼了【中鴻】營收就乾脆也來貼一下

不過這個是昨天公布der,今天走勢來看這個營收的月減一般般不好不壞

我先猜個Q2eps 2~2.3,主要是考量台幣貶值的匯兌利益(正面)跟毛利下降(負面)

首先要注意去年跟今年EPS的股本計算不同,去年算EPS都…",correct,
collision:2014,2014,中鴻,M.1620637913.A.FB9,2021-05-10 17:11:53,新聞,name_with_context,sparse,False,8,[新聞]燁聯大火越燒越旺？大連鐵礦石飆漲10％創新高 鋼鐵股全面噴出 13檔漲停,1,False,True,1962,"[簡稱(name_with_context)] …,有高達13檔強攻漲停。

由於中國大連鐵礦石和倫敦LME銅期貨連袂登上歷史高峰,以及長榮海運第一季每股大賺
7.04元,創歷史新高,超越市場預期,均有助推升台灣航運、鋼鐵、銅製品類股周一衝高
。

中鋼大漲9.2%收45元;燁興、高興昌、【中鴻】、官田鋼、美亞、燁輝、盛餘、彰源、新鋼
、佳大、允強、海光、長榮鋼13檔鋼鐵商漲停;銅製品相關個股華新上漲6%,第一銅漲
停收71.2元。長榮、陽明、萬海、台驊、四維航、慧洋6檔航運股漲停。

大連鐵礦石期貨開盤後10分鐘鎖住漲停

即使中…",correct,
collision:2014,2014,中鴻,M.1627121801.A.34C,2021-07-24 18:16:41,新聞,name_with_context,sparse,False,6,[新聞] 散戶住航運套房怎麼辦？專家曝剩這招,1,False,True,1040,"[簡稱(name_with_context)] …長榮上漲逾 7%至154元,陽明也有漲3.5%漲幅,收在145.5元,萬海尾盤壓回至平盤240元
,散裝航運的慧洋 – KY、四維航、中櫃、裕民等跟著大漲一吐悶氣。

另外,
鋼鐵族群
在
中鋼大漲3%
領軍下,燁興亮燈漲停,彰源、威致、【中鴻】、允強、海光等
也連袂強勢反彈
,漲幅在3%至6%之間。
萬寶投顧總監蔡明彰
表示,8月15日是公告半年報最後期限,凡是
有半年報實力的公司會
持續反彈
,
尤其是本周跌深的
航運
和
鋼鐵
,但也提醒投資人,航運股在這波下殺過程中,
套牢…",correct,
collision:2014,2014,中鴻,M.1638762844.A.735,2021-12-06 11:54:04,新聞,name_with_context,sparse,False,6,Re: [新聞] 0056成分股調整 增聯詠、中鋼等5檔 已刪文,1,False,True,1780,"[簡稱(name_with_context)] …(請以原文網頁/報紙之發布時間為準)
: 原文內容:
: 證交所和富時指數公司合編的台灣指數系列成分股調整3日公布,其中,台灣高股息指
數
: 新增聯詠、中鋼、聯強、裕民及【中鴻】,剔除京城銀等5檔。
: 法人指出,過去高股息指數從年底到隔年上半年的上漲機率高,加上近期台股作夢+作
帳
: 的火熱行情重啟,建議投資人可留意相關高股息ETF的進場機會,參與台股跨年行情。
: 本次台灣指數系列成分股的預期調整規模再創新高…",correct,
collision:2014,2014,中鴻,M.1624982313.A.2E4,2021-06-29 23:58:33,新聞,name_with_context,sparse,False,2,[新聞] 中俄卡料全球鋼市燒滾滾 台廠跟著旺,1,False,True,1471,"[簡稱(name_with_context)] …強權都以關稅設限,就是要阻止更多鋼材出口,把鋼鐵料源留在自己國內使用,
「龍熊爭戰」的態勢下,馬上引起中鋼在內世界重點高爐廠關注,除了鋼價更易漲難跌外
,全球鋼鐵產銷或將出現結構性變化。

法人指出,鋼鐵股連續數日躍居台股亮點,中鋼領軍下,【中鴻】、燁輝等多檔鋼鐵股常漲停
,類股指數創近期新高,KD線同步向上多頭排列,MACD指標由綠轉紅,鋼鐵股長線多頭啟
動的訊號明確。

上市鋼廠主管表示,後疫情時期美國、歐盟、中國大陸投入數以兆美元計的基礎建設刺激
經濟,歐洲央行公報樂觀下半年經…",correct,
collision:2340,2340,台亞,M.1688653096.A.3F1,2023-07-06 22:18:16,情報,name_with_context,sparse,False,1,[情報] 7/6全市場當沖虧損最多的股票,1,False,True,402,"[簡稱(name_with_context)] …的股票

1. 保瑞     -3975.1萬
2. 美時     -1057.2萬
3. 大宇資   -1015.7萬

7/6 全市場當沖獲利最多的股票

1. 緯創     +6383.1萬
2. 大立光   +2760.2萬
3. 【台亞】      +950.3萬

以上資料已扣減半之當沖交易稅,但不含手續費。

資料來源:證交所,以及
https://tradata.futurepnp.com/day-trade-analyze/income-rank
心得:

以為台股…",correct,
collision:2340,2340,台亞,M.1657644992.A.3DB,2022-07-13 00:56:32,新聞,name_with_context,sparse,False,1,[新聞] 星寶國際涉炒股 身價上億董事長等5人移送 北檢複訊,1,False,True,1173,"[簡稱(name_with_context)] …經營權易主,2017年5月更名為星寶國際公司,公司主要從事統合醫美診所醫藥之聯
合採購,以及開發與設計醫學美容保養品,提供經營管理服務,代理診所管理非醫療性事
務,並協助建置與導入經營診所流程。

今年4月,星寶國際召開董事會通過私募案,由【台亞】半導體的子公司合眾投資以每股43.52
元募資6800張,成為星寶的第2大股東。

調查局獲報,指上櫃公司星寶國際董事長兼總經理黃坤鍵疑因經營醫美業務不順,涉嫌
2018年間夥同董事陳啟民、曾祐銓等公司高層,提供籌碼並結合股市作手顧明仁及杜…",correct,
collision:2340,2340,台亞,M.1652401251.A.007,2022-05-13 08:20:51,新聞,name_with_context,sparse,False,4,[新聞] MSCI台灣成分股增華航等4檔 小型指數增17 檔,1,False,True,813,"[簡稱(name_with_context)] …轉進小型指數。

台股本次在MSCI全球標準型指數成分股新增華航、長榮航、力積電、華新4檔,刪除鴻準
、上銀、合一3檔。

在MSCI全球小型指數,台股新增17檔成分股,包括上品、鈺創、長榮鋼、鴻準、創惟、大
樹、上銀、中砂、聯華食、合一、【台亞】、瑞鼎、潤弘、三福化、東鹼、大亞、力智。

台股在全球小型指數刪除6檔成分股,包含安普新、華航、長榮航、金可-KY、日盛金、華
新。

MSCI是以美元計價的股價指數,提供投資專業人士一致性的比較基礎。MSCI每年2月、5月
、8月及11月…",correct,
collision:2427,2427,三商電,M.1678014145.A.A8B,2023-03-05 19:02:25,請益,name,silent,False,3,[請益] 電腦系統整合商概念股有哪些?,1,False,True,798,"[簡稱(name)] …換
現每年都要升級修補報價,光舊客戶都做不完了,所以公司都賺飽飽
然後新鮮的肝也很便宜,所以業績增..營業費用還降

所以我有挖出幾張股票
1.中菲  2.邁達特  3.敦陽科  4.精誠
前兩張我有佈局現在很爽,敦陽科一飛衝天不回頭
5.【三商電】好像過往配息紀錄不太好沒買

所以想請問資訊整合產業還有哪些標的?
這產業未來是一片光明,新客戶照接,
舊客戶每年要簽維護合約跟升級,會產生像股息一樣累積複利效果

因為是小眾產業,還沒被主力注意到
想要開始提前佈局,想請問還有哪些資訊整合…",correct,
collision:2427,2427,三商電,M.1687760519.A.DE9,2023-06-26 14:21:59,新聞,name,silent,False,12,"[新聞] 台股重挫143點收17,059點 台積電跌7元 收574元",1,False,True,1020,"[簡稱(name)] …下,盤勢整理時間將拉長。

今日盤面維持十千金,逆勢抗跌的有:信驊、世芯-KY。

高於500元以上的高價股中,逆勢抗跌的有:保瑞、鈊象、川湖、東哥遊艇。

今日成交量大的強勢股:長榮航、鴻海、大同、中環、廣運、台亞、神達、華紙、永豐餘
、【三商電】。

今日成交量大卻走跌者:群創、緯創、聯電、華邦電、友達、廣達、英業達、元太、康舒
、華新。

今日成交金額大且走高者:鴻海、長榮航、世芯-KY、大同、廣運、智原、台亞、川湖、
緯穎、神達。

今日成交金額大卻走勢疲軟者:台積電、緯創、元…",correct,
collision:2427,2427,三商電,M.1684476553.A.E8D,2023-05-19 14:09:13,閒聊,name,silent,False,4,[閒聊] 2023/05/19 盤後閒聊,1,False,True,659,"[簡稱(name)] …日盤
台指期 自營商 -1119 投信  -56 外資  -889
台指選 自營商 +8879 投信    0 外資  -528

小台指期 自營商 -679 投信  +5 外資 -1932
上市
漲停家數 (+10%)  5
(新美齊、【三商電】、乙盛-KY、創意、金像電)
跌停家數 (-10%)  1
(凌群)
上櫃
漲停家數 (+10%)  4
跌停家數 (-10%)  2
成交量排行:
長榮航
、
元大台灣50反1
、
華航、緯創、國泰永續高股息
成交值排行:
台積電、美時、…",correct,
collision:2427,2427,三商電,M.1469007268.A.EE7,2016-07-20 17:34:28,新聞,name,silent,False,11,[新聞] 中華電、正新明日除息 台股指數開盤蒸發2 4.6點 已刪文,1,False,True,633,"[簡稱(name)] …其中中華電除息市值將減少425億元,正新除息市值減少97億元
,合計31檔個股除息,台股指數開盤將較今日減少24.6點。

台股明日將進行另一波除權息高峰,共有31檔個股除息,包含東泥、長興、中橡、正新、
中華、昆盈、群光、南亞科、中華電、【三商電】、資通、宏璟、山隆、中壽、農林、威健、
一零四、辛耘、宏致、德淵、茂林-KY、鎰勝、豐藝、矽力-KY、光聖、凌巨、福懋科、阿
瘦、統一實、欣天然、成霖等31檔股票辦理除權息交易。

其中,中華電除息市值將減少425億餘,正新市值減少97億元…",correct,
collision:2905,2905,三商,M.1684057210.A.EA7,2023-05-14 17:40:10,新聞,name_with_context,sparse,False,1,[新聞] 三商壽首季虧損29億 財務長、資訊長換將,4,False,True,1098,"[簡稱(name_with_context)] …三商壽首季虧損29億 財務長、資訊長換將

原文連結:
https://ctee.com.tw/news/insurance/862012.html
發布時間:2023/5/12

記者署名:魏喬怡

原文內容:
被金管會列為「資本不足」的【三商】美邦人壽(2867)12日公告董事會通過今年首季財報,
已虧損29.2億元,並公告財務長暨發言人、資訊長換將。財務長暨發言人曾裕芳改由資深
副總林碧華接任,原資訊長袁欣樂改由資深副總謝明進接任。

三商壽指出,新任財務長林碧華具備美國精算師…
[簡稱(name_with_context)] …發揮。原財務長將協助公司執行專案類工作。

而將接任資訊長的謝明進在壽險領域歷練亦超過30年,也曾於三商美邦人壽資訊及營運單
位服務多年,擁有豐富的資訊跟壽險專業經歷,特聘請其擔任資訊長,領導團隊為公司推
動資訊發展及規劃。

受匯損衝擊,【三商】美邦人壽自結今年第一季財報,單季稅後虧損29.2億元、每股虧損0.7
元,在增資、金融資產重分類、賣投信後,第一季底淨值達384億元,單季淨值增加96億
元、淨值比拉升至2.89%,仍未達3%門檻。

三商美邦人壽指出,第一季台股指數上揚,…
[簡稱(name_with_context)] …動資訊發展及規劃。

受匯損衝擊,三商美邦人壽自結今年第一季財報,單季稅後虧損29.2億元、每股虧損0.7
元,在增資、金融資產重分類、賣投信後,第一季底淨值達384億元,單季淨值增加96億
元、淨值比拉升至2.89%,仍未達3%門檻。

【三商】美邦人壽指出,第一季台股指數上揚,今年第一季權益類已實現獲利較去年同期增加
45.5億元,在國內外債券殖利率大幅提升之趨勢,三商美邦人壽持續積極佈局,今年第一
季經常性收益也較去年同期增加,然因台美利差仍大,外匯避險成本居高不下,第一季台…",wrong,三商美邦人壽(2867)
collision:2905,2905,三商,M.1582257509.A.822,2020-02-21 11:58:29,請益,name_with_context,sparse,False,1,Re: [請益] 大家怎麼設定停利,2,False,True,810,"[簡稱(name_with_context)] …但我認為我不是追尋在股市大撈一筆,一夕至富
能讓我的生活寬裕些我就很滿足了
因此我追求的停利都抓5-10趴就下車
這樣做了快一年多,當然其中不少後來可以賺更多的
但也避開了一些潛在住套房的可能
最近讓我最有感的股市不可預測就是肺炎
一月初看【三商】壽有機會衝到14塊以上 (感覺啦,看財報跟EPS推算)
在12.15入場,後來過年前衝到13塊的時候達到停利點
當時就覺得那天衝了快一塊吧,感覺要飆了,是不是該違背停利點賭一下
後來心裡的惡魔戰勝了,我就爆股過年
結果肺炎疫情大爆發,開盤當…
[簡稱(name_with_context)] …到13塊的時候達到停利點
當時就覺得那天衝了快一塊吧,感覺要飆了,是不是該違背停利點賭一下
後來心裡的惡魔戰勝了,我就爆股過年
結果肺炎疫情大爆發,開盤當天直接跌爆
瞬間的快十趴獲利直接蒸發
當下真的感覺他媽為什麼不堅持原本的停利點
前禮拜【三商】到12.5的時候就趕快出掉
避免之後在12.3-12.5震盪錢卡死
現在想想當初真的不該鐵齒去賭
當然不是每次都會遇到疫情搞亂,但我想提的是股票市場不可預期因素太多
我們只是平凡人真的不可能每次都完美預測
但我們可以看個大概,所以還是很有機…",wrong,三商壽
collision:2905,2905,三商,M.1650468232.A.983,2022-04-20 23:23:52,心得,name_with_context,sparse,False,4,[心得] 20220420 台股爛透聯盟,1,False,True,723,"[簡稱(name_with_context)] …2731 雄獅                       微幅跌破區間
4912 聯德控股-KY                微幅跌破區間
3036 文曄                       -5%
2102 泰豐
2867 【三商】壽
4743 合一

另外今日投信大撒幣, 有許多近期爛透聯盟成員都有收到投信關愛
最近有可能是開始抄底爛透股的好日子~

--
YT: 台股爛透聯盟

--
※ 發信站: 批踢踢實業坊(ptt.cc), 來自: 39.10.228.80…",wrong,三商壽(2867)
collision:2905,2905,三商,M.1521111543.A.844,2018-03-15 18:59:03,請益,name_with_context,sparse,False,1,Re: [請益] 金融股會有什麼風險～～補充 已刪文,1,False,True,491,"[簡稱(name_with_context)] …些後知後覺的散戶洗出去呢?
: 大部分金融股的股價都在20元以內,
: 說要斷手斷腳式的股價崩崩,似乎又不會太嚴重,
: 以一股20元來看,先腰斬再打8折,也還有8元,喝杯咖啡壓壓驚,差距也才跌個幾元,很
: 快就又漲回來了,
: 不像當年【三商】銀或宏達電一樣,股價直接打一折不止,而且差距太大,根本漲不回來,那
: 真的會想跳樓,
借標題問一下
未來少子化與高齡化社會
金控的利基何在?
少子化,年輕人不必辛苦貸款買房子,
而少子化造成的房價下跌,進一步會使擔保品價值縮水,所以房貸業…",wrong,三商銀（彰銀/一銀/華銀統稱）
collision:2905,2905,三商,M.1653803323.A.03A,2022-05-29 13:48:43,新聞,name_with_context,sparse,False,1,Fw: [新聞] 三商壽台股慘賠擬賣身,6,False,True,1658,"[簡稱(name_with_context)] …Fw: [新聞] 【三商】壽台股慘賠擬賣身
※ [本文轉錄自
Gossiping 看板 #1YamaoCy
]
作者: f14mp5 (張居隱G-in) 看板: Gossiping
標題: [新聞] 三商壽台股慘賠擬賣身
時間: Sun May 29 13:48:3…
[簡稱(name_with_context)] …Fw: [新聞] 三商壽台股慘賠擬賣身
※ [本文轉錄自
Gossiping 看板 #1YamaoCy
]
作者: f14mp5 (張居隱G-in) 看板: Gossiping
標題: [新聞] 【三商】壽台股慘賠擬賣身
時間: Sun May 29 13:48:30 2022
https://ctee.com.tw/news/finance/650643.html
<三商壽台股慘賠擬賣身>

工商時報
魏喬怡、彭禎伶 2022.05.28…
[簡稱(name_with_context)] …n May 29 13:48:30 2022
https://ctee.com.tw/news/finance/650643.html
<三商壽台股慘賠擬賣身>

工商時報
魏喬怡、彭禎伶 2022.05.28
錯看台股漲勢,壽險公司狂虧。【三商】美邦人壽投資長林大鈞27日在法說會上坦言,2020年
新冠肺炎爆發時,為保護淨值,團隊共同決定投資台灣50反1,卻因台股上揚出現虧損,
去年實現虧損20.6億元後,年底還有70億元未實現損失,今年3月底未實現損失依舊高達
62.7億元,將於…",wrong,三商壽
collision:2905,2905,三商,M.1581244441.A.E74,2020-02-09 18:34:01,新聞,name_with_context,sparse,False,6,[新聞] 15檔外資逆勢買 拚免疫,1,False,True,1036,"[簡稱(name_with_context)] …制,行情應可
回升。

特別的是,當外資持續賣超台股的同時,仍反向進場逢低布局部分個股,投資人可順著外
資的交易策略,進場搭順風車。

挑選外資近五個交易日買超籌碼具有優勢、技術面強勢、2019年營收成長的個股,計有有
玉山金、智邦、微星、【三商】壽、原相、中興電、技嘉、日友、華擎、亞德客-KY、復盛應
用、華城、新產、嘉里大榮、寶雅
等15檔,堪稱為外資逆勢加碼的三強股。

將於本周舉行法說會的玉山金,3日股價一度打到27.2元後,資金湧入搶進,7日收盤價在
28.7元,短線漲幅達…",wrong,三商壽
collision:2905,2905,三商,M.1713188354.A.1E6,2024-04-15 21:39:14,標的,name_with_context,sparse,False,2,[標的] 2867.TW 三商壽 短多,1,False,True,479,"[簡稱(name_with_context)] …] 2867.TW 三商壽 短多
-------------------------------------------------------------------------

標的:
(例 2330.TW 台積電)
2867.TW 【三商】壽

分類:多/空/討論/心得
(請選擇並刪除無關分類)
多
分析/正文:
上週跳空開高 一路連2個營業日漲停 外資買超 籌碼集中
基本面方面 Q1 EPS 0.6 有虧轉盈題材
技術面 連兩營業日跳空開高 一路衝漲停板 留下長長下影線
量…",wrong,三商壽(2867)
collision:2905,2905,三商,M.1599225636.A.B73,2020-09-04 21:20:36,新聞,name_with_context,sparse,False,4,[新聞] 台灣50增矽力、瑞昱 剔除新光金、中壽,1,False,True,709,"[簡稱(name_with_context)] …納入瑞昱
、矽力兩檔IC設計股,剔除金融股的新光金、中壽。候補聯詠、智邦、亞德客、欣興、及
微星等五檔。

台灣中型100指數納入被台灣50指數剔除的新光金、中壽,及世芯、鎧勝、貿聯、同欣電
等共六檔。剔除進入台灣50指數的瑞昱、矽力、還有【三商】壽、中碳、東陽、及宏達電。候
補金像電、超豐、正隆、景碩、國光生、國產、新日興、群電、聯合再生及永豐餘。

台灣資訊科技指數新增世芯、同欣電,剔除宏達電。台灣發達指數則新增鎧勝、貿聯,剔
除中碳和東陽。

3.心得/評論:

開發金真會玩,…",wrong,三商壽
collision:2905,2905,三商,M.1693296501.A.D67,2023-08-29 16:08:21,情報,name_with_context,sparse,False,1,[情報] 三商餐飲辦理股票公開發行及申請登錄興櫃,4,False,True,497,"[簡稱(name_with_context)] …[情報] 【三商】餐飲辦理股票公開發行及申請登錄興櫃
1. 標題:三商餐飲辦理股票公開發行及申請登錄興櫃

2. 來源:公開資訊觀測站

3. 網址:
https://mops.twse.com.tw/mops/web/t05sr01_1
4. 內文:
1.…
[簡稱(name_with_context)] …[情報] 三商餐飲辦理股票公開發行及申請登錄興櫃
1. 標題:【三商】餐飲辦理股票公開發行及申請登錄興櫃

2. 來源:公開資訊觀測站

3. 網址:
https://mops.twse.com.tw/mops/web/t05sr01_1
4. 內文:
1.事實發生日:112/08/29
2.公司名稱:三商餐…
[簡稱(name_with_context)] …:三商餐飲辦理股票公開發行及申請登錄興櫃

2. 來源:公開資訊觀測站

3. 網址:
https://mops.twse.com.tw/mops/web/t05sr01_1
4. 內文:
1.事實發生日:112/08/29
2.公司名稱:【三商】餐飲股份有限公司
3.與公司關係(請輸入本公司或子公司):子公司
4.相互持股比例:本公司持股67.76%之子公司
5.發生緣由:子公司三商餐飲股份有限公司為執行股票上市計畫,擬依相關法令
  向財團法人證券櫃檯買賣中心辦理股票公開發行,並…",wrong,三商餐飲
collision:2905,2905,三商,M.1716886152.A.C19,2024-05-28 16:49:12,情報,name_with_context,sparse,False,1,[情報] 2867 三商壽 112年度隱含價值(Embedded V 已刪文,1,False,True,965,"[簡稱(name_with_context)] …來源: 即時重大訊息

網址:
https://mops.twse.com.tw/mops/web/t05sr01_1
內文:公布本公司112年度隱含價值(Embedded Value)

1.事實發生日:113/05/28
2.公司名稱:【三商】美邦人壽保險股份有限公司
3.與公司關係(請輸入本公司或子公司):本公司
4.相互持股比例:不適用
5.發生緣由:依「中華民國人壽保險商業同業公會會員公司自行對外揭露隱含價值應遵
          循之原則」辦理
6.因應措施:無
7.其…",wrong,三商美邦人壽(2867)
collision:2905,2905,三商,M.1591073932.A.851,2020-06-02 12:58:52,新聞,name_with_context,sparse,False,3,[新聞] 金融股買盤追捧 類股指數改寫近三個月新,1,False,True,892,"[簡稱(name_with_context)] …6月是股東會旺季,今年金融股東會主要聚集在6月12日及6月19日召開。國泰金、富邦金
、玉山金、開發金、台新金、日盛金等將在6月12日召開股東常會;6月19日則有新光金、
彰銀、中信金、第一金、華南金、元大金、上海商銀、王道銀行、統一證、【三商】壽及群益
期,其中新光金、彰銀今年有董事改選。

不過,雖然金融股的殖利率表現不錯,但專家建議,今年受到疫情影響,後續第2季財報
是否有受到衝擊,也是觀察指標。若上半年獲利表現不如預期,對未來的除息行情也將受
波及,存股族可在各公司召開股東…",wrong,三商壽
collision:2905,2905,三商,M.1658388897.A.39B,2022-07-21 15:34:57,情報,name_with_context,sparse,False,1,[情報] 2867三商壽H1自結EPS -2.31,4,False,True,581,"[簡稱(name_with_context)] …[情報] 2867【三商】壽H1自結EPS -2.31
1. 標題:三商美邦人壽公佈111年上半年自結財報數字

2. 來源:公開資訊觀測站

3. 網址:
https://mops.twse.com.tw/mops/web/t05sr01_1
4. 內文:

1.…
[簡稱(name_with_context)] …[情報] 2867三商壽H1自結EPS -2.31
1. 標題:【三商】美邦人壽公佈111年上半年自結財報數字

2. 來源:公開資訊觀測站

3. 網址:
https://mops.twse.com.tw/mops/web/t05sr01_1
4. 內文:

1.事實發生日:111/07/21
2.公司名稱:…
[簡稱(name_with_context)] …美邦人壽公佈111年上半年自結財報數字

2. 來源:公開資訊觀測站

3. 網址:
https://mops.twse.com.tw/mops/web/t05sr01_1
4. 內文:

1.事實發生日:111/07/21
2.公司名稱:【三商】美邦人壽保險股份有限公司
3.與公司關係(請輸入本公司或子公司):本公司
4.相互持股比例:不適用
5.發生緣由:三商美邦人壽公佈111年上半年度自結財報數字。
本公司111年上半年度
  (1)稅前淨損:-53.2億元
  (2)稅後淨損…",wrong,三商壽(2867)
collision:2905,2905,三商,M.1729210940.A.059,2024-10-18 08:22:20,新聞,name_with_context,sparse,False,1,[新聞] 出清台灣50反1 三商壽轉盈,5,False,True,1059,"[簡稱(name_with_context)] …。三商壽17日表示,已全數出清台灣50反1 ETF,前三季淨值
440億元,較去年底增加40.6億元,淨值比拉升到3.15%。
三商壽從2018年開始投資台灣50反1 ETF,2020年新冠肺炎疫情漫延全球,造成股市波動
劇烈,為保護淨值,【三商】壽加碼投資
,結果產生大額虧損,2021年開始逐步出清反1持股
,當年實現虧損20.6億元,之後也仍持續出清中,至今年6月已剩不到10%,
趁近期股市
多頭,三商壽趁機出清。
據三商壽自結前三季財報,稅後純益26.9億元,較去年同期已轉虧為…
[簡稱(name_with_context)] …反1 ETF,2020年新冠肺炎疫情漫延全球,造成股市波動
劇烈,為保護淨值,三商壽加碼投資
,結果產生大額虧損,2021年開始逐步出清反1持股
,當年實現虧損20.6億元,之後也仍持續出清中,至今年6月已剩不到10%,
趁近期股市
多頭,【三商】壽趁機出清。
據三商壽自結前三季財報,稅後純益26.9億元,較去年同期已轉虧為盈,年增47.5億元,
每股盈餘0.52元。

三商壽表示,近期雖受到外匯避險成本居高不下,且第三季市場波動劇烈的影響,但獲利
仍轉虧為盈,在全數出清台灣50反1…
[簡稱(name_with_context)] …0年新冠肺炎疫情漫延全球,造成股市波動
劇烈,為保護淨值,三商壽加碼投資
,結果產生大額虧損,2021年開始逐步出清反1持股
,當年實現虧損20.6億元,之後也仍持續出清中,至今年6月已剩不到10%,
趁近期股市
多頭,三商壽趁機出清。
據【三商】壽自結前三季財報,稅後純益26.9億元,較去年同期已轉虧為盈,年增47.5億元,
每股盈餘0.52元。

三商壽表示,近期雖受到外匯避險成本居高不下,且第三季市場波動劇烈的影響,但獲利
仍轉虧為盈,在全數出清台灣50反1 ETF後,前三季權…",wrong,三商壽
collision:2905,2905,三商,M.1670404494.A.F72,2022-12-07 17:14:54,新聞,name_with_context,sparse,False,1,[新聞] 三商壽3原因Q4開始加碼台股 鎖定這類股,9,False,True,1231,"[簡稱(name_with_context)] …[新聞] 【三商】壽3原因Q4開始加碼台股 鎖定這類股
原文標題:三商壽3原因Q4開始加碼台股 鎖定這類股

原文連結:
https://ctee.com.tw/news/finance/769135.html
發布時間:2022-12-7

記者署名:彭禎…
[簡稱(name_with_context)] …[新聞] 三商壽3原因Q4開始加碼台股 鎖定這類股
原文標題:【三商】壽3原因Q4開始加碼台股 鎖定這類股

原文連結:
https://ctee.com.tw/news/finance/769135.html
發布時間:2022-12-7

記者署名:彭禎伶

原文內容:

近二年深受股債回檔及台股反向ET…
[簡稱(name_with_context)] …開始加碼台股 鎖定這類股

原文連結:
https://ctee.com.tw/news/finance/769135.html
發布時間:2022-12-7

記者署名:彭禎伶

原文內容:

近二年深受股債回檔及台股反向ETF損失拖累的【三商】美邦人壽,其投資長廖瑞雄7日在法說
會上表示,因為預判三大因素好轉,即疫情、地緣政治與通膨等情況緩解,
明年不會比今
年差,第四季已開始加碼台股,看好明年行情
,且台股反向ETF逐年降低部位,今年已執
行完成,到9月底市價剩51億元。

廖…",wrong,三商壽
collision:2905,2905,三商,M.1652076002.A.AD5,2022-05-09 14:00:02,閒聊,name_with_context,sparse,False,5,[閒聊] 2022/05/06 盤後閒聊,1,False,True,699,"[簡稱(name_with_context)] …1630
台指選 自營商 -12756 投信  -450 外資 -1862

小台指期 自營商  -72 投信    -1 外資  +196
上市
漲停家數 (+10%)  3
(立益、晶彩科、昶虹)
跌停家數 (-10%)  7
(國產、【三商】家購、東哥遊艇、亞聚、全宇生技-KY、亞光、宏泰)
上櫃
漲停家數 (+10%)  9
跌停家數 (-10%)  5
成交量排行:
元大台灣50反1
、
新光金、長榮、長榮航、國泰永續高股息
成交值排行:
長榮、台積電、陽明、智原
、
欣興…",wrong,三商家購
collision:2905,2905,三商,M.1692005670.A.5DE,2023-08-14 17:34:30,新聞,name_with_context,sparse,False,1,Re: [新聞] 三商壽去年虧136億　老董祭4招拚今年,1,False,True,1456,"[簡稱(name_with_context)] …6.6 億元,每股稅後淨損(EPS)4.34 元,董事長
: 翁
: 肇
: : 喜於致股東報告書中透露要拚4招轉骨。
: : 翁肇喜指出,為厚實資本以增加投資獲利操作空間,並使淨值比率及資本適足率達主管
: 機
: 關
: : 法定標準,【三商】壽已於去年辦理2次現金增資,金額共約87.26億元,並處分內湖精英大
: 樓
: 獲
: : 利12.6億元。
: : 展望今年,預計再透過四項方案持續強化資本,如下:
: : 第一,資產重分類於今年1月1日起適用,淨值可增加約 53.47…",wrong,三商壽
collision:2905,2905,三商,M.1678840115.A.B9B,2023-03-15 08:28:35,新聞,name_with_context,sparse,False,3,[新聞] 睿生光電 申購今登場 中籤者現賺於6萬,2,False,True,1202,"[簡稱(name_with_context)] …價差媲美龍德造船的6.3萬元,加上金雞母群創持股58.6%奧援,若掛牌前在
興櫃市場股價續揚,甚至有望挑戰今年「最大價差紅包」,惟其辦理公開申購股數僅912
張,在投資人瘋搶賺價差下,中籤率勢必又將探低。

此外,現金增資(SPO)方面,
【三商】壽、雷虎則將分別於15、16日啟動上市增資
,三商壽
現增價為每股5.05元,以14日收盤價5.14元計算折價近2%,申購股數為5張;而雷虎每股
現增價則為36元,與14日收盤價57.6元相比等於打了近六折,吸引力亦不輸IPO股。


心得…
[簡稱(name_with_context)] …8.6%奧援,若掛牌前在
興櫃市場股價續揚,甚至有望挑戰今年「最大價差紅包」,惟其辦理公開申購股數僅912
張,在投資人瘋搶賺價差下,中籤率勢必又將探低。

此外,現金增資(SPO)方面,
三商壽、雷虎則將分別於15、16日啟動上市增資
,【三商】壽
現增價為每股5.05元,以14日收盤價5.14元計算折價近2%,申購股數為5張;而雷虎每股
現增價則為36元,與14日收盤價57.6元相比等於打了近六折,吸引力亦不輸IPO股。


心得/評論:

今天要揭曉會不會中籤有三檔股票哦

永…",wrong,三商壽
collision:6505,6505,台塑化,M.1435825299.A.61B,2015-07-02 16:21:39,新聞,name,sparse,False,2,[新聞] 看好景氣 台塑加薪4.5% 已刪文,1,False,True,1002,"[簡稱(name)] …0元慰勉金,合計為3.76%幅度,僅較去年微增,總管理處表示,主要是台灣20家石化業界的今年平均薪資調幅約在2.47%,比去年度的2.44%,僅增加0.03個百分點,所以台塑集團也不要跟業界差太多。

但工會認為,今年台塑四寶業績不錯,又以【台塑化】特別亮眼,光是5月三套烯烴系統全能生產,稼動率達到100%,搭配汽油煉製價差空間不錯,單月獲利就超過110億元。

王文淵認為,今年度石化景氣確實比去年好一點,台塑四寶獲利也不差,因此裁示多增加額度,不僅是照顧員工,也感謝同仁的辛勞。最後雙…",correct,
collision:6505,6505,台塑化,M.1629352763.A.842,2021-08-19 13:59:23,新聞,name,sparse,False,9,[新聞] 台股崩跌450點收16375點 創近3月新低,1,False,True,964,"[簡稱(name)] …款,台積電重挫 2.6%,終場收在全場最低 559 元,市值下滑至 14.49
兆元;聯電大跌 4.5%,聯發科、日月光投控、瑞昱、聯詠及鴻海等,跌勢也相當重;面板
雙虎開低走低,下跌 4-5%。

其他權值股方面,台塑四寶全面下挫,其中以【台塑化】大跌近 4% 最深;中鋼股價重摔逾 4%
,領跌鋼鐵族群;金融股方面,富邦金、國泰金下挫逾 1%,開發金與元大金則下跌逾 2%
。

國巨受電阻降價傳聞衝擊,崩跌逾 9%,收在全場最低 450 元,創波段新低,被動元件全
面倒地,華新科股價…",correct,
collision:6505,6505,台塑化,M.1704903882.A.73E,2024-01-11 00:24:42,新聞,name,sparse,False,3,[新聞] 〈台塑四寶業績發表〉台塑轉虧、三寶純益 季減9成 去年Q4合計虧12.66億元,3,False,True,1571,"[簡稱(name)] …31.08 億元、稅後純益 84.87 億元,年增 15.3%,每股純
益 1.45 元。

台化說明,中國經濟疲弱,市場供過於求,客戶持續控制庫存、備料保守,原油價格隨中
東局勢及國際需求波動,並於第四季反轉下跌,影響產品利差惡化。


【台塑化】去年每股純益 2.3 元

台塑化 (6506-TW) 去年第四季營收 1758.78 億元,季減 8.7%、營業淨損 4.63 億元,
較前季轉虧、稅後純益 14.29 億元,每股純益 0.15 元;全年營收 7125.75 億元,年
減…
[簡稱(name)] …87 億元,年增 15.3%,每股純
益 1.45 元。

台化說明,中國經濟疲弱,市場供過於求,客戶持續控制庫存、備料保守,原油價格隨中
東局勢及國際需求波動,並於第四季反轉下跌,影響產品利差惡化。


台塑化去年每股純益 2.3 元

【台塑化】 (6506-TW) 去年第四季營收 1758.78 億元,季減 8.7%、營業淨損 4.63 億元,
較前季轉虧、稅後純益 14.29 億元,每股純益 0.15 元;全年營收 7125.75 億元,年
減 16%,營業利益 154.09…
[簡稱(name)] …元,
較前季轉虧、稅後純益 14.29 億元,每股純益 0.15 元;全年營收 7125.75 億元,年
減 16%,營業利益 154.09 億元,年增 184%,稅後純益 218.63 億元,年增 51.6%,每
股純益 2.3 元。

【台塑化】表示,第四季銷售量差較前季減少 154.8 億元、銷售價差減少 13 億元,且受到
原油價格下跌產生購料與存貨損失,以及業外匯損等不利因素影響,衝擊獲利。



心得/評論:

俗話說,景氣循環股買在高本益比

但你敢買嗎?

慣性會不會改…",correct,
collision:6505,6505,台塑化,M.1471307881.A.889,2016-08-16 08:38:01,新聞,name,sparse,False,4,[新聞] 半年報黯淡 獲利減20% 已刪文,3,False,True,1167,"[簡稱(name)] …幣貶值,使不少電子業的獲利被匯損
侵蝕。除光洋科未在期限內公告第2季財報外,統計上市櫃公司單季獲利仍達4,166億元,
較前一季成長18.4%,但較去年第2季減少16.1%。

台積電是第2季上市櫃公司獲利王,單季稅後純益725億元,第二是【台塑化】258億元、第三
是鴻海176億元,其餘突破百億元的還有台化132億


分享元、中華電110億元、台塑102億元;虧損前三大是陽明的48億元、群創34億元與日勝
生33億元。
在獲利前十大公司中,台塑化、台化、聯發科、中鋼、統一獲利維持季…
[簡稱(name)] …利王,單季稅後純益725億元,第二是台塑化258億元、第三
是鴻海176億元,其餘突破百億元的還有台化132億


分享元、中華電110億元、台塑102億元;虧損前三大是陽明的48億元、群創34億元與日勝
生33億元。
在獲利前十大公司中,【台塑化】、台化、聯發科、中鋼、統一獲利維持季、年同步成長,鴻
海、中華電則是季、年同步衰退。

在上半年獲利方面,台積電1,372億元為獲利最高的公司,鴻海452億元居次、台塑化362
億元第三,其他獲利突破百億元的還有中華電、台化、台塑、南亞、聯…
[簡稱(name)] …陽明的48億元、群創34億元與日勝
生33億元。
在獲利前十大公司中,台塑化、台化、聯發科、中鋼、統一獲利維持季、年同步成長,鴻
海、中華電則是季、年同步衰退。

在上半年獲利方面,台積電1,372億元為獲利最高的公司,鴻海452億元居次、【台塑化】362
億元第三,其他獲利突破百億元的還有中華電、台化、台塑、南亞、聯發科等。至於上半
年獲利賺逾一個股本的有七家,以大立光每股純益54.52元最高,碩禾16.99元第二、精華
16.83元第三,超過10元的還有漢微科、華碩、可成、和泰車四…",correct,
collision:6505,6505,台塑化,M.1455806554.A.D00,2016-02-18 22:42:34,其他,name,sparse,False,3,[其他] 105年02月18日八大官股買賣排行 已刪文,1,False,True,838,"[簡稱(name)] …720
16.朋程    2,635
17.F-貿聯  2,540
18.樂陞    2,085
19.奇力新  2,048
20.胡連    1,919

賣 合計
           單位(萬)
1. 台積電 -110,826
2. 【台塑化】  -18,445
3. 啟碁    -13,129
4. 台灣50   -9,963
5. 晶電     -8,832
6. 漢微科   -8,016
7. 元石油   -7,536
8. 兆赫     -6,535
9. 億豐…",correct,
collision:6505,6505,台塑化,M.1620289577.A.B3A,2021-05-06 16:26:17,其他,name,sparse,False,13,[其他] 0506 上市外資買賣超排行,1,False,True,1724,"[簡稱(name)] …1899    29.華東     3300
30.天鈺            1887    30.矽格     3258

其他買超        其他賣超

聯發科   1820    台積電     3198
【台塑化】   1799    臻鼎-KY    2568
第一銅   1721    台達電     2564
東和鋼鐵 1698    台達化     2541
晶技     1613    長榮航     3476
微星     1409…",correct,
collision:6505,6505,台塑化,M.1627056333.A.40A,2021-07-24 00:05:33,新聞,name,sparse,False,1,[新聞] 油價漲至一周最高 銅價連續三天上漲,1,False,True,1284,"[簡稱(name)] …元; 布蘭特原油9月
期貨上漲1.56美元,收於每桶73.79美元。


心得/評論:                       ※必需填寫滿20字

這禮拜的油價滿精彩的,但今晚的油看起來比較平靜,銅價還在高檔, 希望週末別有鬼
故事,【台塑化】大佬說油價還能上,大家原物料抱著是不是能心安些

--
※ 發信站: 批踢踢實業坊(ptt.cc), 來自: 1.171.168.46 (臺灣)
※ 文章網址:
https://www.ptt.cc/bbs/Stock/M.16270563…",correct,
collision:6505,6505,台塑化,M.1657519105.A.06A,2022-07-11 13:58:25,情報,name,sparse,False,3,[情報] 台塑/南亞/台化/台塑化 2022/06暨Q2自結,3,False,True,862,"[簡稱(name)] …[情報] 台塑/南亞/台化/【台塑化】 2022/06暨Q2自結
1. 標題:台塑/南亞/台化/台塑化 2022/06暨Q2自結

2. 來源:公開資訊觀測站

3. 網址:
https://mops.twse.com.tw/mops/web/t146sb05
4. 內文:…
[簡稱(name)] …[情報] 台塑/南亞/台化/台塑化 2022/06暨Q2自結
1. 標題:台塑/南亞/台化/【台塑化】 2022/06暨Q2自結

2. 來源:公開資訊觀測站

3. 網址:
https://mops.twse.com.tw/mops/web/t146sb05
4. 內文:

公司名稱    MoM      YoY      QoQ
20…
[簡稱(name)] …6
 南  亞
- 2.22%
- 7.07%
- 7.21%
1.81        2.91        1.9
 台  化
+ 4.53%
+18.85%
+12.99%
1.07        2.12        1.04
 【台塑化】
+ 3.46%
+94.43%
+28.96%
1.78        1.43        1.43


-----------------------------------------------------------
台!塑!…",correct,
collision:6505,6505,台塑化,M.1646971540.A.85A,2022-03-11 12:05:40,標的,name,sparse,False,1,Re: [標的] 高油價對塑化原料類股的關係?,1,False,True,789,"[簡稱(name)] …c 的成本就墊高,這時侯議價的話就看下游買不買單,通常漲幅太高的話都是會觀望,支那去年限電 pvc 飆新高,但下游反而一直在觀望,因為預期價格會回去


反而做乙烯的廠商可以因為之前的低價庫存油來獲利

要看油價做塑化的話最好是挑上游,例如【台塑化】,它直接供應乙烯,挑下游的話通常會有成本吃掉獲利的問題

-----
Sent from JPTT on my Xiaomi M2004J19C.

--
《
聯合國世界懶叫協會
》調查,世界男性懶叫長度排名:  ==
super5566g…",correct,
collision:6505,6505,台塑化,M.1481677881.A.9CA,2016-12-14 09:11:21,新聞,name,sparse,False,3,[新聞] 王文潮妻賣股 市值逾18億 已刪文,4,False,True,1319,"[簡稱(name)] …際,
陳安靜上周五申讓合計23,400張
的台塑、南亞及台化股票,市值逾18億元m;引發
市場揣測大股東逢高獲利調節持股,顯示
集團股價高點逼近
。

在股價短線漲幅已高,且大股東賣股套現衝擊,昨(13)日台塑、南亞及台化股價漲勢受
挫,僅【台塑化】力守紅盤。

陳安靜本次申讓台塑三寶股票,預計12日至明年1月11日,賣出南亞14,900張、台塑5,200
張、台化3,300張。出脫股票後,手上台塑、南亞及台化持股尚有3.78萬張、5.06萬張及
6.27萬張。

分析師指出,台塑集團…
[簡稱(name)] …日,賣出南亞14,900張、台塑5,200
張、台化3,300張。出脫股票後,手上台塑、南亞及台化持股尚有3.78萬張、5.06萬張及
6.27萬張。

分析師指出,台塑集團今年獲利衝高主要關鍵還是在於油價攀揚,以及石化上游利差擴大
,烘托【台塑化】獲利躍進,進而挹注台塑三寶投資收益。

在短線股價飆至新高、明年首季營運因農曆假期因素影響趨緩下,獲利調節賣壓浮現且追
價買盤轉趨觀望,進而讓間接受益、市場籌碼相對較多的台塑三寶也成為市場調節標的。

此外,過去台塑四寶的股利政策,多以台塑…
[簡稱(name)] …塑化獲利躍進,進而挹注台塑三寶投資收益。

在短線股價飆至新高、明年首季營運因農曆假期因素影響趨緩下,獲利調節賣壓浮現且追
價買盤轉趨觀望,進而讓間接受益、市場籌碼相對較多的台塑三寶也成為市場調節標的。

此外,過去台塑四寶的股利政策,多以【台塑化】配發比例80~90%最高,其次是台塑、南亞
及台化的70~80%。基於明年營運可望維持高檔且現金殖利率報酬條件佳前提下,外資籌
碼成為台塑四寶後續表現追蹤關鍵。

受到美元下跌及產油國減產激勵,國際原油價格刷新17個月新高。伴隨預期明年產油…",correct,
collision:6505,6505,台塑化,M.1695610618.A.208,2023-09-25 10:56:58,新聞,name,sparse,False,5,[新聞] 00888指數剔除9檔個股 台達電 元太 等入,1,False,True,852,"[簡稱(name)] …指數公司編製原則
,透過富時評鑑系統的
ESG評分
,以及
殖利率
作為加權等條件,最終篩選出「ESG評分高、
殖利率佳」的優質企業。

張怡琳指出,本次新增台達電、宏碁、華碩、宏達電、元太等九檔個股,刪除的成分股包
含群創、台塑、玉山金、【台塑化】、長榮等九檔個股,其中台達電、華碩、元太因ESG分數
提升被新增納入指數成分股;而群創、玉山金則因殖利率過低而遭剔除,目前指數主要權
值持股仍然為台積電與聯電占大宗。

針對近期市場熱議,部分ETF配息動用收益平準金的比例過高,引發投資人質…",correct,
collision:6505,6505,台塑化,M.1528513431.A.4BF,2018-06-09 11:03:51,請益,name,sparse,False,3,Re: [請益] 存金融股 已刪文,1,False,True,812,"[簡稱(name)] …存金融股""
以Mobile 01跟PTT 投資理財討論區來看,台股投資人普遍存在至少4個錯誤觀念
    其中第一個錯誤觀點就是  ""萬點不能存股""
    加權股價指數明明就是上市公司資本額*市價的總額
    大盤的漲跌跟台積電/鴻海/【台塑化】/國泰金明明才是強相關
    你有台積電嗎?你是要存台積電嗎?不是麻!
    很多指標性高殖利率的績優股自台股上萬點以來基期都還很低
    你去年不買,今年也不買,兩年過去了,人家已經降低15%成本了

    存股的重點是存""個股""…",correct,
collision:6505,6505,台塑化,M.1540775915.A.710,2018-10-29 09:18:35,新聞,name,sparse,False,3,[新聞] 勞退概念股／南亞、中鋼 傳產熱點 已刪文,1,False,True,854,"[簡稱(name)] …亞、中鋼躍居市場明燈之一。

統一日前公告,子公司董事會同意參加南韓Woongjin Foods Co. 74.75%股權競價標售案
,進軍南韓市場;統一表示,主要因應統一集團亞洲地區發展需要。

南亞受惠轉投資的南電今年獲利好轉,加上認列【台塑化】、南亞科的現金股利入帳,第3季
稅後純益182.76億元,季增9.6%,每股純益2.3元。不過,國際油價居高不下,使上游各
式塑化原料價格高漲,壓縮南亞的化工、塑膠、聚酯產品獲利空間,第3季象徵本業表現
的營業利益比第2季減少10.9億元。…",correct,
collision:6505,6505,台塑化,M.1733466495.A.EED,2024-12-06 14:28:15,情報,name,sparse,False,3,[情報] 台塑九陰真經 113年11月營收,1,False,True,2362,"[簡稱(name)] ….61
本年累計          183,595,063
去年累計          184,108,629
增減金額          -513,566
增減百分比
-0.28
備註 / 營收變化原因說明



本資料由 (上市公司)
【台塑化】
公司提供
民國113年11月   單位:新台幣仟元

項目    營業收入淨額
本月      51,243,946
去年同期          55,619,169
增減金額          -4,375,223
增減百分比
-7.8…",correct,
collision:6790,6790,永豐實,M.1694509597.A.725,2023-09-12 17:06:37,新聞,name_with_context,sparse,False,2,[新聞] 對決！衛生紙掀價格促銷戰,2,False,True,1172,"[簡稱(name_with_context)] …槍,攜
手美式賣場好市多推出年度最狂會員日折扣特惠活動,11至21日單串舒潔三層抽取式衛生
紙狂降70元,號稱價格來到年度新低,折價後每串只要349元,折價幅度達16.71%。
面對美商強強聯手出擊,國內兩大家紙大廠也聯合本土賣場正面迎戰,【永豐實】旗下五月花
主力抽取式衛生紙品牌「厚棒」、二層衛生紙「極上」分頭出擊,近期配合通路檔期促銷
搶市,目前在全聯賣場,五月花「厚棒」抽取式衛生紙10入優惠價209元,「極上」也有
一串僅159元的促銷價,折價幅度也從16%起跳。

正隆旗下春風…
[簡稱(name_with_context)] …低價。
降價方案一推出,有網友在《Costco好市多商品經驗老實說》平台上,提醒版友勿錯過優
惠,省下來的錢到賣場飲食區買份熱狗堡加飲料還有找。這個擁有200多萬粉絲的公開社
團平台上,討論熱度相當高的主題之一就是衛生紙。

心得/評論:
【永豐實】、正隆股價要哭了...

產品歷年最低價 被舒潔打到不能不反擊
之前搶衛生紙的 不知有何感想??

現在還要搶台鹽嗎?? 滿倉庫的鹽讓你搶
會去看抖音的 知識水準是什麼程度??
--
※ 發信站: 批踢踢實業坊(ptt.cc), 來自: 1…",correct,
collision:6790,6790,永豐實,M.1644234807.A.F09,2022-02-07 19:53:27,新聞,name_with_context,sparse,False,3,[新聞] 衛生紙漲定了 永豐餘：1串10包漲10元,1,False,True,1160,"[簡稱(name_with_context)] …化學品、能源價格及人力成本,近年大幅上漲,平均成本年
增超過4成,甚至部分漲幅近倍,永豐餘去年底就已決定要調整衛生紙零售價格,但在與
行政院多次會商,考量照顧消費者及配合政府穩定物價的措施後,決定延後至農曆年後調
整價格,平均漲幅8%。

【永豐實】今日證實,已與各通路談妥,預計2月下旬於各通路陸續調整,平均漲幅約8%,後
續銷售價格,將視各通路檔期而定。

至於另1家家用紙大廠正隆,今日仍表示「持續評估中」。正隆表示,該公司與永豐餘生
產規模、生產成本相差不大,因此面對漲價的壓力相同…",correct,
collision:6790,6790,永豐實,M.1605688341.A.B68,2020-11-18 16:32:21,新聞,name_with_context,sparse,False,5,[新聞] 老牌企業大翻身的啟示（謝金河）,1,False,True,1800,"[簡稱(name_with_context)] …豐餘集團所有子公司看一遍,今年前3季永豐金控賺92.46億元
,EPS 0.82元;生產乳膠原料的申豐前3季大賺9.47億元,EPS 8.93元;生產電子紙顯示
器的元太科技前3季賺25.87億元,EPS 2.28元;還有生產紙類清潔用品的【永豐實】業,剛上
興櫃,上半年就交出EPS 2.62元;虧損累累的華紙,在永豐餘集團取得經營權之後,今年
第2季也開始轉盈。

有了業績成長掛保證,今年永豐餘旗下相關企業股價都出現顯著變化,例如,過去股價沉
寂在面額附近的永豐餘,今年從10元跑到2…",correct,
collision:6790,6790,永豐實,M.1605522059.A.2AC,2020-11-16 18:20:59,新聞,name_with_context,sparse,False,2,[新聞] 永豐餘進擊 獲利爆發,3,False,True,2001,"[簡稱(name_with_context)] …陰廠土地使用權利益入帳,第3季合計貢獻業外利益達17.34億元。

永豐餘總經理蔡維力表示,由於業內業外發功,推升今年前三季大賺41.17億元,年增
1.23倍,創同期新高。

在資產負債表方面,永豐餘轉型投控後,積極推動小金雞上市,子公司【永豐實】10月底登錄
興櫃,第3季完成釋股作業。

永豐實釋股標售價格達39.5元,對照永豐餘原本財報是按永豐實淨值12.7元列帳,中間價
差,透過釋股反映在永豐餘第3季財報上,推升每股淨值從去年底23.64元攀升至第3季的
25.14元。

育成…
[簡稱(name_with_context)] …7.34億元。

永豐餘總經理蔡維力表示,由於業內業外發功,推升今年前三季大賺41.17億元,年增
1.23倍,創同期新高。

在資產負債表方面,永豐餘轉型投控後,積極推動小金雞上市,子公司永豐實10月底登錄
興櫃,第3季完成釋股作業。

【永豐實】釋股標售價格達39.5元,對照永豐餘原本財報是按永豐實淨值12.7元列帳,中間價
差,透過釋股反映在永豐餘第3季財報上,推升每股淨值從去年底23.64元攀升至第3季的
25.14元。

育成+活化 實現公司價值
蔡維力說,永豐餘有近百年歷史…
[簡稱(name_with_context)] …發功,推升今年前三季大賺41.17億元,年增
1.23倍,創同期新高。

在資產負債表方面,永豐餘轉型投控後,積極推動小金雞上市,子公司永豐實10月底登錄
興櫃,第3季完成釋股作業。

永豐實釋股標售價格達39.5元,對照永豐餘原本財報是按【永豐實】淨值12.7元列帳,中間價
差,透過釋股反映在永豐餘第3季財報上,推升每股淨值從去年底23.64元攀升至第3季的
25.14元。

育成+活化 實現公司價值
蔡維力說,永豐餘有近百年歷史,「底子很厚」,公司正透過「育成」和「活化」等兩大
方…",correct,
